sentence,page,section_path,claim_type,strength,quantity,baseline,deadline,scope,slot_fill_score,source_file
"Our 2023 Sustainability Report is structured into three main categories: Environment, Value Chain, and People.",3,About This Report,other,,2023,,,value chain,1.0,data/raw/amazon/2023_sustainability_report.pdf
"In the Environment section, we discuss scaling our work, partnering with others, and inventing new solutions to minimize our emissions, waste, and water use; increasing our use of carbon-free energy; and pioneering solutions to improve packaging, products, and the materials we use.",3,About This Report,attribute,,,,,,0.0,data/raw/amazon/2023_sustainability_report.pdf
"In the Value Chain section, we discuss our commitment to respect the human rights of people connected to our global business, managing a responsible supply chain, creating sustainable products and using more sustainable materials, advancing supplier diversity, and having a positive impact on the communities where we operate.",3,About This Report,attribute,firm,,,,value chain; supply chain,0.5,data/raw/amazon/2023_sustainability_report.pdf
"We set big goals and work backward to achieve them, such as The Climate Pledge, our goal to reach netzero carbon emissions by 2040, 10 years ahead of the Paris Agreement.",3,Introduction About Amazon,target,firm,"2040,",2040,2040,,0.75,data/raw/amazon/2023_sustainability_report.pdf
"On renewable energy, we set an ambitious goal to match 100% of the electricity consumed by our global operations with renewable energy by 2030, and we reached that goal in 2023—seven years early.",4,A Letter from Our Chief Sustainability Officer,target,achievement,100%,,2030,,0.5,data/raw/amazon/2023_sustainability_report.pdf
"As we look to the future, we are steadfast in our Climate Pledge commitment to be net-zero carbon across our operations by 2040.",4,A Letter from Our Chief Sustainability Officer,target,firm,,,2040,own operations,0.5,data/raw/amazon/2023_sustainability_report.pdf
"We will continue to lead and invest in creating carbon-free energy around the world at scale, including through solar, wind, nuclear, and other emerging energy technologies.",4,A Letter from Our Chief Sustainability Officer,attribute,firm,,,,,0.0,data/raw/amazon/2023_sustainability_report.pdf
"Our progress toward a net-zero carbon business will not be linear, and each year as our various businesses grow and evolve, we will produce different results.",4,A Letter from Our Chief Sustainability Officer,attribute,firm,,,,,0.0,data/raw/amazon/2023_sustainability_report.pdf
"Over the past five years, we’ve done this by encouraging companies to join The Climate Pledge—and we’re proud that over 500 have joined us and committed to be net-zero carbon 10 years ahead of the Paris Agreement.",4,A Letter from Our Chief Sustainability Officer,target,firm,500,,,,0.25,data/raw/amazon/2023_sustainability_report.pdf
The approximately 1.5 million people in Amazon’s global workforce are the key behind our successes—from enabling global fulﬁllment to delivering on sustainability initiatives.,5,Our Business,other,,1.5 million,,,,0.5,data/raw/amazon/2023_sustainability_report.pdf
A number below 100% indicates AWS is still working to meet the water positive goal.,6,Our Business,other,,100%,,,,0.5,data/raw/amazon/2023_sustainability_report.pdf
"We are working to innovate and scale solutions that minimize our emissions, waste, and water usage; increase our use of carbon-free energy; and pioneer new approaches for packaging, materials, and products..",8,Nearly 16.5K > In This Section,attribute,,,,,,0.0,data/raw/amazon/2023_sustainability_report.pdf
"Wind Wall, a wind farm located in California’s Tehachapi Mountains, generates carbon-free energy to AWS.",8,Nearly 16.5K > In This Section,attribute,,,,,,0.0,data/raw/amazon/2023_sustainability_report.pdf
"In 2019, we co-founded and committed to The Climate Pledge—our goal to reach net-zero carbon emissions by 2040, 10 years ahead of the Paris Agreement.",9,Nearly 16.5K > In This Section,target,firm,"2019,",2040,2040,,0.75,data/raw/amazon/2023_sustainability_report.pdf
"These are some of the reasons we co-founded and committed to The Climate Pledge in 2019—our goal to reach net-zero carbon emissions by 2040, 10 years ahead of the Paris Agreement—and have invited hundreds of companies to join us.",10,Our Approach,target,firm,2019,2040,2040,,0.75,data/raw/amazon/2023_sustainability_report.pdf
"Through direct funding, we aim to advance our own progress toward net-zero carbon emissions and help accelerate the widespread adoption of new technologies by making them more affordable and accessible.",10,Our Approach,attribute,hedged,,,,,0.0,data/raw/amazon/2023_sustainability_report.pdf
"We seek to advance and incentivize decarbonization by supporting policies that scale lower-emission fuels, drive lower-emission vehicle deployment and infrastructure, advance the deployment of carbon-free energy, modernize the grid, and accelerate investments in clean technologies.",10,Our Approach,attribute,hedged,,,,,0.0,data/raw/amazon/2023_sustainability_report.pdf
"In parallel to reducing and avoiding emissions throughout our business, we are also investing in carbon neutralization through additional, quantifiable, real, permanent, and socially beneficial offsets.",10,Our Approach,attribute,,,,,,0.0,data/raw/amazon/2023_sustainability_report.pdf
"In 2023, our absolute carbon emissions decreased by 3%.2 This overall decrease was driven by an 11% reduction in emissions from electricity (Scope 2) and a 5% decrease in indirect and supply chain emissions (Scope 3).",11,Amazon’s Carbon Footprint,achievement,achievement,3%,,,Scope 2; Scope 3; supply chain,0.67,data/raw/amazon/2023_sustainability_report.pdf
"We had a 7% increase in emissions from our direct operations (Scope 1), primarily from the use of transportation fuels.",11,Amazon’s Carbon Footprint,other,,7%,,,Scope 1,1.0,data/raw/amazon/2023_sustainability_report.pdf
"Our carbon intensity decreased for the fifth consecutive year, down 13% from 2022 to 2023.3 This metric demonstrates how we are working to decouple emissions growth from business growth.",11,Amazon’s Carbon Footprint,achievement,achievement,13%,2022,,,0.67,data/raw/amazon/2023_sustainability_report.pdf
"In 2023, we invested in carbon abatement projects across Amazon.",11,Amazon’s Carbon Footprint,other,,"2023,",,,,0.5,data/raw/amazon/2023_sustainability_report.pdf
Amazon’s Scope 1 emissions are primarily generated from the fuel used by our transportation and logistics fleet to deliver packages to customers.,11,Amazon’s Carbon Footprint > Scope 1: Direct Emissions and Operations,other,,1,,,Scope 1,1.0,data/raw/amazon/2023_sustainability_report.pdf
"In 2023, our Scope 1 emissions increased 7% compared to 2022 and represented 21% of our total carbon footprint.",11,Amazon’s Carbon Footprint > Scope 1: Direct Emissions and Operations,achievement,achievement,7%,2022,,Scope 1,1.0,data/raw/amazon/2023_sustainability_report.pdf
2022 Carbon Footprint recalculated in accordance with updated Carbon Methodology.,11,Amazon’s Carbon Footprint > Amazon’s Carbon Footprint,other,,2022,,,,0.5,data/raw/amazon/2023_sustainability_report.pdf
The model is constantly learning and has helped reduce our use of packaging material since it launched in 2019.,12,Amazon’s Carbon Footprint > Amazon’s Carbon Footprint,other,achievement,,,,,0.0,data/raw/amazon/2023_sustainability_report.pdf
"Globally, we shipped 12% of products in their own packaging in 2023.",12,Amazon’s Carbon Footprint > Amazon’s Carbon Footprint,other,,12%,,,global,1.0,data/raw/amazon/2023_sustainability_report.pdf
"We are excited to invest in technologies today that will help reduce our footprint in the future, such as scaling up our use of electric vehicles (EVs) and other lower-carbon vehicles to decrease our Scope 1 emissions.",12,Learn more about how we’re improving packaging,other,firm,1,,,Scope 1,1.0,data/raw/amazon/2023_sustainability_report.pdf
"Our Scope 2 emissions are from electricity used to power Amazon’s buildings, including data centers, office buildings, fulfillment centers, and grocery stores, and to charge EVs at our facilities.",12,Scope 2: Indirect Emissions from Purchased Electricity,other,,2,,,Scope 2,1.0,data/raw/amazon/2023_sustainability_report.pdf
"In 2023, our Scope 2 emissions decreased by 11% compared to 2022 and represented 4% of our total carbon footprint.",12,Scope 2: Indirect Emissions from Purchased Electricity,achievement,achievement,11%,2022,,Scope 2,1.0,data/raw/amazon/2023_sustainability_report.pdf
"In 2023, we are proud to have achieved our goal to match 100% of the electricity consumed by our global operations with renewable energy—seven years ahead of our original 2030 goal.",12,Scope 2: Indirect Emissions from Purchased Electricity,achievement,achievement,100%,,,,0.33,data/raw/amazon/2023_sustainability_report.pdf
"At the end of 2023, Amazon had invested in 513 global renewable energy projects, including 243 utility-scale wind and solar projects, and 270 solar rooftops at our facilities and stores around the world.",12,Scope 2: Indirect Emissions from Purchased Electricity,other,,"2023,",,,,0.5,data/raw/amazon/2023_sustainability_report.pdf
"In 2023 alone, 42 new utility-scale wind and solar projects and 50 new on-site solar energy systems became operational.",12,Scope 2: Indirect Emissions from Purchased Electricity,other,,2023,,,,0.5,data/raw/amazon/2023_sustainability_report.pdf
"Collectively, our portfolio represents 28 gigawatts (GW) of renewable energy capacity, an increase from 20 GW in 2022.",12,Scope 2: Indirect Emissions from Purchased Electricity,other,,28,,,,0.5,data/raw/amazon/2023_sustainability_report.pdf
"This portfolio provides carbon-free electricity to our operations, as well as delivers new carbonfree electricity to the grids in communities where we operate.",12,Scope 2: Indirect Emissions from Purchased Electricity,attribute,,,,,own operations,0.5,data/raw/amazon/2023_sustainability_report.pdf
Two of the most important ways we lower electricityrelated carbon emissions are by improving energy efficiency and transitioning to carbon-free energy.,12,Scope 2: Indirect Emissions from Purchased Electricity,attribute,,,,,,0.0,data/raw/amazon/2023_sustainability_report.pdf
"To date, we have focused on scaling renewable energy; going forward, the nature of our business requires us to leverage additional carbon-free energy options—such as nuclear—to support our continued growth and enable us to develop and deploy new technologies such as AI.",12,Scope 2: Indirect Emissions from Purchased Electricity,attribute,hedged,,,,,0.0,data/raw/amazon/2023_sustainability_report.pdf
"We are also focused on creating new chips that are increasingly energy-efficient, such as AWS Graviton4, the most powerful and energy-efficient chip AWS has built.",12,Scope 2: Indirect Emissions from Purchased Electricity,other,,,,,,0.0,data/raw/amazon/2023_sustainability_report.pdf
"Graviton4 is more energy efficient than Graviton3 processors while providing up to 30% better computing performance, 50% more cores, and 75% more memory bandwidth than Graviton3 processors.",12,Scope 2: Indirect Emissions from Purchased Electricity,other,,30%,,,,0.5,data/raw/amazon/2023_sustainability_report.pdf
"By scaling carbon-free energy, we aim to make Amazon a more resilient and sustainable business, drive a global transition to cleaner energy, and achieve our commitment to The Climate Pledge to reach net-zero carbon emissions by 2040.",12,Scope 2: Indirect Emissions from Purchased Electricity,target,firm,,2040,2040,,0.5,data/raw/amazon/2023_sustainability_report.pdf
"Scope 3 emissions include emissions from activities that take place beyond our direct operations, including building construction, third-party transportation, and the production of Amazon-branded products and the materials and components used in those products.",13,Amazon’s Carbon Footprint (MMT CO2e*) > Scope 3: Indirect Emissions from Other Sources,other,,3,,,Scope 3,1.0,data/raw/amazon/2023_sustainability_report.pdf
"In 2023, our Scope 3 emissions decreased by 5% from 2022 and represented 75% of our total carbon footprint.",13,Amazon’s Carbon Footprint (MMT CO2e*) > Scope 3: Indirect Emissions from Other Sources,achievement,achievement,5%,2022,,Scope 3,1.0,data/raw/amazon/2023_sustainability_report.pdf
"In 2023, 29 Amazon building projects were constructed with lower-carbon concrete and steel, and collectively reduced embodied carbon by 79,500 metric tons of CO2e, equivalent to the emissions generated by 17,200 cars driven for a year.",13,Amazon’s Carbon Footprint (MMT CO2e*) > Scope 3: Indirect Emissions from Other Sources,achievement,achievement,"79,500 metric tons",,,,0.33,data/raw/amazon/2023_sustainability_report.pdf
"Because Scope 3 emissions are beyond our direct operational control, the efforts our suppliers take to reduce their emissions help us progress toward our ambition to achieve net-zero carbon emissions by 2040.",13,Amazon’s Carbon Footprint (MMT CO2e*) > Scope 3: Indirect Emissions from Other Sources,target,hedged,3,2040,2040,Scope 3,1.0,data/raw/amazon/2023_sustainability_report.pdf
We will prioritize working with suppliers who are also committed to decarbonization and reaching net-zero carbon emissions.,13,Amazon’s Carbon Footprint (MMT CO2e*) > Scope 3: Indirect Emissions from Other Sources,attribute,firm,,,,,0.0,data/raw/amazon/2023_sustainability_report.pdf
"We have identified a list of the highest-emitting suppliers directly supporting our operations, and expect those suppliers, who collectively contribute more than 50% of emissions globally to Amazon’s Scope 3 footprint, to provide a plan for how they will decarbonize their operations and demonstrate real progress over time.",13,Amazon’s Carbon Footprint (MMT CO2e*) > Scope 3: Indirect Emissions from Other Sources,other,firm,50%,,,Scope 3; own operations; global,1.0,data/raw/amazon/2023_sustainability_report.pdf
"In addition, we also launched our “Amazon Sustainability Exchange”—a free, publicly available website that democratizes our guidelines, playbooks, science models, and other resources to help other companies make meaningful progress toward net-zero carbon emissions.",13,Amazon’s Carbon Footprint (MMT CO2e*) > Scope 3: Indirect Emissions from Other Sources,attribute,achievement,,,,,0.0,data/raw/amazon/2023_sustainability_report.pdf
"We know the path to net-zero carbon by 2040 will be challenging, but we are making investments, creating new ways of working, and inventing new solutions to help us decarbonize now and in the future.",13,Amazon’s Carbon Footprint (MMT CO2e*) > Path to 2040,target,firm,2040,2040,2040,,0.75,data/raw/amazon/2023_sustainability_report.pdf
"At the end of 2023, The Climate Pledge included 473 signatories focused on achieving net-zero carbon emissions by 2040.",13,Amazon’s Carbon Footprint (MMT CO2e*) > Path to 2040,target,firm,"2023,",2040,2040,,0.75,data/raw/amazon/2023_sustainability_report.pdf
"One way we do this is through The Climate Pledge Fund, Amazon’s $2 billion venture investment program, which supports the advancement of sustainabilityfocused technologies and services that will enable us to meet our net-zero carbon emissions goal.",13,Amazon’s Carbon Footprint (MMT CO2e*) > Path to 2040,target,firm,2 billion,,,,0.25,data/raw/amazon/2023_sustainability_report.pdf
"We will continue to innovate, collaborate, and do the work needed to deliver the best for our customers, progress toward net-zero carbon emissions by 2040, and most importantly, contribute to a healthier planet.",13,Amazon’s Carbon Footprint (MMT CO2e*) > Path to 2040,target,firm,"2040,",2040,2040,,0.75,data/raw/amazon/2023_sustainability_report.pdf
"Zero-emission fuel: Along with opting for more efficient shipping routes, we also prioritize lower-carbon marine biofuels.",14,Delivery and Logistics > Ocean Freight,attribute,,,,,,0.0,data/raw/amazon/2023_sustainability_report.pdf
"In 2021, we were a founding member of the First Movers Coalition, a global coalition of companies leveraging their purchasing power to decarbonize the world’s heavyemitting sectors, such as ocean transportation.",14,Delivery and Logistics > Ocean Freight,achievement,achievement,"2021,",,,,0.33,data/raw/amazon/2023_sustainability_report.pdf
"Through our active participation, we are supporting First Movers Coalition’s goal to use maritime ships with zero-emission fuels for at least 10% of cargo shipped internationally by 2030.",14,Delivery and Logistics > Ocean Freight,target,,10%,,2030,,0.5,data/raw/amazon/2023_sustainability_report.pdf
"Zero Emission Vessels (coZEV) with the Aspen Institute to support initiatives that increase the availability of zeroemission technologies and fuels while gaining support from shipping lines, cargo owners, ports, and other organizations that can help to enable the energy transition.",15,Delivery and Logistics > Ocean Freight,attribute,hedged,,,,,0.0,data/raw/amazon/2023_sustainability_report.pdf
"Through our membership, we are supporting coZEV’s goal to use maritime ships with zero-emission fuels for 100% of ocean cargo by 2040.",15,Delivery and Logistics > Ocean Freight,target,,100%,,2040,,0.5,data/raw/amazon/2023_sustainability_report.pdf
Biofuel: Our investment in maritime biofuel helps to accelerate the shipping industry’s transition to zero-emission fuels by demonstrating demand for lower-carbon fuel alternatives to bunker fuel.,15,Delivery and Logistics > Ocean Freight,attribute,,,,,,0.0,data/raw/amazon/2023_sustainability_report.pdf
"As availability increases, we will continue to increase the percentage of cargo we transport on these types of ships and leverage additional lower-carbon fuels in 2024 and beyond.",15,Delivery and Logistics > Ocean Freight,other,firm,2024,2024,,,0.5,data/raw/amazon/2023_sustainability_report.pdf
"In early 2023, we co-founded the Zero Emission Maritime Buyers Alliance (ZEMBA) with the Aspen Institute, Patagonia, and Tchibo.",15,Delivery and Logistics > Learn more about this landmark zero-emission voyage,attribute,,"2023,",,,,0.5,data/raw/amazon/2023_sustainability_report.pdf
"ZEMBA seeks to accelerate commercial deployment of zero-emission shipping, enable economies of scale, and reduce maritime emissions.",15,Delivery and Logistics > Learn more about this landmark zero-emission voyage,attribute,,,,,,0.0,data/raw/amazon/2023_sustainability_report.pdf
This was the first major buyer-led initiative for the transition to zero-emission fuels in maritime shipping—one of the most challenging sectors to decarbonize.,15,Delivery and Logistics > Learn more about this landmark zero-emission voyage,attribute,achievement,,,,,0.0,data/raw/amazon/2023_sustainability_report.pdf
"Aviation is also considered a hard-to-abate sector, which is why we are sourcing lower-carbon aviation fuels such as sustainable aviation fuel (SAF) and using SAF credits to reduce our own airfreight emissions as well as working with peers on innovative industry-wide solutions.",15,Delivery and Logistics > Learn more about this landmark zero-emission voyage,attribute,,,,,,0.0,data/raw/amazon/2023_sustainability_report.pdf
"Lower-carbon aviation fuel, such as SAF, currently represents less than 0.1% of global aviation fuel and remains cost-prohibitive for most companies.",15,Delivery and Logistics > Learn more about this landmark zero-emission voyage,other,,0.1%,,,,0.5,data/raw/amazon/2023_sustainability_report.pdf
"To help address these challenges, Amazon is a founding member of the Sustainable Aviation Buyers Alliance (SABA) and played a critical role in launching the Sustainable Aviation Fuel certificates (SAFc) Registry at the 28th meeting of the Conference of the Parties to the United Nations Framework Convention on Climate Change (COP28).",15,Delivery and Logistics > Learn more about this landmark zero-emission voyage,attribute,,,,,,0.0,data/raw/amazon/2023_sustainability_report.pdf
"Moving products by rail or sea—instead of on the road, by conventional trucks—reduces carbon emissions by an average of nearly 50%.",15,Delivery and Logistics > Middle Mile Efficiency,other,,50%,,,,0.5,data/raw/amazon/2023_sustainability_report.pdf
"Additionally, in 2023, The Climate Pledge and C40 Cities (C40) developed Laneshift, a partnership to accelerate the transition to zero-emission electric trucks and charging infrastructure across major cities in India and Latin America.",16,Journey of a Kindle through Our Transportation Network,target,firm,"2023,",,,,0.25,data/raw/amazon/2023_sustainability_report.pdf
"Amazon began mobile fueling diesel-powered vehicles— including trucks that operate short, local routes and vehicles that operate within our facilities—with renewable diesel at all California and Oregon fulfillment and sort centers in 2023.",16,Journey of a Kindle through Our Transportation Network > Last Mile Electric Delivery Vehicles,other,,,,,,0.0,data/raw/amazon/2023_sustainability_report.pdf
They can reduce carbon emissions by at least 75% compared to diesel when refueled with RNG.,16,Journey of a Kindle through Our Transportation Network > Last Mile Electric Delivery Vehicles,other,,75%,,,,0.5,data/raw/amazon/2023_sustainability_report.pdf
"This growth was driven by the opening of seven permanent RNG fueling stations across our North American logistics network in partnership with Clean Energy, the largest provider of RNG for the transportation industry in North America.",16,Journey of a Kindle through Our Transportation Network > Last Mile Electric Delivery Vehicles,attribute,achievement,,,,,0.0,data/raw/amazon/2023_sustainability_report.pdf
"In 2023, Amazon participated in the Smart Freight Centre (SFC) Exchange Network, a nonprofit organization whose mission is to accelerate the reduction of logistics emissions by fostering collaboration.",16,Journey of a Kindle through Our Transportation Network > Partnerships Accelerating Middle Mile Decarbonization,other,,"2023,",,,,0.5,data/raw/amazon/2023_sustainability_report.pdf
"Our sustainable rail freight solutions were recognized by BNSF Railway, which selected Amazon as one of the recipients of its 2023 Sustainability Award.",16,Journey of a Kindle through Our Transportation Network > Partnerships Accelerating Middle Mile Decarbonization,achievement,achievement,2023,,,,0.33,data/raw/amazon/2023_sustainability_report.pdf
"In 2023, Amazon Day delivery avoided the use of more than 200 million boxes (up from nearly 115 million in 2022) and 226,000 metric tons of CO2e.",17,Journey of a Kindle through Our Transportation Network > Amazon Day Delivery,achievement,achievement,200 million,2022,,,0.67,data/raw/amazon/2023_sustainability_report.pdf
"The construction, operation, and decommissioning of these buildings accounted for one fifth of Amazon’s total carbon emissions in 2023, which is why we’re committed to implementing and scaling decarbonization solutions and processes to reduce the footprint of this sector of our business.",17,Building Construction and Operations,other,firm,"2023,",2023,,,0.5,data/raw/amazon/2023_sustainability_report.pdf
"In August 2023, we began transporting packages in London using both zero-emission middle mile vehicles (electric heavy-duty trucks) and last mile vehicles (electric vans).",17,Building Construction and Operations > United States,attribute,,"2023,",,,,0.5,data/raw/amazon/2023_sustainability_report.pdf
"Lighting retrofits alone have saved 1.23 billion megawatthours (MWh) of energy and avoided more than 873,000 metric tons of CO2e from 2017 to 2023.",18,Building Construction and Operations > Implementing Foundational Efficiency Initiatives,achievement,achievement,1.23 billion,2017,,,0.67,data/raw/amazon/2023_sustainability_report.pdf
"We built our second headquarters (HQ2) in Arlington, Virginia, with sustainability in mind.",18,Building Construction and Operations > Validating Our Progress,other,,,,,,0.0,data/raw/amazon/2023_sustainability_report.pdf
"Opened in May 2023, HQ2 runs on 100% renewable electricity and achieves energy savings of 24% relative to a comparable Leadership in Energy and Environmental Design (LEED) baseline.",18,Building Construction and Operations > Validating Our Progress,other,hedged,100%,,,,0.5,data/raw/amazon/2023_sustainability_report.pdf
More than 40 Amazon sites globally now use this same CarbonCure technology.,18,Building Construction and Operations > Validating Our Progress,other,,40,,,global,1.0,data/raw/amazon/2023_sustainability_report.pdf
"Design elements at HQ2 incorporate native flora and fauna and use earth tones and natural materials, such as wood and stone, to create a warm and inviting atmosphere.",18,Building Construction and Operations > Sustainability at Our Second Headquarters,other,,,,,,0.0,data/raw/amazon/2023_sustainability_report.pdf
"At the end of 2023, Amazon had 270 rooftop solar projects at our facilities around the globe.",19,Building Construction and Operations > Scaling Renewable Energy,other,,"2023,",,,,0.5,data/raw/amazon/2023_sustainability_report.pdf
"We brought 50 new on-site solar energy systems online in 2023, for a total capacity of 58 MW.",19,Building Construction and Operations > Scaling Renewable Energy,other,,50,,,,0.5,data/raw/amazon/2023_sustainability_report.pdf
"These on-site solar energy systems are estimated to generate 123,000 MWh annually—enough energy to power over 33,600 European homes—and avoid the equivalent of roughly 47,400 metric tons of CO2e each year compared to nonrenewable electricity sources.",19,Building Construction and Operations > Scaling Renewable Energy,other,,"123,000 MWh",,,,0.5,data/raw/amazon/2023_sustainability_report.pdf
Refrigerants with high GWP—such as hydrofluorocarbons (HFCs)—contribute to climate change by trapping more heat in the atmosphere than CO2.,19,Building Construction and Operations > Lower-Emission Refrigerants,other,hedged,,,,,0.0,data/raw/amazon/2023_sustainability_report.pdf
"That’s why Amazon Fresh and Whole Foods Market use low-GWP refrigerants, such as CO2 refrigerants, to help grocery stores reduce emissions.",19,Building Construction and Operations > Lower-Emission Refrigerants,other,,,,,,0.0,data/raw/amazon/2023_sustainability_report.pdf
"Together, Amazon and Whole Foods Market donated to the North American Sustainable Refrigeration Council in 2023 to accelerate the council’s efforts to train the next generation of skilled technicians needed to install and maintain sustainable refrigeration systems.",19,Building Construction and Operations > Lower-Emission Refrigerants,other,,2023,2023,,,0.5,data/raw/amazon/2023_sustainability_report.pdf
"In 2023, 29 Amazon building projects were constructed with lower-carbon concrete and steel, collectively reducing embodied carbon by over 79,000 metric tons of CO2e.",19,Building Construction and Operations > Using Lower-Carbon Materials,achievement,achievement,"79,000 metric tons",,,,0.33,data/raw/amazon/2023_sustainability_report.pdf
"In 2023, AWS built 36 data centers with lower-carbon concrete, up from 16 in 2022.",19,Building Construction and Operations > Using Lower-Carbon Materials,other,,"2023,",2022,,,0.5,data/raw/amazon/2023_sustainability_report.pdf
"AWS also tested a low-carbon, performance-based ASTM C1157 Hydraulic Cement by Ozinga, a concrete, bulk materials, and logistics solutions supplier, which achieved a 64% reduction in embodied carbon compared to the industry average.",19,Building Construction and Operations > Using Lower-Carbon Materials,achievement,achievement,64%,,,,0.33,data/raw/amazon/2023_sustainability_report.pdf
"In January 2024, AWS updated its design standards to require the use of concrete with 35% less embodied carbon than the industry average in new data centers around the world.",19,Building Construction and Operations > Using Lower-Carbon Materials,other,,35%,,,,0.5,data/raw/amazon/2023_sustainability_report.pdf
"By incorporating higher-strength steel into its data center structural designs, AWS has reduced steel content by 70 tons for each two-story data center and 137 tons for each three-story data center, decreasing emissions by 63 and 124 metric tons of CO2e, respectively.",19,Building Construction and Operations > Using Lower-Carbon Materials,achievement,achievement,124 metric tons,,,,0.33,data/raw/amazon/2023_sustainability_report.pdf
"In 2023, AWS built 31 data centers with lower-carbon steel, up from 10 in 2022.",19,Building Construction and Operations > Using Lower-Carbon Materials,other,,"2023,",2022,,,0.5,data/raw/amazon/2023_sustainability_report.pdf
"Using lower-carbon steel and concrete enabled AWS to avoid over 46,700 metric tons of CO2e in 2023—equivalent to the carbon emissions generated from driving over 11,100 cars in the U.S. for one year.",19,Building Construction and Operations > Using Lower-Carbon Materials,other,,"46,700 metric tons",,,,0.5,data/raw/amazon/2023_sustainability_report.pdf
"In 2023, we worked with the UK Chartered Institution of Building Services Engineers (CIBSE) and our supply chain partners to create public-facing embodied carbon baselining guidance for the logistics sector.",19,Building Construction and Operations > Partnering to Develop Industry Standards for Measuring Embodied Carbon,other,,"2023,",,,supply chain,1.0,data/raw/amazon/2023_sustainability_report.pdf
"This guidance, called Technical Memorandum 65.3 , seeks to help professionals across Europe assess and understand the embodied carbon of material handling and mechanical, electrical, and plumbing equipment.",19,Building Construction and Operations > Partnering to Develop Industry Standards for Measuring Embodied Carbon,other,,65.3,,,,0.5,data/raw/amazon/2023_sustainability_report.pdf
"Using data that is new to the industry, Technical Memorandum 65.3 will enable Amazon, our supply chain partners, and our peers to establish a baseline understanding of carbon emissions from industrial equipment, paving the way to ultimately identifying additional carbon reduction opportunities.",19,Building Construction and Operations > Partnering to Develop Industry Standards for Measuring Embodied Carbon,other,firm,65.3,,,supply chain,1.0,data/raw/amazon/2023_sustainability_report.pdf
Inferentia2 is up to 50% more energy-efficient and can reduce costs by up to 40% against comparable Amazon Elastic Compute Cloud (EC2) instances.,20,Servers and Hardware,other,,50%,,,,0.5,data/raw/amazon/2023_sustainability_report.pdf
"Meanwhile, AWS Graviton4 is the latest generation of chips designed by AWS and the most powerful and energyefficient chip AWS has built as of 2023.",20,Servers and Hardware,other,,,,,,0.0,data/raw/amazon/2023_sustainability_report.pdf
"Graviton4 provides up to 30% better computing performance, 50% more cores, and 75% more memory bandwidth than Graviton3 processors while being more energy efficient.",20,Servers and Hardware,other,,30%,,,,0.5,data/raw/amazon/2023_sustainability_report.pdf
"In 2023, AWS joined the Semiconductor Climate Consortium (SCC), an organization focused on reducing carbon emissions across the global semiconductor supply chain.",20,Servers and Hardware > Partnering to Reduce Carbon Emissions in the Semiconductor Industry,other,,"2023,",,,supply chain,1.0,data/raw/amazon/2023_sustainability_report.pdf
"In 2023, AWS purchased over 6 million liters of SAF, which avoided approximately 15,600 metric tons of CO2e compared to conventional aviation fuel.",20,Products and Devices > Amazon Private Brands,achievement,achievement,6 million,,,,0.33,data/raw/amazon/2023_sustainability_report.pdf
"Research shows that in North America, AWS can lower its customers’ workload carbon footprints by up to 96% compared to on-premises computing workloads when the electricity AWS uses is matched with 100% renewable energy—a goal that Amazon, including AWS, achieved in 2023.",20,Products and Devices > Reducing Emissions from the Transportation of Data Center Hardware,achievement,achievement,96%,,,,0.33,data/raw/amazon/2023_sustainability_report.pdf
Carbon emissions from the materials and manufacturing of these products are part of our Scope 3 carbon footprint.,20,Products and Devices > Enhancing Chip Efficiency,other,,3,,,Scope 3,1.0,data/raw/amazon/2023_sustainability_report.pdf
"In 2023, we worked with our top suppliers to develop carbon footprints for the products responsible for over half the greenhouse gas (GHG) emissions of our private brands.",20,Products and Devices > Enhancing Chip Efficiency,other,,"2023,",,,,0.5,data/raw/amazon/2023_sustainability_report.pdf
"These insights informed the creation of joint abatement plans, which help avoid future product emissions through actions including moving to recycled materials, using renewable energy to power manufacturing facilities, and reducing packaging.",20,Products and Devices > Enhancing Chip Efficiency,attribute,,,,,,0.0,data/raw/amazon/2023_sustainability_report.pdf
"For example, we began using recycled polyester certified by Textile Exchange’s Global Recycled Standard, which now represents 16% of the polyester we use for Amazon Essentials apparel products.",20,Products and Devices > Enhancing Chip Efficiency,attribute,,16%,,,,0.5,data/raw/amazon/2023_sustainability_report.pdf
We also worked with Amazon Private Brands battery suppliers to reduce product packaging weight by 13%.,20,Products and Devices > Enhancing Chip Efficiency,other,,13%,,,,0.5,data/raw/amazon/2023_sustainability_report.pdf
"In 2024, we aim to expand our product carbon measurement activities to a larger group of suppliers.",20,Products and Devices > Enhancing Chip Efficiency,other,hedged,"2024,",,,,0.5,data/raw/amazon/2023_sustainability_report.pdf
"In 2023, we published the carbon footprint of newly launched Echo, eero, Ring, Fire TV, and Fire tablet devices on the product detail pages of our U.S. Amazon.com site, along with product sustainability fact sheets for each device.",21,Products and Devices > Amazon Grocery and Whole Foods Market,achievement,achievement,"2023,",,,,0.33,data/raw/amazon/2023_sustainability_report.pdf
"By the end of 2022, we had contracted enough renewable energy capacity through new wind and solar farms to equal the expected electricity used by all active Echo, Fire TV, and Ring devices globally by 2025.",21,Products and Devices > Amazon Grocery and Whole Foods Market,target,,"2022,",,2022,global,0.75,data/raw/amazon/2023_sustainability_report.pdf
Some of these wind and solar projects are operational today; others are currently under construction and expected to begin operating in 2024.,21,Products and Devices > Amazon Grocery and Whole Foods Market,other,,,,,,0.0,data/raw/amazon/2023_sustainability_report.pdf
"In 2022, we announced a collaboration with the Carbon Trust, which partners with businesses, governments, and organizations around the world to accelerate the transition to net-zero carbon emissions.",21,Products and Devices > Amazon Grocery and Whole Foods Market,attribute,,"2022,",,,,0.5,data/raw/amazon/2023_sustainability_report.pdf
"As part of this work, throughout 2023, we partnered with Samsung, Meta, Microsoft, and Comcast to develop standards that provide practical, meaningful steps for mitigating emissions at the customer use stage of the device lifecycle.",21,Products and Devices > Amazon Grocery and Whole Foods Market,target,,"2023,",,2023,,0.5,data/raw/amazon/2023_sustainability_report.pdf
"As of the end of 2023, we’ve received commitments from 49 device suppliers to work with us on decarbonization, up from 28 suppliers in 2022.",21,Products and Devices > Amazon Grocery and Whole Foods Market,other,,"2023,",,,,0.5,data/raw/amazon/2023_sustainability_report.pdf
"We also helped 21 suppliers develop renewable energy plans, including final assembly suppliers that make up over 70% of our direct manufacturing spend for Echo, Kindle, Fire tablet, Fire TV, Ring, Blink, and eero devices and accessories.",21,Products and Devices > Amazon Grocery and Whole Foods Market,other,,70%,,,,0.5,data/raw/amazon/2023_sustainability_report.pdf
"In parallel, we are investing in climate mitigation outside of our value chain (“carbon neutralization”), and we plan to neutralize any emissions that cannot be eliminated by 2040.",21,Carbon Neutralization,target,hedged,,,2040,value chain,0.5,data/raw/amazon/2023_sustainability_report.pdf
"As we progress on our net-zero carbon emissions journey, Amazon is continuing to engage suppliers in the critical work of reducing their operational emissions and working with their own upstream supply chains to do the same.",21,Engaging Suppliers,attribute,,,,,supply chain; upstream,0.5,data/raw/amazon/2023_sustainability_report.pdf
"We have identified a list of the highest-emitting suppliers directly supporting our operations, and expect those suppliers, who collectively contribute more than 50% of emissions globally to Amazon’s Scope 3 footprint, to provide a plan for how they will decarbonize their operations and demonstrate real progress over time.",21,Engaging Suppliers,other,firm,50%,,,Scope 3; own operations; global,1.0,data/raw/amazon/2023_sustainability_report.pdf
We will prioritize our business toward those who provide their plans and results on their path to net-zero carbon emissions.,21,Engaging Suppliers,attribute,firm,,,,,0.0,data/raw/amazon/2023_sustainability_report.pdf
"In addition, we also launched our “Amazon Sustainability Exchange”—a free, publicly available website that democratizes our guidelines, playbooks, science models, and other resources to help other companies make meaningful progress toward net-zero carbon emissions.",21,Engaging Suppliers,attribute,achievement,,,,,0.0,data/raw/amazon/2023_sustainability_report.pdf
Our carbon neutralization approach focuses on three actions outside of our value chain.,21,Engaging Suppliers,attribute,,,,,value chain,0.5,data/raw/amazon/2023_sustainability_report.pdf
"At Amazon, we use the best available science to design and evaluate projects and measure, verify, and monitor carbon credits.9 We also use robust methodologies to verify that the projects we support do, in fact, neutralize carbon.",21,Engaging Suppliers > 3. Scaling up carbon removal technologies,other,hedged,,,,,0.0,data/raw/amazon/2023_sustainability_report.pdf
Accelerating Forest finance (LEAF) Coalition—a public-private initiative that is mobilizing more than $1 billion to protect the world’s tropical forests and surrounding communities by supporting government policies and programs that reduce emissions from deforestation at national or large subnational scale.,22,Engaging Suppliers > The Climate Pledge by the Numbers,other,,1 billion,,,,0.5,data/raw/amazon/2023_sustainability_report.pdf
"In 2023, we expanded our investments in nature-based carbon removal with two new agroforestry projects in the Amazon rainforest.",22,Engaging Suppliers > Advancing the Removal of Carbon from the Atmosphere with Nature-Based Solutions,other,,"2023,",,,,0.5,data/raw/amazon/2023_sustainability_report.pdf
DAC is an emerging set of technologies that chemically scrub CO2 from the air.,22,Engaging Suppliers > Scaling Up Carbon Removal Technologies,other,,,,,,0.0,data/raw/amazon/2023_sustainability_report.pdf
"The captured CO2 is then stored deep underground or used in applications such as building materials (including concrete, brick, and cement) and low-carbon fuels.",22,Engaging Suppliers > Scaling Up Carbon Removal Technologies,other,,,,,,0.0,data/raw/amazon/2023_sustainability_report.pdf
"We committed to purchasing carbon dioxide removal credits equaling 250,000 metric tons of CO2 from 1PointFive, which is currently constructing its first DAC plant in Texas.",22,Engaging Suppliers > Scaling Up Carbon Removal Technologies,other,firm,"250,000 metric tons",,,,0.5,data/raw/amazon/2023_sustainability_report.pdf
"When fully operational, the plant is expected to be the largest in the world, with capacity to capture up to 500,000 metric tons of CO2 annually.",22,Engaging Suppliers > Scaling Up Carbon Removal Technologies,other,,"500,000 metric tons",,,,0.5,data/raw/amazon/2023_sustainability_report.pdf
The company’s patented modular open systems architecture allows the swapping of new sorbents— materials used to absorb CO2—as they become available.,22,Engaging Suppliers > Scaling Up Carbon Removal Technologies,other,,,,,,0.0,data/raw/amazon/2023_sustainability_report.pdf
"CarbonCapture Inc. will make up to 100,000 carbon removal credits available to Amazon.",22,Engaging Suppliers > Scaling Up Carbon Removal Technologies,other,firm,"100,000",,,,0.5,data/raw/amazon/2023_sustainability_report.pdf
The Climate Pledge is a commitment to reach net-zero carbon emissions by 2040.,22,The Climate Pledge,target,firm,,2040,2040,,0.5,data/raw/amazon/2023_sustainability_report.pdf
Amazon co-founded The Climate Pledge with Global Optimism in 2019 and was the first company to sign on.,22,The Climate Pledge,target,firm,2019,,,,0.25,data/raw/amazon/2023_sustainability_report.pdf
The Climate Pledge celebrates its fifth anniversary in September 2024.,22,The Climate Pledge,target,firm,,,,,0.0,data/raw/amazon/2023_sustainability_report.pdf
"While companies will chart their own paths to net-zero carbon emissions, signing The Climate Pledge reinforces their commitment to sustainability, holds them accountable to their goals, and provides new opportunities for collaboration and a collective knowledge base to accelerate their progress.",22,The Climate Pledge,target,firm,,,,,0.0,data/raw/amazon/2023_sustainability_report.pdf
"At the end of 2023, The Climate Pledge represented 473 signatories in 42 countries and 59 industries.",22,The Climate Pledge,target,firm,"2023,",,,,0.25,data/raw/amazon/2023_sustainability_report.pdf
"In 2023, 77 additional companies signed The Climate Pledge, including Mastercard, Sony, and T-Mobile.",22,The Climate Pledge,target,firm,"2023,",,,,0.25,data/raw/amazon/2023_sustainability_report.pdf
"Amazon encourages our suppliers to sign The Climate Pledge, and in 2023, nine Amazon transportation and logistics suppliers became signatories, including CTT Portugal Post, Global Feed Ecotrans, Poste Italiane, and Emirates Post.",22,The Climate Pledge,target,firm,"2023,",,,,0.25,data/raw/amazon/2023_sustainability_report.pdf
"With 473 signatories, The Climate Pledge focused more on cross-industry collaboration in 2023 than ever before.",22,The Climate Pledge > Partnering with Others to Scale Progress,target,firm,473,2023,,,0.5,data/raw/amazon/2023_sustainability_report.pdf
"In 2023, The Climate Pledge launched five joint action projects involving its signatories to accelerate progress to net-zero carbon emissions by 2040.",22,The Climate Pledge > Partnering with Others to Scale Progress,target,firm,"2023,",2040,2040,,0.75,data/raw/amazon/2023_sustainability_report.pdf
"So far, 24 signatories have joined The Climate Pledge projects related to lower-emission supply chain transportation solutions, circularity, increasing urban charging infrastructure, electrifying middle mile freight, and data transparency.",22,The Climate Pledge > Partnering with Others to Scale Progress,target,firm,24,,,supply chain,0.5,data/raw/amazon/2023_sustainability_report.pdf
"In 2023, The Climate Pledge and C40, a global network of nearly 100 mayors of the world’s leading cities, developed Laneshift to accelerate the transition to zeroemission electric trucks and charging infrastructure across major cities in India and Latin America.",22,The Climate Pledge > Partnering with Others to Scale Progress,target,firm,"2023,",,,,0.25,data/raw/amazon/2023_sustainability_report.pdf
The Climate Pledge Fund is a $2 billion venture investment program supporting the advancement of sustainable technologies and services that enable Amazon to meet our net-zero carbon emissions goal.,23,The Climate Pledge Fund,target,firm,2 billion,,,,0.25,data/raw/amazon/2023_sustainability_report.pdf
"In 2023, The Climate Pledge Fund made nine investments— including both new and follow-on investments for existing portfolio companies—bringing its total investment portfolio to 24 companies.",23,The Climate Pledge Fund,target,firm,"2023,",,,,0.25,data/raw/amazon/2023_sustainability_report.pdf
"As part of The Climate Pledge Fund’s broader dedication to accelerate female-led climate solutions, in 2022, it committed at least $50 million to invest in femalefounded and female-led climate technology companies.",23,The Climate Pledge Fund > Accelerating Climate Solutions from Female Founders,target,firm,50 million,,,,0.25,data/raw/amazon/2023_sustainability_report.pdf
"In 2023, The Climate Pledge Fund invested in Genecis Bioindustries, a women-led climate tech company in the U.S. founded by scientist Luna Yu.",23,The Climate Pledge Fund > Accelerating Climate Solutions from Female Founders,target,firm,"2023,",,,,0.25,data/raw/amazon/2023_sustainability_report.pdf
"Yu and her team are using specialized bacteria to turn organic waste—such as bread crusts and other food scraps—into bioplastic, a biodegradable and easily recyclable alternative to plastic packaging.",23,The Climate Pledge Fund > Accelerating Climate Solutions from Female Founders,attribute,,,,,,0.0,data/raw/amazon/2023_sustainability_report.pdf
"At Amazon, we are contributing to policymaking processes and informing public officials of our stances on issues that matter to our customers, stakeholders, and businesses, such as carbon-free energy and climate action.",23,Supporting Policies That Drive Decarbonization,attribute,,,,,,0.0,data/raw/amazon/2023_sustainability_report.pdf
"Specifically, we seek to advance and incentivize decarbonization, supporting policies that scale zero-emission fuels, advance zero-emission vehicle deployment and associated infrastructure, drive the deployment of carbonfree energy, modernize the grid, and accelerate investments in clean technologies.",23,Supporting Policies That Drive Decarbonization,attribute,hedged,,,,,0.0,data/raw/amazon/2023_sustainability_report.pdf
Reaching net-zero carbon emissions by 2040 will be challenging.,23,Looking Forward,target,firm,2040,2040,2040,,0.75,data/raw/amazon/2023_sustainability_report.pdf
"We pledged $3 million to the USAID-led Climate Gender Equity Fund (CGEF), a public-private partnership that leverages funding to scale climate finance that advances gender-equitable climate action.",23,Looking Forward,other,,3 million,,,,0.5,data/raw/amazon/2023_sustainability_report.pdf
"In 2023, CGEF selected the first cohort of women-led organizations to receive grants, each of which is focused on advancing gender-equitable climate action in Africa.",23,Looking Forward,other,,"2023,",,,,0.5,data/raw/amazon/2023_sustainability_report.pdf
Transitioning to carbon-free energy sources— which include renewable energy sources such as wind and solar as well as other sources such as nuclear power—is one of the most effective ways to lower Scope 2 emissions.,24,Carbon-Free Energy #1,attribute,,2,,,Scope 2,1.0,data/raw/amazon/2023_sustainability_report.pdf
"That means we must diversify our energy portfolio with additional reliable carbonfree sources, so we remain on track to reach net-zero carbon emissions by 2040.",24,Carbon-Free Energy #1,target,firm,,2040,2040,,0.5,data/raw/amazon/2023_sustainability_report.pdf
Our goal to match 100% of the electricity consumed by our global operations with renewable energy by 2025 is a milestone that is now part of our broader carbon-free energy strategy.,24,Carbon-Free Energy #1,target,,100%,,2025,,0.5,data/raw/amazon/2023_sustainability_report.pdf
"In 2014, Amazon made our first investment in a renewable energy project at a time when corporate procurement for solar and wind power was just beginning.",25,Scaling Renewable Energy,achievement,achievement,"2014,",,,,0.33,data/raw/amazon/2023_sustainability_report.pdf
"In 2019, we set an ambitious goal to match 100% of the electricity we use with renewable energy by 2030.",25,Scaling Renewable Energy,target,,100%,,2030,,0.5,data/raw/amazon/2023_sustainability_report.pdf
"We are proud to have achieved this goal in 2023, seven years early, with 100% of the electricity consumed by Amazon matched with renewable energy sources, up from 90% in 2022.",25,Scaling Renewable Energy,achievement,achievement,100%,,,,0.33,data/raw/amazon/2023_sustainability_report.pdf
"This achievement is an important step on our journey to achieve net-zero carbon emissions by 2040, and we will continue to focus on reducing emissions through carbon-free energy as part of our commitment to The Climate Pledge.",25,Scaling Renewable Energy,target,firm,"2040,",2040,2040,,0.75,data/raw/amazon/2023_sustainability_report.pdf
"Wind and solar will continue to be a critical piece of our energy strategy as we expand our investments into additional forms of carbon-free energy, including nuclear.",25,Scaling Renewable Energy,attribute,firm,,,,,0.0,data/raw/amazon/2023_sustainability_report.pdf
We’ll continue to evaluate our energy strategy to meet the needs of our customers and achieve our commitment to reach net-zero carbon emissions by 2040.,25,Scaling Renewable Energy,target,firm,,2040,2040,,0.5,data/raw/amazon/2023_sustainability_report.pdf
"As part of our commitment to The Climate Pledge, we set two renewable energy goals that are central to our broader carbon-free energy approach: to match all the electricity consumed by our operations with 100% renewable energy and to invest in wind and solar capacity equal to the electricity used by all active Echo, Fire TV, and Ring devices worldwide.",25,Scaling Renewable Energy,target,firm,100%,,,own operations,0.5,data/raw/amazon/2023_sustainability_report.pdf
"We use broad carbon-free energy options to support our continued growth, enabling us to deploy and grow new technologies such as artificial intelligence (AI).",25,Scaling Renewable Energy,attribute,hedged,,,,,0.0,data/raw/amazon/2023_sustainability_report.pdf
"By scaling carbon-free energy, we aim to make Amazon a more resilient and more sustainable business, drive a global transition to cleaner energy, and achieve our commitment to The Climate Pledge to reach net-zero carbon emissions by 2040.",25,Scaling Renewable Energy,target,firm,,2040,2040,,0.5,data/raw/amazon/2023_sustainability_report.pdf
"Carbon-free energy includes existing renewable energy technologies, such as wind and solar farms and on-site rooftop solar systems, as well as nuclear reactors that generate carbon-free energy and other sources such as hydroelectric and geothermal.",25,Scaling Renewable Energy,attribute,,,,,,0.0,data/raw/amazon/2023_sustainability_report.pdf
"There is not a one-size-fits-all solution when it comes to transitioning to carbon-free energy, and we believe that all viable and scalable options should be considered.",25,Scaling Renewable Energy,attribute,hedged,,,,,0.0,data/raw/amazon/2023_sustainability_report.pdf
"Shifting to carbon-free energy requires a targeted, multifaceted approach.",25,Scaling Renewable Energy,attribute,,,,,,0.0,data/raw/amazon/2023_sustainability_report.pdf
This informs our carbon-free procurement decisions and energy optimization initiatives.,25,Scaling Renewable Energy,attribute,,,,,,0.0,data/raw/amazon/2023_sustainability_report.pdf
"In 2023, Amazon announced 39 new renewable energy projects across Europe, adding more than 1 GW of renewable energy capacity to grids in the region.",26,Scaling Renewable Energy,other,,"2023,",,,,0.5,data/raw/amazon/2023_sustainability_report.pdf
"Our total capacity of renewable energy in Europe is now 7 GW, including 1.7 GW of renewable energy from offshore wind.",26,Scaling Renewable Energy,other,,7,,,,0.5,data/raw/amazon/2023_sustainability_report.pdf
"In January 2024, Amazon signed a corporate PPA with the low-carbon energy and services company ENGIE to increase our share of output from the Moray West offshore wind farm in Scotland to 473 megawatts (MW) once the site becomes operational in 2024.",26,Scaling Renewable Energy,other,,"2024,",,,,0.5,data/raw/amazon/2023_sustainability_report.pdf
"Amazon also accelerated renewable energy investments across the Asia-Pacific region in 2023, including by adding 24 new utility-scale solar and wind projects to our portfolio.",26,Scaling Renewable Energy,other,,"2023,",2023,,,0.5,data/raw/amazon/2023_sustainability_report.pdf
"We unveiled three new utility-scale renewable energy projects in India, including a 198 MW wind farm in Osmanabad.",26,Scaling Renewable Energy,other,,198,,,,0.5,data/raw/amazon/2023_sustainability_report.pdf
"The model found that from 2014 through 2022, Amazon’s solar and wind farms generated over $12 billion in community investments around the world and supported 39,000 fulltime-equivalent jobs at direct suppliers and at businesses in Amazon’s downstream supply chain globally in 2022 alone.",26,Scaling Renewable Energy,target,,12 billion,2014,2022,supply chain; downstream; global,1.0,data/raw/amazon/2023_sustainability_report.pdf
"In 2023, 50 new on-site solar energy systems became operational at our facilities and stores, adding 58 MW of capacity.",26,Scaling Renewable Energy > On-Site Solar Projects,other,,"2023,",,,,0.5,data/raw/amazon/2023_sustainability_report.pdf
"Altogether, these solar energy projects generate an estimated 123,000 MWh and avoid roughly 47,500 metric tons of carbon dioxide equivalent (CO₂e) each year.",26,Scaling Renewable Energy > On-Site Solar Projects,other,,"123,000 MWh",,,,0.5,data/raw/amazon/2023_sustainability_report.pdf
"We launched our first on-site solar array with energy storage projects in Bakersfield and San Bernardino, California, in 2023.",26,Scaling Renewable Energy > On-Site Solar Projects,other,achievement,,,,,0.0,data/raw/amazon/2023_sustainability_report.pdf
"These projects bring the total number of rooftop solar projects across Amazon and Whole Foods Market facilities to 270, with a total capacity of 344 MW.",26,Scaling Renewable Energy > On-Site Solar Projects,other,,"270,",,,,0.5,data/raw/amazon/2023_sustainability_report.pdf
"Altogether, these projects avoid roughly 17 million metric tons of CO2e each year.",26,Scaling Renewable Energy > On-Site Solar Projects,other,,17 million,,,,0.5,data/raw/amazon/2023_sustainability_report.pdf
"Across Amazon, we work with utilities and regulators on green tariffs so that more companies can buy clean energy directly from renewable energy projects.",26,Scaling Renewable Energy > Data Centers Powered with Renewable Energy,attribute,,,,,,0.0,data/raw/amazon/2023_sustainability_report.pdf
"Altogether, Amazon had 243 utility-scale wind and solar projects, including 42 newly operational ones, in 2023.",26,Scaling Renewable Energy > Utility-Scale Wind and Solar Projects,other,,243,,,,0.5,data/raw/amazon/2023_sustainability_report.pdf
"We have also signed 274 PPAs as of January 2024 that will collectively add 3.7 GW of clean energy to the grid, bringing our total contracted clean energy generation to 27 GW.",26,Scaling Renewable Energy > Utility-Scale Wind and Solar Projects,attribute,firm,274,,,,0.5,data/raw/amazon/2023_sustainability_report.pdf
"We expanded our renewable energy footprint across the southeastern U.S. in new ways in 2023, including by adding five new solar and wind projects, bringing our total number of renewable energy projects in the region to 30.",26,Scaling Renewable Energy > Utility-Scale Wind and Solar Projects,other,,"2023,",,,,0.5,data/raw/amazon/2023_sustainability_report.pdf
"Once fully operational, these projects are expected to generate more than 7,500 GWh of renewable energy.",26,Scaling Renewable Energy > Utility-Scale Wind and Solar Projects,other,,"7,500 GWh",,,,0.5,data/raw/amazon/2023_sustainability_report.pdf
"We also started producing renewable energy from nearly 5,600 rooftop solar panels installed at the Amazon Air Hub at the Cincinnati/Northern Kentucky International Airport.",26,Scaling Renewable Energy > Utility-Scale Wind and Solar Projects,achievement,achievement,"5,600",,,,0.33,data/raw/amazon/2023_sustainability_report.pdf
"Collectively, these projects represent 28 gigawatts (GW) of renewable energy capacity, making Amazon the world’s largest corporate purchaser of renewable energy for the fourth year in a row.",26,Scaling Renewable Energy > Utility-Scale Wind and Solar Projects,other,,28,,,,0.5,data/raw/amazon/2023_sustainability_report.pdf
"Once operational, these projects are expected to generate more than 77,000 gigawatt-hours (GWh) of renewable energy each year—enough energy to power 7.3 million homes for a year and an increase of 35% from 57,000 GWh in 2022.",26,Scaling Renewable Energy > Utility-Scale Wind and Solar Projects,other,,7.3 million,,,,0.5,data/raw/amazon/2023_sustainability_report.pdf
"The U.S. Environmental Protection Agency estimates that more than 450,000 brownfields could be revitalized for solar energy projects across the country.",27,Scaling Renewable Energy > Brownfield Solar Projects,other,hedged,"450,000",,,,0.5,data/raw/amazon/2023_sustainability_report.pdf
"As the world’s largest corporate renewable energy purchaser, we have a unique role to play in supporting a more just, equitable, and sustainable clean energy transition.",27,"Partnerships and Advocacy for Carbon-Free Energy Solutions > Supporting a More Just, Equitable, and Sustainable Clean Energy Transition",attribute,,,,,,0.0,data/raw/amazon/2023_sustainability_report.pdf
"As a founding member and active participant in Beyond the Megawatt—an initiative from the Clean Energy Buyers Association (CEBA)—we are helping scale results-oriented clean energy procurement strategies that put energy grid resiliency, social equity, and environmental protection at the forefront of solar and wind transactions.",27,"Partnerships and Advocacy for Carbon-Free Energy Solutions > Supporting a More Just, Equitable, and Sustainable Clean Energy Transition",attribute,,,,,,0.0,data/raw/amazon/2023_sustainability_report.pdf
"Beyond the Megawatt partners with energy customers, energy and service providers, nongovernmental organizations, academia, researchers, community organizations, and other businesses to help ensure a diversity of stakeholder voices are represented as we shift toward carbon-free energy.",27,"Partnerships and Advocacy for Carbon-Free Energy Solutions > Supporting a More Just, Equitable, and Sustainable Clean Energy Transition",attribute,,,,,,0.0,data/raw/amazon/2023_sustainability_report.pdf
"In 2023, we participated in CEBA’s equity and resilience working groups, which produced industry-wide guidance on incorporating biodiversity and social benefit standards into PPAs.",27,"Partnerships and Advocacy for Carbon-Free Energy Solutions > Supporting a More Just, Equitable, and Sustainable Clean Energy Transition",other,,"2023,",,,,0.5,data/raw/amazon/2023_sustainability_report.pdf
"To advance the transition to carbon-free energy within our supply chain, Amazon helped found the Clean Energy Procurement Academy (CEPA) with other leading companies in 2023.",27,Partnerships and Advocacy for Carbon-Free Energy Solutions > Scaling Up Carbon-Free Energy,attribute,,,,,supply chain,0.5,data/raw/amazon/2023_sustainability_report.pdf
CEPA supports the adoption of clean energy by suppliers through training and online educational resources.,27,Partnerships and Advocacy for Carbon-Free Energy Solutions > Scaling Up Carbon-Free Energy,attribute,,,,,,0.0,data/raw/amazon/2023_sustainability_report.pdf
"Through our collaborative efforts with fellow members and suppliers, this initiative aims to rapidly advance clean energy procurement, address Scope 3 emissions, and decarbonize global supply chains.",27,Partnerships and Advocacy for Carbon-Free Energy Solutions > Scaling Up Carbon-Free Energy,attribute,hedged,3,,,Scope 3; supply chain,1.0,data/raw/amazon/2023_sustainability_report.pdf
The standards will also provide more opportunities for organizations to invest in decarbonization initiatives such as clean energy projects— especially in markets where there is the ability and resources to decarbonize the power system faster.,27,Partnerships and Advocacy for Carbon-Free Energy Solutions > Scaling Up Carbon-Free Energy,attribute,firm,,,,,0.0,data/raw/amazon/2023_sustainability_report.pdf
The widespread transition to carbon-free power requires an upgraded and expanded electricity grid.,27,Partnerships and Advocacy for Carbon-Free Energy Solutions > Supporting Grid Improvements,attribute,,,,,,0.0,data/raw/amazon/2023_sustainability_report.pdf
"As the demand for energy increases around the world, we are expanding our investments in carbon-free energy solutions, including nuclear.",27,Partnerships and Advocacy for Carbon-Free Energy Solutions > Diversifying Carbon-Free Energy Sources,attribute,,,,,,0.0,data/raw/amazon/2023_sustainability_report.pdf
"In 2023, we added seven solar projects paired with battery energy storage systems to our portfolio in the U.S.",27,Partnerships and Advocacy for Carbon-Free Energy Solutions > Energy Storage Solutions,other,,"2023,",,,,0.5,data/raw/amazon/2023_sustainability_report.pdf
"In 2023, we announced plans to support the repurposing of a previously polluted Maryland coal mine into a solar farm.",27,Partnerships and Advocacy for Carbon-Free Energy Solutions > Energy Storage Solutions,other,hedged,"2023,",,,,0.5,data/raw/amazon/2023_sustainability_report.pdf
"More than 1,100 acres of coal refuse once contaminated this 120-year-old mining site, and this land has since been reclaimed.",27,Partnerships and Advocacy for Carbon-Free Energy Solutions > Energy Storage Solutions,other,,"1,100 acres",,,,0.5,data/raw/amazon/2023_sustainability_report.pdf
"Featuring more than 326,000 solar panels, Amazon Solar Farm Maryland–CPV Backbone will avoid more than 64,000 metric tons of CO2e each year—the equivalent of taking more than 13,900 cars off the road.",27,Partnerships and Advocacy for Carbon-Free Energy Solutions > Energy Storage Solutions,other,firm,"64,000 metric tons",,,,0.5,data/raw/amazon/2023_sustainability_report.pdf
"In 2023, we backed a new global renewable energy goal, urging world leaders at COP28 to triple renewable energy capacity to at least 11,000 GW by 2030.",28,Partnerships and Advocacy for Carbon-Free Energy Solutions > Promoting Robust Renewable Energy Policies,target,,"2023,",,2030,,0.5,data/raw/amazon/2023_sustainability_report.pdf
"We also encouraged the Bonneville Power Administration in the Pacific Northwest to adopt firstready, first-served queue reforms, which they did in 2024, facilitating increased production of clean energy across the region.",28,Partnerships and Advocacy for Carbon-Free Energy Solutions > Promoting Robust Renewable Energy Policies,achievement,achievement,"2024,",,,,0.33,data/raw/amazon/2023_sustainability_report.pdf
"Because permitting for renewable energy projects is one key factor delaying clean energy deployment, we are working with legislators, advocacy organizations, and corporate partners to drive permitting efficiencies across Europe and help reduce delays.",28,Partnerships and Advocacy for Carbon-Free Energy Solutions > Promoting Robust Renewable Energy Policies,attribute,,,,,,0.0,data/raw/amazon/2023_sustainability_report.pdf
"As a result of our and others’ work, Poland’s government partially reduced its permitting restrictions in 2023, allowing more renewable energy projects to be developed there.",28,Partnerships and Advocacy for Carbon-Free Energy Solutions > Promoting Robust Renewable Energy Policies,achievement,achievement,"2023,",,,,0.33,data/raw/amazon/2023_sustainability_report.pdf
"In addition, AWS is collaborating with WindEurope and Accenture to develop EasyPermits, a digital permitting solution running on AWS that increased the efficiency of the administrative permitting process, enabling shortened permitting timelines to help the EU meet its 2030 renewable energy targets.",28,Partnerships and Advocacy for Carbon-Free Energy Solutions > Promoting Robust Renewable Energy Policies,achievement,achievement,2030,,,,0.33,data/raw/amazon/2023_sustainability_report.pdf
We remain focused on scaling carbon-free energy across our company and the communities we operate in.,28,Looking Forward,attribute,,,,,,0.0,data/raw/amazon/2023_sustainability_report.pdf
"In 2024 and beyond, we will continue to add more carbon-free energy generation and storage capacity to our portfolio as we scale up new technologies such as AI and work toward our goal to achieve net-zero carbon by 2040.",28,Looking Forward,target,firm,2024,2040,2040,,0.75,data/raw/amazon/2023_sustainability_report.pdf
"As we progress toward decarbonizing our business, we will also engage with our partners, industry associations, and regulators around the world to scale our work, share what we’ve learned, and advocate for infrastructure and policies that help create a carbon-free energy future.",28,Looking Forward,attribute,firm,,,,,0.0,data/raw/amazon/2023_sustainability_report.pdf
We’ve always said that the path to net-zero carbon won’t be linear.,28,Looking Forward,attribute,,,,,,0.0,data/raw/amazon/2023_sustainability_report.pdf
"As with any long-term goal, we’ll continue to evolve our strategy over time to do what is right for our business and the planet, to meet the needs of our customers, and to reach net-zero carbon by 2040.",28,Looking Forward,target,,,2040,2040,,0.5,data/raw/amazon/2023_sustainability_report.pdf
"Our customers want rightsized, recyclable packaging that minimizes waste and ensures damage-free delivery, which is why we aim to avoid unnecessary packaging whenever possible.",29,Looking Forward > Anticipating Future Energy Demand Powered by AWS,attribute,hedged,,,,,0.0,data/raw/amazon/2023_sustainability_report.pdf
"For example, we worked with Hasbro to design a sturdier package for the Hasbro Galactic Heroes BB-8 Adventure toy that is 81% smaller, contains 20 fewer components, and is eligible for the Ships in Product Packaging program.",30,Ships in Product Packaging,other,,81%,,,,0.5,data/raw/amazon/2023_sustainability_report.pdf
"In 2023, nearly 12 million products qualified for the Ships in Product Packaging program, and 12% of Amazon packages globally were shipped without additional packaging, including 13% in the U.S. and Canada, 9% in Europe, 3% in Japan, 19% in India, and 8% in Brazil, Mexico, and Singapore.",30,Ships in Product Packaging > Around the World,achievement,achievement,12 million,,,global,0.67,data/raw/amazon/2023_sustainability_report.pdf
"Since 2015, we have decreased our average per-shipment packaging weight by 43%, which represents more than 3 million metric tons of packaging materials avoided.",31,"Optimizing with Lighter, More Flexible, and Right-Sized Packaging",achievement,achievement,43%,,,,0.33,data/raw/amazon/2023_sustainability_report.pdf
The model is constantly learning and has helped reduce our use of packaging material since it launched in 2019.,31,"Optimizing with Lighter, More Flexible, and Right-Sized Packaging",other,achievement,,,,,0.0,data/raw/amazon/2023_sustainability_report.pdf
Amazon is working to reduce our use of single-use plastic packaging in favor of household-recyclable alternatives.,32,Phasing Out Single-Use Plastics and Using More Recyclable Packaging,attribute,,,,,,0.0,data/raw/amazon/2023_sustainability_report.pdf
"To make recycling our packaging as easy as possible, our packaging engineers have been researching and experimenting for years to ensure we find the right solutions to deliver more products to customers with household-recyclable paper.",32,Phasing Out Single-Use Plastics and Using More Recyclable Packaging,attribute,achievement,,,,,0.0,data/raw/amazon/2023_sustainability_report.pdf
"These packaging reduction initiatives have made a significant impact, decreasing our average plastic packaging weight per shipment by 9% across Amazon’s global operations network, building on a 17% reduction in 2022.",32,Phasing Out Single-Use Plastics and Using More Recyclable Packaging,other,,9%,2022,,,0.5,data/raw/amazon/2023_sustainability_report.pdf
"Altogether, we have avoided 80,500 metric tons of single-use plastic packaging since 2020.",32,Phasing Out Single-Use Plastics and Using More Recyclable Packaging,achievement,achievement,"80,500 metric tons",,,,0.33,data/raw/amazon/2023_sustainability_report.pdf
"Additionally, in October 2023, we announced our first automated U.S. fulfillment center to eliminate plastic delivery packaging as part of our multi-year effort to eliminate plastic delivery packaging from our North America fulfillment centers.",32,Phasing Out Single-Use Plastics and Using More Recyclable Packaging,other,,"2023,",,,,0.5,data/raw/amazon/2023_sustainability_report.pdf
This will avoid the use of nearly 15 billion plastic air pillows annually and will be our largest plastic packaging reduction effort in North America to date.,32,Phasing Out Single-Use Plastics and Using More Recyclable Packaging,other,firm,15 billion,,,,0.5,data/raw/amazon/2023_sustainability_report.pdf
"In 2023, we announced that 100% of delivery packaging in Europe—the boxes, bags, and envelopes needed to get products to customers—was household recyclable, including for items sold by Amazon and third-party selling partners that use FBA.",32,Phasing Out Single-Use Plastics and Using More Recyclable Packaging,achievement,achievement,100%,,,,0.33,data/raw/amazon/2023_sustainability_report.pdf
"In total, 87 European fulfillment centers have stopped using plastic packaging for deliveries.",32,Phasing Out Single-Use Plastics and Using More Recyclable Packaging,achievement,achievement,87,,,,0.33,data/raw/amazon/2023_sustainability_report.pdf
"In 2023, we expanded our use of household-recyclable paper-padded bags across the U.S. and Canada, replacing 99.7% of padded bags containing both plastic and paper.",32,Phasing Out Single-Use Plastics and Using More Recyclable Packaging > United States and Canada,attribute,,99.7%,,,,0.5,data/raw/amazon/2023_sustainability_report.pdf
"We also transitioned 13 fulfillment centers from plastic to paper for dunnage, the durable packing material used to protect goods during shipping.",32,Phasing Out Single-Use Plastics and Using More Recyclable Packaging > United States and Canada,achievement,achievement,13,,,,0.33,data/raw/amazon/2023_sustainability_report.pdf
"In addition, 100% of delivery packaging material is household recyclable in India as of the end of 2023.",32,"Phasing Out Single-Use Plastics and Using More Recyclable Packaging > India, Japan, and Rest of World",attribute,,100%,,,,0.5,data/raw/amazon/2023_sustainability_report.pdf
"When we do still need to use dunnage to secure products during shipping, we’re increasing our use of packaging made with recycled materials.",32,"Phasing Out Single-Use Plastics and Using More Recyclable Packaging > India, Japan, and Rest of World",attribute,,,,,,0.0,data/raw/amazon/2023_sustainability_report.pdf
"In Japan, 99.5% of delivery packaging material is household recyclable as of the end of 2023.",32,"Phasing Out Single-Use Plastics and Using More Recyclable Packaging > India, Japan, and Rest of World",attribute,,99.5%,,,,0.5,data/raw/amazon/2023_sustainability_report.pdf
"Since 2021, Amazon has utilized automated paper-bag packaging machines in Japan to optimize packaging size and material use and increase household recyclability.",33,"Phasing Out Single-Use Plastics and Using More Recyclable Packaging > India, Japan, and Rest of World",other,,"2021,",,,,0.5,data/raw/amazon/2023_sustainability_report.pdf
"In 2023, Amazon Fresh reduced our use of insulation packaging material, which avoided approximately 1,180 metric tons of packaging.",33,Minimizing and Optimizing Packaging in Grocery,achievement,achievement,"1,180 metric tons",,,,0.33,data/raw/amazon/2023_sustainability_report.pdf
"Similarly, Whole Foods Market avoided 1,300 metric tons of packaging by using daily variable insulation, a practice that tracks and adjusts the amount of insulation packaging used in deliveries in North America to ensure it is used only when temperatures exceed a specific threshold.",33,Minimizing and Optimizing Packaging in Grocery,achievement,achievement,"1,300 metric tons",,,,0.33,data/raw/amazon/2023_sustainability_report.pdf
"In 2023, the grocery delivery packaging used by Amazon Fresh was 88% recyclable by weight.",33,Minimizing and Optimizing Packaging in Grocery,achievement,achievement,88%,,,,0.33,data/raw/amazon/2023_sustainability_report.pdf
"Whole Foods Market published an updated version of its Packaging Guidelines in 2023 to help merchants, procurement teams, and suppliers understand how to make more sustainable choices for product packaging.",33,Minimizing and Optimizing Packaging in Grocery,other,,2023,,,,0.5,data/raw/amazon/2023_sustainability_report.pdf
"In 2020, we set an ambitious goal to make our device packaging 100% recyclable by 2023—a first for the consumer electronics industry.",33,Increasing the Recyclability of Device Packaging,target,,100%,,2023,,0.5,data/raw/amazon/2023_sustainability_report.pdf
These paper-based wraps are recyclable in the U.S. where recycling programs are available.,33,Increasing the Recyclability of Device Packaging,attribute,,,,,,0.0,data/raw/amazon/2023_sustainability_report.pdf
"In 2023, 90% of our new devices and accessories launched with packaging that is 100% recyclable in the U.S., up from 79% in 2022.",33,Increasing the Recyclability of Device Packaging,achievement,achievement,90%,,,,0.33,data/raw/amazon/2023_sustainability_report.pdf
"We have made significant progress, but we have not yet created recyclable packaging for heavier items, such as Fire TVs.",33,Increasing the Recyclability of Device Packaging,attribute,,,,,,0.0,data/raw/amazon/2023_sustainability_report.pdf
"The box for Fire TVs is recyclable, but we still include foam cushioning and bags to protect the device when it is shipped, and these are not yet recyclable.",33,Increasing the Recyclability of Device Packaging,attribute,,,,,,0.0,data/raw/amazon/2023_sustainability_report.pdf
"Amazon remains committed to using recyclable device packaging and to inventing recyclable solutions for heavier items, such as Fire TVs, that properly protect the device while maintaining our high bar for quality.",33,Increasing the Recyclability of Device Packaging,attribute,firm,,,,,0.0,data/raw/amazon/2023_sustainability_report.pdf
"Our 2023 investment helped TRP start recycling programs that reached more than 36,000 households and recycled 1 million pounds of materials.",33,"Partnerships to Improve Packaging Materials, Circularity, and Recycling > United States",achievement,achievement,1 million,,,,0.33,data/raw/amazon/2023_sustainability_report.pdf
"Together with Novamont, an Italy-based biomaterials company, Amazon is testing new ways to collect and recycle bio-based and biodegradable materials, such as nongenetically modified corn starch and vegetable oils.",33,"Partnerships to Improve Packaging Materials, Circularity, and Recycling > United States",attribute,,,,,,0.0,data/raw/amazon/2023_sustainability_report.pdf
"We co-invented an innovative recycling technology with the National Renewable Energy Laboratory through the U.S. Department of Energy’s BOTTLE Consortium, creating an entirely circular loop for these materials.18 In 2023, we piloted this solution in Italy and Spain and plan to use the learnings to improve the technology for future use.",33,"Partnerships to Improve Packaging Materials, Circularity, and Recycling > United States",other,hedged,"2023,",,,,0.5,data/raw/amazon/2023_sustainability_report.pdf
"In 2022, we became a member of the Australian Packaging Covenant Organisation (APCO), a nonprofit group leading the development of a circular economy for packaging in Australia.",33,"Partnerships to Improve Packaging Materials, Circularity, and Recycling > United States",other,,"2022,",,,,0.5,data/raw/amazon/2023_sustainability_report.pdf
"Along with setting the country’s 2025 national packaging targets, APCO works to foster a collaborative packaging value chain in Australia.",33,"Partnerships to Improve Packaging Materials, Circularity, and Recycling > United States",other,,2025,,,value chain,1.0,data/raw/amazon/2023_sustainability_report.pdf
"In fact, in February 2024, we announced that nearly 50% of customer orders from our India fulfillment network now come with reduced or no added packaging .",33,Looking Forward,achievement,achievement,50%,,,,0.33,data/raw/amazon/2023_sustainability_report.pdf
"In the last six years alone, the global economy consumed over half a trillion tons of materials—nearly as much as the materials consumed throughout the entire 20th century.19 As resources continue to be extracted, it is imperative for businesses to do all they can to prevent and reduce waste.",34,Waste and Circularity,other,,,,,,0.0,data/raw/amazon/2023_sustainability_report.pdf
"Materials in this hierarchy may be recycled, reclaimed, or otherwise reused in some way and thus may not end up as waste in landfills.",35,Our Approach > Our Approach to Managing and Preventing Waste,attribute,hedged,,,,,0.0,data/raw/amazon/2023_sustainability_report.pdf
"While these figures are encouraging, we are always exploring new ways to reduce food loss and waste as we work toward our goal to reduce our food waste by 50% across our U.S. and Europe operations by 2030.",36,Food Waste,target,,50%,,2030,,0.5,data/raw/amazon/2023_sustainability_report.pdf
"This commitment is reflective of our membership in the U.S. Environmental Protection Agency’s Food Loss and Waste 2030 Champions , which we joined in 2020.",36,Food Waste,other,firm,2030,,,,0.5,data/raw/amazon/2023_sustainability_report.pdf
We then extended our commitment to reducing food waste to our Europe operations in 2021.,36,Food Waste,other,firm,,,,,0.0,data/raw/amazon/2023_sustainability_report.pdf
"As of December 2023, our food waste intensity had decreased by 28% in the U.S. and by 75% in Europe compared to a 2021 baseline.",36,Food Waste,achievement,achievement,28%,2021,,,0.67,data/raw/amazon/2023_sustainability_report.pdf
"As of the end of 2023, 62 Amazon Fresh stores in the U.S. and Europe divert food waste to organic recycling services, including those that support composting or anaerobic digestion.",36,Food Waste,other,hedged,"2023,",,,,0.5,data/raw/amazon/2023_sustainability_report.pdf
"In 2023, 452 Whole Foods Market locations had active organics diversion programs, which diverted over 87,000 tons of food waste from landfill.",36,Food Waste,other,,"2023,",,,,0.5,data/raw/amazon/2023_sustainability_report.pdf
As we continue on our journey to reduce waste— including our commitment to reduce food waste by 50% in our U.S. and Europe operations by 2030—we are exploring different ways to learn and grow.,37,Food Waste,target,firm,50%,,2030,,0.5,data/raw/amazon/2023_sustainability_report.pdf
"As of the end of 2023, four Amazon Fresh facilities had achieved UL’s Zero Waste to Landfill certification at Silver or Gold level.",37,Food Waste,achievement,achievement,"2023,",,,,0.33,data/raw/amazon/2023_sustainability_report.pdf
The resulting global warehouse damage-reduction plan led to a 21% decrease in damage intensity (how many products are damaged for every product we handle) worldwide in 2023.,37,Reducing and Managing Inventory and Customer Waste,other,,21%,,,,0.5,data/raw/amazon/2023_sustainability_report.pdf
Our goal is to segregate these materials as much as possible so they can be more easily recycled.,38,Reducing and Managing Noninventory Waste,attribute,,,,,,0.0,data/raw/amazon/2023_sustainability_report.pdf
"If a customer’s device is not eligible for our Amazon TradeIn program, the Amazon Recycling Program provides the customer with a shipping label to send their device to be recycled and safely disposed of at a licensed recycling facility.",38,Reducing and Managing Noninventory Waste > Learn more about our partnerships to improve recycling,attribute,,,,,,0.0,data/raw/amazon/2023_sustainability_report.pdf
"For its server racks, AWS concentrates on avoiding excess material such as steel or plastic, increasing recycled and biobased content, and planning for repair, reuse, and recycling from the beginning.",38,AWS Circular Economy > Design Better,attribute,,,,,,0.0,data/raw/amazon/2023_sustainability_report.pdf
AWS has worked with suppliers to require that plastic parts of server racks launched since July 2023 contain at least 30% recycled or bio-based plastic.,38,AWS Circular Economy > Design Better,achievement,achievement,30%,,,,0.33,data/raw/amazon/2023_sustainability_report.pdf
"In 2023, AWS began to transition to plastic containing recycled and bio-based content in parts including air ducts, power distribution board covers, card holders, solid state drive (SSD) carriers/cages, riser brackets, latches, and trays.",38,AWS Circular Economy > Design Better,attribute,,"2023,",,,,0.5,data/raw/amazon/2023_sustainability_report.pdf
The carbon footprint of these plastic parts is up to 14% lower than that of older platforms with only virgin content.,38,AWS Circular Economy > Design Better,other,,14%,,,,0.5,data/raw/amazon/2023_sustainability_report.pdf
"AWS is also working to use steel from electric arc furnaces, which use scrap steel in rack enclosures, increasing the recycled content from 10% to 90%.",38,AWS Circular Economy > Design Better,attribute,,10%,,,,0.5,data/raw/amazon/2023_sustainability_report.pdf
"In 2023, this program prevented the purchase of over 8,100 new hard drives, avoiding associated carbon emissions and costs while also increasing capacity efficiency.",38,AWS Circular Economy > Operate Longer,other,,"2023,",,,,0.5,data/raw/amazon/2023_sustainability_report.pdf
"The added scale and enhanced capabilities provide global coverage for AWS’s decommissioned server and network hardware to be tested, repaired, reused, or recycled.",38,AWS Circular Economy > Recover More,attribute,,,,,,0.0,data/raw/amazon/2023_sustainability_report.pdf
"As a result, in 2023, 14.6 million hardware components were diverted from landfills by being recycled or sold into the secondary market for reuse.",38,AWS Circular Economy > Recover More,achievement,achievement,14.6 million,,,,0.33,data/raw/amazon/2023_sustainability_report.pdf
"In 2024, The Climate Pledge Fund invested in Glacier , a company using AI-powered robots to automate the sorting of recyclables and collect real-time data on recycling streams.",39,Looking Forward,target,firm,"2024,",,,,0.25,data/raw/amazon/2023_sustainability_report.pdf
This technology helps recycling centers sort materials more effectively so that recyclable items stay out of landfills.,39,Looking Forward,attribute,,,,,,0.0,data/raw/amazon/2023_sustainability_report.pdf
"As of 2023, 42 supplier sites of Amazon devices had achieved UL’s Zero Waste to Landfill certification at Silver or better, an increase from 10 supplier sites when we first launched the program in 2021.",39,Looking Forward,achievement,achievement,"2023,",,,,0.33,data/raw/amazon/2023_sustainability_report.pdf
"All final assembly sites worldwide and all China-based packaging sites for Echo, Kindle, Fire tablet, Fire TV devices, cables, and adapters have also secured Zero Waste to Landfill certification at Silver or better.",39,Looking Forward,attribute,,,,,,0.0,data/raw/amazon/2023_sustainability_report.pdf
"In 2023, we expanded our collaboration with the Ellen MacArthur Foundation to drive scalable, industry-wide solutions for a circular economy.",39,Partnering for Circularity,other,,"2023,",,,,0.5,data/raw/amazon/2023_sustainability_report.pdf
Our collaboration strives to transform recycling into a system that emphasizes recycled material quality and supports end markets for recycled output.,39,Partnering for Circularity,attribute,,,,,,0.0,data/raw/amazon/2023_sustainability_report.pdf
"In 2023, we co-led an industry effort to streamline and modernize waste shipment procedures, so that waste materials reach destinations with the best possible sustainability outcomes, including increased and more efficient recovery of critical raw materials.",39,Advocating for Waste Shipment Efficiency,achievement,achievement,"2023,",,,,0.33,data/raw/amazon/2023_sustainability_report.pdf
"The construction project to build our second headquarters in Arlington, Virginia, which opened in 2023, diverted 82% of all construction waste (over 17,000 tons) from landfills, including concrete, drywall, metals, wood, cardboard, and plastic.",39,Advocating for Waste Shipment Efficiency,other,,82%,,,,0.5,data/raw/amazon/2023_sustainability_report.pdf
"The Climate Pledge Fund invested in Glacier, a company using AI to divert recyclable materials, such as aluminum soda cans and cardboard boxes, from landfills.",39,Advocating for Waste Shipment Efficiency,target,firm,,,,,0.0,data/raw/amazon/2023_sustainability_report.pdf
Cubic meters of water loss avoided through a twoyear monitoring pilot at 53 sites in the UK in 2022 and 2023.,40,Actions 700K,achievement,achievement,53,,,,0.33,data/raw/amazon/2023_sustainability_report.pdf
"In 2022, AWS announced its commitment to being water positive by 2030.",41,Water Positive in Data Centers,target,firm,"2022,",,2030,,0.5,data/raw/amazon/2023_sustainability_report.pdf
Using recycled water for data center cooling preserves valuable drinking water for communities.,41,Water Positive in Data Centers,attribute,,,,,,0.0,data/raw/amazon/2023_sustainability_report.pdf
"At the end of 2023, AWS was 41% of the way toward achieving its water positive goal.",41,Water Positive in Data Centers,achievement,achievement,41%,,,,0.33,data/raw/amazon/2023_sustainability_report.pdf
"At the end of 2023, AWS had 15 replenishment projects in 10 countries and 26 data centers using more sustainable water sources.",41,Water Positive in Data Centers,other,,"2023,",,,,0.5,data/raw/amazon/2023_sustainability_report.pdf
"In 2023, AWS used its water footprint analysis to inform where and how it can use more sustainable water sources (including recycled water and harvested rainwater), improve WUE, expand water reuse, and grow water replenishment investments.",41,Water Positive in Data Centers,attribute,,"2023,",,,,0.5,data/raw/amazon/2023_sustainability_report.pdf
"In 2023, AWS installed thousands of sensors in its data centers to track water use.",41,Water Positive in Data Centers > Water Use Effectiveness,achievement,achievement,"2023,",,,,0.33,data/raw/amazon/2023_sustainability_report.pdf
"That is why it has set a goal to become water positive by 2030, meaning it will return more water to communities and the environment than its direct operations use.",41,Water Positive in Data Centers > Water Use Effectiveness,target,firm,"2030,",,2030,,0.5,data/raw/amazon/2023_sustainability_report.pdf
"In 2023, Amazon conducted an in-depth, site-level global water risk assessment of our retail, operations, and corporate buildings to determine which regions to prioritize for intervention.",41,Water Risk Assessment,other,,"2023,",,,,0.5,data/raw/amazon/2023_sustainability_report.pdf
"In 2023, AWS’s water replenishment portfolio returned 3.5 billion liters to local communities.",42,Water Risk Assessment > Delivering Water Replenishment,other,,3.5 billion,,,,0.5,data/raw/amazon/2023_sustainability_report.pdf
Catastrophic bushfires in late 2019 and early 2020 damaged large areas of this watershed.,42,Water Risk Assessment > Watershed Restoration in Australia,other,,2019,,,,0.5,data/raw/amazon/2023_sustainability_report.pdf
"Together, AWS and GER have supported initiatives that are reducing polluted stormwater runoff, increasing groundwater recharge, enhancing local biodiversity, and supporting wildlife, including 15 endangered species in the affected area.",42,Water Risk Assessment > Watershed Restoration in Australia,other,firm,15,,,,0.5,data/raw/amazon/2023_sustainability_report.pdf
"Once complete, the project is expected to deliver an additional 32 million liters of water each year to the Sydney watershed.",42,Water Risk Assessment > Watershed Restoration in Australia,other,,32 million,,,,0.5,data/raw/amazon/2023_sustainability_report.pdf
"It has experienced longterm drought since 2022, driven in part by water loss from aging infrastructure.",42,Water Risk Assessment > Tackling Water Leaks in Spain,other,,"2022,",,,,0.5,data/raw/amazon/2023_sustainability_report.pdf
"In total, the sensors identified 21 leaks and other types of water loss.",42,Water Risk Assessment > Tackling Water Leaks in Spain,other,,21,,,,0.5,data/raw/amazon/2023_sustainability_report.pdf
"By repairing the largest, highest-priority leaks first, the project is reducing water loss by an estimated 33 million liters per year.",42,Water Risk Assessment > Tackling Water Leaks in Spain,other,firm,33 million,,,,0.5,data/raw/amazon/2023_sustainability_report.pdf
"Altogether, AWS’s investments in Water.org and WaterAid initiatives have benefited 290,000 people.",42,Water Risk Assessment > Supplying Water to Farmers in India and Indonesia,other,,"290,000",,,,0.5,data/raw/amazon/2023_sustainability_report.pdf
"Once complete, the ponds are expected to deliver 86 million liters of water back to the community each year and help increase agricultural output.",42,Water Risk Assessment > Supplying Water to Farmers in India and Indonesia,other,,86 million,,,,0.5,data/raw/amazon/2023_sustainability_report.pdf
"Recycled water typically has limited uses, including irrigation and industrial use.",42,Water Risk Assessment > Supplying Water to Farmers in India and Indonesia,attribute,,,,,,0.0,data/raw/amazon/2023_sustainability_report.pdf
"AWS uses recycled water for cooling, which helps preserve drinking water for local communities.",42,Water Risk Assessment > Supplying Water to Farmers in India and Indonesia,attribute,,,,,,0.0,data/raw/amazon/2023_sustainability_report.pdf
"In 2023, AWS increased the number of data centers using recycled water for cooling from 20 to 24, including two data centers in Virginia, one in California, and one in Singapore.",42,Water Risk Assessment > Supplying Water to Farmers in India and Indonesia,achievement,achievement,"2023,",,,,0.33,data/raw/amazon/2023_sustainability_report.pdf
"In 2023, we gathered robust data to analyze how much water our facilities use and created a baseline for our water footprint to track progress going forward.",43,Water Use and Replenishment across Amazon,other,,"2023,",,,,0.5,data/raw/amazon/2023_sustainability_report.pdf
"In 2023, Amazon scaled water replenishment, harvesting, and reuse solutions across our operations in countries around the world.",43,Water Use and Replenishment across Amazon,other,,"2023,",,,own operations,1.0,data/raw/amazon/2023_sustainability_report.pdf
"In 2023, Amazon teams recharged local aquifers with harvested rainwater, installed low-flow fixtures and waterless urinals, and built in-house sewage treatment plants to reuse wastewater for flushing and gardening.",43,Water Use and Replenishment across Amazon,achievement,achievement,"2023,",,,,0.33,data/raw/amazon/2023_sustainability_report.pdf
"To build on progress made in 2023, we will continue to analyze our water footprint and water risk assessment in both our direct operations and supply chain, as well as develop a comprehensive water management strategy tailored to unique geographic and business unit needs.",43,Looking Forward,other,firm,"2023,",,,supply chain,1.0,data/raw/amazon/2023_sustainability_report.pdf
"Our operations there additionally saved an estimated 3,700 cubic meters of water by installing aerators in faucets, shifting from conventional to sensor faucets, reducing toilet flush tank capacity, and recirculating water used in fire pump testing rather than draining it.",43,Looking Forward,other,,"3,700",,,own operations,1.0,data/raw/amazon/2023_sustainability_report.pdf
"By harvesting rainwater, we estimate that this site will reduce its water withdrawal by up to 40%.",43,Looking Forward,other,firm,40%,,,,0.5,data/raw/amazon/2023_sustainability_report.pdf
"One pilot in the UK saved an estimated 700,000 cubic meters of leaked water over two years (2022 and 2023) at 53 monitored sites.",43,Looking Forward,other,,"700,000",,,,0.5,data/raw/amazon/2023_sustainability_report.pdf
Our corporate offices increased water recycling and the use of low-flow fixtures in 2023.,43,Looking Forward > Corporate Offices,other,achievement,,,,,0.0,data/raw/amazon/2023_sustainability_report.pdf
This work is part of our efforts to set new standards for design as we strive to reduce indoor water use by more than 30% globally versus a Leadership in Energy and Environmental Design (LEED) baseline.,43,Looking Forward > Corporate Offices,other,hedged,30%,,,global,1.0,data/raw/amazon/2023_sustainability_report.pdf
"Our offices in India and China, for example, replaced existing water flow fixtures in bathrooms and utilities areas with low-flow fixtures, reducing water use by 16%, or more than 15.6 million gallons, compared to a 2022 baseline.",43,Looking Forward > Corporate Offices,other,,16%,2022,,,0.5,data/raw/amazon/2023_sustainability_report.pdf
"In 2022, Amazon announced a partnership with Water.org to help launch the Water.org Water & Climate Fund, which focuses on climate-resilient water and sanitation solutions.",43,Looking Forward > Water.org Water & Climate Fund,other,,"2022,",,,,0.5,data/raw/amazon/2023_sustainability_report.pdf
"Amazon’s $10 million contribution will directly empower 1 million people with access to clean water by 2025, providing 3 billion liters of water per year to areas facing water scarcity.",43,Looking Forward > Water.org Water & Climate Fund,target,firm,10 million,,2025,,0.5,data/raw/amazon/2023_sustainability_report.pdf
"As part of Amazon’s Water.org Water & Climate Fund work, more than 400,000 people were connected to piped water supply and sanitation systems across India.",43,Looking Forward > Water.org Water & Climate Fund,achievement,achievement,"400,000",,,,0.33,data/raw/amazon/2023_sustainability_report.pdf
"The volume of fresh water saved by operational efficiencies, replenished through groundwater recharge, and made accessible through our Water.org initiatives together accounted for 93% of the direct water footprint of our logistics sites in India in 2023.",43,Looking Forward > Water.org Water & Climate Fund,other,,93%,,,,0.5,data/raw/amazon/2023_sustainability_report.pdf
"As another example, we introduced “The Five Principles of Responsible Purchasing” in 2023 to strengthen our sourcing and procurement teams’ understanding of how purchasing practices can drive respect for human rights in our supply chain.",46,Embedding Human Rights into Our Business,other,,2023,,,supply chain,1.0,data/raw/amazon/2023_sustainability_report.pdf
"Yarn Ethically and Sustainably Sourced, an initiative of the Responsible Sourcing Network, works to support fabric and spinning mills in implementing a risk-based due diligence approach for cotton sourcing, and promotes collaboration with the goal of preventing, mitigating, and remediating forced labor in cotton production.",48,"Mechanisms to Assess, Prioritize, and Address Risk > Identifying and Addressing Modern Slavery Indicators across Amazon",target,hedged,,,,,0.0,data/raw/amazon/2023_sustainability_report.pdf
"In 2024, Amazon will continue to scale our human rights and environmental due diligence programs using systems that enable our businesses to get even more granular about their human rights risks—identifying business-specific priority issues and better targeting risk management actions most relevant to their sectors and activities.",49,Looking Forward,other,firm,"2024,",,,,0.5,data/raw/amazon/2023_sustainability_report.pdf
"Our Supply Chain Standards are the backbone of our efforts to enable a responsible supply chain.28 They apply to all suppliers of goods and services for Amazon, including service providers, vendors, selling partners, contractors, and subcontractors (collectively, “suppliers”).",51,Our Approach > • Access to effective grievance mechanisms,other,,,,,supply chain,0.5,data/raw/amazon/2023_sustainability_report.pdf
"In 2024, we will begin to expand our supplier list and supply chain map to include some apparel component suppliers.",51,Supply Chain Transparency,other,firm,"2024,",,,supply chain,1.0,data/raw/amazon/2023_sustainability_report.pdf
"In 2023, we utilized tools in Open Supply Hub’s map function to list facilities that produce Amazon-branded products, allowing users to clearly and easily view our supply chain and interact with facility data.",51,Supply Chain Transparency,other,,"2023,",,,supply chain,1.0,data/raw/amazon/2023_sustainability_report.pdf
"In 2023, we began working with select suppliers to benchmark worker compensation against regionally specific fair wages, focusing on electronics manufacturing and packaging—two areas where there is a lack of industry-wide data on worker wages.",54,Our Progress > Fair Wages,other,,"2023,",,,,0.5,data/raw/amazon/2023_sustainability_report.pdf
"In 2023, we hosted in-person and online training events on our Supply Chain Standards.",54,Supplier Training and Awareness,other,,"2023,",,,supply chain,1.0,data/raw/amazon/2023_sustainability_report.pdf
"In 2023, in partnership with ISA, we created a risk matrix outlining human rights risks for our indirect spend areas including construction, waste management, and shipping.",54,Supplier Training and Awareness,other,,"2023,",,,,0.5,data/raw/amazon/2023_sustainability_report.pdf
"In 2023, Amazon found violations of our Supply Chain Standards at a third-party licensed temporary labor agency (“third-party vendor”) in Saudi Arabia through an independent audit.",56,Partnering to Drive Workplace Health and Safety > Responding to Violations of Our Supply Chain Standards in Saudi Arabia,other,,"2023,",,,supply chain,1.0,data/raw/amazon/2023_sustainability_report.pdf
"For example, since 2020, we have worked with the Institute of Public & Environmental Affairs, a nonprofit environmental research organization in China that focuses on promoting environmental information disclosure and improving environmental governance.",56,Partnering to Drive Workplace Health and Safety > Environmental Protection,other,,"2020,",,,,0.5,data/raw/amazon/2023_sustainability_report.pdf
"In 2023, we expanded our grievance mechanisms program to include additional supplier segments across our supply chain.",57,Looking Forward,other,,"2023,",,,supply chain,1.0,data/raw/amazon/2023_sustainability_report.pdf
"In 2023, 67% of Amazon’s Private Brands Tier 1 apparel suppliers completed the Higg FEM, helping them better understand their environmental performance and practices.",57,Looking Forward,achievement,achievement,67%,,,supply chain (tier 1),0.67,data/raw/amazon/2023_sustainability_report.pdf
"At the same time, we’re working closely with our selling partners to help them offer more products that qualify for at least one of the 55 certifications in our Climate Pledge Friendly program.",58,Looking Forward > Access to Effective Grievance Mechanisms,target,firm,55,,,,0.25,data/raw/amazon/2023_sustainability_report.pdf
"Our device design teams incorporate recycled materials into our devices whenever possible, with a focus on carbon reduction and responsibly sourced materials.",58,Looking Forward > Access to Effective Grievance Mechanisms,attribute,,,,,,0.0,data/raw/amazon/2023_sustainability_report.pdf
"All cotton for Amazon private brands apparel is sourced from recycled materials, from farms certified as producing organic cotton, or through the Better Cotton Initiative.",59,Nearly 37.6M,attribute,,,,,,0.0,data/raw/amazon/2023_sustainability_report.pdf
"We are improving the materials and sourcing standards for our products, as well as building on our responsible sourcing roadmap developed in 2022 to improve visibility across our supply chains.",59,Our Approach,other,,2022,,,supply chain,1.0,data/raw/amazon/2023_sustainability_report.pdf
"We also incorporate recycled materials into many new products and product packaging, particularly in Amazon devices, where feasible.",59,Our Approach,attribute,,,,,,0.0,data/raw/amazon/2023_sustainability_report.pdf
Palm Oil Source palm oil and derivatives in Amazon private brands food and consumable products and palm oil in 365 by Whole Foods Market food products from sources certified to the Roundtable on Sustainable Palm Oil supply chain standard.,60,Materials and Agricultural Commodities Sourcing > No Deforestation,other,,365,,,supply chain,1.0,data/raw/amazon/2023_sustainability_report.pdf
"Source private brands paper products that are either recycled or certified to Forest Stewardship Council (FSC), Sustainable Forestry Initiative (SFI), or Programme for the Endorsement of Forest Certification (PEFC) standards.",60,Materials and Agricultural Commodities Sourcing > Paper Products and Paper PackagingA,attribute,,,,,,0.0,data/raw/amazon/2023_sustainability_report.pdf
We strive to use sustainably sourced fiber in our grocery and consumable private brands paper-based primary packaging.,60,Materials and Agricultural Commodities Sourcing > Paper Products and Paper PackagingA,attribute,hedged,,,,,0.0,data/raw/amazon/2023_sustainability_report.pdf
"By 2025, source private brands beef from regions of low deforestation risk or with full supply chain traceability, demonstrating the products did not contribute to deforestation.",60,Materials and Agricultural Commodities Sourcing > Paper Products and Paper PackagingA,target,hedged,"2025,",,2025,supply chain,0.75,data/raw/amazon/2023_sustainability_report.pdf
SoyC Conduct a risk assessment of the soy in Amazon and Whole Foods Market private brands supply chains with a third-party consultancy and share more information by the end of 2023.,60,Materials and Agricultural Commodities Sourcing > Paper Products and Paper PackagingA,target,,,,2023,supply chain,0.5,data/raw/amazon/2023_sustainability_report.pdf
"In an effort to achieve this target, Amazon (including Whole Foods Market) became a member of the Roundtable on Sustainable Palm Oil in February 2024.",60,Materials and Agricultural Commodities Sourcing > Sustainable Seafood and Animal Welfare Goals and Ambitions,other,,,,,,0.0,data/raw/amazon/2023_sustainability_report.pdf
"Within Europe, Amazon’s goal is that the soy in private brands supply chains will be deforestation-free by the end of 2025, with a cut-off date of 2020.",60,Materials and Agricultural Commodities Sourcing > Sustainable Seafood and Animal Welfare Goals and Ambitions,target,firm,"2025,",,2025,supply chain,0.75,data/raw/amazon/2023_sustainability_report.pdf
We are working with our private brands suppliers to increase the amount of fiber from responsibly managed forests and/or recycled materials in our paper-based primary packaging.,60,Materials and Agricultural Commodities Sourcing > Sustainable Seafood and Animal Welfare Goals and Ambitions,attribute,,,,,,0.0,data/raw/amazon/2023_sustainability_report.pdf
A cut-off date of 2020 means that the soy has not been sourced from land that has been subject to deforestation since the end of 2020.,60,Materials and Agricultural Commodities Sourcing,achievement,achievement,2020,,,,0.33,data/raw/amazon/2023_sustainability_report.pdf
Whole Foods Market sells only wild-caught seafood from fisheries that are certified sustainable by the Marine Stewardship Council (MSC) or rated Green or Yellow by the Monterey Bay Aquarium Seafood Watch program.,60,Materials and Agricultural Commodities Sourcing,attribute,,,,,,0.0,data/raw/amazon/2023_sustainability_report.pdf
Canned tuna in grocery and in Whole Foods Market’s own kitchens is traceable to the boats and must be sourced from fisheries that are using one-by-one catch methods and certified sustainable by the MSC or rated Green or Yellow by the Monterey Bay Aquarium Seafood Watch program.,60,Materials and Agricultural Commodities Sourcing,attribute,firm,,,,,0.0,data/raw/amazon/2023_sustainability_report.pdf
