sentence,page,section_path,claim_type,strength,quantity,baseline,deadline,scope,slot_fill_score,source_file
1. Refers to science-based targets for own operations (Scope 1 and 2) and for the company’s entire value chain (Scope 3) and excludes use of sold products.,5,SEK 31 billion cash flow from operating activities > Commercial products,other,,1,,,Scope 1; Scope 3; own operations; value chain,1.0,data/raw/hm/2025_sustainability_report.pdf
"To be launched in spring 2026, the collection will feature certified, responsibly made materials and will showcase examples of alternatives to conventional fabrics and ­textiles.",6,A year filled with creativity,other,firm,"2026,",,,,0.5,data/raw/hm/2025_sustainability_report.pdf
"The strong AW25 collection was a study in contrast, materiality and craftsmanship.",6,A year filled with creativity,other,achievement,,,,,0.0,data/raw/hm/2025_sustainability_report.pdf
"Fashion Revolution’s report What Fuels Fashion 2025 recognised H&M’s sustainability reporting as transparent and accessible, putting us in first place among 200 major fashion brands and retailers.",6,Sustainability efforts recognised,other,,2025,2025,,,0.5,data/raw/hm/2025_sustainability_report.pdf
H&M was also ranked number one among 42 fashion companies by the organisation Stand.earth for our efforts to reduce climate impact.,6,Sustainability efforts recognised,achievement,achievement,42,,,,0.33,data/raw/hm/2025_sustainability_report.pdf
"In 2025 we continued to take important steps towards all our ­long-term targets: profitability increased, the sales trend was ­positive and our CO₂ emissions decreased.",7,Sustainability efforts recognised,achievement,achievement,2025,,,,0.33,data/raw/hm/2025_sustainability_report.pdf
Bringing business and sustainability together Integrating our sustainability efforts into the business is the key to reducing emissions in line with our plan and the 1.5°C target.,8,Sustainability efforts recognised,other,,1.5,,,,0.5,data/raw/hm/2025_sustainability_report.pdf
During the year we further reduced our emissions in Scope 32 and are well on the way to our longterm target of an absolute reduction of 56 percent by 2030.,8,Sustainability efforts recognised,target,achievement,56 percent,,2030,Scope 3,0.75,data/raw/hm/2025_sustainability_report.pdf
2. Scope 3 excludes the use of sold products.,8,Inspiration and presence in all channels,other,,3,,,Scope 3,1.0,data/raw/hm/2025_sustainability_report.pdf
"A 56 percent absolute reduction in greenhouse gas emissions1 no later than 2030, with 2019 as a baseline.",12,"Product, experience and brand in harmony",target,,56 percent,,2030,,0.5,data/raw/hm/2025_sustainability_report.pdf
During the year our greenhouse gas emissions in Scope 1 and 2 decreased by 41 percent and in Scope 3 by 34.6 percent.,12,Ambitious long-term targets,achievement,achievement,41 percent,,,Scope 1; Scope 3,0.67,data/raw/hm/2025_sustainability_report.pdf
1. Refers to science-based targets for own operations (Scope 1 & 2) and for the company’s entire value chain (Scope 3) and excludes ­indirect use-phase emissions.,12,Ambitious long-term targets,other,,1,,,Scope 1; Scope 3; own operations; value chain,1.0,data/raw/hm/2025_sustainability_report.pdf
"In 2025 we took further steps to elevate the experience in our physical stores through up­­ grades to create more inspiring, relevant environments.",13,The physical store as a meeting place,other,,2025,,,,0.5,data/raw/hm/2025_sustainability_report.pdf
"As we have a substantial need for innovative new materials, we invest in startups that support our longterm ambition to use only sustainably sourced textiles.",15,Flexibility and efficiency all along the value chain,target,hedged,,,,,0.0,data/raw/hm/2025_sustainability_report.pdf
The H&M Foundation is an independent non-profit foundation privately funded by the Persson family – the founders and main owners of H&M Group – that works to support the textile industry to halve its greenhouse gas emissions every decade until 2050 while ensuring a just transition for both people and the environment.,15,H&M Foundation,target,hedged,2050,,2050,,0.5,data/raw/hm/2025_sustainability_report.pdf
"Since its inception in 2015, the Global Change Award has awarded 56 pioneering teams from 23 countries for ideas ranging from lab-grown cotton and microbial dyes to graphene fibres and test environments for waste sorting.",15,H&M Foundation,other,,"2015,",2015,,,0.5,data/raw/hm/2025_sustainability_report.pdf
"This year’s 10 award winners are from all over the world and are being recognised for solutions that advance smart recycling, heat pumps that can replace outdated oil and gas boilers, and more inclusive and circular systems in the fashion industry.",15,H&M Foundation,other,,10,,,,0.5,data/raw/hm/2025_sustainability_report.pdf
"Leyla joined H&M in 2000 and has held numerous leadership roles across production, supply chain and sustainability, working in Bangladesh, China and Türkiye.",29,Board of directors > LEYLA ERTUR GENC,other,,2000,,,supply chain,1.0,data/raw/hm/2025_sustainability_report.pdf
Since 2021 she has led H&M Group’s global sustainability efforts.,29,Board of directors > LEYLA ERTUR GENC,other,,2021,,,,0.5,data/raw/hm/2025_sustainability_report.pdf
In 2025 the company worked to establish and implement a framework for internal control over sustainability reporting in accordance with the Corporate Sustainability Reporting Directive (CSRD).,30,Executive management 1 > DANIEL ERVÉR,other,,2025,,,,0.5,data/raw/hm/2025_sustainability_report.pdf
"By reducing our dependence on critical and finite resources such as material, water and energy, we are working towards decoupling our growth from resource use and ensure we contribute to limiting global warming to 1.5°C.",32,Decoupling growth,other,hedged,1.5,,,,0.5,data/raw/hm/2025_sustainability_report.pdf
"To achieve this, we are increasing the use of certified, re­cycled and ­sustainably sourced materials, while improving resource ­efficiency across our own operations and value chain.",32,Decoupling growth,attribute,,,,,own operations; value chain,0.5,data/raw/hm/2025_sustainability_report.pdf
"In 2025, we continued to increase the share of re­cycled and sustain­ably sourced materials in our commercial products and packaging.",32,Driving change within our industry,other,,"2025,",,,,0.5,data/raw/hm/2025_sustainability_report.pdf
"Compared to 2019, our absolute Scope 3 emissions have declined by 34.6 percent, which is in line with the science based targets we have set for 2030.",32,Driving change within our industry,other,,34.6 percent,2019,,Scope 3,1.0,data/raw/hm/2025_sustainability_report.pdf
"In 2025, ­92.6 percent of chemicals in Tier 1 and 2 production units were assured to meet ZDHC MRSL1 requirements, contributing to improved chemical management in our supply chain.",32,Driving change within our industry,achievement,achievement,92.6 percent,,,supply chain; supply chain (tier 1),0.67,data/raw/hm/2025_sustainability_report.pdf
"In 2025, we continued our investments into decarbonisation and the revenue for our resale offering has continued to increase.",32,Driving change within our industry,other,,"2025,",,,,0.5,data/raw/hm/2025_sustainability_report.pdf
"Our Scope 3 GHG emissions (excluding use-phase) have been decreasing over time in line with the set targets, although some variation in the progress for each year is to be expected on the ­journey towards the 2030 target.",32,Absolute Scope 3 GHG ­emissions (tonnes CO2e),achievement,achievement,3,,,Scope 3,0.67,data/raw/hm/2025_sustainability_report.pdf
The graph shows the share of our commercial products that are made from recycled or ­sustainably sourced materials.,32,Re­cycled and sustain­ably sourced materials,attribute,,,,,,0.0,data/raw/hm/2025_sustainability_report.pdf
"Metrics with the highest measurement uncertainty include GHG emissions in Scope 3 categories 1 and 4 due to modelling complexity, and categories 5, 11, 12 and waste generated in own operations due to limited downstream traceability.",33,Our approach to sustainability,other,,3,,,Scope 3; own operations; downstream,1.0,data/raw/hm/2025_sustainability_report.pdf
"However, we have defined an upper limit for the long-term horizon of 15 years to align with our climate targets, which extend to 2040.",33,Our approach to sustainability,other,,15,,,,0.5,data/raw/hm/2025_sustainability_report.pdf
"In 2025, this meant that we decided to enter into a multi-year strategic partnership with Circulose to replace virgin viscose, as well as to continue supporting Syre to ­enable large-scale textile-to-textile recycling.",33,Our approach to sustainability,other,,"2025,",,,,0.5,data/raw/hm/2025_sustainability_report.pdf
"These initiatives are part of our overall plan to strengthen the resilience of our business model by optimising our production and resource use, reducing GHG emissions in the value chain, increasing the use of recycled and sustainably sourced materials, and accelerating the transition to a circular economy for fashion.",33,Our approach to sustainability,attribute,hedged,,,,value chain,0.5,data/raw/hm/2025_sustainability_report.pdf
"In 2024, the board also underwent training on the CSRD (Corporate Sustainability Reporting Directive) to increase their understanding of managing our material sustainability matters in relation to the new regulations, thereby ensuring effective governance and monitoring of sustainability efforts within the H&M group.",34,Our sustainability steering model,other,,"2024,",,,,0.5,data/raw/hm/2025_sustainability_report.pdf
"In the long-term incentive program (“LTIP 2025”), the outcome of performance shares awards to the participants is subject to the satisfaction of ­performance criteria related to the three-year performance linked to the development of the groups operating profit, total shareholders return on the H&M share and environmental, social and governance (ESG), i.e. reduction of GHG emissions.",34,Our sustainability steering model,other,,2025,,,,0.5,data/raw/hm/2025_sustainability_report.pdf
"The sustain­ability‑related criteria are linked to the company reducing its absolute CO₂e emissions in Scope 1, 2, and Scope 3 compared to the 2019 level.",34,Our sustainability steering model,other,,"1,",2019,,Scope 1; Scope 3,1.0,data/raw/hm/2025_sustainability_report.pdf
"During 2025, we have continued to develop internal control and data ­management procedures to improve our sustainability governance framework and mitigate risks associated with the consolidation and reporting of sustainability data.",34,Our sustainability steering model,other,,"2025,",,,,0.5,data/raw/hm/2025_sustainability_report.pdf
"Although progress towards these targets has been made during the year, we anticipate future challenges related to the availability of recycled and sustainably sourced materials, and the management of global supply chains and business relationships in high-risk regions.",35,"Our sustainability steering model > Employees per region, 2025",attribute,achievement,,,,supply chain,0.5,data/raw/hm/2025_sustainability_report.pdf
Examples of ongoing actions – spanning several products and markets – include our efforts to achieve 100 percent recycled or sustainably sourced materials in our commercial products and packaging by 2030.,35,"Our sustainability steering model > Employees per region, 2025",target,,100 percent,,2030,,0.5,data/raw/hm/2025_sustainability_report.pdf
"The portfolio consists of over 30 com­panies and includes Sellpy, Syre, and Looper Textile, which aim to contribute to the transition towards a circular economy for fashion.",35,"Our sustainability steering model > Employees per region, 2025",other,hedged,30,,,,0.5,data/raw/hm/2025_sustainability_report.pdf
"In 2025, we continued integrating sustainability-related impacts, risks and opportunities into our enterprise risk management (ERM) system to ensure they are assessed on the same basis as other financial and operational risks.",36,Our key stakeholders,other,,"2025,",,,,0.5,data/raw/hm/2025_sustainability_report.pdf
This integration will continue throughout 2026 to ensure that the understanding of sustainabilityrelated matters also supports strategic decision-making processes affecting our business model.,36,Our key stakeholders,target,firm,2026,,2026,,0.5,data/raw/hm/2025_sustainability_report.pdf
Step 1: Understanding The double materiality analysis process begins with developing a clear understanding of the context in which we operate in order to map relevant sustainability areas.,36,Our key stakeholders,other,,1,,,,0.5,data/raw/hm/2025_sustainability_report.pdf
"Step 3: Assessment To evaluate the significance of the impacts, risks and opportunities we have identified, we conduct a structured assessment in accordance with the principle of double materiality.",36,Our key stakeholders,other,,3,,,,0.5,data/raw/hm/2025_sustainability_report.pdf
"For the financial year 2025, impacts assessed as medium, high or critical were considered material and financial effects assessed as high or critical were considered material.",36,Our key stakeholders,achievement,achievement,"2025,",,,,0.33,data/raw/hm/2025_sustainability_report.pdf
"Step 5: Monitoring Once a materiality threshold has been set, the results from the double materiality analysis are shared before the start of the next financial year with our executive management team and board of directors to inform our strategic priorities for the coming year.",36,Our key stakeholders,achievement,achievement,5,,,,0.33,data/raw/hm/2025_sustainability_report.pdf
"Our material sustainability matters and business resilience In 2025, we further developed our materiality analysis process by integrating the principles of double materiality.",36,Our key stakeholders,other,,"2025,",,,,0.5,data/raw/hm/2025_sustainability_report.pdf
"The results show that H&M Group’s planned and ongoing actions – including the shift to recycled and sustainably sourced materials, and investments to improve resource efficiency – support the organisation’s ability to respond proactively to supply chain disruptions and maintain operational resilience in the short to medium term (within one to five years).",36,Our key stakeholders,attribute,hedged,,,,supply chain,0.5,data/raw/hm/2025_sustainability_report.pdf
"These results assume that we reach our 2030 targets related to climate change and resource use, and that we make no significant changes to our asset base.",36,Our key stakeholders,other,,2030,,,,0.5,data/raw/hm/2025_sustainability_report.pdf
Our resilience analysis methodology will be further developed during 2026 to ensure we cover all material sustainability matters.,36,Our key stakeholders,other,firm,2026,,,,0.5,data/raw/hm/2025_sustainability_report.pdf
"We also collaborate with our business partners to increase the use and availability of certified, ­recycled, and sustainably sourced materials.",38,Material sustainability matters > Time horizon,attribute,,,,,,0.0,data/raw/hm/2025_sustainability_report.pdf
"In 2024, we conducted an updated climate-related scenario analysis to gain deeper insights into both physical and transition risks along our full value chain and the resilience of H&M Group’s strategy and business model regarding climate change.",38,Climate change,other,,"2024,",,,value chain,1.0,data/raw/hm/2025_sustainability_report.pdf
"The results of the analysis have informed our strategic priorities during 2025, enabling us to take action to strengthen our business resilience in alignment with our climate transition plan.",38,Climate change,other,,"2025,",,,,0.5,data/raw/hm/2025_sustainability_report.pdf
"This resilience is supported by strategic investments in services that extend product life, increased use of recycled materials, diversification of raw material sourcing, and the transition to renewable energy and energy-efficient production technologies.",38,Climate change,attribute,achievement,,,,,0.0,data/raw/hm/2025_sustainability_report.pdf
"To address this matter, we have taken action to reduce greenhouse gas emissions from production and transportation by phasing out fossil fuels while transitioning to the use of recycled and sustainably sourced materials.",38,Climate change > GHG emissions along the value chain,attribute,,,,,,0.0,data/raw/hm/2025_sustainability_report.pdf
"To reduce this risk, we execute shifts in our material basket and invest in new ventures and initiatives aimed at increasing the supply of recycled and next-generation materials.",38,Climate change > Risk of increased ­procurement costs due to climate change (P),attribute,,,,,,0.0,data/raw/hm/2025_sustainability_report.pdf
"The analysis was conducted in 2024, covering scenarios over the shortterm (within one year), medium-term (by 2030) and long-term (by 2040) to align with the time-horizons used when setting our climate targets.",39,Climate change > Risk of supply disrup­tions along transpor­tation routes due to climate change (P),target,achievement,"2024,",,2030,,0.5,data/raw/hm/2025_sustainability_report.pdf
"The ­analysis is based on three climate scenarios1: a low (1.5°C), moderate (~3°C), and high (>3°C) warming pathway.",39,Climate change > Risk of supply disrup­tions along transpor­tation routes due to climate change (P),other,,1.5,,,,0.5,data/raw/hm/2025_sustainability_report.pdf
"These events may also lead to a shift in consumer sentiment with an increased demand for recycled products and materials, presenting opportunities to grow revenue by scaling resale.",39,Climate change > Risk of supply disrup­tions along transpor­tation routes due to climate change (P),attribute,hedged,,,,,0.0,data/raw/hm/2025_sustainability_report.pdf
"Policies related to climate change To manage matters related to climate change, we are guided by our environmental policy, which commits us to reducing our climate impact in line with the 1.5°C target and the Paris Agreement.",39,Climate change > Risk of supply disrup­tions along transpor­tation routes due to climate change (P),other,,1.5,,,,0.5,data/raw/hm/2025_sustainability_report.pdf
"Our climate transition plan Building on our business idea and strategic priorities, we have adopted a ­climate transition plan and set science based targets in line with the Paris Agreement to contribute to the limiting of global warming to 1.5°C.",39,Climate change > Risk of supply disrup­tions along transpor­tation routes due to climate change (P),other,hedged,1.5,,,,0.5,data/raw/hm/2025_sustainability_report.pdf
The plan supports our broader policy commitments and long-term business objectives to ensure we work towards reaching net-zero and take action to mitigate climate change.,39,Climate change > Risk of supply disrup­tions along transpor­tation routes due to climate change (P),attribute,hedged,,,,,0.0,data/raw/hm/2025_sustainability_report.pdf
"As part of this plan, we have identified a set of decarboni­sation levers including decarbonising own operations, decarbonising pro­duction processes and transport in our supply chain, and shifting to recycled and sustainably sourced materials for our products and packaging.",39,Climate change > Risk of supply disrup­tions along transpor­tation routes due to climate change (P),attribute,,,,,own operations; supply chain,0.5,data/raw/hm/2025_sustainability_report.pdf
"In 2025, we allocated a total of SEK 2,484.2 m OpEx and SEK 347 m CapEx to our key actions related to our climate transition plan.",39,Climate change > Risk of supply disrup­tions along transpor­tation routes due to climate change (P),other,,"2025,",,,,0.5,data/raw/hm/2025_sustainability_report.pdf
"We have not invested in any coal, oil or gas-related economic activities during 2025.",39,Climate change > Risk of supply disrup­tions along transpor­tation routes due to climate change (P),other,,,,,,0.0,data/raw/hm/2025_sustainability_report.pdf
"Furthermore, to support our transition towards net-zero, we have conducted a qualitative assessment of potential locked-in GHG emissions associated with our operations, products or assets.",39,Climate change > Risk of supply disrup­tions along transpor­tation routes due to climate change (P),attribute,hedged,,,,own operations,0.5,data/raw/hm/2025_sustainability_report.pdf
"Our GHG emission reductions have been driven by increased renewable energy use, energy efficiency improvements in our operations and supply chain, and a greater share of recycled and sustainably sourced materials in our material basket.",39,Climate change > Risk of supply disrup­tions along transpor­tation routes due to climate change (P),attribute,achievement,,,,own operations; supply chain,0.5,data/raw/hm/2025_sustainability_report.pdf
"This includes shifting towards recycled and sustainably sourced materials, adopting energyefficient technologies, and sourcing renewable energy.",39,Climate change > Risk of supply disrup­tions along transpor­tation routes due to climate change (P),attribute,,,,,,0.0,data/raw/hm/2025_sustainability_report.pdf
"Our targets and actions To ensure we achieve our ambition and contribute to the limiting of global warming to 1.5°C, we have set targets related to our key actions and decarbonisation levers in alignment with our climate transition plan.",40,Our actions to reduce GHG emissions > Risk of increased sourcing costs due to carbon taxes (T),target,hedged,1.5,,,,0.25,data/raw/hm/2025_sustainability_report.pdf
"Decarbonising own operations To enable the decarbonisation of our own operations, we have set targets to reduce absolute Scope 1 and 2 GHG emissions by 90 percent by 2040 and 56 percent by 2030, against a 2019 baseline.",40,Our actions to reduce GHG emissions > Targets for 2040,target,,90 percent,2019,2040,Scope 1; own operations,1.0,data/raw/hm/2025_sustainability_report.pdf
These targets have been validated against SBTi’s Net-Zero Standard and were formally approved by the SBTi during 2022 as being in line with what the latest climate science regards as necessary to limit global warming to 1.5°C above pre-industrial levels.,40,Our actions to reduce GHG emissions > Targets for 2040,achievement,achievement,2022,,,,0.33,data/raw/hm/2025_sustainability_report.pdf
"Action: Improving energy efficiency in own operations To reduce our Scope 1 and 2 GHG emissions, we have taken action to improve energy efficiency in our own operations during 2025.",40,Our actions to reduce GHG emissions > Targets for 2040,other,,1,,,Scope 1; own operations,1.0,data/raw/hm/2025_sustainability_report.pdf
"The aim of this action is to ensure we achieve a 36 percent reduction in electricity consumption per square metre and opening hour in all our stores by 2030, against a 2016 baseline.",40,Our actions to reduce GHG emissions > Targets for 2040,target,hedged,36 percent,2016,2030,,0.75,data/raw/hm/2025_sustainability_report.pdf
"In 2025, we allocated a total of SEK 7.2 m OpEx and SEK 296.9 m CapEx towards these energy efficiency improvements.",40,Our actions to reduce GHG emissions > Targets for 2040,other,,"2025,",,,,0.5,data/raw/hm/2025_sustainability_report.pdf
"Based on our projections, this action is expected to reduce our Scope 1 and 2 market-based GHG emissions by around 1 percent by 2030, compared with our total emissions in 2019.",40,Our actions to reduce GHG emissions > Targets for 2040,target,,1 percent,,2030,Scope 1,0.75,data/raw/hm/2025_sustainability_report.pdf
"Action: Sourcing of renewable energy in own operations During 2025, we have taken action to increase the share of renewable energy that is matched with consumption in our stores, warehouses and offices.",40,Our actions to reduce GHG emissions > Targets for 2040,other,,"2025,",,,own operations,1.0,data/raw/hm/2025_sustainability_report.pdf
"The aim of this action is to ensure that we reach 100 percent matching of renewable electricity for our own operations by 2030, with at least 50 percent coming from Virtual Power Purchase Agreements (VPPAs), driving the development of new renewable electricity generation.",40,Our actions to reduce GHG emissions > Targets for 2040,target,hedged,100 percent,,2030,own operations,0.75,data/raw/hm/2025_sustainability_report.pdf
"VPPAs will not significantly reduce our market-based Scope 2 GHG emissions, but they will contribute to the expansion of new renewable energy capacity.",40,Our actions to reduce GHG emissions > Targets for 2040,other,firm,2,,,Scope 2,1.0,data/raw/hm/2025_sustainability_report.pdf
"In 2025, we allocated a total of SEK 59.2 m OpEx and SEK 2.9 m CapEx towards sourcing renewable energy, including leveraging VPPAs to support the development of new renewable electricity, installing on-site solar PVs, and procuring renewable energy attribute certificates.",40,Our actions to reduce GHG emissions > Targets for 2040,other,hedged,"2025,",,,,0.5,data/raw/hm/2025_sustainability_report.pdf
"Based on our projections, this action is expected to reduce our market-based Scope 1 ­and 2 GHG emissions by around 55 percent by 2030, compared with our total emissions in 2019.",40,Our actions to reduce GHG emissions > Targets for 2040,target,,55 percent,,2030,Scope 1,0.75,data/raw/hm/2025_sustainability_report.pdf
"Decarbonising production To enable the decarbonisation of production processes in our garment ­supply chain from Tier 1 to 3, we have set targets to reduce absolute Scope 3 GHG emissions (excluding indirect use-phase emissions) by 90 percent by 2040 and 56 percent by 2030, compared with a 2019 baseline.",40,Our actions to reduce GHG emissions > Targets for 2040,target,,90 percent,2019,2040,Scope 3; supply chain; supply chain (tier 1),1.0,data/raw/hm/2025_sustainability_report.pdf
These targets have been validated against the SBTi’s Net-Zero Standard and were formally approved by the SBTi in 2022 as aligned with the latest climate science on limiting global warming to 1.5°C above pre-industrial levels.,40,Our actions to reduce GHG emissions > Targets for 2040,achievement,achievement,2022,,,,0.33,data/raw/hm/2025_sustainability_report.pdf
"Action: Improving energy efficiency in garment and fabric manufacturing During 2025, we have taken action to support our garment and fabric manufacturing suppliers to improve the energy efficiency of their production processes.",40,Our actions to reduce GHG emissions > Targets for 2040,other,hedged,"2025,",,,,0.5,data/raw/hm/2025_sustainability_report.pdf
"In 2025, we allocated a total of SEK 27.1 m OpEx towards energy efficiency improvements within our supply chain.",40,Our actions to reduce GHG emissions > Targets for 2040,other,,"2025,",,,supply chain,1.0,data/raw/hm/2025_sustainability_report.pdf
"Based on our projections, this action is projected to deliver a 2 percent reduction in Scope 3 GHG emissions compared with a 2019 baseline, equivalent to around 81,306 tonnes of CO₂e by 2030.",40,Our actions to reduce GHG emissions > Targets for 2040,target,,2 percent,2019,2030,Scope 3,1.0,data/raw/hm/2025_sustainability_report.pdf
"To reduce GHG emissions from production processes, we are therefore working with our suppliers in Tier 1, 2 and 3 with the aim to phase out on-site coal by 2026.",40,Our actions to reduce GHG emissions > Targets for 2040,target,hedged,"1,",,2026,supply chain (tier 1),0.75,data/raw/hm/2025_sustainability_report.pdf
"By 2030, we aim for all suppliers in Tier 1 to 3 to source 100 percent renewable electricity for the production of our garments – from spinning to finished product.",40,Our actions to reduce GHG emissions > Targets for 2040,target,hedged,100 percent,,2030,supply chain (tier 1),0.75,data/raw/hm/2025_sustainability_report.pdf
"In 2025, we invested SEK 24.6 m OpEx on activities related to the phase out of fossil fuels in garment and fabric manufacturing.",40,Our actions to reduce GHG emissions > Targets for 2040,other,,"2025,",,,,0.5,data/raw/hm/2025_sustainability_report.pdf
"Based on our projections, this action is projected to deliver a 38 percent reduction in Scope 3 GHG emissions compared with a 2019 baseline, equivalent to around 1,565,387 tonnes of CO₂e by 2030.",40,Our actions to reduce GHG emissions > Targets for 2040,target,,38 percent,2019,2030,Scope 3,1.0,data/raw/hm/2025_sustainability_report.pdf
"In Indonesia, two strategic suppliers have signed Green Electricity Tariff Agreements (GEAS), while in Türkiye a strategic supplier signed the industry’s first CPPA in the country.",40,Our actions to reduce GHG emissions > Targets for 2040,attribute,,,,,,0.0,data/raw/hm/2025_sustainability_report.pdf
"Decarbonising transports To enable the decarbonisation of transportation to and from our stores, warehouses and customers, we have set targets to reduce absolute Scope 3 GHG emissions (excluding indirect use-phase emissions) by 90 percent by 2040 and 56 percent by 2030, compared with a 2019 baseline.",40,Our actions to reduce GHG emissions > Targets for 2040,target,,90 percent,2019,2040,Scope 3,1.0,data/raw/hm/2025_sustainability_report.pdf
These targets have been validated against the SBTi’s Net-Zero Standard and were formally approved by the SBTi in 2022 as aligned with the latest climate science on limiting global warming to 1.5°C above pre-industrial levels.,40,Our actions to reduce GHG emissions > Targets for 2040,achievement,achievement,2022,,,,0.33,data/raw/hm/2025_sustainability_report.pdf
"Action: Optimising logistics and transition to low emission transports During 2025, we have taken action to optimise our logistics network, while expanding the use of zero-emission vehicles (ZEV).",40,Our actions to reduce GHG emissions > Targets for 2040,attribute,,"2025,",2025,,,0.5,data/raw/hm/2025_sustainability_report.pdf
"Based on our projections, this action is projected to deliver a 3 percent absolute reduction in Scope 3 emissions by 2030, compared with 2019 levels.",40,Our actions to reduce GHG emissions > Targets for 2040,target,,3 percent,2019,2030,Scope 3,1.0,data/raw/hm/2025_sustainability_report.pdf
"Material shifts related to our resource use and inflows In alignment with our overall business idea and climate transition plan, we have set targets to increase the use of recycled and sustainably sourced materials in our products and packaging.",40,Our actions to reduce GHG emissions > Targets for 2040,attribute,,,,,,0.0,data/raw/hm/2025_sustainability_report.pdf
"Action: Increasing use of recycled and sustainably sourced materials The extraction and production of raw materials such as cotton and wool ­generates GHG emissions, consumes water and impacts ecosystems.",40,Our actions to reduce GHG emissions > Targets for 2040,attribute,,,,,,0.0,data/raw/hm/2025_sustainability_report.pdf
"During 2025, we have therefore taken action to increase the use of recycled and ­sustainably sourced materials in our products and packaging.",40,Our actions to reduce GHG emissions > Targets for 2040,attribute,,"2025,",,,,0.5,data/raw/hm/2025_sustainability_report.pdf
This action is ongoing and planned until 2030 for when we aim to source 100 percent recycled or sustainably sourced materials in our products and packaging.,40,Our actions to reduce GHG emissions > Targets for 2040,target,hedged,100 percent,,2030,,0.5,data/raw/hm/2025_sustainability_report.pdf
"In 2025, we allocated a total of SEK 1,244.5 m OpEx on initiatives with the aim to increase our use of recycled and sustainably sourced materials.",40,Our actions to reduce GHG emissions > Targets for 2040,attribute,hedged,"2025,",,,,0.5,data/raw/hm/2025_sustainability_report.pdf
"Based on our projections, this action is projected to deliver a 13 percent reduction in Scope 3 GHG emissions by 2030, compared with 2019 levels.",40,Our actions to reduce GHG emissions > Targets for 2040,target,,13 percent,2019,2030,Scope 3,1.0,data/raw/hm/2025_sustainability_report.pdf
"Reaching net-zero In order to drive change within our industry and to support the global transition, we have also set a long-term climate target to become net-zero by 2040.",40,Our actions to reduce GHG emissions > Targets for 2040,target,hedged,,,2040,,0.25,data/raw/hm/2025_sustainability_report.pdf
"This target is intended to be achieved by balancing the remaining emissions in our value chain with carbon removals in line with the SBTi Net-Zero Standard, after our emissions have been reduced by 90 percent compared with the 2019 baseline.",40,Our actions to reduce GHG emissions > Targets for 2040,achievement,achievement,90 percent,2019,,value chain,1.0,data/raw/hm/2025_sustainability_report.pdf
"These initiatives are focused on addressing our residual GHG emissions in 2040, which are expected to equal no more than 10 percent of our total GHG emissions in 2019 (our baseline level).",40,Our actions to reduce GHG emissions > Targets for 2040,other,,10 percent,,,,0.5,data/raw/hm/2025_sustainability_report.pdf
"To date, we have entered into 23 offtake agreements for permanent ­carbon removals.",40,Our actions to reduce GHG emissions > Targets for 2040,other,,23,,,,0.5,data/raw/hm/2025_sustainability_report.pdf
"At the end of 2025, we have not cancelled any credits for permanent carbon removals, but we have received 388 tonnes.",40,Our actions to reduce GHG emissions > Targets for 2040,other,,388 tonnes,,,,0.5,data/raw/hm/2025_sustainability_report.pdf
"Initiatives beyond value chain mitigation To further contribute to the global transition to net-zero, we engage in nature-based projects that contribute to climate action beyond our value chain.",40,Our actions to reduce GHG emissions > Targets for 2040,attribute,hedged,,,,value chain,0.5,data/raw/hm/2025_sustainability_report.pdf
In 2022 we therefore joined the Lowering Emissions by Accelerating Forest Finance (LEAF) Coalition as a corporate partner to ­support the ­preservation of forests.,40,Our actions to reduce GHG emissions > Targets for 2040,other,hedged,2022,,,,0.5,data/raw/hm/2025_sustainability_report.pdf
For 2025 we have not retired or taken delivery of any carbon credits1.,40,Our actions to reduce GHG emissions > Targets for 2040,other,,2025,,,,0.5,data/raw/hm/2025_sustainability_report.pdf
"In 2025, the internal carbon price was set at USD 20 per tonne of CO₂e.",40,Our actions to reduce GHG emissions > Targets for 2040,achievement,achievement,"2025,",,,,0.33,data/raw/hm/2025_sustainability_report.pdf
"The carbon price is applied to each order and covers emissions associated with raw material extraction, production processes in Tier 1 to 3, and transportation across the value chain.",40,Our actions to reduce GHG emissions > Targets for 2040,other,,1,,,value chain; supply chain (tier 1),1.0,data/raw/hm/2025_sustainability_report.pdf
"In 2025, this represented around 57 percent of our total Scope 3 GHG emissions.",40,Our actions to reduce GHG emissions > Targets for 2040,other,,57 percent,,,Scope 3,1.0,data/raw/hm/2025_sustainability_report.pdf
Scope 1 and Scope 2 GHG emissions are not covered by the internal carbon price.,40,Our actions to reduce GHG emissions > Targets for 2040,other,,1,,,Scope 1; Scope 2,1.0,data/raw/hm/2025_sustainability_report.pdf
The specific price was set as a function of the estimated cost of reaching our 2030 Scope 3 ­target and the baseline GHG emissions from the included activities.,40,Our actions to reduce GHG emissions > Targets for 2040,achievement,achievement,2030,,,Scope 3,0.67,data/raw/hm/2025_sustainability_report.pdf
1. We make no claims of GHG-neutrality based on the purchase of these carbon credits.,40,Our actions to reduce GHG emissions > Targets for 2040,other,,,,,,0.0,data/raw/hm/2025_sustainability_report.pdf
"Our progress and results During 2025, our absolute Scope 1 and 2 GHG emissions decreased by 41 percent compared with 2019.",41,Our actions to reduce GHG emissions > Targets for 2040,achievement,achievement,41 percent,2019,,Scope 1,1.0,data/raw/hm/2025_sustainability_report.pdf
"The reduction since last year was mainly driven by the matching of renewable electricity with consumption in Australia, which contributed to lower emissions despite a marginal decline in our overall renewable electricity share from 96 percent in 2024 to 95 percent in 2025 due to updated RE100 criteria preventing matching in Romania and Serbia.",41,Our actions to reduce GHG emissions > Targets for 2040,achievement,achievement,96 percent,,,,0.33,data/raw/hm/2025_sustainability_report.pdf
"The proportion of electricity matched through our VPPAs increased significantly to 49.1 percent, compared with 19.6 percent in 2024, as all VPPAs in Sweden and the United States came online.",41,Our actions to reduce GHG emissions > Targets for 2040,achievement,achievement,49.1 percent,,,,0.33,data/raw/hm/2025_sustainability_report.pdf
The share of renewable electricity coming from bundled certificates is 51.5 percent.,41,Our actions to reduce GHG emissions > Targets for 2040,other,,51.5 percent,,,,0.5,data/raw/hm/2025_sustainability_report.pdf
In our stores the electricity intensity (kWh/m² per opening hour) decreased by 32 percent compared with the 2016 baseline.,41,Our actions to reduce GHG emissions > Targets for 2040,achievement,achievement,32 percent,2016,,,0.67,data/raw/hm/2025_sustainability_report.pdf
"Our 2025 absolute Scope 3 emissions under our science based target decreased by 34.6 percent compared with 2019 and 13.6 percent compared with last year, remaining well in line with our –56 percent 2030 target.",41,Our actions to reduce GHG emissions > Targets for 2040,achievement,achievement,34.6 percent,2019,,Scope 3,1.0,data/raw/hm/2025_sustainability_report.pdf
"By the end of 2025, 10 Tier 1, 2, and 3 factories reported the use of on‑site coal boilers, down from 118 in 2022, showing strong progress toward our aim of full phase‑out by the end of 2026.",41,Our actions to reduce GHG emissions > Targets for 2040,target,hedged,"2025,",2022,2025,supply chain (tier 1),1.0,data/raw/hm/2025_sustainability_report.pdf
"While emissions are still linked to resource use, total Scope 3 emissions per net revenue (tonnes CO₂e/SEK m) decreased by 33.4 percent compared with 2019 and 11.2 percent compared with last year.",41,Our actions to reduce GHG emissions > Targets for 2040,achievement,achievement,33.4 percent,2019,,Scope 3,1.0,data/raw/hm/2025_sustainability_report.pdf
"Based on our planned mitigation actions, our expected total GHG emissions reductions from 2019 to 2030 amount to 56 percent, in line with our science based targets for Scope 1, 2, and 3. Biogenic emissions related to activities reported under Scope 1, 2 and 3 have not been calculated for 2025.",41,Our actions to reduce GHG emissions > Targets for 2040,other,,56 percent,2019,,Scope 1,1.0,data/raw/hm/2025_sustainability_report.pdf
"In terms of governance, 10 percent of remuneration in the long-term ­incentive programme (‘LTIP 2025’) was linked to climate-related considerations, supporting accountability for climate performance.",41,Our actions to reduce GHG emissions > Targets for 2040,achievement,achievement,10 percent,,,,0.33,data/raw/hm/2025_sustainability_report.pdf
"Prior to 2025, the consumption of purchased or acquired electricity, heat, steam, and cooling from fossil sources (MWh) includes all non-renewable energy.",41,"Our actions to reduce GHG emissions > Consumption from nuclear sources (MWh) 8,205 N/A N/A N/A",other,,"2025,",,,,0.5,data/raw/hm/2025_sustainability_report.pdf
"1. Net revenue used to calculate intensity values was SEK 228,285 m, as reported in the consolidated financial statements.",41,Our actions to reduce GHG emissions > Energy consumption per net revenue1 for own operations,achievement,achievement,"228,285",,,,0.33,data/raw/hm/2025_sustainability_report.pdf
These emissions are not within the ‘minimum boundary’ for category 11 (use of sold products) of the GHG Protocol’s Scope 3 standard.,41,Our actions to reduce GHG emissions > Total GHG emissions,other,,11,,,Scope 3,1.0,data/raw/hm/2025_sustainability_report.pdf
Scope 3 GHG emissions were calculated using 26 percent primary data.,41,Our actions to reduce GHG emissions > Total GHG emissions,achievement,achievement,26 percent,,,Scope 3,0.67,data/raw/hm/2025_sustainability_report.pdf
"Net revenue used to calculate intensity values was SEK 228,285 m, as reported in the consolidated financial statements.",41,Our actions to reduce GHG emissions > GHG intensity per net revenue1 (tonnes CO2e/SEK m),achievement,achievement,"228,285",,,,0.33,data/raw/hm/2025_sustainability_report.pdf
"Renewable energy consumption is primarily achieved through electricity matched with EACs (unbundled procurement), and VPPAs (bundled procurement), all aligned with RE100 criteria.",42,Our actions to reduce GHG emissions > GHG intensity per net revenue1 (tonnes CO2e/SEK m),other,achievement,,,,,0.0,data/raw/hm/2025_sustainability_report.pdf
"GHG emission inventory and achieved reductions GHG emissions are reported per GHG Protocol and ESRS E1, using the operational control approach.",42,Our actions to reduce GHG emissions > GHG intensity per net revenue1 (tonnes CO2e/SEK m),other,achievement,,,,,0.0,data/raw/hm/2025_sustainability_report.pdf
"These emissions are expressed in tonnes of CO₂ equivalent (CO₂e), and include CO₂, CH₄, N₂O, and relevant F‑gases based on 100‑year global warming potentials (GWP) from IPCC AR5.",42,Our actions to reduce GHG emissions > GHG intensity per net revenue1 (tonnes CO2e/SEK m),other,,100,,,,0.5,data/raw/hm/2025_sustainability_report.pdf
"Biogenic emissions related to activities reported under Scope 1, 2, and 3 have not been calculated for 2025.",42,Our actions to reduce GHG emissions > GHG intensity per net revenue1 (tonnes CO2e/SEK m),other,,"1,",,,Scope 1,1.0,data/raw/hm/2025_sustainability_report.pdf
"Scope 1 GHG emissions Scope 1 GHG emissions include all direct greenhouse gas emissions from own operations under financial and operational control, including onsite fuel use, company vehicles, and refrigerant leakage from cooling ­systems.",42,Our actions to reduce GHG emissions > GHG intensity per net revenue1 (tonnes CO2e/SEK m),other,,1,,,Scope 1; own operations,1.0,data/raw/hm/2025_sustainability_report.pdf
Calculations are based on consumption and emission factors from DESNZ (2025).,42,Our actions to reduce GHG emissions > GHG intensity per net revenue1 (tonnes CO2e/SEK m),other,,2025,,,,0.5,data/raw/hm/2025_sustainability_report.pdf
For company cars a per-kilometre emission value per fuel type from DrivkraftSverige (2025) are used.,42,Our actions to reduce GHG emissions > GHG intensity per net revenue1 (tonnes CO2e/SEK m),other,,2025,,,,0.5,data/raw/hm/2025_sustainability_report.pdf
"Scope 2 GHG emissions Scope 2 GHG emissions include indirect emissions from purchased electricity, and district heating used in stores, offices and distribution centres.",42,Our actions to reduce GHG emissions > GHG intensity per net revenue1 (tonnes CO2e/SEK m),other,,2,,,Scope 2,1.0,data/raw/hm/2025_sustainability_report.pdf
"Emissions are reported using both the market‑based method (reflecting ­certificates purchased or generated through VPPAs, complying with the ­current RE100 technical criteria, and the residual mix factors where available, or IEA grid factors) and the location‑based method (reflecting the average grid mix in each country based on IEA grid factors).",42,Our actions to reduce GHG emissions > GHG intensity per net revenue1 (tonnes CO2e/SEK m),other,,,,,,0.0,data/raw/hm/2025_sustainability_report.pdf
Calculations are based on energy consumption and applicable annual emission factors from IEA (2025).,42,Our actions to reduce GHG emissions > GHG intensity per net revenue1 (tonnes CO2e/SEK m),other,,2025,,,,0.5,data/raw/hm/2025_sustainability_report.pdf
"Scope 3 GHG emissions Scope 3 GHG emissions include indirect GHG emissions that occur in H&M Group’s value chain, upstream and downstream.",42,Our actions to reduce GHG emissions > GHG intensity per net revenue1 (tonnes CO2e/SEK m),other,,3,,,Scope 3; value chain; upstream; downstream,1.0,data/raw/hm/2025_sustainability_report.pdf
Scope 3 is calculated in accordance with the Greenhouse Gas Protocol Value Chain Accounting and Reporting Standard (2011).,42,Our actions to reduce GHG emissions > GHG intensity per net revenue1 (tonnes CO2e/SEK m),other,,3,,,Scope 3; value chain,1.0,data/raw/hm/2025_sustainability_report.pdf
"As part of the SBTi’s validation of H&M Group’s net-zero and near-term targets, all the categories in Scope 3 were screened, collecting relevant proxy data where primary data was not available, to identify all relevant emission sources across the H&M group’s activities.",42,Our actions to reduce GHG emissions > GHG intensity per net revenue1 (tonnes CO2e/SEK m),achievement,achievement,3,,,Scope 3,0.67,data/raw/hm/2025_sustainability_report.pdf
Relevance was identified based on the absence of activities within some of the categories (such as Category 10) and the estimated emissions within others.,42,Our actions to reduce GHG emissions > GHG intensity per net revenue1 (tonnes CO2e/SEK m),achievement,achievement,10,,,,0.33,data/raw/hm/2025_sustainability_report.pdf
"No activities with relevant climate impact have been identified for categories 2, 8, 9, 10, and 13 and these are therefore excluded from disclosure.",42,Our actions to reduce GHG emissions > GHG intensity per net revenue1 (tonnes CO2e/SEK m),achievement,achievement,"2,",,,,0.33,data/raw/hm/2025_sustainability_report.pdf
We report optional emissions for indirect use-phase in Category 11.,42,Our actions to reduce GHG emissions > GHG intensity per net revenue1 (tonnes CO2e/SEK m),other,,,,,,0.0,data/raw/hm/2025_sustainability_report.pdf
"Calculations are based on product weights, process energy requirements from the Apparel Impact Institutes (Aii) Energy and Carbon Benchmark V1.0 (2025), and the energy mix at production units or country grid factors where the factory specific energy mix is not available.",42,Our actions to reduce GHG emissions > GHG intensity per net revenue1 (tonnes CO2e/SEK m),other,,2025,,,,0.5,data/raw/hm/2025_sustainability_report.pdf
Emission factors from IEA (2025) and US EPA (2025).,42,Our actions to reduce GHG emissions > GHG intensity per net revenue1 (tonnes CO2e/SEK m),other,,2025,,,,0.5,data/raw/hm/2025_sustainability_report.pdf
"Calculations are based on material weights and HIGG MSI emission factors (2025), and average emissions per piece based on primary data or the HIGG FEM database (2025).",42,Our actions to reduce GHG emissions > GHG intensity per net revenue1 (tonnes CO2e/SEK m),other,,2025,,,,0.5,data/raw/hm/2025_sustainability_report.pdf
"Category 3 – Fuel‑ and energy‑related activities Calculations are based on energy consumption in own operations, combined with emission factors from DESNZ (2025), NREL (2012) and DOE (2015 and 2016).",42,Our actions to reduce GHG emissions > GHG intensity per net revenue1 (tonnes CO2e/SEK m),other,,3,,,own operations,1.0,data/raw/hm/2025_sustainability_report.pdf
"Category 4 – Upstream transportation and distribution Calculations are based either on fuels used reported by transport service providers, or by a combination of mode of transport, distance, and weight, applying emission factors from NTM (2025).",42,Our actions to reduce GHG emissions > GHG intensity per net revenue1 (tonnes CO2e/SEK m),other,,4,,,upstream,1.0,data/raw/hm/2025_sustainability_report.pdf
"Category 5 – Waste generated in operations Product waste, packaging waste, and other operational waste from distribution centres and stores.",42,Our actions to reduce GHG emissions > GHG intensity per net revenue1 (tonnes CO2e/SEK m),other,,5,,,,0.5,data/raw/hm/2025_sustainability_report.pdf
"Calculations are based on waste ­volumes by treatment type (e.g., recycling, landfill, incineration) and ­applying emission factors from DESNZ (2022).",42,Our actions to reduce GHG emissions > GHG intensity per net revenue1 (tonnes CO2e/SEK m),other,,2022,,,,0.5,data/raw/hm/2025_sustainability_report.pdf
"Category 6 – Business travel Calculations are based on travel expenses, which are used for estimating emissions based on mode of transport.",42,Our actions to reduce GHG emissions > GHG intensity per net revenue1 (tonnes CO2e/SEK m),other,,6,,,,0.5,data/raw/hm/2025_sustainability_report.pdf
Spend based emission factors from DESNZ (2025).,42,Our actions to reduce GHG emissions > GHG intensity per net revenue1 (tonnes CO2e/SEK m),other,,2025,,,,0.5,data/raw/hm/2025_sustainability_report.pdf
"Category 7 – Employee commuting Calculations are based on number of employees, transport distances and modal split assumptions, and average emission factors from DESNZ (2017) and Trafikverket (2025).",42,Our actions to reduce GHG emissions > GHG intensity per net revenue1 (tonnes CO2e/SEK m),other,,7,,,,0.5,data/raw/hm/2025_sustainability_report.pdf
"Category 11 – Use of sold products Indirect use-phase emissions from energy used during customer care, ­ such as washing, drying and ironing.",42,Our actions to reduce GHG emissions > GHG intensity per net revenue1 (tonnes CO2e/SEK m),other,,11,,,,0.5,data/raw/hm/2025_sustainability_report.pdf
"Calculations are based on product group‑specific assumptions for care frequency and energy use from Cascale’s Product Module, combined with country level electricity emission factors from IEA (2025).",42,Our actions to reduce GHG emissions > GHG intensity per net revenue1 (tonnes CO2e/SEK m),other,,2025,,,,0.5,data/raw/hm/2025_sustainability_report.pdf
"Category 12 – End‑of‑life treatment of sold products Calculations are based on product weights, sales data and country-specific waste statistics on treatment types.",42,Our actions to reduce GHG emissions > GHG intensity per net revenue1 (tonnes CO2e/SEK m),other,,12,,,,0.5,data/raw/hm/2025_sustainability_report.pdf
Global emission factors from DESNZ (2022) have been applied for all countries.,42,Our actions to reduce GHG emissions > GHG intensity per net revenue1 (tonnes CO2e/SEK m),achievement,achievement,2022,,,,0.33,data/raw/hm/2025_sustainability_report.pdf
"Category 14 – Franchises Calculations are based on franchisee floor area, combined with H&M Group global retail average of energy intensity and national emission factors from IEA (2025).",42,Our actions to reduce GHG emissions > GHG intensity per net revenue1 (tonnes CO2e/SEK m),other,,14,,,,0.5,data/raw/hm/2025_sustainability_report.pdf
"Category 15 – Investments Scope 1 and 2 emissions, as well as material Scope 3 emissions of companies where H&M Group has a controlling majority, are integrated into the H&M group’s Scope 1, 2 and 3 reporting, and are not included in Category 15.",42,Our actions to reduce GHG emissions > GHG intensity per net revenue1 (tonnes CO2e/SEK m),other,,15,,,Scope 1; Scope 3,1.0,data/raw/hm/2025_sustainability_report.pdf
"For investments where the H&M group has no controlling majority, Scope 1 and 2 are included in Category 15.",42,Our actions to reduce GHG emissions > GHG intensity per net revenue1 (tonnes CO2e/SEK m),other,,1,,,Scope 1,1.0,data/raw/hm/2025_sustainability_report.pdf
"Calculations are based on an operational control approach using financial data, combined with Exiobase (2018) emission intensity factors by industry, mapped with NACE codes.",42,Our actions to reduce GHG emissions > GHG intensity per net revenue1 (tonnes CO2e/SEK m),other,,2018,,,,0.5,data/raw/hm/2025_sustainability_report.pdf
"GHG intensity per net revenue GHG intensity is calculated as total greenhouse gas emissions (Scope 1, Scope 2 location‑based, Scope 2 market‑based, and all relevant Scope 3 ­categories) divided by net sales as reported in the consolidated financial statements.",42,Our actions to reduce GHG emissions > GHG intensity per net revenue1 (tonnes CO2e/SEK m),other,,"1,",,,Scope 1; Scope 2; Scope 3,1.0,data/raw/hm/2025_sustainability_report.pdf
"Financial resources allocated Financial resources include CapEx and OpEx for activities such as decar­bonisation, renewable energy, upcharge for sustainably sourced or recycled materials, and resale.",42,Our actions to reduce GHG emissions > GHG intensity per net revenue1 (tonnes CO2e/SEK m),attribute,,,,,,0.0,data/raw/hm/2025_sustainability_report.pdf
"Figures are based on both audited financial data, as well as upcharge costs for recycled and sustainably sourced materials and renewable electricity used in production.",42,Our actions to reduce GHG emissions > GHG intensity per net revenue1 (tonnes CO2e/SEK m),attribute,,,,,,0.0,data/raw/hm/2025_sustainability_report.pdf
"Emission reductions achieved are calculated based on a combination of metering, supplier energy data, estimates based on conservative assumptions and emission factors from IEA (2025) and US EPA (2025).",42,Our actions to reduce GHG emissions > GHG intensity per net revenue1 (tonnes CO2e/SEK m),achievement,achievement,2025,,,,0.33,data/raw/hm/2025_sustainability_report.pdf
Decarbonising production The electricity consumption and share of renewable electricity in our supply chain includes reported electricity from supplier units in Tier 1 to 3.,42,Our actions to reduce GHG emissions > GHG intensity per net revenue1 (tonnes CO2e/SEK m),other,,1,,,supply chain; supply chain (tier 1),1.0,data/raw/hm/2025_sustainability_report.pdf
Number of suppliers reporting the use of on-site coal is based on the third quarter of 2025.,42,Our actions to reduce GHG emissions > GHG intensity per net revenue1 (tonnes CO2e/SEK m),other,,,,,,0.0,data/raw/hm/2025_sustainability_report.pdf
"This change has led to a decrease in emissions from other expenditures by 29 percent or 164,000 tonnes CO2e for 2024 and a 41 percent or 290,000 tonnes CO2e decrease for 2019 compared to what was reported in our 2024 annual and sustainability report.",42,Our actions to reduce GHG emissions > GHG intensity per net revenue1 (tonnes CO2e/SEK m),achievement,achievement,29 percent,,,,0.33,data/raw/hm/2025_sustainability_report.pdf
"For fabric production and garment manufacturing (category 1), we have transitioned from using Higg MSI emission factors to those provided by the Aii’s Energy and Carbon Benchmark V1.0.",42,Our actions to reduce GHG emissions > GHG intensity per net revenue1 (tonnes CO2e/SEK m),achievement,achievement,1,,,,0.33,data/raw/hm/2025_sustainability_report.pdf
The Energy and ­Carbon Benchmark V1.0 provides a more process-specific energy requirement that allows us to more accurately capture both emissions and energy improvements at our suppliers’ factories and includes only the energy ­consumed on-site.,42,Our actions to reduce GHG emissions > GHG intensity per net revenue1 (tonnes CO2e/SEK m),other,,,,,,0.0,data/raw/hm/2025_sustainability_report.pdf
"This change corresponds to a decrease of 31 percent or 1,269,000 tonnes CO2e for 2024 and a 30 percent or 1,574,000 tonnes CO2e decrease for 2019 compared to what was reported in our 2024 annual and sustainability report.",42,Our actions to reduce GHG emissions > GHG intensity per net revenue1 (tonnes CO2e/SEK m),achievement,achievement,31 percent,,,,0.33,data/raw/hm/2025_sustainability_report.pdf
"This change has led to an in­­ crease of 46 percent or 12,000 tonnes CO2e for 2024 and a 126 percent or 29,000 tonnes CO2e increase for 2019 as compared to what was reported in our 2024 annual and sustainability report.",42,Our actions to reduce GHG emissions > GHG intensity per net revenue1 (tonnes CO2e/SEK m),achievement,achievement,46 percent,,,,0.33,data/raw/hm/2025_sustainability_report.pdf
"This change has led to an increase of 46 percent or 30,000 tonnes CO2e for 2024 and an 38 percent or 28,000 tonnes CO2e increase for 2019 as compared to what was reported in our 2024 annual and sustainability report.",42,Our actions to reduce GHG emissions > GHG intensity per net revenue1 (tonnes CO2e/SEK m),achievement,achievement,46 percent,,,,0.33,data/raw/hm/2025_sustainability_report.pdf
"Together, these lead to an increase of 2 percent or 10,000 tonnes CO2e for 2024, and a 1 percent or 10,000 tonnes CO2e decrease for 2019 as compared to what was reported in our 2024 annual and sustainability report.",42,Our actions to reduce GHG emissions > GHG intensity per net revenue1 (tonnes CO2e/SEK m),achievement,achievement,2 percent,,,,0.33,data/raw/hm/2025_sustainability_report.pdf
"For Scope 2, self‑generated and consumed electricity has been added.",42,Our actions to reduce GHG emissions > GHG intensity per net revenue1 (tonnes CO2e/SEK m),achievement,achievement,"2,",,,Scope 2,0.67,data/raw/hm/2025_sustainability_report.pdf
"For our total emissions in Scope 1 and 2, these changes correspond to an increase of 9 percent, or 3,838 tonnes of CO₂e for 2024, and an increase of 2 percent, or 1,174 tonnes of CO₂e for 2019, compared to what was reported in our 2024 annual and sustainability report.",42,Our actions to reduce GHG emissions > GHG intensity per net revenue1 (tonnes CO2e/SEK m),achievement,achievement,9 percent,,,Scope 1,0.67,data/raw/hm/2025_sustainability_report.pdf
"For our full Scope 3 emissions, including the use-phase, all these changes correspond to a decrease of 11 percent or 984,000 tonnes CO2e for 2024 and a 13 percent or 1,528,000 tonnes CO2e decrease for 2019 compared to what was reported in our 2024 annual and sustainability report.",42,Our actions to reduce GHG emissions > GHG intensity per net revenue1 (tonnes CO2e/SEK m),achievement,achievement,11 percent,,,Scope 3,0.67,data/raw/hm/2025_sustainability_report.pdf
Minimising water pollution We have set a target to achieve 95 percent compliance with ZDHC Manufacturing Restricted Substances List (MRSL) for all processing units in Tier 1 and 2 of our supply chain by 2030.,43,Water pollution > Targets for 2030,target,,95 percent,,2030,supply chain; supply chain (tier 1),0.75,data/raw/hm/2025_sustainability_report.pdf
"In addition, we have set a target to achieve 100 percent compliance with the ZDHC Wastewater Guidelines (Foundation Level) by 2025 for all processing units in Tier 1 and 2 of our supply chain with on-site effluent treatment plants (ETP), ensuring that discharged water quality meets ZDHC’s minimum environmental requirements.",43,Water pollution > Targets for 2030,target,,100 percent,,2025,supply chain; supply chain (tier 1),0.75,data/raw/hm/2025_sustainability_report.pdf
"Action: Securing quality of wastewater discharge In 2025, we continued our efforts to strengthen wastewater quality compliance by conducting periodic testing of discharged wastewater and assessing the operational effectiveness of effluent treatment processes at supplier facilities in Tier 1 and 2 equipped with on-site effluent treatment plants (ETP).",43,Water pollution > Targets for 2030,other,,"2025,",,,supply chain (tier 1),1.0,data/raw/hm/2025_sustainability_report.pdf
"These activities, ongoing since 2023, ensure that wastewater quality is regularly monitored against the ZDHC Wastewater Guidelines, with a focus on ­priority pollutants.",43,Water pollution > Targets for 2030,other,,"2023,",,,,0.5,data/raw/hm/2025_sustainability_report.pdf
"Action: Ensuring chemical compliance In 2025, we also continued our commitment to chemical compliance by applying the AFIRM Restricted Substances List (RSL) and the ZDHC Manufacturing Restricted Substances List (MRSL) in our supply chain.",43,Water pollution > Targets for 2030,other,firm,"2025,",,,supply chain,1.0,data/raw/hm/2025_sustainability_report.pdf
We also reached 100 percent of Tier 1 and 2 production units with ETP discharged water quality that is ZDHC wastewater compliant at Foundational Level.,43,Water pollution > Targets for 2030,achievement,achievement,100 percent,,,supply chain (tier 1),0.67,data/raw/hm/2025_sustainability_report.pdf
ETP discharge water quality Covers Tier 1 and 2 wet processing units with on-site ETPs.,43,Water pollution > Water pollution in the supply chain,other,,1,,,supply chain (tier 1),1.0,data/raw/hm/2025_sustainability_report.pdf
"In 2024, we conducted a ­climate-related scenario analysis covering water-related risks to assess the resilience of our business.",44,Water use,other,,"2024,",,,,0.5,data/raw/hm/2025_sustainability_report.pdf
This screening is conducted using the WWF Water Risk Filter tool that evaluates both basin-level and operational water risks across 12 risk categories.,44,Water use,other,,12,,,,0.5,data/raw/hm/2025_sustainability_report.pdf
"To further support forward-looking risk management, we conducted a qualitative climate-related scenario analysis in 2024 covering an assessment of physical water-related risks along our value chain.",44,Water use,other,hedged,2024,,,value chain,1.0,data/raw/hm/2025_sustainability_report.pdf
"To ensure we reach the targets and fulfil our policy commitments, we plan to take action to improve water efficiency and increase the use of recycled water in our supply chain.",44,Water use > Targets for 2030,attribute,hedged,,,,supply chain,0.5,data/raw/hm/2025_sustainability_report.pdf
"Action: Improving water efficiency To reach our ambition, we have taken action to reduce the water intensity of our products and improve water efficiency among our Tier 1 and 2 suppliers during 2025.",44,Water use > Targets for 2030,target,hedged,1,,,supply chain (tier 1),0.5,data/raw/hm/2025_sustainability_report.pdf
"In addition, we have supported our Tier 1 and 2 suppliers with wet ­processes in developing water roadmaps tailored to their operations.",44,Water use > Targets for 2030,other,,1,,,supply chain (tier 1),1.0,data/raw/hm/2025_sustainability_report.pdf
"The aim of this action is to significantly reduce absolute usage of freshwater by 2030, compared with our 2022 baseline, and strengthen our efforts to improve water efficiency.",44,Water use > Targets for 2030,target,hedged,"2030,",2022,2030,,0.75,data/raw/hm/2025_sustainability_report.pdf
Action: Increasing the use of recycled water In 2025 we have also taken action to increase the use of recycled water in our production processes by supporting our suppliers in adopting water recycling technologies.,44,Water use > Targets for 2030,attribute,,2025,,,,0.5,data/raw/hm/2025_sustainability_report.pdf
The aim of this action is to increase the share of recycled water that is used in our production processes by 2030 against a 2022 baseline.,44,Water use > Targets for 2030,target,hedged,2030,2022,2030,,0.75,data/raw/hm/2025_sustainability_report.pdf
"Although we are actively implementing actions to increase the use of recycled water, we do not disclose specific financial resources allocated to these actions because such costs and investments are integrated into our normal business operations and cannot be separately identified.",44,Water use > Targets for 2030,attribute,,,,,,0.0,data/raw/hm/2025_sustainability_report.pdf
The percentage of recycled water used in Tier 1 and 2 production units continues to increase and reached 20.3 percent compared with 18.4 percent last year.,44,Water use > Targets for 2030,achievement,achievement,20.3 percent,,,supply chain (tier 1),0.67,data/raw/hm/2025_sustainability_report.pdf
"Water usage in the supply chain Covers Tier 1 and 2 wet processing units, excluding raw material cultivation.",44,Water use > Freshwater usage in the supply chain,other,,1,,,supply chain; supply chain (tier 1),1.0,data/raw/hm/2025_sustainability_report.pdf
Recycled and reused water Measures total recycled or reused water in Tier 1 and 2 units.,44,Water use > Freshwater usage in the supply chain,attribute,,1,,,supply chain (tier 1),1.0,data/raw/hm/2025_sustainability_report.pdf
The metric is calculated as the sum of all reported volumes of recycled and reused water.,44,Water use > Freshwater usage in the supply chain,attribute,,,,,,0.0,data/raw/hm/2025_sustainability_report.pdf
"Our business relies on access to water in the production process, particularly during wet processing stages carried out by our Tier 1 and 2 suppliers.",44,Water use > Water withdrawals and consumption in the supply chain,other,,1,,,supply chain (tier 1),1.0,data/raw/hm/2025_sustainability_report.pdf
"To address this matter, we monitor water intensity in wet processing at our Tier 1 and 2 supplier sites to identify high-impact areas and enable targeted freshwater reduction strategies.",44,Water use > Water withdrawals and consumption in the supply chain,other,,1,,,supply chain (tier 1),1.0,data/raw/hm/2025_sustainability_report.pdf
"To achieve this ambition, we focus our efforts on eliminating business practices that harm ecosystems by increasing the use and availability of certified, recycled and sustainably sourced materials.",45,Biodiversity and ecosystems,target,hedged,,,,,0.0,data/raw/hm/2025_sustainability_report.pdf
The results show that our on­going efforts to increase the use of recycled and sustainably sourced materials will support business resilience in the short to medium term (within one to five years).,45,Biodiversity and ecosystems,attribute,firm,,,,,0.0,data/raw/hm/2025_sustainability_report.pdf
"To gain a better understanding of our business resilience, we plan to further develop our risk analysis for biodiversity and ecosystems in 2026, in line with the Task Force on Nature-related Financial Disclosures (TNFD) framework.",45,Biodiversity and ecosystems,other,hedged,"2026,",,,,0.5,data/raw/hm/2025_sustainability_report.pdf
"In addition, the results from our climate-related scenario analysis highlighted risks related to our dependence on biodiversity and ecosystems – particularly in relation to activities in Tier 4 involving raw material extraction.",45,Biodiversity and ecosystems,other,,4,,,,0.5,data/raw/hm/2025_sustainability_report.pdf
"The results show that our dependency on biodiversity and ecosystem services, could expose us to financial and operational risks1 related to our resource use and inflows in the medium to long term (within five to fifteen years).",45,Biodiversity and ecosystems,other,hedged,,,,,0.0,data/raw/hm/2025_sustainability_report.pdf
"Our targets and actions During 2025, we evaluated the potential to set science based biodiversityrelated targets, guided by the Science Based Targets Network (SBTN) framework.",45,Biodiversity and ecosystems,other,,"2025,",,,,0.5,data/raw/hm/2025_sustainability_report.pdf
"As a result, we intend to adopt biodiversity-related targets for land in 2026, covering our upstream value chain with a particular focus on reducing our land footprint, and mitigating the risk of land-use change, ­deforestation, and ecosystem degradation.",45,Biodiversity and ecosystems,other,hedged,"2026,",,,value chain; upstream,1.0,data/raw/hm/2025_sustainability_report.pdf
"While we have not yet set bio­diversity-related targets for 2025, our existing materials targets – which aim to increase the share of recycled and sustainably sourced materials – are related to our actions to reduce pressure on ecosystems.",45,Biodiversity and ecosystems,attribute,hedged,"2025,",,,,0.5,data/raw/hm/2025_sustainability_report.pdf
"Action: Reducing the conversion of land and natural ecosystems In 2025, we have been working towards avoiding the conversion of natural ecosystems by increasing the availability and use of sustainably sourced materials.",45,Biodiversity and ecosystems,attribute,hedged,"2025,",,,,0.5,data/raw/hm/2025_sustainability_report.pdf
These efforts involve suppliers at Tier 4 and encompass planned initiatives until 2030 in support of our material targets.,45,Biodiversity and ecosystems,target,hedged,4,,2030,,0.5,data/raw/hm/2025_sustainability_report.pdf
We have allocated resources towards this action in the form of investments to increase the use of sustainably sourced materials.,45,Biodiversity and ecosystems,attribute,,,,,,0.0,data/raw/hm/2025_sustainability_report.pdf
"Action: Reducing our land footprint In 2025, we have taken action to reduce our land footprint for cotton, wool and leather, by increasing the use of recycled materials and investing in ­agricultural practices that improve soil health, enhance water retention and protect biodiversity.",45,Biodiversity and ecosystems,attribute,,"2025,",,,,0.5,data/raw/hm/2025_sustainability_report.pdf
"In parallel, we are increasing the share of recycled materials in our products and packaging.",45,Biodiversity and ecosystems,attribute,,,,,,0.0,data/raw/hm/2025_sustainability_report.pdf
This action includes planned initiatives until 2030 to support our material targets.,45,Biodiversity and ecosystems,target,hedged,2030,,2030,,0.5,data/raw/hm/2025_sustainability_report.pdf
We have allocated resources towards this action in the form of investments to increase the availability of recycled materials and through efforts to expand sourcing from suppliers that apply improved soil and rangeland management practices.,45,Biodiversity and ecosystems,attribute,,,,,,0.0,data/raw/hm/2025_sustainability_report.pdf
"Action: Restoring landscape in India To support our objective of contributing to reversing nature loss and contributing to the Global Goals on Biodiversity, we are implementing landscapelevel projects in India, one submitted to SBTN as a Land Target 3 project.",45,Biodiversity and ecosystems,target,hedged,3,,,,0.25,data/raw/hm/2025_sustainability_report.pdf
"Action: Restoring landscape in South Africa To support our objective of reversing nature loss and contributing to the Global Goals on Biodiversity, we are implementing landscape-level projects in South Africa, one submitted to SBTN as a Land Target 3 project.",45,Biodiversity and ecosystems,target,hedged,3,,,,0.25,data/raw/hm/2025_sustainability_report.pdf
"Our progress and results During 2025, we made progress toward reducing our impact on nature and supporting biodiversity protection and restoration.",45,Biodiversity and ecosystems,other,,"2025,",,,,0.5,data/raw/hm/2025_sustainability_report.pdf
"Throughout the year, we continued our efforts to avoid and reduce land‑use changes and the conversion of natural ecosystems by increasing the use of sustainably sourced materials.",45,Biodiversity and ecosystems,attribute,,,,,,0.0,data/raw/hm/2025_sustainability_report.pdf
"In parallel, we increased the use of recycled materials to help minimise the land required for production.",45,Biodiversity and ecosystems,attribute,achievement,,,,,0.0,data/raw/hm/2025_sustainability_report.pdf
"Our commitment to increasing the share of recycled and sustainably sourced materials, improving raw‑material traceability, and continued collaboration with WWF will remain central to achieving our biodiversity ambitions.",45,Biodiversity and ecosystems,attribute,firm,,,,,0.0,data/raw/hm/2025_sustainability_report.pdf
"To address this matter, we are increasing the use of recycled materials and improving resource efficiency.",45,Biodiversity and ecosystems > Land degradation,attribute,,,,,,0.0,data/raw/hm/2025_sustainability_report.pdf
"We also strive to support the circulation of products and materials to their highest value, improve resource efficiency, and increase the proportion of products and packaging that are reused and recycled.",46,Resource use and circular economy,attribute,hedged,,,,,0.0,data/raw/hm/2025_sustainability_report.pdf
"To achieve this ambition, we focus our efforts on shifting towards using recycled or sustainably sourced ­materials for our products and packaging, improving product durability and recyclability, and scaling services that extend product life such as resale.",46,Resource use and circular economy,target,hedged,,,,,0.0,data/raw/hm/2025_sustainability_report.pdf
"Our efforts within this area are closely aligned with our strategic priorities, with a focus on generating growth through new business models, shifting towards increasing the use of recycled or sustainably sourced materials, and enhancing customer ­relevance and convenience.",46,Resource use and circular economy,attribute,,,,,,0.0,data/raw/hm/2025_sustainability_report.pdf
This includes a commitment to transitioning away from using virgin materials and increasing the use of recycled or sustainably sourced materials.,46,Resource use and circular economy,attribute,firm,,,,,0.0,data/raw/hm/2025_sustainability_report.pdf
"Our targets and actions To ensure we achieve our ambition of decoupling growth from resource use, we have set targets related to our actions to increase the use of recycled and sustainably sourced materials.",46,Resource use and circular economy,target,hedged,,,,,0.0,data/raw/hm/2025_sustainability_report.pdf
"Resource use and inflows We have set a target to use 100 percent recycled or sustainably sourced materials in our products by 2030, with an aim to achieve 50 percent recycled materials.",46,Resource use and circular economy > Targets for 2030,target,hedged,100 percent,,2030,,0.5,data/raw/hm/2025_sustainability_report.pdf
"In addition, we have set a milestone target to use at least 30 percent recycled materials in our products by 2025.",46,Resource use and circular economy > Targets for 2030,target,,30 percent,,2025,,0.5,data/raw/hm/2025_sustainability_report.pdf
"These targets have been developed based on input from the Textile Exchange Fiber & Material Matrix and their goal to guide the industry towards reducing greenhouse gas emissions from fibre and raw material production, and their industry challenges on for example recycled polyester.",46,Resource use and circular economy > Targets for 2030,attribute,achievement,,,,,0.0,data/raw/hm/2025_sustainability_report.pdf
"Action: Increase the use and availability of recycled materials During 2025, we have taken action to increase the use of recycled materials in our products and packaging.",46,Resource use and circular economy > Targets for 2030,attribute,,"2025,",,,,0.5,data/raw/hm/2025_sustainability_report.pdf
"To address the limited access to recycled alternatives, we continued to support our investment in Syre for textile-­totextile recycled polyester and signed a multi-year agreement to source ­CIRCULOSE® as a replacement for virgin viscose.",46,Resource use and circular economy > Targets for 2030,attribute,hedged,,,,,0.0,data/raw/hm/2025_sustainability_report.pdf
"We collaborated with RE&UP, Recover, and Loopamid to scale preand post-consumer recycled feedstock, particularly for cotton and polyester, and launched our first ­collection from the UNIDO SWITCH2CE pilot in Bangladesh.",46,Resource use and circular economy > Targets for 2030,attribute,achievement,,,,,0.0,data/raw/hm/2025_sustainability_report.pdf
"We continue to incorporate Global Recycling standard (GRS), Recycling Claim standard (RCS), and ­Forest Stewardship Council (FSC) certified recycled materials into our material roadmaps and phased out virgin polyester and down.",46,Resource use and circular economy > Targets for 2030,attribute,achievement,,,,,0.0,data/raw/hm/2025_sustainability_report.pdf
These actions support our 2030 target of achieving 100 percent recycled or sustainably sourced materials and contribute to our GHG emission reduction targets.,46,Resource use and circular economy > Targets for 2030,target,hedged,100 percent,,,,0.25,data/raw/hm/2025_sustainability_report.pdf
"In 2025, we allocated a total of SEK 801 m OpEx on initiatives with the aim to increase the use and availability of recycled materials.",46,Resource use and circular economy > Targets for 2030,attribute,hedged,"2025,",,,,0.5,data/raw/hm/2025_sustainability_report.pdf
"Action: Increase the use and availability of sustainably sourced materials During 2025, we took action to increase the use of sustainably sourced ­materials in our products and packaging.",46,Resource use and circular economy > Targets for 2030,attribute,,"2025,",,,,0.5,data/raw/hm/2025_sustainability_report.pdf
"In 2025 we invested in two new projects to scale these practices together with the Better Cotton Initiative, The sustainable trade initiative (IDH) and Regenerative Production Landscape Collective (RPLC) aimed at reaching 35,000 farmers.",46,Resource use and circular economy > Targets for 2030,other,,2025,,,,0.5,data/raw/hm/2025_sustainability_report.pdf
"In 2025, we allocated a total of SEK 443.5 m OpEx on initiatives with the aim to increase the use and availability of sustainably sourced materials.",46,Resource use and circular economy > Targets for 2030,attribute,hedged,"2025,",,,,0.5,data/raw/hm/2025_sustainability_report.pdf
"To address this matter, we monitor materials environmental impact and material alternatives in support of our transition where we focus on scaling the use and availability of recycled and sustainably sourced materials within our value chain.",46,Resource use and circular economy > Materials and resource use (resource inflows),attribute,hedged,,,,value chain,0.5,data/raw/hm/2025_sustainability_report.pdf
"To reduce this risk, we invest in new ventures and ­initiatives that support the use and availability of ­recycled or sustainably sourced materials, and new solutions.",46,Resource use and circular economy > Risk of reduced availability of raw materials,attribute,hedged,,,,,0.0,data/raw/hm/2025_sustainability_report.pdf
We have an opportunity to reduce the dependence on virgin and conventional materials by scaling solutions for recycled and sustainably sourced materials.,46,Resource use and circular economy > Opportunity to improve business resilience,attribute,,,,,,0.0,data/raw/hm/2025_sustainability_report.pdf
"To realise this opportunity, we focus on shifting towards using recycled or sustainably sourced materials for our products and packaging.",46,Resource use and circular economy > Opportunity to improve business resilience,attribute,,,,,,0.0,data/raw/hm/2025_sustainability_report.pdf
"In addition, we invest in ventures and technologies that increase the availability of recycled or sustainably sourced materials.",46,Resource use and circular economy > Opportunity to improve business resilience,attribute,,,,,,0.0,data/raw/hm/2025_sustainability_report.pdf
"Resource outflows and waste For 2025, we have not set any time-bound or action-oriented targets related to resource outflows and waste.",47,Resource use and circular economy > Opportunity to improve business resilience,other,,"2025,",,,,0.5,data/raw/hm/2025_sustainability_report.pdf
"To achieve our policy commitment, we plan to scale services and solutions that align with circular economy principles by designing durable, recyclable products, offering services such as resale and garment collection, and implementing waste management strategies.",47,Resource use and circular economy > Opportunity to improve business resilience,attribute,firm,,,,,0.0,data/raw/hm/2025_sustainability_report.pdf
"Action: Increasing durability and recyclability of products In 2025, we took action to support the improvement of product durability, recyclability, and resource efficiency across our operations and upstream value chain.",47,Resource use and circular economy > Opportunity to improve business resilience,other,hedged,"2025,",,,own operations; value chain; upstream,1.0,data/raw/hm/2025_sustainability_report.pdf
"For recyclability, we updated internal definitions, built reporting tools, and assessed recyclable content to identify improvement areas.",47,Resource use and circular economy > Opportunity to improve business resilience,attribute,,,,,,0.0,data/raw/hm/2025_sustainability_report.pdf
"The expected outcome of this action is reduced environmental impact, optimised resource use and improved circularity through longer-­lasting, more recyclable products.",47,Resource use and circular economy > Opportunity to improve business resilience,attribute,achievement,,,,,0.0,data/raw/hm/2025_sustainability_report.pdf
"Action: Scaling services and business models that align with circular economy principles In 2025, we advanced services and business models that extend product use and enable products to circulate at their highest value.",47,Resource use and circular economy > Opportunity to improve business resilience,other,,"2025,",,,,0.5,data/raw/hm/2025_sustainability_report.pdf
"Action: Increasing the share of waste directed to reuse and recycling In 2025, we advanced our waste strategies to reduce negative environmental impacts and ensure alignment with the EU waste hierarchy and circular economy principles.",47,Resource use and circular economy > Opportunity to improve business resilience,other,,"2025,",,,,0.5,data/raw/hm/2025_sustainability_report.pdf
"Additionally, we continued collaborating with partners such as Looper Textiles and participated in multi-stakeholder initiatives, including the Global Circular Fashion Forum and UNIDO SWITCH2CE.",47,Resource use and circular economy > Opportunity to improve business resilience,other,,,,,,0.0,data/raw/hm/2025_sustainability_report.pdf
"These efforts are expected to continue to 2030, aimed at ­further increasing reuse and recycling.",47,Resource use and circular economy > Opportunity to improve business resilience,other,,"2030,",,,,0.5,data/raw/hm/2025_sustainability_report.pdf
"As a founding member of Canopy Style and member of Pack4Good, we work to transform the man-made cellulosic fibre (MMCF) and packaging supply chains to eliminate sourcing from ancient and endangered forests and scale next-generation alternative fibres.",47,Resource use and circular economy > Opportunity to improve business resilience,other,,,,,supply chain,0.5,data/raw/hm/2025_sustainability_report.pdf
"We have been a member of Textile Exchange since 2004, contributing to industry-wide efforts that transform how we produce, choose and reuse materials to benefit people and places at the source.",47,Resource use and circular economy > Opportunity to improve business resilience,achievement,achievement,"2004,",,,,0.33,data/raw/hm/2025_sustainability_report.pdf
"We are also one of the founding members of the Better Cotton Initiative (BCI) and the Organic Cotton Accelerator (OCA), which are committed to create a transparent, responsible and resilient organic cotton supply chain.",47,Resource use and circular economy > Opportunity to improve business resilience,attribute,firm,,,,supply chain,0.5,data/raw/hm/2025_sustainability_report.pdf
"We also contribute to the UNIDO SWITCH2CE programme, a pilot project in Bangladesh focused on sorting and recycling blended textile waste, building supplier capacity and supporting practices that contribute to a circular economy.",47,Resource use and circular economy > Opportunity to improve business resilience,other,hedged,,,,,0.0,data/raw/hm/2025_sustainability_report.pdf
"Our progress and results During 2025, 91 percent of the materials used in our commercial products were recycled or sustainably sourced, and 32 percent were recycled, in line with our targets.",47,Resource use and circular economy > Opportunity to improve business resilience,achievement,achievement,91 percent,,,,0.33,data/raw/hm/2025_sustainability_report.pdf
"The increase for recycled material was driven by an increase in the share of recycled polyester, now reaching 100 percent.",47,Resource use and circular economy > Opportunity to improve business resilience,achievement,achievement,100 percent,,,,0.33,data/raw/hm/2025_sustainability_report.pdf
"We made progress toward our target to increase recycled or sustainably sourced materials for packaging, reaching 86 percent during 2025.",47,Resource use and circular economy > Opportunity to improve business resilience,attribute,,86 percent,,,,0.5,data/raw/hm/2025_sustainability_report.pdf
"This progress reflects an increased share of sustainably sourced virgin paper and cardboard, in line with our target to not source conventional virgin paper and cardboard after the end of year 2025.",47,Resource use and circular economy > Opportunity to improve business resilience,attribute,achievement,,,,,0.0,data/raw/hm/2025_sustainability_report.pdf
"Recycled packaging materials reached 51 percent, reflecting a gradual reduction in plastic and cardboard packaging where the share of recycled content is high.",47,Resource use and circular economy > Opportunity to improve business resilience,achievement,achievement,51 percent,,,,0.33,data/raw/hm/2025_sustainability_report.pdf
"1. Material weight = including waste generated during production, excluding lining, trims and filling on garments.",47,Resource use and circular economy > Commercial materials and products,other,,,,,,0.0,data/raw/hm/2025_sustainability_report.pdf
"Through our in‑store Garment Collect programme, we collected 17,808 tonnes of garments, directing 60 percent to reuse, 29 percent to recycling and 11 percent directed to disposal, prioritising energy recovery.",47,Resource use and circular economy > Share of materials used in commercial products,other,,"17,808 tonnes",,,,0.5,data/raw/hm/2025_sustainability_report.pdf
Fewer ­garments were sent to reuse compared with 2024 due to a lower share of ­re­usable items collected leading to an increased share directed to recycling.,47,Resource use and circular economy > Share of materials used in commercial products,achievement,achievement,2024,2024,,,0.67,data/raw/hm/2025_sustainability_report.pdf
"In our own operations, 91 percent of waste was directed to reuse and re­­ cycling, 7 percent was directed to disposal, and 2 percent directed to landfill.",47,Resource use and circular economy > Share of materials used in commercial products,achievement,achievement,91 percent,,,own operations,0.67,data/raw/hm/2025_sustainability_report.pdf
"The 2 percent sent to landfill consists mainly of mixed waste that remains challenging to separate and recycle, such as food packaging, mixed foils and desiccants, in markets lacking other disposal methods.",47,Resource use and circular economy > Share of materials used in commercial products,other,,2 percent,,,,0.5,data/raw/hm/2025_sustainability_report.pdf
"Our internal material categorisation of recycled and sustainably sourced materials is guided by sustainability criteria, industry frameworks such as Textile Exchange, and aligned with ESRS.",48,Resource use and circular economy > Hazardous and non-hazardous waste,attribute,,,,,,0.0,data/raw/hm/2025_sustainability_report.pdf
"Our internal material categorisation of recycled and sustainably sourced materials is aligned with EU packaging regulations and verified through voluntary standards and certifications, such as FSC, GRS, and RCS.",48,Resource use and circular economy > Hazardous and non-hazardous waste,attribute,,,,,,0.0,data/raw/hm/2025_sustainability_report.pdf
"Due to challenges in extracting data from the local partner, Iceland is not included in the 2025 reporting. ­Iceland represents a very small share of total volumes, and its exclusion does not materially affect the reported results.",48,Resource use and circular economy > Hazardous and non-hazardous waste,other,,2025,,,,0.5,data/raw/hm/2025_sustainability_report.pdf
"This change has led to an increase of total weight of material in commercial products with 7 percent or 35,235 tonnes and an increase of total weight of commercial products with 5 percent or 18,325 tonnes for 2024 as compared to what was reported in our 2024 annual and sustainability report.",48,Resource use and circular economy > Hazardous and non-hazardous waste,achievement,achievement,7 percent,,,,0.33,data/raw/hm/2025_sustainability_report.pdf
It has also led to minor changes in the share of recycled or sustainably sourced materials for commercial products.,48,Resource use and circular economy > Hazardous and non-hazardous waste,attribute,,,,,,0.0,data/raw/hm/2025_sustainability_report.pdf
"This change has led to a decrease of total weight of packaging material with 2 percent or 2,227 tonnes for 2024 as compared to what was reported in our 2024 annual and sustainability report.",48,Resource use and circular economy > Hazardous and non-hazardous waste,achievement,achievement,2 percent,,,,0.33,data/raw/hm/2025_sustainability_report.pdf
It has also led to minor changes in the share of recycled materials for packaging.,48,Resource use and circular economy > Hazardous and non-hazardous waste,attribute,,,,,,0.0,data/raw/hm/2025_sustainability_report.pdf
"In our own operations, 91 percent of waste was directed to reuse and recycling, while 7 percent was sent for disposal and 2 percent to landfill.",48,Resource use and circular economy > Hazardous and non-hazardous waste,achievement,achievement,91 percent,,,own operations,0.67,data/raw/hm/2025_sustainability_report.pdf
"Non-recycled waste amounted to 7,470 tonnes, representing 14 percent of total operational waste.",48,Resource use and circular economy > Hazardous and non-hazardous waste,attribute,,"7,470 tonnes",,,,0.5,data/raw/hm/2025_sustainability_report.pdf
1. Product waste includes products discarded in our own operations in stores or in distribution centres.,48,Resource use and circular economy > Waste generated in own operations,other,,,,,own operations,0.5,data/raw/hm/2025_sustainability_report.pdf
2. Packaging and other operational waste include all packaging waste & other operational waste generated at our distribution centres.,48,Resource use and circular economy > Waste generated in own operations,other,,,,,,0.0,data/raw/hm/2025_sustainability_report.pdf
"Assessment of eligibility While we acknowledge the 10 percent threshold introduced by Commission Delegated Regulation (EU) 2026/73, H&M Group will report eligible economic activities based on the internally set threshold for 2025 if the activities are considered material to H&M Group’s business.",49,Reporting in line with article 8 of the EU Taxonomy Regulation,other,firm,10 percent,,,,0.5,data/raw/hm/2025_sustainability_report.pdf
Circular Economy (CE) 5.4 Sale of second-hand goods.,49,Reporting in line with article 8 of the EU Taxonomy Regulation,other,,5.4,,,,0.5,data/raw/hm/2025_sustainability_report.pdf
The description of economic activity 5.4 under the circular economy delegated act states that only second-hand goods used for intended purpose by customers shall be included.,49,Reporting in line with article 8 of the EU Taxonomy Regulation,other,firm,5.4,,,,0.5,data/raw/hm/2025_sustainability_report.pdf
"Climate Change Mitigation (CCM) 7.3 Installation, maintenance and repair of energy efficient equipment H&M Group is undertaking various energy efficiency projects, many of which are immaterial or of financial support, rather than of an investment nature.",49,Reporting in line with article 8 of the EU Taxonomy Regulation,other,hedged,7.3,,,,0.5,data/raw/hm/2025_sustainability_report.pdf
"This project falls under the EU ­Taxonomy economic activity 7.3 Installation, maintenance and repair of energy efficient equipment under climate change mitigation delegated act and is therefore included in the taxonomy reporting.",49,Reporting in line with article 8 of the EU Taxonomy Regulation,other,,7.3,,,,0.5,data/raw/hm/2025_sustainability_report.pdf
"Climate Change Mitigation (CCM) 7.5 Installation, maintenance and repair of instruments and devices for measuring, regulation and controlling energy performance of buildings H&M Group is investing in the maintenance and repair of building energy management systems (BEMS) and lighting control systems and energy management systems (EMS) in existing stores.",49,Reporting in line with article 8 of the EU Taxonomy Regulation,other,,7.5,,,,0.5,data/raw/hm/2025_sustainability_report.pdf
"Such investments fall under the EU Taxonomy economic activity 7.5 Installation, maintenance and repair of instruments and devices for measuring, regulation and controlling energy performance of buildings under climate change mitigation delegated act and is therefore included in our taxonomy reporting.",49,Reporting in line with article 8 of the EU Taxonomy Regulation,other,,7.5,,,,0.5,data/raw/hm/2025_sustainability_report.pdf
"Climate Change Mitigation (CCM) 7.7 Acquisition and ownership of buildings H&M Group has an extensive amount of right of use of assets, as all store locations are leased.",49,Reporting in line with article 8 of the EU Taxonomy Regulation,other,,7.7,,,,0.5,data/raw/hm/2025_sustainability_report.pdf
All H&M Group’s new or renegotiated rights of use assets fall under the EU Taxonomy economic activity 7.7 Acquisition and owner­ship of buildings under climate change mitigation delegated act and are therefore included in the taxonomy reporting.,49,Reporting in line with article 8 of the EU Taxonomy Regulation,other,,7.7,,,,0.5,data/raw/hm/2025_sustainability_report.pdf
"Non-material economic activities H&M Group undertakes additional economic activities beyond those listed above: however, their total value is below an internally set threshold of ­ SEK 50 m. These economic activities are considered non-material to H&M Group’s business.",49,Reporting in line with article 8 of the EU Taxonomy Regulation,other,,50,,,,0.5,data/raw/hm/2025_sustainability_report.pdf
"Such economic activities are installation, maintenance and repair of renewable energy technologies – solar panels (7.6 CCM/CCA) and data-driven ­solutions for GHG emissions reduction (8.2 CCM/CCA).",49,Reporting in line with article 8 of the EU Taxonomy Regulation,other,,7.6,,,,0.5,data/raw/hm/2025_sustainability_report.pdf
CE 5.4 Compliance with the technical screening criteria of substantial contribution to circular economy The economic activity consists of selling a second-hand product that has been used for its intended purpose by a customer.,49,Reporting in line with article 8 of the EU Taxonomy Regulation,achievement,achievement,5.4,,,,0.33,data/raw/hm/2025_sustainability_report.pdf
The packaging used by Sellpy meets the requirement of at least 65 percent recycled ­material.,49,Reporting in line with article 8 of the EU Taxonomy Regulation,attribute,,65 percent,,,,0.5,data/raw/hm/2025_sustainability_report.pdf
"CE 5.4 Compliance with the technical screening criteria of not causing significant harm (DNSH) Climate change mitigation In line with the criteria, the direct GHG emissions coming from on-site ­generation of heat/cool or co-generation including power (i.e., from the warehouses that handle Sellpy’s operations) are lower than 270 gCO2e/kWh.",49,Reporting in line with article 8 of the EU Taxonomy Regulation,other,,5.4,,,,0.5,data/raw/hm/2025_sustainability_report.pdf
"As part of the efforts to reduce emissions, the H&M group climate strategy and reporting data also covers Scope 1 and 2 of Sellpy’s emissions, while Sellpy reports its own transport emissions.",49,Reporting in line with article 8 of the EU Taxonomy Regulation,other,,1,,,Scope 1,1.0,data/raw/hm/2025_sustainability_report.pdf
"In 2025, we continued to work on initiatives such as global health and safety week that promote employee wellbeing, ­helping to create healthier, more balanced working environments.",52,Own workforce > Work-life balance,other,,"2025,",,,,0.5,data/raw/hm/2025_sustainability_report.pdf
"We will continue to explore ways to strengthen our efforts in Tier 3 and 4 of our supply chain, as well as develop actions to manage potential negative impacts for people working in our downstream value chain.",56,Workers in the value chain > Sexual harassment and gender-based violence in the value chain,other,firm,3,,,value chain; supply chain; downstream,1.0,data/raw/hm/2025_sustainability_report.pdf
"Action: Working conditions in raw material extraction (Tier 4) In 2025, we strengthened our due diligence processes to uphold decent working conditions at our Tier 4 supplier sites by working in closer collaboration with organisations such as the Better Cotton Initiative (BCI) and Organic Cotton Accelerator (OCA).",56,Workers in the value chain > Targets for 2030,attribute,,4,,,,0.5,data/raw/hm/2025_sustainability_report.pdf
Due to a technical issue this was wrongly stated as 100 percent in our 2024 annual and sustainability report.,57,Workers in the value chain > Supply chain management,achievement,achievement,100 percent,,,,0.33,data/raw/hm/2025_sustainability_report.pdf
Supply chain management – Health and safety committees Covers Tier 1 units with occupational health and safety (OHS) committees verified via Facility Social & Labor Module (FSLM) assessments.,57,Workers in the value chain > Human rights issues raised with national monitoring committees (NMC),other,,1,,,supply chain; supply chain (tier 1),1.0,data/raw/hm/2025_sustainability_report.pdf
Supply chain management – Trade union representation Covers Tier 1 units with registered trade unions.,57,Workers in the value chain > Human rights issues raised with national monitoring committees (NMC),other,,1,,,supply chain; supply chain (tier 1),1.0,data/raw/hm/2025_sustainability_report.pdf
Supply chain management – Collective bargaining agreements Covers Tier 1 units with legally binding collective bargaining agreements (CBA).,57,Workers in the value chain > Human rights issues raised with national monitoring committees (NMC),other,,1,,,supply chain; supply chain (tier 1),1.0,data/raw/hm/2025_sustainability_report.pdf
"This includes activities such as the use and management of chemicals in Tier 1 and 2 of our supply chain, as well as the use of land to extract raw materials in Tier 3 and 4.",57,Affected communities,other,,1,,,supply chain; supply chain (tier 1),1.0,data/raw/hm/2025_sustainability_report.pdf
"Overall, our progress in 2025 reflects continued integration of human rights considerations into supply chain management.",57,Affected communities,other,,2025,,,supply chain,1.0,data/raw/hm/2025_sustainability_report.pdf
"To ensure we reach these targets and fulfil our policy ­commitments, we plan to shift towards using recycled and sustainably sourced materials for our products.",58,Affected communities > Community access to a clean and healthy environment,attribute,hedged,,,,,0.0,data/raw/hm/2025_sustainability_report.pdf
"In 2026, we also plan to develop a pilot project to establish a community complaint mechanism in collaboration with WaterAid.",58,Affected communities > Community access to a clean and healthy environment,other,hedged,"2026,",,,,0.5,data/raw/hm/2025_sustainability_report.pdf
"Action: Respecting land rights and livelihoods During 2025, we have taken action to support people living in communities affected by raw material extraction near our Tier 4 supplier sites.",58,Affected communities > Community access to a clean and healthy environment,other,hedged,"2025,",,,,0.5,data/raw/hm/2025_sustainability_report.pdf
"Action: Securing access to clean water and a healthy environment To further support affected communities and their access to clean water and a healthy environment, we require all our Tier 1 and 2 suppliers to comply with national regulations as well as ZDHC standards for wastewater treatment and discharge water quality.",58,Affected communities > Community access to a clean and healthy environment,other,hedged,1,,,supply chain (tier 1),1.0,data/raw/hm/2025_sustainability_report.pdf
During 2025 we have also strengthened our policy commitments to ensure we work towards ensuring the access to a clean and healthy environment for people living in affected communities.,58,Affected communities > Community access to a clean and healthy environment,other,hedged,2025,,,,0.5,data/raw/hm/2025_sustainability_report.pdf
"Our progress and results During 2025, we strengthened our efforts to reduce pressure on land and natural resources by increasing the use of recycled and sustainably sourced materials, with a particular focus on Tier 4.",58,Affected communities > Community access to a clean and healthy environment,attribute,,"2025,",,,,0.5,data/raw/hm/2025_sustainability_report.pdf
"To address this matter, we uphold strict animal welfare ­standards by prohibiting fur, exotic skins, and materials from endangered species, while promoting recycled animal fibres and alternatives.",60,Business conduct > Animal welfare,attribute,,,,,,0.0,data/raw/hm/2025_sustainability_report.pdf
