sentence,page,section_path,claim_type,strength,quantity,baseline,deadline,scope,slot_fill_score,source_file,company,publish_year,n_words,vague_ratio,hedging_ratio,future_ratio,quantification_present,baseline_present,date_present,scope_present,verification_present,specificity_score,readability,passive_voice,modal_firm,modal_soft,positive_tone_words
Our 2021 Sustainability Report builds on our sustainability progress over the last decade—particularly since we cofounded The Climate Pledge in 2019 and announced our commitment to achieve net-zero carbon emissions across our business by 2040.,2,About This Report,target,firm,2021,,2040,,0.5,data/raw/amazon/2021_sustainability_report.pdf,amazon,2021,33,0.0,0.0,0.0806,True,False,True,False,False,0.4,1.6,False,False,False,1
"Customer reviews, 1-Click shopping, personalized recommendations, Prime, Fulfillment by Amazon, Amazon Web Services (AWS), Kindle Direct Publishing, Kindle, Career Choice, Fire tablets, Fire TV, Amazon Echo, Alexa, Just Walk Out technology, Amazon Studios, and The Climate Pledge are some of the things pioneered by Amazon.",2,About Amazon,target,firm,1,,,,0.25,data/raw/amazon/2021_sustainability_report.pdf,amazon,2021,45,0.0,0.0,0.0,True,False,False,False,False,0.2,-0.5,False,False,False,0
"In 2019, we co-founded The Climate Pledge and made a commitment to achieve net-zero carbon by 2040—10 years ahead of the Paris Agreement.",3,About Amazon > Delivering Progress for the Planet,target,firm,"2019,",2040,2040,,0.75,data/raw/amazon/2021_sustainability_report.pdf,amazon,2021,21,0.0,0.0,0.1152,True,True,True,False,False,0.6,48.5,False,False,False,0
"We invited others to join us and there are now more than 300 businesses and organizations across 51 industries and 29 countries that have signed the Pledge, which means we are collectively coming at the climate crisis from nearly every sector and nearly every angle.",3,About Amazon > Delivering Progress for the Planet,target,firm,300,,,,0.25,data/raw/amazon/2021_sustainability_report.pdf,amazon,2021,42,0.0,0.0,0.0,True,False,False,False,False,0.2,21.2,False,False,False,0
"As part of our efforts to decarbonize our business, we became the world’s largest corporate purchaser of renewable energy in 2020, and last year, we reached 85% renewable energy across our business.",3,About Amazon > Delivering Progress for the Planet,achievement,achievement,85%,,,,0.33,data/raw/amazon/2021_sustainability_report.pdf,amazon,2021,31,0.0,0.0,0.0,True,False,False,False,False,0.2,25.3,False,False,False,0
"We continue to expand our use of zero-emission transportation such as electric delivery vans, cargo bikes, and on-foot deliveries, and in 2021, more than 100 million packages were delivered to our customers’ doorsteps globally using zero-emission vehicles.",3,About Amazon > Delivering Progress for the Planet,achievement,achievement,100 million,,,global,0.67,data/raw/amazon/2021_sustainability_report.pdf,amazon,2021,35,0.0,0.0,0.0,True,False,False,True,False,0.4,-7.6,True,False,False,0
"We are also investing in nature-based solutions, and last year, we helped to create the Lowering Emissions by Accelerating Forest finance (LEAF) Coalition—a global initiative of governments and leading companies that has already mobilized $1 billion to protect the world’s tropical rainforests.",3,About Amazon > Delivering Progress for the Planet,other,,1 billion,,,,0.5,data/raw/amazon/2021_sustainability_report.pdf,amazon,2021,43,0.0233,0.0,0.0,True,False,False,False,False,0.107,-4.0,False,False,False,1
We will continue to act boldly to address climate change and to invest in solutions to help meet our commitment to reach net-zero carbon across our operations by 2040.,3,About Amazon > Delivering Progress for the Planet,target,firm,,,2040,own operations,0.5,data/raw/amazon/2021_sustainability_report.pdf,amazon,2021,28,0.0,0.0,0.1271,False,False,True,True,False,0.4,42.5,False,True,False,1
"Throughout 2021, we embedded the spirit of this Leadership Principle into our everyday actions and continued to make progress on our environmental and social commitments.",3,"About Amazon > Vice President, Worldwide Sustainability, Amazon",target,,"2021,",,2021,,0.5,data/raw/amazon/2021_sustainability_report.pdf,amazon,2021,24,0.0417,0.0,0.0417,True,False,True,False,False,0.233,20.3,False,False,False,2
"Partnered with Water.org and WaterAid in India and Indonesia to provide clean water to over 250,000 community members.",5,Sustainability Around the Globe > South Africa,other,,"250,000",,,,0.5,data/raw/amazon/2021_sustainability_report.pdf,amazon,2021,18,0.0,0.0,0.0,True,False,False,False,False,0.2,37.9,False,False,False,0
"Announced our first renewable energy project in Singapore, a 62-megawatt (MW) solar project made up of a series of solar panels mounted on a ground system that will generate 80,000 MWh of clean energy annually.",5,Sustainability Around the Globe > South Africa,attribute,firm,"80,000 MWh",,,,0.5,data/raw/amazon/2021_sustainability_report.pdf,amazon,2021,34,0.0,0.0,0.0294,True,False,False,False,False,0.2,28.0,False,True,False,0
Announced our largest renewable energy project in Canada in June 2021.,5,Sustainability Around the Globe > South Africa,other,,,,,,0.0,data/raw/amazon/2021_sustainability_report.pdf,amazon,2021,10,0.0,0.0,0.0,False,False,False,False,False,0.0,27.5,False,False,False,0
"Once online, our renewable projects in Canada will produce more than 1 million megawatt-hours (MWh) each year.",5,Sustainability Around the Globe > South Africa,other,firm,1 million,,,,0.5,data/raw/amazon/2021_sustainability_report.pdf,amazon,2021,16,0.0,0.0,0.0625,True,False,False,False,False,0.2,47.8,False,True,False,0
"Launched our first operational solar project in South Africa, expected to generate up to 28,000 MWh of renewable energy per year for the grid.",5,Sustainability Around the Globe > South Africa,achievement,achievement,"28,000 MWh",,,,0.33,data/raw/amazon/2021_sustainability_report.pdf,amazon,2021,23,0.0,0.1304,0.0,True,False,False,False,True,0.1,36.4,False,False,False,0
"Renewable Energy With 274 renewable projects announced as of the end of 2021, Amazon is the world’s largest corporate purchaser of renewable energy.",9,Environment Investing in Positive Impact > Reach net-zero carbon emissions across our operations by 2040,other,,274,,,,0.5,data/raw/amazon/2021_sustainability_report.pdf,amazon,2021,22,0.0,0.0,0.0,True,False,False,False,False,0.2,23.0,False,False,False,0
The Climate Pledge Over 300 signatories have joined Amazon in signing The Climate Pledge.,9,Environment Investing in Positive Impact > Reach net-zero carbon emissions across our operations by 2040,target,firm,300,,,,0.25,data/raw/amazon/2021_sustainability_report.pdf,amazon,2021,13,0.0,0.0,0.0,True,False,False,False,False,0.2,44.0,False,False,False,0
"Products In 2021, more than 370 million Climate Pledge Friendly units were shipped to Amazon customers and we welcomed 20 new third‑party sustainability certifications to the Climate Pledge Friendly program.",9,Environment Investing in Positive Impact > Reach net-zero carbon emissions across our operations by 2040,target,firm,370 million,,,,0.25,data/raw/amazon/2021_sustainability_report.pdf,amazon,2021,28,0.0,0.0,0.0,True,False,False,False,False,0.2,18.3,True,False,False,0
"In 2021, more than 100 million packages were delivered to our customers’ doorsteps globally using zero-emission vehicles.",9,Our Environmental Commitments and Progress,achievement,achievement,100 million,,,global,0.67,data/raw/amazon/2021_sustainability_report.pdf,amazon,2021,15,0.0,0.0,0.0,True,False,False,True,False,0.4,5.5,True,False,False,0
"Since 2015, we have reduced per-shipment packaging weight by 38% and eliminated over 1.5 million tons of packaging.",9,Our Environmental Commitments and Progress,achievement,achievement,38%,,,,0.33,data/raw/amazon/2021_sustainability_report.pdf,amazon,2021,15,0.0,0.0,0.0,True,False,False,False,False,0.2,35.7,False,False,False,0
"That’s why we co-founded The Climate Pledge, a commitment to reach net-zero carbon by 2040—10 years ahead of the Paris Agreement.",10,Our Carbon Footprint,target,firm,2040,2040,2040,,0.75,data/raw/amazon/2021_sustainability_report.pdf,amazon,2021,21,0.0,0.0,0.1152,True,True,True,False,False,0.6,52.6,False,False,False,0
"With all of our growth in 2021, our absolute carbon emissions increased by 18% in 2021; however, importantly, our carbon intensity decreased by 1.9%—this is the third year in a row we’ve seen our carbon intensity decrease.",10,Our Carbon Footprint,achievement,achievement,18%,,,,0.33,data/raw/amazon/2021_sustainability_report.pdf,amazon,2021,35,0.0,0.0,0.0,True,False,False,False,False,0.2,48.9,False,False,False,0
"The path to net-zero carbon has many obstacles, but we thrive on big challenges.",10,Our Carbon Footprint,attribute,,,,,,0.0,data/raw/amazon/2021_sustainability_report.pdf,amazon,2021,14,0.0714,0.0,0.0,False,False,False,False,False,0.0,59.7,False,False,False,0
"In 2021, we reached 85% renewable energy across our operations, and we are on a path to achieve 100% by 2025—five years ahead of the original target of 2030.",10,Our Carbon Footprint,target,achievement,85%,,2025,own operations,0.75,data/raw/amazon/2021_sustainability_report.pdf,amazon,2021,25,0.0,0.0,0.06,True,False,True,True,False,0.6,46.1,False,False,False,0
This transition to 100% renewable energy benefits our customers as well.,10,Our Carbon Footprint,other,,100%,,,,0.5,data/raw/amazon/2021_sustainability_report.pdf,amazon,2021,10,0.0,0.0,0.0,True,False,False,False,False,0.2,27.5,False,False,False,0
Studies by the international analyst firm 451 Research found that moving on-premises computing workloads to AWS can lower workload carbon footprint by nearly 80% compared to surveyed enterprise data centers.,10,Our Carbon Footprint,other,,80%,,,,0.5,data/raw/amazon/2021_sustainability_report.pdf,amazon,2021,28,0.0,0.0,0.0,True,False,False,False,False,0.2,12.2,False,False,False,0
That number could improve to as high as 96% once AWS is powered with 100% renewable energy—a target we are on path to meet by 2025.,10,Our Carbon Footprint,target,hedged,96%,,2025,,0.5,data/raw/amazon/2021_sustainability_report.pdf,amazon,2021,24,0.0,0.0417,0.0617,True,False,True,False,False,0.233,66.2,True,False,True,0
AWS’ infrastructure is 3.6 times more energy efficient than the median of surveyed U.S. enterprise data centers and up to five times more energy efficient than the average European enterprise data center.,10,Our Carbon Footprint,other,,3.6,,,,0.5,data/raw/amazon/2021_sustainability_report.pdf,amazon,2021,32,0.0,0.0312,0.0,True,False,False,False,False,0.075,42.7,False,False,False,0
"We plan to make half of our shipments net-zero carbon by 2030, and to do that, we are creating a worldwide fleet of zero-emission vehicles.",11,Our Carbon Footprint > Developing More-Sustainable Transportation Infrastructure,target,hedged,"2030,",2030,2030,,0.75,data/raw/amazon/2021_sustainability_report.pdf,amazon,2021,24,0.0,0.0,0.1033,True,True,True,False,False,0.6,55.6,False,False,False,0
"Amazon is at the heart of such industry initiatives and government partnerships, including the Cargo Owners for Zero Emission Vessels network (coZEV), the First Movers Coalition, the Sustainable Aviation Buyers Alliance Aviators Group (SABA), and the Clean Energy Demand Initiative.",11,Our Carbon Footprint > Developing More-Sustainable Transportation Infrastructure,attribute,,,,,,0.0,data/raw/amazon/2021_sustainability_report.pdf,amazon,2021,40,0.0,0.0,0.0,False,False,False,False,False,0.0,-0.8,False,False,False,0
"Via The Climate Pledge Fund, Amazon has invested in CarbonCure Technologies, which enables concrete producers to make the same high-quality concrete with a lower carbon footprint, and Brimstone Energy, which seeks to make cement carbonneutral through a process focused on calcium silicate rocks, which have no embedded CO2, as well as magnesium species, which passively absorb CO2.",11,Our Carbon Footprint > Constructing MoreSustainable Buildings,target,firm,,,,,0.0,data/raw/amazon/2021_sustainability_report.pdf,amazon,2021,57,0.0,0.0175,0.0,False,False,False,False,False,0.0,-0.9,False,False,False,0
"Amazon is lowering the carbon footprint of our buildings by using CarbonCure’s systems and Brimstone Energy cement in some new construction, including in Amazon’s second headquarters in Virginia (HQ2).",11,Our Carbon Footprint > Constructing MoreSustainable Buildings,other,,,,,,0.0,data/raw/amazon/2021_sustainability_report.pdf,amazon,2021,31,0.0,0.0,0.0,False,False,False,False,False,0.0,19.8,False,False,False,0
HQ2 will be a model for sustainable construction.,11,Our Carbon Footprint > Constructing MoreSustainable Buildings,other,firm,,,,,0.0,data/raw/amazon/2021_sustainability_report.pdf,amazon,2021,8,0.0,0.0,0.125,False,False,False,False,False,0.0,61.2,False,True,False,0
"We’ve electrified the operations of HQ2, eliminating the use of fossil fuels for buildings systems and food service.",11,Our Carbon Footprint > Constructing MoreSustainable Buildings,other,,,,,,0.0,data/raw/amazon/2021_sustainability_report.pdf,amazon,2021,19,0.0,0.0,0.0,False,False,False,False,False,0.0,40.6,False,False,False,0
"Many of our fulfillment facilities throughout the U.S., Europe, and India are powered by on-site solar, where a rooftop installation can power up to 80% of the facility’s energy use.",11,Our Carbon Footprint > Constructing MoreSustainable Buildings,other,,80%,,,,0.5,data/raw/amazon/2021_sustainability_report.pdf,amazon,2021,31,0.0323,0.0323,0.0,True,False,False,False,False,0.0,49.0,True,False,False,0
"As of 2021, 115 of our global fulfillment facilities have rooftop solar installations.",11,Our Carbon Footprint > Constructing MoreSustainable Buildings,other,,"2021,",,,,0.5,data/raw/amazon/2021_sustainability_report.pdf,amazon,2021,11,0.0,0.0,0.0,True,False,False,False,False,0.2,26.5,False,False,False,0
"For example, our design standards now require concrete with a 20% reduction in embodied carbon compared with standard concrete for new U.S. data centers, and we are expanding this requirement globally.",11,Our Carbon Footprint > Constructing MoreSustainable Buildings,other,,20%,,,global,1.0,data/raw/amazon/2021_sustainability_report.pdf,amazon,2021,31,0.0,0.0,0.0,True,False,False,True,False,0.4,49.0,False,False,False,0
"Also, instead of using steel from oxygen furnaces that burn coal or gas, we are moving to steel from electric-arc furnaces, which use scrap steel and can create steel using renewable energy and up to 100% recycled content.",11,Our Carbon Footprint > Constructing MoreSustainable Buildings,attribute,,100%,,,,0.5,data/raw/amazon/2021_sustainability_report.pdf,amazon,2021,37,0.0,0.027,0.0,True,False,False,False,False,0.092,36.7,False,False,False,0
"Since 2019, we have shared the Scope 1, 2, and 3 emissions included in our footprint through our annual Sustainability Report, along with a detailed description of the comprehensive methodology underlying our calculations.",12,Our Carbon Footprint > Decarbonizing the Supply Chain,other,,"2019,",,,Scope 1,1.0,data/raw/amazon/2021_sustainability_report.pdf,amazon,2021,29,0.0,0.0,0.0,True,False,False,True,False,0.4,5.3,False,False,False,0
Measurement is critical as we work toward our goal of netzero carbon by 2040—we have to measure and understand emissions in order to eliminate them.,12,Our Carbon Footprint > Decarbonizing the Supply Chain,target,firm,2040,2040,2040,,0.75,data/raw/amazon/2021_sustainability_report.pdf,amazon,2021,25,0.0,0.0,0.1,True,True,True,False,False,0.6,35.9,False,False,False,0
"One example of this is through our partnership with the We Mean Business Coalition, a group of nonprofits focused on accelerating the transition to a net-zero economy.",12,Our Carbon Footprint > Decarbonizing the Supply Chain,attribute,,,,,,0.0,data/raw/amazon/2021_sustainability_report.pdf,amazon,2021,27,0.0,0.0,0.0,False,False,False,False,False,0.0,25.9,False,False,False,0
"With the Hub’s support, these companies are committing to halve their emissions by 2030 and to reach net-zero by 2050.",12,Our Carbon Footprint > Decarbonizing the Supply Chain,target,hedged,2030,,2030,,0.5,data/raw/amazon/2021_sustainability_report.pdf,amazon,2021,19,0.0,0.0,0.1779,True,False,True,False,False,0.4,62.9,False,False,False,0
The challenges we collectively face on the path to net-zero carbon are considerable.,12,Our Carbon Footprint > We Thrive on Big Challenges,attribute,,,,,,0.0,data/raw/amazon/2021_sustainability_report.pdf,amazon,2021,13,0.0769,0.0,0.0,False,False,False,False,False,0.0,30.9,False,False,False,0
"In 2021, we reached 85% renewable energy across our operations, and we are on a path to achieve 100% by 2025—five years ahead of the original target of 2030.",12,Our Carbon Footprint > We Thrive on Big Challenges,target,achievement,85%,,2025,own operations,0.75,data/raw/amazon/2021_sustainability_report.pdf,amazon,2021,25,0.0,0.0,0.06,True,False,True,True,False,0.6,46.1,False,False,False,0
"With our relentless culture of innovation, and a tenacious team of sustainability scientists and professionals, we are committed to reaching our 2040 target.",12,Our Carbon Footprint > We Thrive on Big Challenges,target,firm,2040,,,,0.25,data/raw/amazon/2021_sustainability_report.pdf,amazon,2021,22,0.0,0.0,0.0909,True,False,False,False,False,0.2,19.2,True,False,False,1
It’s encouraging that 300 companies are committed to working together to achieve net-zero carbon by 2040 or sooner through The Climate Pledge.,14,Reach net-zero carbon emissions across our operations by 2040,target,firm,300,2040,2040,,0.75,data/raw/amazon/2021_sustainability_report.pdf,amazon,2021,21,0.0,0.0,0.1152,True,True,True,False,False,0.6,36.5,True,False,False,1
"In 2021, 253 companies joined Amazon as signatories of The Climate Pledge—an increase of over 700% in signatories over the previous year.",14,Reach net-zero carbon emissions across our operations by 2040 > Progress in 2021,target,firm,700%,,,,0.25,data/raw/amazon/2021_sustainability_report.pdf,amazon,2021,20,0.0,0.0,0.0,True,False,False,False,False,0.2,34.3,False,False,False,0
The Climate Pledge is a commitment to reach net-zero carbon emissions by 2040—10 years ahead of the Paris Agreement.,14,Growing The Climate Pledge,target,firm,2040,2040,2040,,0.75,data/raw/amazon/2021_sustainability_report.pdf,amazon,2021,18,0.0,0.0,0.1311,True,True,True,False,False,0.6,47.6,False,False,False,0
"Amazon co‑founded The Climate Pledge in 2019 to build a cross-sector community of companies, organizations, individuals, and partners working together to address the climate crisis and solve the challenges of decarbonizing our economy.",14,Growing The Climate Pledge,target,firm,2019,,,,0.25,data/raw/amazon/2021_sustainability_report.pdf,amazon,2021,33,0.0,0.0,0.0,True,False,False,False,False,0.2,1.6,False,False,False,0
Signatories commit to reaching net-zero carbon emissions by 2040 and play a critical role in stimulating investment in the development of low-carbon products and services.,14,Growing The Climate Pledge > Our Approach,target,firm,2040,2040,2040,,0.75,data/raw/amazon/2021_sustainability_report.pdf,amazon,2021,24,0.0,0.0,0.1033,True,True,True,False,False,0.6,9.8,False,False,False,0
"The Climate Pledge joins leading organizations like the We Mean Business Coalition, Race to Zero, TED Countdown, and the Science Based Targets initiative (SBTi) to provide resources and support to mobilize the private sector to reach net-zero carbon by 2040.",14,Growing The Climate Pledge > Our Approach,target,firm,,2040,2040,,0.5,data/raw/amazon/2021_sustainability_report.pdf,amazon,2021,39,0.0256,0.0,0.0713,False,True,True,False,True,0.498,21.9,False,False,False,1
"Credible Offsets: Neutralize any remaining emissions with additional, quantifiable, real, permanent, and socially beneficial offsets to achieve net-zero annual carbon emissions by 2040.",14,Growing The Climate Pledge > The Pledge Commitments,target,,,2040,2040,,0.5,data/raw/amazon/2021_sustainability_report.pdf,amazon,2021,22,0.0,0.0,0.0655,False,True,True,False,False,0.4,-11.6,False,False,False,0
"Named by Amazon and opened in 2021, Seattle’s history-making Climate Pledge Arena embodies the spirit of the Pledge and aims to set a new sustainability bar for the sports and events industry.",15,Growing The Climate Pledge > Putting Principles Into Practice,target,firm,"2021,",,,,0.25,data/raw/amazon/2021_sustainability_report.pdf,amazon,2021,32,0.0,0.0,0.0312,True,False,False,False,False,0.2,28.9,False,False,False,0
"In November 2020, the arena submitted its net-zero carbon registration to the International Living Future Institute.",15,Growing The Climate Pledge > Putting Principles Into Practice,attribute,,"2020,",,,,0.5,data/raw/amazon/2021_sustainability_report.pdf,amazon,2021,15,0.0,0.0,0.0667,True,False,False,False,False,0.2,-5.8,False,False,False,0
"If certification is achieved, Climate Pledge Arena will be the first net-zero carbon certified arena in the world.",15,Growing The Climate Pledge > Putting Principles Into Practice,target,firm,,,,,0.0,data/raw/amazon/2021_sustainability_report.pdf,amazon,2021,18,0.0,0.0,0.0556,False,False,False,False,False,0.0,28.8,True,True,False,0
Renewable electricity from on-site solar panels and off-site renewable energy powers 100% of the arena’s operations.,15,Growing The Climate Pledge > Putting Principles Into Practice,other,,100%,,,,0.5,data/raw/amazon/2021_sustainability_report.pdf,amazon,2021,16,0.0,0.0,0.0,True,False,False,False,False,0.2,0.2,False,False,False,0
The building itself is also a feat; the original 44-million-pound roof from the previous Key Arena was reused in the construction to significantly reduce the embodied carbon of the new arena.,15,Growing The Climate Pledge > Putting Principles Into Practice,achievement,achievement,44,,,,0.33,data/raw/amazon/2021_sustainability_report.pdf,amazon,2021,31,0.0645,0.0,0.0,True,False,False,False,False,0.0,25.3,True,False,False,0
The arena is also aiming to divert over 97% of waste and eliminate 100% of single-use plastics by 2024.,15,Growing The Climate Pledge > Putting Principles Into Practice,target,hedged,97%,,2024,,0.5,data/raw/amazon/2021_sustainability_report.pdf,amazon,2021,16,0.0,0.0,0.0825,True,False,True,False,False,0.4,42.5,False,False,False,0
The Climate Pledge Fund is a $2 billion venture investment program supporting the development of sustainable technologies and services that will enable Amazon to meet our netzero carbon goal.,16,Investing in Innovation Through The Climate Pledge Fund,target,firm,2 billion,,,,0.25,data/raw/amazon/2021_sustainability_report.pdf,amazon,2021,28,0.0,0.0,0.0714,True,False,False,False,False,0.2,21.3,False,True,False,0
"Amazon’s investment in BETA Technologies advances our path to zero-emissions package delivery and builds on our previous investment in ZeroAvia, the developers of hydrogen-electric aviation solutions.",16,Investing in Innovation Through The Climate Pledge Fund,attribute,,,,,,0.0,data/raw/amazon/2021_sustainability_report.pdf,amazon,2021,27,0.0,0.0,0.0,False,False,False,False,False,0.0,-14.8,False,False,False,1
"These include fertilizer and land use, transportation, and landfill methane from wasted produce, which account for roughly 30% of the emissions from crops grown for human consumption.",16,Investing in Innovation Through The Climate Pledge Fund,other,,30%,,,,0.5,data/raw/amazon/2021_sustainability_report.pdf,amazon,2021,26,0.0,0.0385,0.0,True,False,False,False,False,0.046,37.3,False,False,False,0
"Infinium is a renewable electrofuels solution provider that focuses on converting captured carbon dioxide and hydrogen feedstocks into net-zero carbon fuels for use in today’s air transport, marine freight, and heavy truck fleets.",17,Investing in Innovation Through The Climate Pledge Fund,attribute,,,,,,0.0,data/raw/amazon/2021_sustainability_report.pdf,amazon,2021,34,0.0,0.0,0.0,False,False,False,False,False,0.0,13.1,False,False,False,0
"In 2021, The Climate Pledge Fund joined Greentown Labs , the largest climate tech startup incubator in North America.",17,Investing in Innovation Through The Climate Pledge Fund > Collaborating to Accelerate Invention,target,firm,"2021,",,,,0.25,data/raw/amazon/2021_sustainability_report.pdf,amazon,2021,17,0.0,0.0,0.0,True,False,False,False,False,0.2,45.3,False,False,False,0
"Together, Elemental Excelerator and Amazon are working to accelerate a pathway to decarbonization that mitigates the impact of climate change more quickly and equitably by identifying and supporting technology startups at the forefront of clean energy, mobility, agriculture, and the circular economy.",17,Investing in Innovation Through The Climate Pledge Fund > Collaborating to Accelerate Invention,attribute,,,,,,0.0,data/raw/amazon/2021_sustainability_report.pdf,amazon,2021,42,0.0,0.0,0.0,False,False,False,False,False,0.0,-29.2,False,False,False,1
"ION works with more than 75 customers in the mobility and energy industry across 15 countries, including India, France, Spain, and the U.S.",17,Investing in Innovation Through The Climate Pledge Fund > Collaborating to Accelerate Invention,other,,75,,,,0.5,data/raw/amazon/2021_sustainability_report.pdf,amazon,2021,22,0.0,0.0,0.0,True,False,False,False,False,0.2,57.2,False,False,False,0
"Climate science is telling us that, even with aggressive decarbonization efforts, companies will need to go beyond their own operations to reach netzero emissions by 2050.",18,Supporting Nature-Based Solutions,target,firm,,,2050,own operations,0.5,data/raw/amazon/2021_sustainability_report.pdf,amazon,2021,25,0.0,0.0,0.1,False,False,True,True,False,0.4,29.2,False,True,False,0
"In 2019, Amazon created the Right Now Climate Fund, a $100 million fund for nature-based solutions to restore and conserve forests, wetlands, and grasslands around the world.",18,Supporting Nature-Based Solutions > Our Approach,other,,100 million,,,,0.5,data/raw/amazon/2021_sustainability_report.pdf,amazon,2021,25,0.0,0.04,0.0,True,False,False,False,False,0.04,39.3,False,False,False,0
"Protecting the World’s Tropical Rainforests In 2021, Amazon helped to create the Lowering Emissions by Accelerating Forest finance (LEAF) Coalition , a global initiative of governments and leading companies that has already mobilized $1 billion to protect the world’s tropical rainforests .",18,Supporting Nature-Based Solutions > Reducing Emissions From Deforestation,other,,1 billion,,,,0.5,data/raw/amazon/2021_sustainability_report.pdf,amazon,2021,40,0.025,0.0,0.0,True,False,False,False,False,0.1,-5.1,False,False,False,1
"As part of our Right Now Climate Fund, Amazon has committed €20 million toward nature-based projects in communities across Europe.",19,Supporting Nature-Based Solutions > Nature-Based Investments in Communities Across Europe,other,firm,20 million,,,,0.5,data/raw/amazon/2021_sustainability_report.pdf,amazon,2021,19,0.0,0.0,0.0526,True,False,False,False,False,0.2,27.3,False,False,False,1
"Urban Greening in Germany In 2020, Amazon committed €3.75 million to The Nature Conservancy’s Urban Greening Program in Germany, which promotes biodiversity, reduces urban heat islands, and improves stormwater management in the face of climate change.",19,Supporting Nature-Based Solutions > Nature-Based Investments in Communities Across Europe,other,firm,3.75 million,,,,0.5,data/raw/amazon/2021_sustainability_report.pdf,amazon,2021,35,0.0,0.0,0.0286,True,False,False,False,False,0.2,17.5,False,False,False,1
Learn more about Amazon’s science-driven approach to carbon neutralization and nature-based solutions .,19,Supporting Nature-Based Solutions > Nature-Based Investments in Communities Across Europe,attribute,,,,,,0.0,data/raw/amazon/2021_sustainability_report.pdf,amazon,2021,13,0.0,0.0769,0.0,False,False,False,False,False,0.0,-8.1,False,False,False,0
"With 274 renewable projects announced as of the end of 2021, Amazon is the world’s largest corporate purchaser of renewable energy and is on a path to powering our operations with 100% renewable energy by 2025—five years ahead of our original target of 2030.",20,Supporting Nature-Based Solutions > Nature-Based Investments in Communities Across Europe,target,,100%,,2025,own operations,0.75,data/raw/amazon/2021_sustainability_report.pdf,amazon,2021,41,0.0,0.0,0.0444,True,False,True,True,False,0.6,18.7,False,False,False,0
"Since 2014, Amazon has invested in global renewable energy generation to decarbonize our business across our worldwide operations.",20,Supporting Nature-Based Solutions > Our Approach,other,,"2014,",,,,0.5,data/raw/amazon/2021_sustainability_report.pdf,amazon,2021,17,0.0,0.0,0.0,True,False,False,False,False,0.2,-4.5,False,False,False,0
These projects also help meet Amazon’s commitment to produce the clean energy equivalent of the electricity used by every customer’s Echo device.,20,Supporting Nature-Based Solutions > Our Approach,attribute,firm,,,,,0.0,data/raw/amazon/2021_sustainability_report.pdf,amazon,2021,24,0.0,0.0,0.0417,False,False,False,False,False,0.0,16.8,False,False,False,0
"We are making additional large-scale investments in wind and solar farm capacity, which will produce the clean energy equivalent to the electricity used by all Echo, Fire TV, and Ring devices worldwide by 2025.",20,Supporting Nature-Based Solutions > Our Approach,target,firm,,,2025,,0.25,data/raw/amazon/2021_sustainability_report.pdf,amazon,2021,33,0.0,0.0,0.0503,False,False,True,False,False,0.2,19.5,False,True,False,0
"In 2021, we reached 85% renewable energy across our business, with more than 12 gigawatts (GW) of renewable energy production capacity across our global portfolio.",20,Supporting Nature-Based Solutions > Our Journey,achievement,achievement,85%,,,,0.33,data/raw/amazon/2021_sustainability_report.pdf,amazon,2021,22,0.0,0.0,0.0,True,False,False,False,False,0.2,11.5,False,False,False,0
"Once these projects are fully operational, they are expected to deliver up to 33,700 gigawatt-hours of energy annually— the electricity output equivalent to powering more than 3 million U.S. homes for one year.",20,Supporting Nature-Based Solutions > Our Journey,other,,3 million,,,,0.5,data/raw/amazon/2021_sustainability_report.pdf,amazon,2021,32,0.0,0.0938,0.0,True,False,False,False,False,0.0,34.7,True,False,False,0
These projects helped power more than 30 million megawatt-hours (MWh) of electricity used by Amazon in 2021 and led to a 23% reduction in our carbon emissions from purchased electricity from 2020 to 2021.,20,Supporting Nature-Based Solutions > Our Journey,other,,30 million,2021,,,0.5,data/raw/amazon/2021_sustainability_report.pdf,amazon,2021,29,0.0,0.0,0.0,True,True,False,False,False,0.4,19.9,False,False,False,0
"In 2021, we expanded our renewable energy footprint into new geographies, and by the end of the year, announced renewable energy projects across 18 countries.",20,Supporting Nature-Based Solutions > Our Journey,other,,"2021,",,,,0.5,data/raw/amazon/2021_sustainability_report.pdf,amazon,2021,23,0.0,0.0,0.0,True,False,False,False,False,0.2,29.0,False,False,False,0
"As of December 2021, we have enabled more than 3.5 GW of renewable energy in Europe through 80 projects, making Amazon the largest purchaser of renewable energy in Europe.",20,Utility-scale wind and solar projects 169,other,,"2021,",,,,0.5,data/raw/amazon/2021_sustainability_report.pdf,amazon,2021,26,0.0,0.0,0.0,True,False,False,False,False,0.2,40.7,False,False,False,0
"In June 2021, Amazon announced our largest renewable energy project in Canada.",20,Utility-scale wind and solar projects 169,other,,"2021,",,,,0.5,data/raw/amazon/2021_sustainability_report.pdf,amazon,2021,11,0.0,0.0,0.0,True,False,False,False,False,0.2,18.8,False,False,False,0
"Once online, Amazon’s renewable projects in Canada will produce more than 1 million MWh each year—enough to power more than 100,000 Canadian homes.",20,Utility-scale wind and solar projects 169,other,firm,1 million,,,,0.5,data/raw/amazon/2021_sustainability_report.pdf,amazon,2021,23,0.0,0.0,0.0435,True,False,False,False,False,0.2,43.7,False,True,False,0
"In 2021, Amazon’s first operational solar project in South Africa started to supply clean, renewable energy to the grid that powers AWS data centers, contributing to the country’s 2030 renewable energy goals.",21,Utility-scale wind and solar projects 169 > A South African Solar Farm,other,,"2021,",,,,0.5,data/raw/amazon/2021_sustainability_report.pdf,amazon,2021,32,0.0,0.0,0.0312,True,False,False,False,True,0.4,18.4,False,False,False,0
"Located in the Northern Cape province, the 10-megawatt (MW) solar project is expected to generate up to 28,000 MWh of renewable energy per year, which is equivalent to the annual electricity consumption of over 8,000 average South African homes.",21,Utility-scale wind and solar projects 169 > A South African Solar Farm,other,,"28,000 MWh",,,,0.5,data/raw/amazon/2021_sustainability_report.pdf,amazon,2021,37,0.0,0.0811,0.0,True,False,False,False,False,0.0,11.5,True,False,False,0
"The solar project consists of more than 24,000 solar panels that track the sun from east to west, rotating on a single point.",21,Utility-scale wind and solar projects 169 > A South African Solar Farm,other,,"24,000",,,,0.5,data/raw/amazon/2021_sustainability_report.pdf,amazon,2021,22,0.0,0.0,0.0,True,False,False,False,False,0.2,73.0,False,False,False,0
"The project’s design will avoid an estimated 25,000 tons of carbon emissions annually, the equivalent of removing 5,400 cars from the road in South Africa.",21,Utility-scale wind and solar projects 169 > A South African Solar Farm,other,firm,"25,000",,,,0.5,data/raw/amazon/2021_sustainability_report.pdf,amazon,2021,24,0.0,0.0833,0.0417,True,False,False,False,False,0.0,34.4,False,True,False,0
Keeping the power grid supplied when the sun isn’t shining and the wind isn’t blowing demands innovative solutions to continually generate carbon-free electricity.,21,Utility-scale wind and solar projects 169 > Energy Storage Solutions,attribute,,,,,,0.0,data/raw/amazon/2021_sustainability_report.pdf,amazon,2021,25,0.0,0.0,0.0,False,False,False,False,True,0.2,25.8,False,False,False,1
"In 2021, Amazon announced our first solar energy and storage projects , which provide the infrastructure required to store solar energy generated when the sun is shining.",21,Utility-scale wind and solar projects 169 > Energy Storage Solutions,other,,"2021,",,,,0.5,data/raw/amazon/2021_sustainability_report.pdf,amazon,2021,25,0.0,0.0,0.0,True,False,False,False,False,0.2,22.4,False,False,False,0
"By 2025, we expect these optimizations will deliver the same amount of additional clean energy as a new 150-MW wind farm.",21,Utility-scale wind and solar projects 169 > Making the Grid Greener Through Renewable Energy Optimization,target,firm,"2025,",,2025,,0.5,data/raw/amazon/2021_sustainability_report.pdf,amazon,2021,20,0.0,0.05,0.07,True,False,True,False,False,0.2,46.9,False,True,False,0
"We use proven technologies to enhance efficiency across our facilities and pilot new ideas, including innovations supported by The Climate Pledge Fund, to transition our buildings to net-zero carbon.",22,Incorporating Sustainability Into Our Buildings > Our Approach,target,firm,,,,,0.0,data/raw/amazon/2021_sustainability_report.pdf,amazon,2021,29,0.0,0.0,0.0,False,False,False,False,False,0.0,11.1,False,False,False,0
"In 2021, we unveiled our latest plans for sustainable design enhancements at PenPlace , the second phase of our HQ2 development in Virginia.",22,Incorporating Sustainability Into Our Buildings > In Corporate Offices,other,,"2021,",,,,0.5,data/raw/amazon/2021_sustainability_report.pdf,amazon,2021,21,0.0,0.0,0.0476,True,False,False,False,False,0.2,36.5,False,False,False,0
"From the start, sustainability has been a key element of our HQ2 campus and we are committed to achieving Leadership in Energy and Environmental Design (LEED) Platinum certification, the highest sustainability certification for a development issued by the U.S. Green Building Council.",22,Incorporating Sustainability Into Our Buildings > In Corporate Offices,other,firm,,,,,0.0,data/raw/amazon/2021_sustainability_report.pdf,amazon,2021,43,0.0,0.0,0.0233,False,False,False,False,False,0.0,23.1,True,False,False,2
"In 2021, we conducted pilot projects at several new fulfillment facilities using a low-carbon concrete technology produced by CarbonCure, a company Amazon has invested in through The Climate Pledge Fund.",22,Incorporating Sustainability Into Our Buildings > In Fulfillment Facilities,target,firm,"2021,",,,,0.25,data/raw/amazon/2021_sustainability_report.pdf,amazon,2021,29,0.0345,0.0,0.0,True,False,False,False,False,0.062,8.2,False,False,False,0
"In addition, many of our fulfillment facilities throughout the U.S., Europe, and India are powered by on-site solar, where a rooftop installation can power up to 80% of the facility’s energy use.",22,Incorporating Sustainability Into Our Buildings > In Fulfillment Facilities,other,,80%,,,,0.5,data/raw/amazon/2021_sustainability_report.pdf,amazon,2021,33,0.0303,0.0303,0.0,True,False,False,False,False,0.0,47.0,True,False,False,0
"As of 2021, 115 of our global fulfillment facilities have rooftop solar installations and we continue to scale this program globally.",22,Incorporating Sustainability Into Our Buildings > In Fulfillment Facilities,other,,"2021,",,,global,1.0,data/raw/amazon/2021_sustainability_report.pdf,amazon,2021,19,0.0,0.0,0.0,True,False,False,True,False,0.4,31.7,False,False,False,0
"In early 2022, our Amazon Fresh location in Seattle, Washington, became the world’s first grocery store to pursue Zero Carbon Certification from the International Living Future Institute, a leading nonprofit dedicated to advancing sustainable building practices.",23,Incorporating Sustainability Into Our Buildings > In Our Stores,other,,"2022,",,,,0.5,data/raw/amazon/2021_sustainability_report.pdf,amazon,2021,36,0.0278,0.0,0.0278,True,False,False,False,False,0.089,-3.6,False,False,False,1
"More than a dozen upgrades were incorporated throughout the development of the store, including transitioning to a CO2-based refrigeration system that reduces greenhouse gas emissions by 38 metric tons per year compared to a conventional system.",23,Incorporating Sustainability Into Our Buildings > In Our Stores,achievement,achievement,38 metric tons,,,,0.33,data/raw/amazon/2021_sustainability_report.pdf,amazon,2021,36,0.0,0.0,0.0,True,False,False,False,False,0.2,5.8,True,False,False,0
The store also uses steel byproducts in the concrete floor to reduce embodied carbon by nearly 40% compared to a standard concrete floor.,23,Incorporating Sustainability Into Our Buildings > In Our Stores,other,,40%,,,,0.5,data/raw/amazon/2021_sustainability_report.pdf,amazon,2021,22,0.0,0.0,0.0,True,False,False,False,False,0.2,46.1,False,False,False,0
"Other key features include a fully electric kitchen space that reduces the need for fossil fuel combustion in the store, electrifying the store using 100% renewable electricity sourced from Amazon’s renewable energy projects, incorporation of low-flow fixtures in restrooms and kitchens to reduce water use, and free EV charging for customers.",23,Incorporating Sustainability Into Our Buildings > In Our Stores,other,,100%,,,,0.5,data/raw/amazon/2021_sustainability_report.pdf,amazon,2021,51,0.0,0.0,0.0,True,False,False,False,False,0.2,-4.2,False,False,False,0
Nearly 50 Whole Foods Market stores utilized refrigeration systems that rely on natural refrigerants with low global warming potentials and over 70 Whole Foods Market stores had solar rooftops.,23,Incorporating Sustainability Into Our Buildings > In Our Stores,other,,50,,,,0.5,data/raw/amazon/2021_sustainability_report.pdf,amazon,2021,27,0.0,0.0,0.0,True,False,False,False,False,0.2,13.4,False,False,False,0
"Since launching in 2018, the Sustainability Ambassador program has transformed into a collaborative network across 1,250 global locations.",23,Incorporating Sustainability Into Our Buildings > Amazon Sustainability Ambassadors,other,,"2018,",,,,0.5,data/raw/amazon/2021_sustainability_report.pdf,amazon,2021,16,0.0,0.0,0.0,True,False,False,False,False,0.2,-10.3,False,False,False,0
"In 2021, Ambassadors at a facility in Wisconsin partnered with a local waste vendor to install recycling stations for employees to deposit used electronics.",23,Incorporating Sustainability Into Our Buildings > Amazon Sustainability Ambassadors,other,,"2021,",,,,0.5,data/raw/amazon/2021_sustainability_report.pdf,amazon,2021,23,0.0,0.0,0.0,True,False,False,False,False,0.2,14.3,False,False,False,0
"In Tennessee, more than 35 Ambassadors hosted an event at a nearby middle school to plant a total of 44 trees that will help sequester carbon and divert stormwater at the school campus.",23,Incorporating Sustainability Into Our Buildings > Amazon Sustainability Ambassadors,other,firm,35,,,,0.5,data/raw/amazon/2021_sustainability_report.pdf,amazon,2021,31,0.0,0.0,0.0645,True,False,False,False,False,0.2,49.8,False,True,False,0
"In 2021, 5,600 Ambassadors across the globe participated in the Four-Week Sustainability Challenge, picking up litter or eating plant-based foods, among other everyday actions that help promote a more sustainable lifestyle.",23,Incorporating Sustainability Into Our Buildings > Amazon Sustainability Ambassadors,other,,"2021,",,,,0.5,data/raw/amazon/2021_sustainability_report.pdf,amazon,2021,29,0.0,0.0,0.0345,True,False,False,False,False,0.2,2.4,False,False,False,0
"As part of the challenge, a group of participants in Europe collected more than 2,500 pieces of plastic waste in just 15 days.",23,Incorporating Sustainability Into Our Buildings > Amazon Sustainability Ambassadors,other,,"2,500",,,,0.5,data/raw/amazon/2021_sustainability_report.pdf,amazon,2021,21,0.0,0.0,0.0,True,False,False,False,False,0.2,64.7,False,False,False,0
"The event drew 13,000 registrations across 23 virtual sessions in 2021 and featured speakers from Amazon’s sustainability leadership team, Sustainability Ambassador chapters, and signatories of The Climate Pledge.",23,Incorporating Sustainability Into Our Buildings > Amazon Sustainability Ambassadors,target,firm,"13,000",,,,0.25,data/raw/amazon/2021_sustainability_report.pdf,amazon,2021,26,0.0,0.0,0.0,True,False,False,False,False,0.2,-8.3,False,False,False,1
"The summit also featured our second crowdsourcing challenge for Amazon employees to present innovative ideas on sustainability, which received 89 submissions.",23,Incorporating Sustainability Into Our Buildings > Amazon Sustainability Ambassadors,other,,89,,,,0.5,data/raw/amazon/2021_sustainability_report.pdf,amazon,2021,20,0.0,0.0,0.0,True,False,False,False,False,0.2,-3.8,False,False,False,1
"1 Calculation based on CO2e saved, using the U.S. Environmental Protection Agency (EPA) carbon calculator .",23,Incorporating Sustainability Into Our Buildings > Amazon Sustainability Ambassadors,other,,1,,,,0.5,data/raw/amazon/2021_sustainability_report.pdf,amazon,2021,16,0.0,0.0,0.0,True,False,False,False,False,0.2,16.4,False,False,False,0
"Decarbonizing our transportation network is a key part of meeting The Climate Pledge by 2040 and making 50% of Amazon shipments net-zero carbon by 2030, which is why we are actively transforming our fleet network and operations.",24,Decarbonizing Transportation,target,firm,50%,2030,2040,,0.75,data/raw/amazon/2021_sustainability_report.pdf,amazon,2021,34,0.0,0.0,0.0788,True,True,True,False,False,0.6,23.0,False,False,False,0
"We are preparing our systems and facilities to accommodate the largescale adoption of zero-emission vehicles in the coming years, which will require new refueling infrastructure and operating patterns.",24,Decarbonizing Transportation > Our Approach,attribute,firm,,,,,0.0,data/raw/amazon/2021_sustainability_report.pdf,amazon,2021,28,0.0,0.0,0.0357,False,False,False,False,False,0.0,3.2,False,True,False,0
"Achieving our net-zero carbon goal will also demand longterm solutions that have not yet been invented, along with an abundant supply of clean energy sources to power those technologies.",24,Decarbonizing Transportation > Our Approach,target,firm,,,,,0.0,data/raw/amazon/2021_sustainability_report.pdf,amazon,2021,29,0.0,0.0,0.069,False,False,False,False,False,0.0,25.7,True,True,False,0
"We expanded our European electric delivery fleet with an order for 1,800 electric vans from Mercedes-Benz, a signatory of The Climate Pledge.",24,Decarbonizing Transportation > Deploying Solutions Across Our Network,target,firm,"1,800",,,,0.25,data/raw/amazon/2021_sustainability_report.pdf,amazon,2021,21,0.0,0.0,0.0,True,False,False,False,False,0.2,24.4,False,False,False,0
"In 2021, more than 100 million packages were delivered to our customers’ doorsteps across Europe with a fleet of over 3,000 electric delivery vans and other zero-emission vehicles.",24,Decarbonizing Transportation > Deploying Solutions Across Our Network,achievement,achievement,100 million,,,,0.33,data/raw/amazon/2021_sustainability_report.pdf,amazon,2021,25,0.0,0.0,0.0,True,False,False,False,False,0.2,15.6,True,False,False,0
"We announced in November 2021 that, in the city of Paris, two-thirds of our shipments are delivered using zero-emission transportation.",24,Decarbonizing Transportation > Zero-Emission Transportation in Paris,achievement,achievement,2021,,,,0.33,data/raw/amazon/2021_sustainability_report.pdf,amazon,2021,19,0.0,0.0,0.0,True,False,False,False,False,0.2,18.4,True,False,False,0
"This purchase was estimated to have reduced emissions by approximately 20,000 metric tons of CO2e in 2021, which will be continued in 2022.",25,Packages delivered across Europe with zero-emission vehicles 30M,other,firm,"20,000 metric tons",,,,0.5,data/raw/amazon/2021_sustainability_report.pdf,amazon,2021,21,0.0476,0.1429,0.0476,True,False,False,False,False,0.0,36.5,True,True,False,0
"In 2021, we helped launch Cargo Owners for Zero Emission Vessels (coZEV) with the Aspen Institute.",25,Packages delivered across Europe with zero-emission vehicles 30M > Partnering to Support Solutions of the Future,attribute,,"2021,",,,,0.5,data/raw/amazon/2021_sustainability_report.pdf,amazon,2021,15,0.0,0.0,0.0,True,False,False,False,False,0.2,45.0,False,False,False,0
"Through coZEV, Amazon is supporting initiatives to increase the availability of zero-emission technologies and fuels while gaining support from shipping lines, cargo owners, ports, and other organizations that can enable energy transition.",25,Packages delivered across Europe with zero-emission vehicles 30M > Partnering to Support Solutions of the Future,attribute,hedged,,,,,0.0,data/raw/amazon/2021_sustainability_report.pdf,amazon,2021,32,0.0,0.0,0.0,False,False,False,False,False,0.0,-10.7,False,False,False,0
The coalition brings global companies together to harness their purchasing power and supply chains to create early markets for innovative clean energy technologies that are key for tackling the climate crisis.,25,Packages delivered across Europe with zero-emission vehicles 30M > Partnering to Support Solutions of the Future,attribute,,,,,supply chain,0.5,data/raw/amazon/2021_sustainability_report.pdf,amazon,2021,31,0.0,0.0,0.0,False,False,False,True,False,0.2,22.5,False,False,False,1
"With this launch, we announced our commitment to use ships with zero-emission fuels for at least 10% of the volume of our goods shipped internationally by 2030 and 100% by 2040.",25,Packages delivered across Europe with zero-emission vehicles 30M > Partnering to Support Solutions of the Future,target,firm,10%,,2030,,0.5,data/raw/amazon/2021_sustainability_report.pdf,amazon,2021,27,0.0,0.0,0.1311,True,False,True,False,False,0.4,47.8,False,False,False,0
"In May 2021, we supported a policy proposal to the Japanese government for the adoption of zero-emission vehicles in the delivery industry by the Japan Climate Leaders’ Partnership .",25,Packages delivered across Europe with zero-emission vehicles 30M > Partnering to Support Solutions of the Future,attribute,hedged,"2021,",,,,0.5,data/raw/amazon/2021_sustainability_report.pdf,amazon,2021,27,0.0,0.037,0.0,True,False,False,False,False,0.052,7.1,False,False,True,1
"In 2021, we held our first virtual transportation sustainability summit , FASTforward, focused on Future Advanced Sustainable Transportation.",25,Packages delivered across Europe with zero-emission vehicles 30M > Amazon FASTforward,other,,"2021,",,,,0.5,data/raw/amazon/2021_sustainability_report.pdf,amazon,2021,16,0.0,0.0,0.0625,True,False,False,False,False,0.2,-10.3,False,False,False,1
"As of 2021, we had ordered more than 3,000 CNG vehicles, and we are procuring millions of gallons of renewable natural gas created from waste stocks to power them, significantly reducing carbon emissions and particulate matter pollutants.",25,Packages delivered across Europe with zero-emission vehicles 30M > Amazon FASTforward,other,,"2021,",,,,0.5,data/raw/amazon/2021_sustainability_report.pdf,amazon,2021,35,0.0571,0.0,0.0,True,False,False,False,False,0.0,16.6,False,False,False,0
"We are investing in alternative fuels, such as sustainable aviation fuel, which reduces carbon emissions in flight up to 20% over standard aviation fuel.",25,Packages delivered across Europe with zero-emission vehicles 30M > Amazon FASTforward,attribute,,20%,,,,0.5,data/raw/amazon/2021_sustainability_report.pdf,amazon,2021,23,0.0,0.0435,0.0,True,False,False,False,False,0.026,32.7,False,False,False,0
Amazon secured more than 5 million gallons of low-carbon aviation fuel in 2020 and agreed to purchase up to 6.5 million gallons in 2021 and 2022.,25,Packages delivered across Europe with zero-emission vehicles 30M > Amazon FASTforward,other,,5 million,2020,,,0.5,data/raw/amazon/2021_sustainability_report.pdf,amazon,2021,21,0.0,0.0476,0.0,True,True,False,False,False,0.21,55.2,False,False,False,0
We also joined the Sustainable Aviation Buyers Alliance in 2021 and became one of the group’s founding members to drive investment and send market signals in support of sustainable aviation fuel.,25,Packages delivered across Europe with zero-emission vehicles 30M > Amazon FASTforward,attribute,hedged,2021,,,,0.5,data/raw/amazon/2021_sustainability_report.pdf,amazon,2021,31,0.0,0.0,0.0,True,False,False,False,False,0.2,38.9,False,False,False,0
"Traded-in Amazon devices are processed and resold to new owners, and any devices not qualified for resale are recycled through an Amazon-approved recycler.",26,Avoiding and Managing Waste > How to recycle or trade in products:,attribute,,,,,,0.0,data/raw/amazon/2021_sustainability_report.pdf,amazon,2021,23,0.0,0.0,0.0,False,False,False,False,False,0.0,6.9,True,False,False,0
These programs route electronic equipment to recycling partners and verify that they are recycled and repurposed.,26,Avoiding and Managing Waste > How to recycle or trade in products:,attribute,,,,,,0.0,data/raw/amazon/2021_sustainability_report.pdf,amazon,2021,16,0.0,0.0,0.0,False,False,False,False,False,0.0,21.4,True,False,False,0
"We became a member of the Food Loss and Waste 2030 Champions through the U.S. Environmental Protection Agency in 2020, and extended our commitment to reducing food waste to our Europe operations in 2021.",27,Avoiding and Managing Waste > Redirecting Food Waste,other,firm,2030,2020,,,0.5,data/raw/amazon/2021_sustainability_report.pdf,amazon,2021,32,0.0,0.0,0.0312,True,True,False,False,False,0.4,55.9,False,False,False,0
"At our Whole Foods Market stores, we have active composting programs at nearly 470 locations and collectively diverted more than 155,000 tons of food waste by the end of 2021.",27,Avoiding and Managing Waste > Redirecting Food Waste,target,,470,,2021,,0.5,data/raw/amazon/2021_sustainability_report.pdf,amazon,2021,27,0.0,0.0,0.0,True,False,True,False,False,0.4,47.8,False,False,False,0
"The Grind2Energy system has helped to divert 12,500 tons of food waste at Whole Foods Market stores since 2014.",27,Avoiding and Managing Waste > Redirecting Food Waste,other,,"12,500",,,,0.5,data/raw/amazon/2021_sustainability_report.pdf,amazon,2021,18,0.0,0.0,0.0,True,False,False,False,True,0.4,71.1,False,False,False,0
"As a result, we have prevented nearly 9,000 metric tons of CO2e from entering the atmosphere and produced enough clean, renewable energy to power over 2,500 U.S. homes for a month.",27,Avoiding and Managing Waste > Redirecting Food Waste,other,,"9,000 metric tons",,,,0.5,data/raw/amazon/2021_sustainability_report.pdf,amazon,2021,31,0.0,0.0,0.0,True,False,False,False,False,0.2,59.9,False,False,False,0
"Many of these haulers also supply Amazon with the packaging materials that we use for customer shipments, converting waste material recovered from Amazon operations into new, recycled packaging.",27,Avoiding and Managing Waste > Recycling Solutions Across Our Operations,attribute,,,,,,0.0,data/raw/amazon/2021_sustainability_report.pdf,amazon,2021,28,0.0357,0.0,0.0,False,False,False,False,False,0.0,3.2,False,False,False,0
"Not all the materials we use can be easily recycled with current systems, so we look for innovative solutions to recycle these challenging materials.",27,Avoiding and Managing Waste > Recycling Solutions Across Our Operations,attribute,,,,,,0.0,data/raw/amazon/2021_sustainability_report.pdf,amazon,2021,24,0.0,0.0,0.0,False,False,False,False,False,0.0,34.4,True,False,False,1
"We have on-site plastic film recycling systems at many Amazon operations facilities across North America and Europe, enabling us to convert plastic film into bags made of 100% recycled material.",27,Avoiding and Managing Waste > Recycling Solutions Across Our Operations,attribute,,100%,,,,0.5,data/raw/amazon/2021_sustainability_report.pdf,amazon,2021,29,0.0345,0.0,0.0,True,False,False,False,False,0.062,11.1,False,False,False,0
"In 2021, we completed a pilot to recycle and repair damaged bags used to sort and stow items in our fulfillment operations into reusable materials.",27,Avoiding and Managing Waste > Recycling Solutions Across Our Operations,achievement,achievement,"2021,",,,,0.33,data/raw/amazon/2021_sustainability_report.pdf,amazon,2021,24,0.0,0.0,0.0,True,False,False,False,False,0.2,34.4,False,False,False,0
"Since 2015, we have invested in materials, processes, and technologies that have reduced per-shipment packaging weight by 38% and eliminated over 1.5 million tons of packaging.",28,Improving Our Packaging,achievement,achievement,38%,,,,0.33,data/raw/amazon/2021_sustainability_report.pdf,amazon,2021,23,0.0,0.0,0.0,True,False,False,False,False,0.2,26.0,False,False,False,0
"Amazon customers want right-sized, recyclable packaging that minimizes waste and ensures damage-free delivery.",28,Improving Our Packaging > Our Approach,attribute,,,,,,0.0,data/raw/amazon/2021_sustainability_report.pdf,amazon,2021,13,0.0,0.0,0.0,False,False,False,False,False,0.0,-21.1,False,False,False,0
"FFP products offer more-sustainable packaging that is easy to open, fully recyclable, and capable of shipping without additional packaging protection.",28,Improving Our Packaging > Eliminating Packaging Where Possible,attribute,,,,,,0.0,data/raw/amazon/2021_sustainability_report.pdf,amazon,2021,20,0.0,0.0,0.0,False,False,False,False,False,0.0,4.6,False,False,False,0
"In 2021, we began offering incentives to vendors that convert their packaging to FFP to encourage more vendors to adopt these best-inclass standards.",28,Improving Our Packaging > Eliminating Packaging Where Possible,other,,"2021,",,,,0.5,data/raw/amazon/2021_sustainability_report.pdf,amazon,2021,22,0.0,0.0,0.0,True,False,False,False,False,0.2,34.5,False,False,False,0
"To demonstrate that e-commerce packaging can be both minimal and effective, we facilitated a complete redesign of stemware packaging for Lenox, a wellknown brand that has specialized in tableware and glassware for over 130 years.",28,Improving Our Packaging > Partnering for Better Packaging,other,,130,,,,0.5,data/raw/amazon/2021_sustainability_report.pdf,amazon,2021,34,0.0,0.0,0.0,True,False,False,False,False,0.2,15.6,False,False,False,0
The result is a fully recyclable package that uses 83% less material weight and 78% less volume without compromising protection of the item inside.,28,Improving Our Packaging > Partnering for Better Packaging,attribute,,83%,,,,0.5,data/raw/amazon/2021_sustainability_report.pdf,amazon,2021,22,0.0,0.0,0.0,True,False,False,False,False,0.2,34.5,False,False,False,0
"In 2021, U.S. grocery teams launched new curbsiderecyclable packaging to replace nonrecyclable insulation that protects chilled items in grocery deliveries.",28,"Improving Our Packaging > Cold Groceries, Delivered More Sustainably",achievement,achievement,"2021,",,,,0.33,data/raw/amazon/2021_sustainability_report.pdf,amazon,2021,20,0.0,0.0,0.0,True,False,False,False,False,0.2,9.7,False,False,False,0
"In the U.S., we expanded the use of our recyclable paper padded mailer, replacing nearly 70% of our mixed material bubble mailers in 2021.",29,Improving Our Packaging > Optimizing Materials Where Packaging Is Necessary,attribute,,70%,,,,0.5,data/raw/amazon/2021_sustainability_report.pdf,amazon,2021,23,0.0,0.0,0.0,True,False,False,False,False,0.2,63.0,False,False,False,0
We also improved the composition of our single-use plastic packaging to use less material and incorporate more recycled content.,29,Improving Our Packaging > Optimizing Materials Where Packaging Is Necessary,attribute,,,,,,0.0,data/raw/amazon/2021_sustainability_report.pdf,amazon,2021,19,0.0526,0.0,0.0,False,False,False,False,False,0.0,18.4,False,False,False,0
"In 2021, we increased the recycled content of our plastic film bags from 25% to 50% and that of our plastic padded bags from 15% to over 40%.",29,Improving Our Packaging > Optimizing Materials Where Packaging Is Necessary,achievement,achievement,25%,,,,0.33,data/raw/amazon/2021_sustainability_report.pdf,amazon,2021,23,0.0,0.0,0.0,True,False,False,False,False,0.2,65.8,False,False,False,0
"Since launch, this technology has downgraded the size or type of packaging for 7% of total shipments and we plan to deploy it globally in 2022.",29,Improving Our Packaging > Our Fulfillment Packaging Breakdown in 2021,other,hedged,7%,,,global,1.0,data/raw/amazon/2021_sustainability_report.pdf,amazon,2021,24,0.0,0.0,0.0417,True,False,False,True,False,0.4,55.6,False,False,False,0
"In Europe, we switched from single-use plastic delivery bags to recyclable paper delivery bags and cardboard envelopes for orders shipped from fulfillment centers in 2021.",29,Improving Our Packaging > Our Fulfillment Packaging Breakdown in 2021,attribute,achievement,,,,,0.0,data/raw/amazon/2021_sustainability_report.pdf,amazon,2021,24,0.0,0.0,0.0,False,False,False,False,False,0.0,16.8,False,False,False,0
"In Australia, we replaced all single-use air pillows with 100% recyclable paper material to protect goods during shipping.",29,Improving Our Packaging > Our Fulfillment Packaging Breakdown in 2021,attribute,,100%,,,,0.5,data/raw/amazon/2021_sustainability_report.pdf,amazon,2021,17,0.0,0.0,0.0,True,False,False,False,False,0.2,30.3,False,False,False,0
"Amazon also became a founding member of the India Plastics Pact after removing single-use, thin film plastics from Amazon packaging throughout India fulfillment centers in 2020.",29,Improving Our Packaging > Our Fulfillment Packaging Breakdown in 2021,other,,,,,,0.0,data/raw/amazon/2021_sustainability_report.pdf,amazon,2021,25,0.0,0.0,0.0,False,False,False,False,False,0.0,19.0,False,False,False,0
"Since we launched Climate Pledge Friendly in 2020, the number of products included in the program has grown from 75,000 to more than 250,000 by the end of 2021.",30,Product Sustainability > Our Journey,target,firm,"2020,",,2021,,0.5,data/raw/amazon/2021_sustainability_report.pdf,amazon,2021,25,0.0,0.0,0.0,True,False,True,False,False,0.4,69.8,False,False,False,0
"In 2021, more than 370 million Climate Pledge Friendly units were shipped to Amazon customers and we welcomed 20 new third-party sustainability certifications to the program.",30,Product Sustainability > Our Journey,target,firm,370 million,,,,0.25,data/raw/amazon/2021_sustainability_report.pdf,amazon,2021,23,0.0,0.0,0.0,True,False,False,False,True,0.4,14.3,True,False,False,0
"Additionally, in 2021, we launched 17 features and experiments to increase the discoverability of Climate Pledge Friendly products.",30,Product Sustainability > Our Journey,target,firm,"2021,",,,,0.25,data/raw/amazon/2021_sustainability_report.pdf,amazon,2021,16,0.0,0.0,0.0,True,False,False,False,False,0.2,0.2,False,False,False,0
"In early 2022, Amazon launched Amazon Aware, a new line of everyday essential items with thirdparty certifications featured in our Climate Pledge Friendly program.",30,"Product Sustainability > Everyday Essentials, Consciously Created With Amazon Aware",target,firm,"2022,",,,,0.25,data/raw/amazon/2021_sustainability_report.pdf,amazon,2021,23,0.0,0.0,0.0,True,False,False,False,False,0.2,10.6,False,False,False,0
"Amazon Aware helps customers in the U.S., Canada, and Europe to shop for products made from materials such as recycled polyester, organic cotton, and bio-based ingredients.",30,"Product Sustainability > Everyday Essentials, Consciously Created With Amazon Aware",attribute,,,,,,0.0,data/raw/amazon/2021_sustainability_report.pdf,amazon,2021,27,0.0,0.0,0.0,False,False,False,False,False,0.0,44.2,False,False,False,0
"Bedding and bath products use certified organic cotton and are certified by MADE IN GREEN by OEKO-TEX, which verifies that products are tested for harmful substances and made in safer workplaces with reduced environmental impacts.",30,"Product Sustainability > Everyday Essentials, Consciously Created With Amazon Aware",attribute,achievement,,,,,0.0,data/raw/amazon/2021_sustainability_report.pdf,amazon,2021,35,0.0,0.0,0.0,False,False,False,False,True,0.2,19.0,True,False,False,0
"Carbon neutral by ClimatePartner verifies that the carbon footprint of a product is continuously calculated and reduced, with any remaining emissions offset.",31,Product Sustainability > Hear From Climate Pledge Friendly Certification Partners,attribute,achievement,,,,,0.0,data/raw/amazon/2021_sustainability_report.pdf,amazon,2021,22,0.0,0.0,0.0,False,False,False,False,False,0.0,3.8,True,False,False,0
The Carbon neutral label has been on the market for more than a decade and is recognized as a trustworthy certification by independent and governmental institutions.,31,Product Sustainability > Hear From Climate Pledge Friendly Certification Partners,attribute,achievement,,,,,0.0,data/raw/amazon/2021_sustainability_report.pdf,amazon,2021,26,0.0,0.0,0.0,False,False,False,False,True,0.2,21.0,True,False,False,0
"Amazon is committed to sourcing cocoa, coffee, and tea that is certified against sustainability standards by Rainforest Alliance or Fairtrade International for our grocery Amazon Private Brands2 selection in Europe.",32,"Product Sustainability > Cocoa, Coffee, and Tea",other,firm,,,,,0.0,data/raw/amazon/2021_sustainability_report.pdf,amazon,2021,30,0.0,0.0,0.0333,False,False,False,False,False,0.0,4.4,True,False,False,1
"Additionally, we are increasing the amount of recycled fiber used in many of our Amazon Private Brands apparel products.",32,Product Sustainability > Our Approach,attribute,,,,,,0.0,data/raw/amazon/2021_sustainability_report.pdf,amazon,2021,19,0.0526,0.0,0.0,False,False,False,False,False,0.0,22.8,False,False,False,0
"In addition, all 365 by Whole Foods Market packaged coffee is responsibly sourced and certified according to an approved third-party certification, including Rainforest Alliance, Fair Trade USA, or Fairtrade International.",32,Product Sustainability > Our Approach,attribute,,365,,,,0.5,data/raw/amazon/2021_sustainability_report.pdf,amazon,2021,29,0.0,0.0,0.0,True,False,False,False,True,0.4,-0.6,True,False,False,0
We are striving to source all cotton for our Amazon Private Brands apparel products from more-sustainable sources by the end of 2022.,32,Product Sustainability > Our Approach,target,hedged,,,2022,,0.25,data/raw/amazon/2021_sustainability_report.pdf,amazon,2021,21,0.0,0.0,0.0,False,False,True,False,False,0.2,48.5,False,False,False,0
"This includes using cotton sourced from recycled materials, from farms certified as producing organic cotton, or through Better Cotton , a global nonprofit that aims to transform the cotton supply chain by developing Better Cotton as a sustainable mainstream commodity.",32,Product Sustainability > Our Approach,attribute,hedged,,,,supply chain,0.5,data/raw/amazon/2021_sustainability_report.pdf,amazon,2021,39,0.0513,0.0,0.0256,False,False,False,True,False,0.0,6.7,False,False,False,0
We are striving to source all leather for our Amazon Private Brands apparel and shoe products from more-sustainable sources by the end of 2023.,32,Product Sustainability > Our Approach,target,hedged,,,2023,,0.25,data/raw/amazon/2021_sustainability_report.pdf,amazon,2021,23,0.0,0.0,0.0,False,False,True,False,False,0.2,51.1,False,False,False,0
"We are increasing the use of recycled fabrics in Amazon Private Brands apparel products, including moving from conventional to recycled polyester, and launching products made from innovative recycled fibers.",33,Product Sustainability > Recycled Fabrics,attribute,,,,,,0.0,data/raw/amazon/2021_sustainability_report.pdf,amazon,2021,29,0.0,0.0,0.0,False,False,False,False,False,0.0,8.2,False,False,False,1
"We are striving to source all man-made cellulosic fibers— including rayon, viscose, lyocell, and modal—for our Amazon Private Brands apparel products from more-sustainable sources by the end of 2022.",33,Product Sustainability > Man-Made Cellulosic Fibers,target,hedged,,,2022,,0.25,data/raw/amazon/2021_sustainability_report.pdf,amazon,2021,29,0.0,0.0,0.0,False,False,True,False,False,0.2,28.6,False,False,False,0
"In addition, 100% of 365 by Whole Foods Market brand food items containing palm oil, palm kernel oil, palm fruit oil, and palm shortening are produced using sustainable oil products .",33,Product Sustainability > Palm Oil,other,,100%,,,,0.5,data/raw/amazon/2021_sustainability_report.pdf,amazon,2021,28,0.0,0.0,0.0,True,False,False,False,False,0.2,48.5,True,False,False,0
"In North America and Europe, Amazon grocery Private Brands are committed to sourcing paper products such as paper towels, toilet paper, and facial tissue that are certified against sustainability standards or as recycled by organizations such as the Forest Stewardship Council (FSC), Sustainable Forestry Initiative, and Programme for the Endorsement of Forest Certification.",33,Product Sustainability > Palm Oil,attribute,firm,,,,,0.0,data/raw/amazon/2021_sustainability_report.pdf,amazon,2021,53,0.0,0.0,0.0189,False,False,False,False,False,0.0,-19.4,True,False,False,1
"In addition, all 365 by Whole Foods Market paper products are either made from 100% recycled materials or certified by FSC.",33,Product Sustainability > Palm Oil,attribute,,100%,,,,0.5,data/raw/amazon/2021_sustainability_report.pdf,amazon,2021,19,0.0,0.0,0.0,True,False,False,False,True,0.4,49.5,False,False,False,0
We incorporate recycled materials into many new Amazon devices.,34,Product Sustainability > Materials and Chemicals,attribute,,,,,,0.0,data/raw/amazon/2021_sustainability_report.pdf,amazon,2021,9,0.1111,0.0,0.0,False,False,False,False,False,0.0,-9.1,False,False,False,0
"In 2021, we launched several Echo, Fire TV, Fire Tablet, Kindle, and Smart Home devices and accessories that include up to 60% recycled molded plastic, up to 100% recycled fabrics, up to 100% recycled aluminum, and up to 70% recycled magnesium, depending on the product.",34,Product Sustainability > Materials and Chemicals,achievement,achievement,60%,,,,0.33,data/raw/amazon/2021_sustainability_report.pdf,amazon,2021,40,0.025,0.1,0.0,True,False,False,False,False,0.0,18.2,False,False,False,0
We also incorporated 50% recycled plastic into certain power adapters that ship with our devices.,34,Product Sustainability > Materials and Chemicals,attribute,,50%,,,,0.5,data/raw/amazon/2021_sustainability_report.pdf,amazon,2021,14,0.0,0.0,0.0,True,False,False,False,False,0.2,17.4,False,False,False,0
"In 2020, we committed to making Amazon device packaging 100% recyclable by 2023.",34,Product Sustainability > Materials and Chemicals,target,firm,100%,,2023,,0.5,data/raw/amazon/2021_sustainability_report.pdf,amazon,2021,10,0.0,0.0,0.12,True,False,True,False,False,0.4,27.5,False,False,False,1
"Additionally, we are working to source 100% of the wood fiber in our packaging from responsibly managed forests or recycled sources.",34,Product Sustainability > Materials and Chemicals,attribute,,100%,,,,0.5,data/raw/amazon/2021_sustainability_report.pdf,amazon,2021,20,0.0,0.0,0.0,True,False,False,False,False,0.2,30.0,False,False,False,0
"We have made significant progress toward our goals, eliminating more than 29 million plastic bags from our device packaging between September 2020 and September 2021.",34,Product Sustainability > Materials and Chemicals,other,,29 million,,,,0.5,data/raw/amazon/2021_sustainability_report.pdf,amazon,2021,22,0.0455,0.0,0.0455,True,False,False,False,False,0.018,26.8,False,False,False,1
"For new Echo, Fire TV Stick, Fire Tablet, and Kindle Paperwhite devices launched in 2021, 94%–98% of the packaging is made of wood fiber-based materials from responsibly managed forests or recycled sources, depending on the product.",34,Product Sustainability > Materials and Chemicals,achievement,achievement,94%,,,,0.33,data/raw/amazon/2021_sustainability_report.pdf,amazon,2021,34,0.0,0.0,0.0,True,False,False,False,False,0.2,23.0,False,False,False,0
"In 2020, Amazon became the first consumer electronics company to commit to addressing the electricity used by our devices through renewable energy development, starting with our Echo devices.",34,Product Sustainability > Materials and Chemicals,target,firm,"2020,",,,,0.25,data/raw/amazon/2021_sustainability_report.pdf,amazon,2021,27,0.0,0.0,0.037,True,False,False,False,False,0.2,-2.3,False,False,False,0
"We are also making investments in additional wind and solar farm capacity that, by 2025, will be equal to the energy use of Fire TV and Ring devices worldwide.",34,Product Sustainability > Materials and Chemicals,target,firm,"2025,",,2025,,0.5,data/raw/amazon/2021_sustainability_report.pdf,amazon,2021,28,0.0,0.0,0.0557,True,False,True,False,False,0.4,42.5,False,True,False,0
"Combined, we expect these projects will produce over 5 million megawatt-hours of clean energy per year— that’s enough to power more than 400,000 homes.",34,Product Sustainability > Materials and Chemicals,attribute,firm,5 million,,,,0.5,data/raw/amazon/2021_sustainability_report.pdf,amazon,2021,23,0.0,0.0435,0.0435,True,False,False,False,False,0.026,43.7,False,True,False,0
"We also launched a number of new Fire Tablet, Fire TV, and Amazon Smart Home devices in 2021 that were designed for energy efficiency and earned the ENERGY STAR certification.",34,Product Sustainability > Materials and Chemicals,achievement,achievement,2021,,,,0.33,data/raw/amazon/2021_sustainability_report.pdf,amazon,2021,29,0.0,0.0,0.0,True,False,False,False,False,0.2,28.6,True,False,False,0
"In 2021, we launched our Zero Waste to Landfill program for suppliers.",34,Product Sustainability > Materials and Chemicals,achievement,achievement,"2021,",,,,0.33,data/raw/amazon/2021_sustainability_report.pdf,amazon,2021,11,0.0,0.0,0.0,True,False,False,False,False,0.2,72.6,False,False,False,0
"Ten of our supplier sites responsible for the final assembly of some of our most popular Echo, Kindle, and Fire TV devices achieved UL’s Zero Waste to Landfill Silver or Platinum certification—a significant step toward achieving our zero-waste ambitions.",34,Product Sustainability > Materials and Chemicals,attribute,achievement,,,,,0.0,data/raw/amazon/2021_sustainability_report.pdf,amazon,2021,41,0.0488,0.0,0.0244,False,False,False,False,False,0.0,12.5,False,False,False,1
"This certification indicates that waste has been handled in environmentally responsible ways, diverting more than 90% of a facility’s waste from landfill through methods other than waste to energy.",34,Product Sustainability > Materials and Chemicals,achievement,achievement,90%,,,,0.33,data/raw/amazon/2021_sustainability_report.pdf,amazon,2021,29,0.0345,0.0,0.0,True,False,False,False,False,0.062,19.9,True,False,False,1
"In 2020 and 2021, our Echo, Fire TV, Fire Tablet, Kindle Paperwhite, and Smart Home devices and accessories launched with the Climate Pledge Friendly label.",34,Product Sustainability > Climate Pledge Friendly,target,firm,2020,,,,0.25,data/raw/amazon/2021_sustainability_report.pdf,amazon,2021,23,0.0,0.0,0.0,True,False,False,False,False,0.2,51.1,False,False,False,0
"Many of these products carry the Carbon Trust’s Reducing CO2 certification, demonstrating a reduction in the carbon emissions of a product year over year.",34,Product Sustainability > Climate Pledge Friendly,other,,,,,,0.0,data/raw/amazon/2021_sustainability_report.pdf,amazon,2021,25,0.04,0.0,0.0,False,False,False,False,False,0.0,29.2,False,False,False,0
"In early 2022, we published a paper called Decarbonizing and Neutralizing the Use Phase of Connected Devices , focused on how we are integrating carbonreduction strategies across the use phase of our devices.",34,Product Sustainability > Extending Our Impact,other,,"2022,",,,,0.5,data/raw/amazon/2021_sustainability_report.pdf,amazon,2021,31,0.0,0.0,0.0,True,False,False,False,False,0.2,8.9,False,False,False,0
These strategies account for an estimated 10%–15% of the overall carbon footprint of rechargeable battery-operated devices and an estimated 60%–80% of the footprint of plugged-in devices.,34,Product Sustainability > Extending Our Impact,other,,10%,,,,0.5,data/raw/amazon/2021_sustainability_report.pdf,amazon,2021,24,0.0,0.1667,0.0,True,False,False,False,False,0.0,-0.8,False,False,False,0
"At Amazon, we recognize that we cannot solve this challenge alone, and we are eager to invite other consumer electronics companies and connected device manufacturers to join the mission of driving to a net-zero carbon use phase.",34,Product Sustainability > Extending Our Impact,attribute,,,,,,0.0,data/raw/amazon/2021_sustainability_report.pdf,amazon,2021,37,0.0,0.0,0.0,False,False,False,False,False,0.0,18.4,False,False,False,0
We are on a path to power our operations with 100% renewable energy by 2025.,35,Sustainability in the Cloud > Our Approach,target,,100%,,2025,own operations,0.75,data/raw/amazon/2021_sustainability_report.pdf,amazon,2021,13,0.0,0.0,0.02,True,False,True,True,False,0.6,57.0,False,False,False,0
"These renewable energy investments help power our data centers, as part of our commitment to reach net-zero carbon across our operations by 2040.",35,Sustainability in the Cloud > Our Approach,target,firm,,,2040,own operations,0.5,data/raw/amazon/2021_sustainability_report.pdf,amazon,2021,22,0.0,0.0,0.1109,False,False,True,True,False,0.4,30.7,False,False,False,0
Graviton3-based Elastic Compute Cloud (EC2) instances use up to 60% less energy for the same performance than non-Graviton EC2 instances.,35,Sustainability in the Cloud > Energy Efficiency,other,,60%,,,,0.5,data/raw/amazon/2021_sustainability_report.pdf,amazon,2021,20,0.0,0.05,0.0,True,False,False,False,False,0.0,30.0,False,False,False,0
"This has significant impacts on building energy performance, reducing the energy use of cooling equipment by 20%.",35,Sustainability in the Cloud > Energy Efficiency,other,,20%,,,,0.5,data/raw/amazon/2021_sustainability_report.pdf,amazon,2021,16,0.0625,0.0,0.0,True,False,False,False,False,0.0,21.4,False,False,False,0
"Unlike conventional steel produced from primary materials, coal, and gas, our suppliers are using up to 100% recycled content and are powered by electricity only, reducing embodied carbon up to 70%.",35,Sustainability in the Cloud > Reducing Embodied Carbon,attribute,,100%,,,,0.5,data/raw/amazon/2021_sustainability_report.pdf,amazon,2021,29,0.0,0.069,0.0,True,False,False,False,False,0.0,14.0,True,False,False,0
"For example, our design standards now require concrete with a 20% reduction in embodied carbon versus standard concrete for new U.S. data centers, and we are expanding this requirement globally.",35,Sustainability in the Cloud > Reducing Embodied Carbon,other,,20%,,,global,1.0,data/raw/amazon/2021_sustainability_report.pdf,amazon,2021,30,0.0,0.0,0.0,True,False,False,True,False,0.4,50.0,False,False,False,0
"The forecast shows how customers’ footprints will change as Amazon stays on path to powering our operations with 100% renewable energy by 2025, five years earlier than the original target of 2030, and drives toward net-zero carbon by 2040.",36,Sustainability in the Cloud > AWS Customer Carbon Footprint Tool,target,firm,100%,2040,2025,own operations,1.0,data/raw/amazon/2021_sustainability_report.pdf,amazon,2021,35,0.0,0.0,0.1057,True,True,True,True,False,0.8,23.9,False,True,False,0
"In addition, historical carbon emissions data is available based on a customer’s AWS use from January 2020 onward.",36,Sustainability in the Cloud > AWS Customer Carbon Footprint Tool,other,,2020,2020,,,0.5,data/raw/amazon/2021_sustainability_report.pdf,amazon,2021,18,0.0,0.0,0.0,True,True,False,False,False,0.4,24.1,False,False,False,0
This data includes Scope 1 and Scope 2 emissions.,36,Sustainability in the Cloud > AWS Customer Carbon Footprint Tool,other,,1,,,Scope 1; Scope 2,1.0,data/raw/amazon/2021_sustainability_report.pdf,amazon,2021,7,0.0,0.0,0.0,True,False,False,True,False,0.4,54.7,False,False,False,0
"Scope 1 emissions come directly from a company’s operations, while Scope 2 emissions come from the generation of purchased energy, such as the electricity used to power Amazon facilities.",36,Sustainability in the Cloud > AWS Customer Carbon Footprint Tool,other,,1,,,Scope 1; Scope 2,1.0,data/raw/amazon/2021_sustainability_report.pdf,amazon,2021,28,0.0,0.0,0.0,True,False,False,True,False,0.4,6.2,False,False,False,0
"When signed into the AWS Billing console, customers can view their carbon emissions data by geographical location and by AWS service, such as EC2 and Amazon Simple Storage Service (Amazon S3).",36,Sustainability in the Cloud > AWS Customer Carbon Footprint Tool,other,,,,,,0.0,data/raw/amazon/2021_sustainability_report.pdf,amazon,2021,31,0.0,0.0,0.0,False,False,False,False,False,0.0,30.7,False,False,False,0
AWS is 3.6 times more energy efficient than the median of U.S. enterprise data centers surveyed and up to five times more energy efficient than the average in Europe.,36,Sustainability in the Cloud > Moving to AWS Can Help Significantly Lower Carbon,other,,3.6,,,,0.5,data/raw/amazon/2021_sustainability_report.pdf,amazon,2021,29,0.0,0.0345,0.0,True,False,False,False,False,0.062,59.4,False,False,False,0
"After analyzing several regions, 451 Research also found that AWS can lower customers’ workload carbon footprints by nearly 80% compared to surveyed enterprise data centers, and up to 96% once AWS is powered with 100% renewable energy—a target we are on path to meet by 2025.",36,Sustainability in the Cloud > Moving to AWS Can Help Significantly Lower Carbon,target,,80%,,2025,,0.5,data/raw/amazon/2021_sustainability_report.pdf,amazon,2021,42,0.0238,0.0238,0.0438,True,False,True,False,False,0.21,19.2,True,False,False,0
"With this project, we reuse up to 96% of the wastewater we discharge from our data centers in this region.",37,Sustainability in the Cloud > Moving to AWS Can Help Significantly Lower Carbon,other,,96%,,,,0.5,data/raw/amazon/2021_sustainability_report.pdf,amazon,2021,19,0.0,0.0526,0.0,True,False,False,False,False,0.0,67.3,False,False,False,0
Recycled Water We evaluate the opportunity to reduce our consumption of potable water and are actively expanding our use of nonpotable and recycled water for cooling purposes.,37,Sustainability in the Cloud > Moving to AWS Can Help Significantly Lower Carbon,attribute,,,,,,0.0,data/raw/amazon/2021_sustainability_report.pdf,amazon,2021,27,0.0,0.0,0.0,False,False,False,False,False,0.0,10.2,False,False,False,0
"In certain regions, we work directly with utilities and regulators to obtain approval for the use of recycled water in direct evaporative cooling technology.",37,Sustainability in the Cloud > Moving to AWS Can Help Significantly Lower Carbon,attribute,,,,,,0.0,data/raw/amazon/2021_sustainability_report.pdf,amazon,2021,24,0.0,0.0,0.0,False,False,False,False,False,0.0,9.8,False,False,False,0
We are continuing to work with water utilities in various regions to expand this recycled water infrastructure.,37,Sustainability in the Cloud > Moving to AWS Can Help Significantly Lower Carbon,attribute,,,,,,0.0,data/raw/amazon/2021_sustainability_report.pdf,amazon,2021,17,0.0588,0.0,0.0,False,False,False,False,False,0.0,30.3,False,False,False,0
"With this design, even our largest data centers at full capacity would use, on average, about the same water in a year as only 25 U.S. households.",37,Sustainability in the Cloud > Water Stewardship in Data Centers,other,,25,,,,0.5,data/raw/amazon/2021_sustainability_report.pdf,amazon,2021,27,0.0,0.0741,0.0,True,False,False,False,False,0.0,66.1,False,False,True,0
These completed projects have restored 365 hectares of land and increased water supply availability by 45 million gallons per year.,37,Sustainability in the Cloud > Water Stewardship in Data Centers,achievement,achievement,365 hectares,,,,0.33,data/raw/amazon/2021_sustainability_report.pdf,amazon,2021,18,0.0,0.0,0.0,True,False,False,False,False,0.2,19.4,False,False,False,0
"Through partnerships with Water.org and WaterAid in India and Indonesia, we initially intended to provide clean water to 165,000 people.",37,Sustainability in the Cloud > Water Stewardship in Data Centers,other,,"165,000",,,,0.5,data/raw/amazon/2021_sustainability_report.pdf,amazon,2021,20,0.0,0.05,0.05,True,False,False,False,False,0.0,44.4,False,False,False,0
"By the time these partnerships concluded in early 2022, we surpassed our goal and provided clean water and sanitation to over 250,000 community members.",37,Sustainability in the Cloud > Water Stewardship in Data Centers,achievement,achievement,"2022,",,,,0.33,data/raw/amazon/2021_sustainability_report.pdf,amazon,2021,22,0.0,0.0,0.0455,True,False,False,False,False,0.2,30.7,False,False,False,0
"In 2022, we began supporting a new set of projects, which include wetland creation in the Thames River Basin in England and water quality projects in the Chesapeake Bay watershed in the U.S.",37,Sustainability in the Cloud > Water Stewardship in Data Centers,other,,"2022,",,,,0.5,data/raw/amazon/2021_sustainability_report.pdf,amazon,2021,33,0.0,0.0,0.0,True,False,False,False,False,0.2,56.8,False,False,False,0
"In addition, the data helps identify the best locations for solar farms, enabling governments around the world to plan their transition toward a 100% renewable energy future.",38,Sustainability in the Cloud > Innovating for Sustainability in the Cloud,other,,100%,,,,0.5,data/raw/amazon/2021_sustainability_report.pdf,amazon,2021,26,0.0,0.0385,0.0769,True,False,False,False,False,0.046,24.3,False,False,False,0
"Black Business Accelerator In 2021, we launched the Black Business Accelerator, a $150 million initiative to help build sustainable equity and growth for Black-owned businesses.",40,Society Contributing to a More Equitable Society > In This Section,achievement,achievement,150 million,,,,0.33,data/raw/amazon/2021_sustainability_report.pdf,amazon,2021,23,0.0,0.0,0.0,True,False,False,False,False,0.2,3.3,False,False,False,0
"In 2020, Amazon worked with sustainability and human rights consulting firm Article One Advisors to conduct our first enterprisewide saliency assessment, focused on identifying salient human rights risks across our business.",42,"Respecting Human Rights Throughout Our Business > Mechanisms to Assess, Prioritize, and Address Risk",other,,"2020,",,,,0.5,data/raw/amazon/2021_sustainability_report.pdf,amazon,2021,30,0.0,0.0,0.0,True,False,False,False,False,0.2,-1.3,False,False,False,0
Focus on Vulnerable Groups We signed the memorandum on “Standing up for Children’s Rights in the Digital Environment” at the 2021 Paris Peace Forum.,43,Respecting Human Rights Throughout Our Business > Amazon’s Enterprisewide Salient Human Rights Risks,other,,2021,,,,0.5,data/raw/amazon/2021_sustainability_report.pdf,amazon,2021,24,0.0,0.0,0.0,True,False,False,False,False,0.2,41.5,False,False,False,0
"Below we provide an update on our first HRIA, summarized in our 2020 Sustainability Report .",43,Respecting Human Rights Throughout Our Business > Amazon’s Enterprisewide Salient Human Rights Risks,other,,2020,,,,0.5,data/raw/amazon/2021_sustainability_report.pdf,amazon,2021,14,0.0,0.0,0.0,True,False,False,False,False,0.2,35.5,False,False,False,0
"Update on Our Devices Supply Chain HRIA In 2020, we conducted Amazon’s first HRIA on the raw and recovered materials supply chain for Amazon-branded digital devices.",43,Respecting Human Rights Throughout Our Business > Amazon’s Enterprisewide Salient Human Rights Risks,other,,"2020,",,,supply chain,1.0,data/raw/amazon/2021_sustainability_report.pdf,amazon,2021,26,0.0,0.0,0.0,True,False,False,True,False,0.4,24.3,False,False,False,0
"In 2021, we began implementing recommendations from the HRIA, such as increasing our support for industry collaboration on responsible mineral sourcing, and building the capacity of our supply chain partners to effectively manage human rights risks.",43,Respecting Human Rights Throughout Our Business > Amazon’s Enterprisewide Salient Human Rights Risks,other,hedged,"2021,",,,supply chain,1.0,data/raw/amazon/2021_sustainability_report.pdf,amazon,2021,35,0.0286,0.0,0.0,True,False,False,True,False,0.286,4.5,False,False,False,1
"In 2021, we also announced 21 undergraduate and graduate recipients from HBCUs and MSIs for our Supply Chain Optimization Technologies organization’s fellowship .",54,Retain Employees > Advancing Social and Racial Justice,other,,"2021,",,,supply chain,1.0,data/raw/amazon/2021_sustainability_report.pdf,amazon,2021,21,0.0,0.0,0.0,True,False,False,True,False,0.4,8.3,False,False,False,0
"The 2022 Sustainability Report is our fifth report detailing progress against our targets, commitments, and environmental, social, and governance topics.",2,About This Report,other,,2022,,,,0.5,data/raw/amazon/2022_sustainability_report.pdf,amazon,2022,19,0.0,0.0,0.1053,True,False,False,False,False,0.2,5.0,False,False,False,1
"AWS can lower customers’ workload carbon footprints by nearly 80% versus on-premises computing workload, and we expect that number to increase once AWS is fully powered by renewable energy.",3,Opening Letter From Kara Hurst,other,,80%,,,,0.5,data/raw/amazon/2022_sustainability_report.pdf,amazon,2022,28,0.0,0.0357,0.0,True,False,False,False,False,0.057,21.3,True,False,False,0
"Amid unprecedented droughts around the world, we committed that by 2030, AWS data centers will return more water to communities than they use in their direct operations.",3,Opening Letter From Kara Hurst,target,firm,"2030,",,2030,,0.5,data/raw/amazon/2022_sustainability_report.pdf,amazon,2022,26,0.0,0.0385,0.1354,True,False,True,False,False,0.246,34.0,False,True,False,1
Scaling our positive impact is underpinned by The Climate Pledge—a commitment to be net-zero carbon by 2040—which we co-founded in 2019.,3,Opening Letter From Kara Hurst,target,firm,2040,2040,2040,,0.75,data/raw/amazon/2022_sustainability_report.pdf,amazon,2022,21,0.0,0.0,0.1152,True,True,True,False,False,0.6,40.5,True,False,False,1
"More than 390 companies across 36 countries signed the Pledge by the end of 2022, and we are determined to keep bringing on new partners to help combat climate change.",3,Opening Letter From Kara Hurst,target,firm,390,,2022,,0.5,data/raw/amazon/2022_sustainability_report.pdf,amazon,2022,27,0.0,0.0,0.0,True,False,True,False,False,0.4,57.2,True,False,False,0
"We’ll also use our scale, investment, and innovation to date to provide our suppliers with products and tools that will help them reach their goals—whether those are transitioning to renewable energy or increasing access to sustainable materials.",3,Opening Letter From Kara Hurst,attribute,firm,,,,,0.0,data/raw/amazon/2022_sustainability_report.pdf,amazon,2022,39,0.0,0.0,0.0513,False,False,False,False,False,0.0,30.6,False,True,False,0
The approximately 1.5 million people in Amazon’s global workforce are the key behind our successes—from enabling global fulfillment to delivering on sustainability initiatives.,4,Our Employees,other,,1.5 million,,,,0.5,data/raw/amazon/2022_sustainability_report.pdf,amazon,2022,24,0.0,0.0417,0.0,True,False,False,False,False,0.033,4.3,False,False,False,1
Reach net-zero carbon emissions across Amazon by 2040.,6,Goals Summary > Goal 2022 Progress Status,target,,,2040,2040,,0.5,data/raw/amazon/2022_sustainability_report.pdf,amazon,2022,7,0.0,0.0,0.1629,False,True,True,False,False,0.4,18.4,False,False,False,0
"Through The Climate Pledge, inspire and empower others to join us on a mission to reach net-zero carbon emissions by 2040.",6,Goals Summary > Goal 2022 Progress Status,target,firm,,2040,2040,,0.5,data/raw/amazon/2022_sustainability_report.pdf,amazon,2022,20,0.0,0.0,0.07,False,True,True,False,False,0.4,55.4,False,False,False,2
Power our operations with 100% renewable energy by 2030.,6,Goals Summary > Renewable Energy,target,,100%,,2030,own operations,0.75,data/raw/amazon/2022_sustainability_report.pdf,amazon,2022,7,0.0,0.0,0.1629,True,False,True,True,False,0.6,18.4,False,False,False,0
"Invest in wind and solar farm capacity equal to the energy use of Echo, Fire TV, and Ring devices worldwide by 2025.",6,Goals Summary > Renewable Energy,target,,,,2025,,0.25,data/raw/amazon/2022_sustainability_report.pdf,amazon,2022,21,0.0,0.0,0.02,False,False,True,False,False,0.2,52.6,False,False,False,0
Make Amazon device packaging 100% recyclable by 2023.,6,Goals Summary > Renewable Energy,target,,100%,,2023,,0.5,data/raw/amazon/2022_sustainability_report.pdf,amazon,2022,6,0.0,0.0,0.02,True,False,True,False,False,0.4,17.4,False,False,False,0
Reduce food waste by 50% across U.S. and Europe operations by 2030.,6,Goals Summary > Renewable Energy,target,,50%,,2030,,0.5,data/raw/amazon/2022_sustainability_report.pdf,amazon,2022,11,0.0,0.0,0.1109,True,False,True,False,False,0.4,72.4,False,False,False,0
Achieve water positivity for Amazon Web Services by 2030.,6,Goals Summary > Renewable Energy,target,,,,2030,,0.25,data/raw/amazon/2022_sustainability_report.pdf,amazon,2022,8,0.0,0.0,0.145,False,False,True,False,False,0.2,8.4,False,False,False,0
"We aim to reach net-zero carbon emissions by 2040 by investing in renewable energy, scaling solutions across our operations, and collaborating with partners to broaden our impact.",8,Driving Climate Solutions,target,hedged,2040,2040,2040,own operations,1.0,data/raw/amazon/2022_sustainability_report.pdf,amazon,2022,26,0.0,0.0,0.0969,True,True,True,True,False,0.8,14.5,False,False,False,0
"That’s why we co-founded The Climate Pledge, a goal to be net-zero carbon by 2040—10 years ahead of the Paris Agreement.",9,Innovating Our Products and Services > Driving Climate Solutions Carbon,target,firm,2040,2040,2040,,0.75,data/raw/amazon/2022_sustainability_report.pdf,amazon,2022,21,0.0,0.0,0.1152,True,True,True,False,False,0.6,60.6,False,False,False,0
"That’s exactly how we approach our carbon-emissions reduction: by making a big bet to reach net-zero carbon 10 years ahead of the Paris Agreement, then inventing new approaches across our business that will help us get there—all while maintaining the speed, convenience, and reliability that customers expect from Amazon.",10,Our Approach,attribute,firm,10,,,,0.5,data/raw/amazon/2022_sustainability_report.pdf,amazon,2022,50,0.0,0.02,0.02,True,False,False,False,False,0.12,8.9,False,True,False,0
"We are investing in breakthrough technology, including promising early-stage decarbonization technology that we back through our $2 billion Climate Pledge Fund.",10,Our Approach,target,firm,2 billion,,,,0.25,data/raw/amazon/2022_sustainability_report.pdf,amazon,2022,20,0.0,0.0,0.0,True,False,False,False,False,0.2,8.9,False,False,False,0
"In 2022, we were joined by 111 new signatories, including Hewlett Packard Enterprise, Maersk, SAP, and PwC. They join a community of signatories totaling more than 390 at the end of 2022, all committed to reaching net-zero carbon by 2040, which will have a significant positive impact on the planet.",10,Our Approach,target,firm,"2022,",2040,2040,,0.75,data/raw/amazon/2022_sustainability_report.pdf,amazon,2022,45,0.0222,0.0,0.1089,True,True,True,False,False,0.511,41.1,True,True,False,2
We are committed to reaching net-zero carbon emissions in the next 17 years.,11,Our Approach for Net-Zero Carbon Emissions by 2040,attribute,firm,17,,,,0.5,data/raw/amazon/2022_sustainability_report.pdf,amazon,2022,12,0.0,0.0,0.0833,True,False,False,False,False,0.2,53.7,True,False,False,1
Note † Scope 2 and 3 carbon emissions are calculated using a market-based method.,11,Net-Zero Carbon Emissions,other,,2,,,Scope 2,1.0,data/raw/amazon/2022_sustainability_report.pdf,amazon,2022,11,0.0,0.0,0.0,True,False,False,True,False,0.4,26.5,True,False,False,0
"In 2022, our absolute carbon emissions decreased by 0.4%, even as our year-over-year net sales grew 9%.",12,Amazon’s Carbon Footprint,achievement,achievement,0.4%,,,,0.33,data/raw/amazon/2022_sustainability_report.pdf,amazon,2022,14,0.0,0.0,0.0,True,False,False,False,False,0.2,42.6,False,False,False,0
"In fact, in 2022, we announced that we grew our renewable energy capacity by 8 gigawatts, which was a record for the most announced by a company in a single year and made us the world’s largest corporate purchaser of renewable energy for the third year in a row.",12,Amazon’s Carbon Footprint,achievement,achievement,"2022,",,,,0.33,data/raw/amazon/2022_sustainability_report.pdf,amazon,2022,48,0.0,0.0,0.0,True,False,False,False,False,0.2,29.5,False,False,False,0
"Our carbon intensity decreased by 7% from 2021 to 2022, and by 24% since 2019.",12,Amazon’s Carbon Footprint,achievement,achievement,7%,2021,,,0.67,data/raw/amazon/2022_sustainability_report.pdf,amazon,2022,10,0.0,0.0,0.0,True,True,False,False,False,0.4,61.3,False,False,False,0
Carbon intensity measures grams of carbon dioxide equivalent (CO2e) per dollar of gross merchandise sales (GMS).,12,Amazon’s Carbon Footprint,other,,,,,,0.0,data/raw/amazon/2022_sustainability_report.pdf,amazon,2022,17,0.0,0.0,0.0,False,False,False,False,False,0.0,30.3,False,False,False,0
"Direct emissions, such as the fuel used by our delivery fleet, are counted in Scope 1 emissions and make up just under one-fifth of our total emissions.",12,Decarbonizing Delivery and Logistics,other,,1,,,Scope 1,1.0,data/raw/amazon/2022_sustainability_report.pdf,amazon,2022,26,0.0,0.0,0.0,True,False,False,True,False,0.4,43.8,True,False,False,0
"In 2022, Scope 1 emissions grew by 11% year-overyear.",12,Decarbonizing Delivery and Logistics,other,,11%,,,Scope 1,1.0,data/raw/amazon/2022_sustainability_report.pdf,amazon,2022,6,0.0,0.0,0.0,True,False,False,True,False,0.4,45.6,False,False,False,0
"In fact, since 2015, we have reduced the weight of outbound packaging per shipment by 41% on average and avoided more than 2 million tons of packaging material.",12,Decarbonizing Delivery and Logistics,achievement,achievement,41%,,,,0.33,data/raw/amazon/2022_sustainability_report.pdf,amazon,2022,25,0.0,0.0,0.0,True,False,False,False,False,0.2,46.1,False,False,False,0
"The trucks can weigh up to 40 metric tons, so the transition relies on the rollout of largescale charging infrastructure, which also often requires the overhaul of local electricity grids.",12,Decarbonizing Delivery and Logistics,other,,40 metric tons,,,,0.5,data/raw/amazon/2022_sustainability_report.pdf,amazon,2022,29,0.0,0.0345,0.0,True,False,False,False,True,0.262,28.6,False,False,False,0
"We already have more than 15,000 hydrogen-powered forklifts operating at more than 70 fulfillment centers in North America, and in 2022, we signed a deal for enough green hydrogen (which is generated by renewable or low-carbon power) to fuel 40,000 forklifts annually by 2025.",12,Decarbonizing Delivery and Logistics,target,,"15,000",,2025,,0.5,data/raw/amazon/2022_sustainability_report.pdf,amazon,2022,39,0.0,0.0,0.02,True,False,True,False,False,0.4,13.2,True,False,False,0
"This is because the net-zero technologies required to move large volumes of goods over long distances by sea and air do not yet exist at scale, nor do the supporting infrastructure or accounting frameworks.",12,Decarbonizing Delivery and Logistics > Learn more about our carbon methodology,attribute,,,,,,0.0,data/raw/amazon/2022_sustainability_report.pdf,amazon,2022,34,0.0,0.0,0.0,False,False,False,False,False,0.0,30.5,False,False,False,0
"Already, policymakers are encouraging the infrastructure transformation needed to support a new generation of net-zero transportation through measures like the Bipartisan Infrastructure Law and Inflation Reduction Act in the U.S., and the European Commission’s Green Deal Industrial Plan, which incentivize investment in clean energy.",13,Decarbonizing Delivery and Logistics > Driving Climate Solutions Carbon,attribute,hedged,,,,,0.0,data/raw/amazon/2022_sustainability_report.pdf,amazon,2022,46,0.0,0.0,0.0217,False,False,False,False,False,0.0,14.7,False,False,False,0
"We are proud that our investments in renewable energy, used to power our operations, have resulted in a 29% drop in carbon emissions from purchased electricity (Scope 2).",13,Investing in Renewables,other,,29%,,,Scope 2; own operations,1.0,data/raw/amazon/2022_sustainability_report.pdf,amazon,2022,26,0.0,0.0,0.0,True,False,False,True,False,0.4,24.3,False,False,False,1
This now accounts for less than 5% of our total reported carbon footprint.,13,Investing in Renewables,other,,5%,,,,0.5,data/raw/amazon/2022_sustainability_report.pdf,amazon,2022,12,0.0,0.0,0.0,True,False,False,False,False,0.2,67.8,False,False,False,0
"In 2022, 90% of electricity consumed by Amazon was attributable to renewable energy sources, and we remain on a path to reach 100% by 2025.",13,Investing in Renewables,target,achievement,90%,,2025,,0.5,data/raw/amazon/2022_sustainability_report.pdf,amazon,2022,21,0.0,0.0,0.02,True,False,True,False,False,0.4,32.4,False,False,False,0
"We grew our total number of renewable projects to 401 in 22 countries, with a capacity of more than 20 GW.",13,Investing in Renewables,other,,401,,,,0.5,data/raw/amazon/2022_sustainability_report.pdf,amazon,2022,18,0.0,0.0,0.0,True,False,False,False,False,0.2,61.7,False,False,False,0
"Additionally, in 2022, The Climate Pledge Fund invested in Electric Hydrogen and Sunfire, two promising U.S.- and Europe-based developers of electrolyzers, which convert water into green hydrogen—an energy source that can be stored for future use.",13,Investing in Renewables,target,firm,"2022,",,,,0.25,data/raw/amazon/2022_sustainability_report.pdf,amazon,2022,37,0.0,0.0,0.027,True,False,False,False,False,0.2,32.0,True,False,False,0
Activities that take place beyond our direct operations are reflected in our Scope 3 emissions.,13,Reducing Our Scope 3 Emissions,other,,3,,,Scope 3,1.0,data/raw/amazon/2022_sustainability_report.pdf,amazon,2022,14,0.0,0.0,0.0,True,False,False,True,False,0.4,41.6,True,False,False,0
"In 2022, Scope 3 emissions went down by 0.7%, despite our year-over-year growth.",13,Reducing Our Scope 3 Emissions,other,,0.7%,,,Scope 3,1.0,data/raw/amazon/2022_sustainability_report.pdf,amazon,2022,10,0.0,0.0,0.0,True,False,False,True,False,0.4,66.4,False,False,False,0
"We saw a decrease in Scope 3 emissions from building construction, leased buildings and equipment, and third-party transportation (as more goods were shipped by Amazon’s own logistics providers versus third-party providers).",13,Reducing Our Scope 3 Emissions,achievement,achievement,3,,,Scope 3,0.67,data/raw/amazon/2022_sustainability_report.pdf,amazon,2022,31,0.0,0.0,0.0,True,False,False,True,True,0.6,17.1,True,False,False,0
"Given our success as the world’s largest corporate purchaser of renewable energy, we will seek to help select suppliers transition to carbon-free electricity.",13,Reducing Our Scope 3 Emissions,attribute,firm,,,,,0.0,data/raw/amazon/2022_sustainability_report.pdf,amazon,2022,24,0.0,0.0417,0.0417,False,False,False,False,False,0.0,27.4,False,True,False,1
"We support and fund industry partnerships to gather more accurate data, including the Embodied Carbon in Construction Calculator (EC3), which helps measure embodied carbon in buildings, and the Smart Freight Centre’s Global Logistics Emissions Council (GLEC) Framework, a globally recognized methodology for measuring freight transportation emissions.",13,Reducing Our Scope 3 Emissions,other,hedged,,,,global,0.5,data/raw/amazon/2022_sustainability_report.pdf,amazon,2022,47,0.0,0.0,0.0,False,False,False,True,False,0.2,-11.9,False,False,False,0
"We remain focused on reaching net-zero carbon by 2040, a focus we have maintained since we first announced The Climate Pledge in 2019.",13,The Road to 2040,target,firm,"2040,",2040,2040,,0.75,data/raw/amazon/2022_sustainability_report.pdf,amazon,2022,21,0.0,0.0,0.0676,True,True,True,False,False,0.6,48.5,False,False,False,0
Turbines generate clean electricity at a utility-scale Amazon wind farm.,13,The Road to 2040,attribute,,,,,,0.0,data/raw/amazon/2022_sustainability_report.pdf,amazon,2022,10,0.0,0.0,0.0,False,False,False,False,False,0.0,-6.4,False,False,False,0
The Climate Pledge is a commitment to reach net-zero carbon emissions by 2040.,14,The Climate Pledge,target,firm,,2040,2040,,0.5,data/raw/amazon/2022_sustainability_report.pdf,amazon,2022,12,0.0,0.0,0.1867,False,True,True,False,False,0.4,53.7,False,False,False,0
Amazon co-founded The Climate Pledge with Global Optimism in 2019 and became the first company to sign on.,14,The Climate Pledge,target,firm,2019,,,,0.25,data/raw/amazon/2022_sustainability_report.pdf,amazon,2022,17,0.0,0.0,0.0,True,False,False,False,False,0.2,50.2,False,False,False,0
"While each company will take its own path to net zero, signing The Climate Pledge reinforces their commitment to sustainability.",14,The Climate Pledge,target,firm,,,,,0.0,data/raw/amazon/2022_sustainability_report.pdf,amazon,2022,20,0.0,0.0,0.1,False,False,False,False,False,0.0,42.7,False,True,False,0
"In 2022 alone, 111 companies signed The Climate Pledge.",14,Employees $3.68T,target,firm,2022,,,,0.25,data/raw/amazon/2022_sustainability_report.pdf,amazon,2022,7,0.0,0.0,0.0,True,False,False,False,False,0.2,54.7,False,False,False,0
The Climate Pledge Fund is a $2 billion venture investment program supporting the advancement of sustainable technologies and services that will enable Amazon to meet our net-zero carbon goal.,14,The Climate Pledge Fund,target,firm,2 billion,,,,0.25,data/raw/amazon/2022_sustainability_report.pdf,amazon,2022,28,0.0,0.0,0.0714,True,False,False,False,False,0.2,21.3,False,True,False,1
"Throughout 2022, The Climate Pledge Fund continued its mission to support companies working on promising decarbonization solutions.",14,The Climate Pledge Fund,target,firm,"2022,",,2022,,0.5,data/raw/amazon/2022_sustainability_report.pdf,amazon,2022,16,0.0625,0.0,0.0,True,False,True,False,False,0.15,10.8,False,False,False,0
"We made new investments in seven companies: Electric Hydrogen, Sunfire, and Verne, which are developing green hydrogen production and storage methods;2 Moxion Power and Ambient Photonics, which are advancing cleaner energy storage; and Brimstone and Electra, which are working to decarbonize construction.",14,The Climate Pledge Fund,attribute,,2,,,,0.5,data/raw/amazon/2022_sustainability_report.pdf,amazon,2022,42,0.0,0.0,0.0,True,False,False,False,False,0.2,1.0,False,False,False,0
"In 2022, Amazon became a founding member of the Climate Resolute Coalition, a multistakeholder organization focused on advancing women’s economic empowerment and climate solutions in global supply chains.",14,Equitably Scaling Climate Tech Solutions,other,,"2022,",,,supply chain,1.0,data/raw/amazon/2022_sustainability_report.pdf,amazon,2022,28,0.0,0.0,0.0,True,False,False,True,False,0.4,-11.9,False,False,False,1
"Where possible, we use lightweight packaging by prioritizing flexible paper bags and envelopes, which are up to 90% lighter than similar-sized, rigid corrugate boxes.",15,Amazon’s Delivery and Logistics Network,other,,90%,,,,0.5,data/raw/amazon/2022_sustainability_report.pdf,amazon,2022,23,0.0435,0.0435,0.0,True,False,False,False,False,0.0,21.6,False,False,False,0
"During 2022, in North America and Europe, we increased our total rail load volume; we continue to grow it at an accelerated rate, which will help meet our netzero-carbon goals.",16,Inbound Transportation,other,firm,"2022,",,,,0.5,data/raw/amazon/2022_sustainability_report.pdf,amazon,2022,29,0.0,0.0,0.069,True,False,False,False,False,0.2,37.4,False,True,False,1
"To help address this challenge, we are experimenting with lower-carbon options, such as trucks powered by renewable natural gas (RNG),6 battery-electric trucks, and hydrogen-powered trucks.",16,Middle Mile,other,,6,,,,0.5,data/raw/amazon/2022_sustainability_report.pdf,amazon,2022,25,0.0,0.0,0.0,True,False,False,False,False,0.2,8.9,False,False,False,0
"We are also investing in future solutions, like green steel7 for manufacturing vehicles, as well as renewably generated green hydrogen.",16,Middle Mile,attribute,,,,,,0.0,data/raw/amazon/2022_sustainability_report.pdf,amazon,2022,20,0.0,0.0,0.05,False,False,False,False,False,0.0,17.3,False,False,False,0
"This partnership will supply Amazon with 10,950 tons of green hydrogen per year—enough to power 40,000 forklifts annually—for transportation and building operations, starting in 2025.",16,Middle Mile,attribute,firm,"10,950",,,,0.5,data/raw/amazon/2022_sustainability_report.pdf,amazon,2022,24,0.0,0.0,0.0417,True,False,False,False,False,0.2,27.4,False,True,False,0
"In 2022, we announced plans to invest over €1 billion to double our European zero-emissions fleet for middle and last mile deliveries over the next five years.",16,Last Mile,attribute,,1 billion,,,,0.5,data/raw/amazon/2022_sustainability_report.pdf,amazon,2022,25,0.0,0.0,0.04,True,False,False,False,False,0.2,46.1,False,False,False,0
"In 2022, we continued to support the Smart Freight Centre, with a focus on identifying and building partnerships that can accelerate transportation decarbonization.",17,Partnering for Decarbonized Transportation,other,hedged,"2022,",,,,0.5,data/raw/amazon/2022_sustainability_report.pdf,amazon,2022,22,0.0455,0.0,0.0,True,False,False,False,False,0.018,19.2,False,False,False,1
"Amazon is also playing an active role in several industry initiatives and government partnerships, including the coZEV network, the First Movers Coalition, and the Clean Energy Demand Initiative.",17,Partnering for Decarbonized Transportation,attribute,,,,,,0.0,data/raw/amazon/2022_sustainability_report.pdf,amazon,2022,28,0.0357,0.0,0.0,False,False,False,False,False,0.0,6.2,False,False,False,0
"However, SAF represents less than 0.1% of global aviation fuel, because it is still cost prohibitive for most companies.8 During the 2022 United Nations Climate Change Conference (COP27), SABA announced a digital SAF certificate registry that aims to increase transparency for emissions-reduction claims and accelerate SAF deployment.",17,Partnering for Decarbonized Transportation,other,hedged,0.1%,,,,0.5,data/raw/amazon/2022_sustainability_report.pdf,amazon,2022,45,0.0,0.0,0.0222,True,False,False,False,False,0.2,24.3,False,False,False,1
"In early 2023, we co-founded the Zero Emission Maritime Buyers Alliance (ZEMBA) together with the Aspen Institute, Patagonia, and Tchibo.",17,Partnering for Decarbonized Transportation,attribute,,"2023,",,,,0.5,data/raw/amazon/2022_sustainability_report.pdf,amazon,2022,19,0.0,0.0,0.0,True,False,False,False,False,0.2,18.4,False,False,False,0
"Through ZEMBA, freight buyers will accelerate commercial deployment of zero-emission shipping, enable economies of scale, and minimize maritime emissions, helping to get zero-emission ships on the water by the mid-2020s.",17,Partnering for Decarbonized Transportation,attribute,firm,,,,,0.0,data/raw/amazon/2022_sustainability_report.pdf,amazon,2022,31,0.0,0.0,0.0323,False,False,False,False,False,0.0,11.6,False,True,False,1
"In December 2022, we co-founded SFBA, a group committed to decarbonizing freight operations.",17,Partnering for Decarbonized Transportation,other,firm,"2022,",,,,0.5,data/raw/amazon/2022_sustainability_report.pdf,amazon,2022,12,0.0,0.0,0.0833,True,False,False,False,False,0.2,18.4,False,False,False,1
"In 2023, we plan to expand EBMS implementation across our global facilities to help further reduce emissions.",17,Building Construction and Operations,other,hedged,"2023,",,,,0.5,data/raw/amazon/2022_sustainability_report.pdf,amazon,2022,16,0.0,0.0,0.0625,True,False,False,False,False,0.2,32.0,False,False,False,0
"Throughout 2022, our Global Real Estate and Facilities team made progress in establishing foundational practices for building and maintaining sustainable buildings.",17,Corporate Offices,target,,"2022,",,2022,,0.5,data/raw/amazon/2022_sustainability_report.pdf,amazon,2022,20,0.0,0.0,0.0,True,False,True,False,False,0.4,13.1,False,False,False,1
We also gathered crucial data to inform building-specific carbon-reduction roadmaps and 2023 energy-reduction projects.,17,Corporate Offices,other,,2023,2023,,,0.5,data/raw/amazon/2022_sustainability_report.pdf,amazon,2022,13,0.0,0.0,0.0,True,True,False,False,False,0.4,-27.6,False,False,False,0
"By May 2022, Whole Foods Market improved energy efficiency performance by 21% from a 2010 baseline, achieving the U.S. Department of Energy Better Buildings Challenge goal two years ahead of schedule.",18,Physical Stores > Driving Climate Solutions Carbon,target,hedged,21%,2010,,,0.5,data/raw/amazon/2022_sustainability_report.pdf,amazon,2022,29,0.069,0.0345,0.0345,True,True,False,False,False,0.1,45.3,False,False,True,0
"Amazon Fresh stores in the U.S. and EU also made strides on energy efficiency throughout 2022, using efficient lighting as standard in all buildings and expanding the use of doors on instore refrigerated cases.",18,Physical Stores > Driving Climate Solutions Carbon,target,,"2022,",,2022,,0.5,data/raw/amazon/2022_sustainability_report.pdf,amazon,2022,34,0.0,0.0,0.0,True,False,True,False,False,0.4,48.5,False,False,False,0
"We look to address our largest remaining source of buildings emissions—embodied carbon,10 primarily in the concrete and steel used in construction.",18,Physical Stores > Addressing Hard-to-Abate Carbon Emissions,other,,10,,,,0.5,data/raw/amazon/2022_sustainability_report.pdf,amazon,2022,22,0.0,0.0,0.0,True,False,False,False,False,0.2,34.5,False,False,False,0
We use the Embodied Carbon in Construction Calculator (EC3) tool to track embodied carbon in our building projects.,18,Physical Stores > Addressing Hard-to-Abate Carbon Emissions,other,,,,,,0.0,data/raw/amazon/2022_sustainability_report.pdf,amazon,2022,18,0.0,0.0,0.0,False,False,False,False,False,0.0,42.9,False,False,False,0
"In 2022, we tracked embodied carbon from more than 400 building projects through EC3.",18,Physical Stores > Addressing Hard-to-Abate Carbon Emissions,other,,"2022,",,,,0.5,data/raw/amazon/2022_sustainability_report.pdf,amazon,2022,12,0.0,0.0,0.0,True,False,False,False,False,0.2,67.8,False,False,False,0
"Throughout 2022, we partnered with various organizations to improve embodied carbon reporting.",18,Physical Stores > Addressing Hard-to-Abate Carbon Emissions,target,,"2022,",,2022,,0.5,data/raw/amazon/2022_sustainability_report.pdf,amazon,2022,11,0.0909,0.0,0.0,True,False,True,False,False,0.1,3.4,False,False,False,0
We launched a program to find and validate transformational technologies as lower-cost alternatives to carbon credits11 in the most difficult-to-abate areas of our building portfolio.,18,Physical Stores > Addressing Hard-to-Abate Carbon Emissions,other,achievement,,,,,0.0,data/raw/amazon/2022_sustainability_report.pdf,amazon,2022,25,0.0,0.0,0.0,False,False,False,False,False,0.0,2.1,False,False,False,0
Our efforts to reduce Scope 1 and Scope 2 emissions begin with increasing data collection across all business areas.,18,"Fulfillment, Logistics, and Distribution Centers",other,,1,,,Scope 1; Scope 2,1.0,data/raw/amazon/2022_sustainability_report.pdf,amazon,2022,17,0.0,0.0,0.0,True,False,False,True,False,0.4,35.3,False,False,False,0
"As of the end of 2022, 237 Amazon facilities have on-site solar.",18,"Fulfillment, Logistics, and Distribution Centers",other,,"2022,",,,,0.5,data/raw/amazon/2022_sustainability_report.pdf,amazon,2022,10,0.0,0.0,0.0,True,False,False,False,False,0.2,52.9,False,False,False,0
"Through lighting retrofits, we have saved 1 billion kilowatt-hours (kWh) of energy and avoided 709,000 metric tons of CO2e over the last seven years.",18,"Fulfillment, Logistics, and Distribution Centers > Learn more about our renewable energy progress",achievement,achievement,1 billion,,,,0.33,data/raw/amazon/2022_sustainability_report.pdf,amazon,2022,23,0.0,0.0,0.0,True,False,False,False,False,0.2,43.7,False,False,False,0
"The building is solar-ready and designed to have a rooftop solar array that can potentially generate as much as 80% of the facility’s annual electricity needs, with the remaining balance to be supported by Amazon’s off-site renewable energy projects.",19,"Fulfillment, Logistics, and Distribution Centers > Making History with the World’s First ILFI Zero Carbon Certified Fulfillment Center",other,,80%,,,,0.5,data/raw/amazon/2022_sustainability_report.pdf,amazon,2022,40,0.0,0.05,0.0,True,False,False,False,False,0.0,7.6,True,False,False,0
"With millions of users globally, Amazon Web Services (AWS) is the world’s most comprehensive, broadly adopted cloud offering.12 To continue delivering optimal service while building a more sustainable business, AWS is designing data centers— including our servers and hardware—for efficiency, resiliency, and a lower carbon footprint.",19,Amazon Web Services,other,,,,,global,0.5,data/raw/amazon/2022_sustainability_report.pdf,amazon,2022,48,0.0208,0.0,0.0,False,False,False,True,False,0.117,16.8,False,False,False,0
"Our third-generation Arm-based chip, AWS Graviton3, is more energy-efficient, as Graviton3-based Elastic Compute Cloud instances use up to 60% less energy for the same performance than comparable Amazon EC2 instances.",19,Amazon Web Services,other,,60%,,,,0.5,data/raw/amazon/2022_sustainability_report.pdf,amazon,2022,30,0.0,0.0333,0.0,True,False,False,False,False,0.067,4.4,False,False,False,0
"This, in turn, means building new models requires less money and power, with potential cost savings of up to 62% and energy-consumption reductions of up to 29%, versus comparable instances.",19,Amazon Web Services,other,,62%,,,,0.5,data/raw/amazon/2022_sustainability_report.pdf,amazon,2022,28,0.0,0.0714,0.0,True,False,False,False,False,0.0,30.4,False,False,False,0
Our Inferentia machine learning chip is up to 54% more energy-efficient and can reduce costs by up to 90% against comparable instances.,19,Amazon Web Services,other,,54%,,,,0.5,data/raw/amazon/2022_sustainability_report.pdf,amazon,2022,20,0.0,0.1,0.0,True,False,False,False,False,0.0,34.3,False,False,False,0
The concrete mix reduces carbon emissions by nearly 40% compared to standard concrete.,20,Amazon Web Services > Driving Climate Solutions Carbon,other,,40%,,,,0.5,data/raw/amazon/2022_sustainability_report.pdf,amazon,2022,12,0.0,0.0,0.0,True,False,False,False,False,0.2,32.5,False,False,False,0
"Globally in 2022, we completed the construction of 16 data centers using lower-carbon concrete and 10 data centers using lower-carbon steel.",20,Amazon Web Services > Driving Climate Solutions Carbon,achievement,achievement,"2022,",,,global,0.67,data/raw/amazon/2022_sustainability_report.pdf,amazon,2022,18,0.0,0.0,0.0,True,False,False,True,False,0.4,14.7,False,False,False,0
"The Intergovernmental Panel on Climate Change (IPCC) has made clear that significant carbon emissions from several sectors of the economy will not be fully abated by 2050.14 Even with aggressive decarbonization efforts, many companies will need to neutralize some GHG emissions that cannot be eliminated to achieve net-zero carbon.",20,Carbon Neutralization,target,firm,2050.14,,2050,,0.5,data/raw/amazon/2022_sustainability_report.pdf,amazon,2022,48,0.0625,0.0,0.0825,True,False,True,False,False,0.15,15.0,True,True,False,0
Carbon neutralization represents an opportunity for us to help reduce emissions and stabilize our changing climate.,20,Carbon Neutralization,attribute,,,,,,0.0,data/raw/amazon/2022_sustainability_report.pdf,amazon,2022,16,0.0,0.0,0.0,False,False,False,False,False,0.0,10.8,False,False,False,0
"In 2021, Amazon helped create the Lowering Emissions by Accelerating Forest finance (LEAF) Coalition, which has mobilized over $1 billion in corporate and government finance to protect tropical rainforests around the world.",20,Protecting the World’s Tropical Rainforests,other,,1 billion,,,,0.5,data/raw/amazon/2022_sustainability_report.pdf,amazon,2022,30,0.0,0.0333,0.0,True,False,False,False,False,0.067,4.4,False,False,False,0
"In 2022, during COP27, four Brazilian states signed Letters of Intent to participate in the Coalition, bringing participating tropical forest jurisdictions to nine.",20,Protecting the World’s Tropical Rainforests,other,,"2022,",,,,0.5,data/raw/amazon/2022_sustainability_report.pdf,amazon,2022,22,0.0,0.0,0.0,True,False,False,False,False,0.2,11.5,False,False,False,0
"In 2022, we also advanced development of technological tools, scientific knowledge, and business models to support reforestation and sustainable agroforestry at scale.",20,Restoring Degraded Landscapes,other,hedged,"2022,",,,,0.5,data/raw/amazon/2022_sustainability_report.pdf,amazon,2022,21,0.0,0.0,0.0,True,False,False,False,False,0.2,-7.9,False,False,False,1
"With support from Amazon, Conservation International launched the International Blue Carbon Institute at COP27.",20,Restoring Degraded Landscapes,other,hedged,,,,,0.0,data/raw/amazon/2022_sustainability_report.pdf,amazon,2022,14,0.0,0.0,0.0,False,False,False,False,False,0.0,-0.7,False,False,False,0
"This includes policies that advance zero-emission fuels, scale clean energy, modernize the grid, and invest in new technologies needed across multiple industries.",21,Decarbonizing Through Policy,attribute,,,,,,0.0,data/raw/amazon/2022_sustainability_report.pdf,amazon,2022,22,0.0,0.0,0.0,False,False,False,False,True,0.2,15.3,False,False,False,1
"To meet our net-zero carbon goal, we engage suppliers in our global product and device supply chains to set goals that support decarbonizing their own operations and work with them on initiatives to reduce their GHG emissions.",21,Engaging Suppliers that Make Amazon Products,target,hedged,,,,own operations; supply chain,0.25,data/raw/amazon/2022_sustainability_report.pdf,amazon,2022,37,0.0,0.0,0.0541,False,False,False,True,False,0.2,29.8,False,False,False,0
"In 2022, we received commitments from 28 suppliers to work with us on decarbonization.",21,Engaging Suppliers that Make Amazon Products,other,,"2022,",,,,0.5,data/raw/amazon/2022_sustainability_report.pdf,amazon,2022,12,0.0,0.0,0.0833,True,False,False,False,False,0.2,39.6,False,False,False,0
"We will also use our scale, investment, and innovation to date to provide our suppliers with products and tools that will help them reach their goals—whether that’s transitioning to renewable energy or having more access to sustainable materials.",21,Engaging Suppliers that Make Amazon Products,attribute,firm,,,,,0.0,data/raw/amazon/2022_sustainability_report.pdf,amazon,2022,40,0.0,0.0,0.075,False,False,False,False,False,0.0,33.0,False,True,False,0
"Reaching net-zero carbon emissions by 2040 won’t be easy, and we know we can only get there with significant collaboration.",21,Looking Forward,target,,2040,2040,2040,,0.75,data/raw/amazon/2022_sustainability_report.pdf,amazon,2022,20,0.05,0.0,0.07,True,True,True,False,False,0.4,38.5,False,False,False,0
"With 401 renewable energy projects representing over 20 gigawatts (GW) of clean energy capacity announced as of January 2023, Amazon is the world’s largest corporate purchaser of renewable energy for the third year in a row.",22,Renewable Energy,attribute,,401,,,,0.5,data/raw/amazon/2022_sustainability_report.pdf,amazon,2022,34,0.0,0.0,0.0,True,False,False,False,False,0.2,10.6,False,False,False,0
We are also on a path to powering our operations with 100% renewable energy by 2025—five years ahead of our original 2030 target—and we are asking our suppliers to switch to renewable energy as well.,22,Renewable Energy,target,,100%,,2025,own operations,0.75,data/raw/amazon/2022_sustainability_report.pdf,amazon,2022,34,0.0,0.0,0.0494,True,False,True,True,False,0.6,35.5,False,False,False,0
"To reach this target, we want 100% of the electricity that we use to be attributable to renewable energy sources.",22,Renewable Energy,other,,100%,,,,0.5,data/raw/amazon/2022_sustainability_report.pdf,amazon,2022,19,0.0,0.0,0.0526,True,False,False,False,False,0.2,45.1,False,False,False,0
"To achieve our renewable energy goal, we aim for 100% of the electricity we use to be attributable to renewable electricity sources.",23,Our Approach,target,hedged,100%,,,,0.25,data/raw/amazon/2022_sustainability_report.pdf,amazon,2022,21,0.0,0.0,0.0952,True,False,False,False,False,0.2,24.4,False,False,False,0
We contract renewable power from utility-scale wind and solar projects that add clean energy to the grid.,23,Our Approach,attribute,,,,,,0.0,data/raw/amazon/2022_sustainability_report.pdf,amazon,2022,17,0.0,0.0,0.0,False,False,False,False,True,0.2,45.3,False,False,False,0
"In 2022, 90% of electricity consumed by Amazon was attributable to renewable energy sources, up from 85% in 2021.",23,Scaling Renewable Energy,achievement,achievement,90%,,,,0.33,data/raw/amazon/2022_sustainability_report.pdf,amazon,2022,15,0.0,0.0,0.0,True,False,False,False,False,0.2,16.8,False,False,False,0
"We grew our renewables portfolio to over 20 GW of clean energy capacity, a 67% increase from our global 2021 portfolio of just over 12 GW.",23,Scaling Renewable Energy,attribute,,67%,2021,,,0.5,data/raw/amazon/2022_sustainability_report.pdf,amazon,2022,22,0.0,0.0,0.0,True,True,False,False,False,0.4,38.4,False,False,False,0
"Once operational, these contracted renewable energy projects will account for 56,881 gigawatt-hours (GWh) of Amazon’s electricity use, enough to power 5.3 million U.S. homes annually.",23,Scaling Renewable Energy,other,firm,5.3 million,,,,0.5,data/raw/amazon/2022_sustainability_report.pdf,amazon,2022,25,0.0,0.0,0.04,True,False,False,False,False,0.2,24.5,False,True,False,0
"As a part of our broader commitment to power our operations with 100% renewable energy, we continue to scale up our use of renewable electricity within AWS.",23,Scaling Renewable Energy,other,firm,100%,,,own operations,1.0,data/raw/amazon/2022_sustainability_report.pdf,amazon,2022,26,0.0,0.0,0.0385,True,False,False,True,False,0.4,30.8,False,False,False,0
"In 2022, three new on-site rooftop solar projects became operational at Japanese fulfillment centers, increasing the number of facilities with on-site solar in Japan to six.",23,On-Site Solar Projects,other,,"2022,",,,,0.5,data/raw/amazon/2022_sustainability_report.pdf,amazon,2022,25,0.0,0.0,0.0,True,False,False,False,False,0.2,19.0,False,False,False,0
"In October 2022, we opened our first stand-alone Australian sort center in Melbourne, which features 3,078 on-site solar panels with capacity to meet up to 80% of the site’s electricity needs.",23,On-Site Solar Projects,other,,80%,,,,0.5,data/raw/amazon/2022_sustainability_report.pdf,amazon,2022,29,0.0,0.0345,0.0,True,False,False,False,False,0.062,28.6,False,False,False,0
"During 2022, we announced 133 new renewable energy projects that are expected to come online over the next five years, bringing our total announced projects to 401 as of January 2023.",23,Utility-Scale Projects,other,,"2022,",,,,0.5,data/raw/amazon/2022_sustainability_report.pdf,amazon,2022,27,0.0,0.0741,0.0,True,False,False,False,False,0.0,35.3,True,False,False,0
Newly announced Indian solar projects—which bring our total number of utility-scale renewable projects in India to six— are expected to have capacity of 920 MW once operational.,23,Utility-Scale Projects,other,,920,,,,0.5,data/raw/amazon/2022_sustainability_report.pdf,amazon,2022,27,0.0,0.0741,0.0,True,False,False,False,False,0.0,16.5,True,False,False,0
"As of the end of 2022, Amazon’s largest operational renewable energy project was in Alberta, Canada.",23,Utility-Scale Projects > Did You Know?,achievement,achievement,"2022,",,,,0.33,data/raw/amazon/2022_sustainability_report.pdf,amazon,2022,16,0.0,0.0,0.0,True,False,False,False,False,0.2,21.4,False,False,False,0
"Five projects in Europe—two solar farms in Spain and Italy and three wind farms in Sweden and the UK—went live and together are expected to generate 1,980,000 MWh annually.",24,Newly Operational and Announced Projects,other,,"1,980,000 MWh",,,,0.5,data/raw/amazon/2022_sustainability_report.pdf,amazon,2022,30,0.0,0.0667,0.0,True,False,False,False,False,0.0,52.3,True,False,False,0
"Two projects in China, one wind farm and one solar farm, also launched and are expected to produce 450,500 MWh annually.",24,Newly Operational and Announced Projects,achievement,achievement,"450,500 MWh",,,,0.33,data/raw/amazon/2022_sustainability_report.pdf,amazon,2022,20,0.0,0.1,0.0,True,False,False,False,False,0.0,59.6,True,False,False,0
We invest in energy storage to collect and save clean energy for use when renewable energy sources are unavailable—such as at night or during periods of high demand—and to provide grid stability.,24,Energy Storage Solutions,attribute,,,,,,0.0,data/raw/amazon/2022_sustainability_report.pdf,amazon,2022,34,0.0,0.0,0.0,False,False,False,False,True,0.2,33.0,False,False,False,0
"During 2022, we launched solar projects paired with battery storage capabilities in Arizona and California.",24,Energy Storage Solutions,achievement,achievement,"2022,",,,,0.33,data/raw/amazon/2022_sustainability_report.pdf,amazon,2022,14,0.0,0.0,0.0,True,False,False,False,False,0.2,-0.7,False,False,False,0
"Together, the projects deliver 450 MW of energy, alongside 225 MW of battery storage.",24,Energy Storage Solutions,other,,450,,,,0.5,data/raw/amazon/2022_sustainability_report.pdf,amazon,2022,12,0.0,0.0,0.0,True,False,False,False,False,0.2,25.5,False,False,False,0
We are looking to increasingly pair renewable generators with storage to provide near 24/7 carbon-free electricity on grids with significant solar.,24,Energy Storage Solutions,attribute,,24,,,,0.5,data/raw/amazon/2022_sustainability_report.pdf,amazon,2022,20,0.05,0.0,0.0,True,False,False,False,True,0.2,17.3,False,False,False,0
"As the world’s largest corporate renewable energy purchaser, we have a unique role to play in supporting a just, equitable, and sustainable clean energy transition.",24,Energy Storage Solutions > Supporting a Just Clean Energy Transition,attribute,,,,,,0.0,data/raw/amazon/2022_sustainability_report.pdf,amazon,2022,26,0.0,0.0,0.0,False,False,False,False,False,0.0,27.5,False,False,False,0
"In May 2022, Amazon became a founding member of Beyond the Megawatt—an initiative by the Clean Energy Buyers Institute (CEBI) to maximize the environmental and social benefits of the clean energy transition.",24,Energy Storage Solutions > Supporting a Just Clean Energy Transition,attribute,hedged,"2022,",,,,0.5,data/raw/amazon/2022_sustainability_report.pdf,amazon,2022,32,0.0,0.0312,0.0,True,False,False,False,False,0.075,15.7,False,False,True,0
The development of industrywide procurement standards to promote social impact and human rights within clean energy buying is critical to this partnership.,24,Energy Storage Solutions > Supporting a Just Clean Energy Transition,attribute,,,,,,0.0,data/raw/amazon/2022_sustainability_report.pdf,amazon,2022,22,0.0,0.0,0.0,False,False,False,False,False,0.0,19.2,False,False,False,0
A global clean energy transition will also require increased supplies of minerals that power more-sustainable technologies.,24,Energy Storage Solutions > Supporting a Just Clean Energy Transition,attribute,firm,,,,,0.0,data/raw/amazon/2022_sustainability_report.pdf,amazon,2022,16,0.0,0.0,0.0625,False,False,False,False,False,0.0,0.2,False,True,False,0
"In November 2022, Amazon partnered with USAID, the BHP Foundation, and the Chandler Foundation to deliver the Powering a Just Energy Transition Green Minerals Challenge (JET Minerals Challenge).",24,Energy Storage Solutions > Supporting a Just Clean Energy Transition,other,,"2022,",,,,0.5,data/raw/amazon/2022_sustainability_report.pdf,amazon,2022,27,0.0,0.0,0.0,True,False,False,False,False,0.2,13.4,False,False,False,0
"Throughout 2022, we expanded AWS’ machine learning solution, renewable energy optimization (REO), to improve the performance of our renewable portfolio.",25,Energy Optimization,target,,"2022,",,2022,,0.5,data/raw/amazon/2022_sustainability_report.pdf,amazon,2022,19,0.0,0.0,0.0,True,False,True,False,False,0.4,5.0,False,False,False,0
REO prioritizes delivery of clean energy where it’s needed most.,25,Energy Optimization,attribute,,,,,,0.0,data/raw/amazon/2022_sustainability_report.pdf,amazon,2022,11,0.0,0.0,0.0,False,False,False,False,False,0.0,41.9,False,False,False,0
"By 2025, we expect technologies like this could deliver additional clean energy equivalent to a 200-MW wind farm when deployed across Amazon’s portfolio.",25,Energy Optimization,target,hedged,"2025,",,2025,,0.5,data/raw/amazon/2022_sustainability_report.pdf,amazon,2022,23,0.0,0.087,0.02,True,False,True,False,False,0.1,25.3,False,False,True,0
"We also set a goal to invest in wind and solar farm capacity equal to the energy used by all Echo, Fire TV, and Ring devices worldwide by 2025.",25,Energy Optimization for Amazon Devices,target,,,,2025,,0.25,data/raw/amazon/2022_sustainability_report.pdf,amazon,2022,28,0.0,0.0,0.0557,False,False,True,False,False,0.2,51.5,False,False,False,0
"At the end of 2022, we contracted enough renewable energy capacity through new wind and solar farms to equal the expected energy use of devices globally in 2025.",25,Energy Optimization for Amazon Devices,other,,"2022,",,,global,1.0,data/raw/amazon/2022_sustainability_report.pdf,amazon,2022,26,0.0,0.0769,0.0,True,False,False,True,False,0.1,30.8,False,False,False,0
"During 2022, Amazon helped to launch the Emissions First Partnership, a coalition that is playing an increasingly important role in the standards that govern how we account for and reduce the world’s carbon footprint.",25,Energy Optimization for Amazon Devices > Emissions First Accounting Principles,other,,"2022,",,,,0.5,data/raw/amazon/2022_sustainability_report.pdf,amazon,2022,34,0.0,0.0,0.0,True,False,False,False,False,0.2,35.5,False,False,False,0
"Combined, this means faster, more cost-effective deployment of clean energy.",25,Advocating for Renewable Energy Solutions,attribute,,,,,,0.0,data/raw/amazon/2022_sustainability_report.pdf,amazon,2022,10,0.0,0.0,0.0,False,False,False,False,False,0.0,27.5,False,False,False,0
"Throughout 2023, we will identify new technologies that accelerate renewable energy deployment and, ultimately, help us achieve our net-zero carbon emissions goal.",25,Looking Forward,target,firm,"2023,",,2023,,0.5,data/raw/amazon/2022_sustainability_report.pdf,amazon,2022,21,0.0,0.0,0.0952,True,False,True,False,False,0.4,-3.8,False,True,False,1
An Amazon fulfillment associate processes an order using a curbside recyclable box.,26,Looking Forward > Reducing Packaging and Waste Packaging,attribute,,,,,,0.0,data/raw/amazon/2022_sustainability_report.pdf,amazon,2022,12,0.0,0.0,0.0,False,False,False,False,False,0.0,18.4,False,False,False,0
"Our customers want right-sized, easily recyclable packaging that minimizes waste and ensures damage-free delivery.",27,Our Approach,attribute,,,,,,0.0,data/raw/amazon/2022_sustainability_report.pdf,amazon,2022,14,0.0,0.0,0.0,False,False,False,False,False,0.0,-12.8,False,False,False,0
"In 2022, this resulted in avoiding approximately 900 metric tons of packaging, equivalent to the weight of six blue whales.",27,Avoiding Packaging in Grocery,other,,900 metric tons,,,,0.5,data/raw/amazon/2022_sustainability_report.pdf,amazon,2022,18,0.0,0.0556,0.0,True,False,False,False,False,0.0,28.8,False,False,False,0
"Where possible, we use lightweight packaging by prioritizing flexible paper bags and envelopes, which are up to 90% lighter than similar-sized, rigid corrugate boxes.",28,"Optimizing with Lighter, More Flexible, and Right-Sized Packaging",other,,90%,,,,0.5,data/raw/amazon/2022_sustainability_report.pdf,amazon,2022,23,0.0435,0.0435,0.0,True,False,False,False,False,0.0,21.6,False,False,False,0
"Throughout 2022, we scaled automation capabilities to optimize and right-size our packaging selections.",28,"Optimizing with Lighter, More Flexible, and Right-Sized Packaging",target,,"2022,",,2022,,0.5,data/raw/amazon/2022_sustainability_report.pdf,amazon,2022,12,0.0,0.0,0.0,True,False,True,False,False,0.4,-2.7,False,False,False,0
"This decrease also contributed to a 17.1% decrease in average plastic packaging weight per shipment in 2022 across our global operations network, building on the over 7% reduction achieved in 2021.",29,Prioritizing Recyclability and Carbon Impact,achievement,achievement,17.1%,2021,,,0.67,data/raw/amazon/2022_sustainability_report.pdf,amazon,2022,27,0.0,0.0,0.0,True,True,False,False,False,0.4,33.3,False,False,False,0
We are phasing out padded bags containing plastics in favor of recyclable alternatives.,29,Prioritizing Recyclability and Carbon Impact,attribute,,,,,,0.0,data/raw/amazon/2022_sustainability_report.pdf,amazon,2022,13,0.0,0.0,0.0,False,False,False,False,False,0.0,30.9,False,False,False,0
"During 2022, we expanded recyclable paper padded bag use across the U.S. and Canada, replacing 99% of harder-to-recycle padded bags that contain both plastic and paper.",29,Prioritizing Recyclability and Carbon Impact,attribute,,99%,,,,0.5,data/raw/amazon/2022_sustainability_report.pdf,amazon,2022,25,0.0,0.0,0.0,True,False,False,False,False,0.2,46.1,False,False,False,0
We eliminated single-use plastic delivery bags for orders shipped from European fulfillment centers and replaced them with curbside-recyclable alternatives.,29,Prioritizing Recyclability and Carbon Impact,attribute,achievement,,,,,0.0,data/raw/amazon/2022_sustainability_report.pdf,amazon,2022,19,0.0,0.0,0.0,False,False,False,False,False,0.0,-21.7,False,False,False,0
We also eliminated single-use air pillows in Europe and Australia and replaced them with curbside-recyclable paper material.,29,Prioritizing Recyclability and Carbon Impact,attribute,achievement,,,,,0.0,data/raw/amazon/2022_sustainability_report.pdf,amazon,2022,17,0.0,0.0,0.0,False,False,False,False,False,0.0,0.5,False,False,False,0
"Today, approximately 92% of packaging material weight in the U.S. and Canada—excluding produce bags and coolants—is curbside recyclable where programs are available.",29,Prioritizing Recyclability and Carbon Impact,attribute,,92%,,,,0.5,data/raw/amazon/2022_sustainability_report.pdf,amazon,2022,24,0.0,0.0417,0.0,True,False,False,False,False,0.033,36.6,False,False,False,0
All EU one-way delivery packaging—excluding coolants—is also curbside recyclable.,29,Prioritizing Recyclability and Carbon Impact,attribute,,,,,,0.0,data/raw/amazon/2022_sustainability_report.pdf,amazon,2022,11,0.0,0.0,0.0,False,False,False,False,False,0.0,3.4,False,False,False,0
"In 2022, we joined the U.S. Department of Energy’s BOTTLE18 consortium, led by the National Renewable Energy Laboratory (NREL), to develop technology that will enable bio-based and biodegradable plastic recycling.",29,Partnering to Scale,attribute,firm,"2022,",,,,0.5,data/raw/amazon/2022_sustainability_report.pdf,amazon,2022,31,0.0,0.0,0.0323,True,False,False,False,False,0.2,27.1,False,True,False,0
"We have made notable progress to date and, as we move through 2023 and beyond, we will seek to continue eliminating packaging through SIOC, reduce waste through automation and right-sizing, and select recyclable materials where possible.",29,Looking Forward,target,firm,2023,,2023,,0.5,data/raw/amazon/2022_sustainability_report.pdf,amazon,2022,35,0.0286,0.0286,0.0286,True,False,True,False,False,0.171,33.5,False,True,False,1
"Global natural resource extraction has more than tripled since 1970 and continues to increase, placing unsustainable pressure on the planet.19 Creating a circular economy, where waste is eliminated, resources are circulated, and nature is regenerated, is critical to transitioning to a more sustainable future.",30,Waste and Circularity,achievement,achievement,1970,,,,0.33,data/raw/amazon/2022_sustainability_report.pdf,amazon,2022,43,0.0,0.0,0.0465,True,False,False,False,False,0.2,13.8,True,False,False,0
"Additionally, in 2022, we launched a centralized waste-collection initiative across select corporate buildings in the U.S. to replace desk-side bins with communal alternatives, which is expected to increase waste diversion by 16%.",32,Noninventory Materials Management,achievement,achievement,16%,,,,0.33,data/raw/amazon/2022_sustainability_report.pdf,amazon,2022,31,0.0,0.0645,0.0,True,False,False,False,False,0.0,21.7,True,False,False,0
"We focus on eliminating excess materials such as steel or plastic, increasing recycled and bio-based content, and planning for repair, reuse, and recycling from the start.",32,AWS Waste Reduction Through Reverse Logistics,attribute,,,,,,0.0,data/raw/amazon/2022_sustainability_report.pdf,amazon,2022,26,0.0,0.0,0.0385,False,False,False,False,False,0.0,30.8,False,False,False,0
"We became one of the Food Loss and Waste 2030 Champions through the U.S. Environmental Protection Agency (EPA) in 2020, and extended our commitment to reducing food waste to our Europe operations in 2021.",33,Food Waste,other,firm,2030,,,,0.5,data/raw/amazon/2022_sustainability_report.pdf,amazon,2022,32,0.0,0.0,0.0312,True,False,False,False,False,0.2,55.9,False,False,False,0
"Additionally, in early 2023, Amazon UK signed on to the WRAP and IGD Food Waste Reduction Roadmap.",33,Food Waste,other,,"2023,",,,,0.5,data/raw/amazon/2022_sustainability_report.pdf,amazon,2022,16,0.0,0.0,0.0,True,False,False,False,False,0.2,47.8,False,False,False,0
"In 2022, Whole Foods Market had active organic diversion programs at 449 locations, which collectively diverted nearly 108,000 tons of food waste from landfills.",33,Food Waste,other,,"2022,",,,,0.5,data/raw/amazon/2022_sustainability_report.pdf,amazon,2022,21,0.0,0.0,0.0,True,False,False,False,False,0.2,32.4,False,False,False,0
"Amazon’s recyclable, paper-based packaging helps our customers divert waste from landfill.",33,Construction and Demolition Waste > Customer Waste,attribute,,,,,,0.0,data/raw/amazon/2022_sustainability_report.pdf,amazon,2022,12,0.0,0.0,0.0,False,False,False,False,False,0.0,18.4,False,False,False,0
"In 2021, we launched a Zero Waste to Landfill program with 10 device supplier sites; in 2022, we expanded it to certify all China-based final assembly sites that manufacture our most popular Echo, Kindle, Fire tablet, and Fire TV devices.",34,Supply Chain Waste,achievement,achievement,"2021,",,,,0.33,data/raw/amazon/2022_sustainability_report.pdf,amazon,2022,37,0.0,0.0,0.0,True,False,False,False,False,0.2,22.9,False,False,False,0
"In 2022, 12 new sites were certified, bringing our total number of certified supplier sites to 22 at the end of 2022, all of which have achieved UL’s Zero Waste to Landfill certification at Silver or better.",34,Supply Chain Waste,achievement,achievement,"2022,",,,,0.33,data/raw/amazon/2022_sustainability_report.pdf,amazon,2022,34,0.0294,0.0,0.0,True,False,False,False,False,0.082,38.0,True,False,False,0
"We also support the development of a sorting technology to improve plastic packaging recycling through our involvement in the Digital Watermarks Initiative HolyGrail 2.0, driven by AIM—European Brands Association and powered by the Alliance to End Plastic Waste.",34,Partnering for Circularity,other,hedged,2.0,,,,0.5,data/raw/amazon/2022_sustainability_report.pdf,amazon,2022,38,0.0,0.0,0.0263,True,False,False,False,False,0.2,20.6,False,False,False,0
"In 2022, we joined 4evergreen—a cross-industry alliance working to increase fiber-based packaging recycling—as well as the Circular Economy for Flexible Packaging (CEFLEX) industry consortium.",34,Partnering for Circularity,other,,"2022,",,,,0.5,data/raw/amazon/2022_sustainability_report.pdf,amazon,2022,25,0.0,0.0,0.0,True,False,False,False,False,0.2,-1.3,False,False,False,0
"In 2023, we will continue to scale waste-reduction and productcircularity programs across our own operations, as well as throughout our supply chain and customer areas.",34,Looking Forward,other,firm,"2023,",,,own operations; supply chain,1.0,data/raw/amazon/2022_sustainability_report.pdf,amazon,2022,24,0.0,0.0,0.0417,True,False,False,True,False,0.4,20.3,False,True,False,0
"Access to water is a fundamental human right, but the United Nations (UN) estimates that by 2050, 52% of the global population will live in water-stressed areas.22 This poses potential health and economic risks for Amazon’s employees, customers, communities, and business.",35,Looking Forward > Protecting Natural ResourcesWater,target,firm,52%,,2050,,0.5,data/raw/amazon/2022_sustainability_report.pdf,amazon,2022,40,0.0,0.025,0.07,True,False,True,False,False,0.3,25.8,False,True,False,0
Goal Amazon Web Services (AWS) has committed to being water positive by 2030.,35,Looking Forward > Protecting Natural ResourcesWater,target,firm,,,2030,,0.25,data/raw/amazon/2022_sustainability_report.pdf,amazon,2022,12,0.0,0.0,0.27,False,False,True,False,False,0.2,46.6,False,False,False,2
"For example, AWS has a goal to be water positive by 2030 through increasing water availability at and around operational sites.",36,Our Approach,target,,2030,,2030,,0.5,data/raw/amazon/2022_sustainability_report.pdf,amazon,2022,20,0.0,0.05,0.12,True,False,True,False,False,0.2,25.8,False,False,False,1
"We will achieve this by improving efficiency, using moresustainable sources such as recycled water, returning water for community reuse, and supporting replenishment projects.",36,Our Approach,attribute,firm,,,,,0.0,data/raw/amazon/2022_sustainability_report.pdf,amazon,2022,23,0.0,0.0,0.0435,False,False,False,False,False,0.0,-0.4,False,True,False,0
"We seek to reduce potable water consumption where possible, relying on alternatives like recycled water and rainwater harvesting.",36,Using More-Sustainable Water Sources,attribute,hedged,,,,,0.0,data/raw/amazon/2022_sustainability_report.pdf,amazon,2022,18,0.0556,0.0556,0.0,False,False,False,False,False,0.0,19.4,False,False,False,0
"As of 2022, 20 data centers use recycled wastewater in cooling systems—16 in Virginia, two in California, and two in Singapore.",36,Using More-Sustainable Water Sources,attribute,,"2022,",,,,0.5,data/raw/amazon/2022_sustainability_report.pdf,amazon,2022,19,0.0,0.0,0.0,True,False,False,False,False,0.2,31.7,False,False,False,0
"In several regions, we partner with community stakeholders to expand recycled water infrastructure.",36,Using More-Sustainable Water Sources,attribute,,,,,,0.0,data/raw/amazon/2022_sustainability_report.pdf,amazon,2022,13,0.0769,0.0,0.0,False,False,False,False,False,0.0,-1.6,False,False,False,0
"In 2022, we worked with local government and water utilities in Loudoun County, Virginia, to expand the infrastructure network that delivers recycled water to the community.",36,Using More-Sustainable Water Sources,attribute,,"2022,",,,,0.5,data/raw/amazon/2022_sustainability_report.pdf,amazon,2022,25,0.0,0.0,0.0,True,False,False,False,False,0.2,12.3,False,False,False,0
"In 2022, AWS completed projects with Water.org and WaterAid to provide clean water and sanitation to over 290,000 people across India and Indonesia.",36,Investing in Water Replenishment,achievement,achievement,"2022,",,,,0.33,data/raw/amazon/2022_sustainability_report.pdf,amazon,2022,22,0.0,0.0,0.0,True,False,False,False,False,0.2,45.7,False,False,False,0
"In addition to supporting the creation of the Fund, Amazon’s $10 million planned contribution will directly empower 1 million people with water access by 2025.",36,Investing in Water Replenishment,target,firm,10 million,,2025,,0.5,data/raw/amazon/2022_sustainability_report.pdf,amazon,2022,23,0.0,0.0,0.107,True,False,True,False,False,0.4,29.0,False,True,False,1
This will provide 3 billion liters of water in water-scarce areas annually and represents one of the largest private investment portfolios in water and climate to date.,36,Investing in Water Replenishment,other,firm,3 billion,,,,0.5,data/raw/amazon/2022_sustainability_report.pdf,amazon,2022,26,0.0,0.0,0.0385,True,False,False,False,False,0.2,34.0,False,True,False,0
"To reduce water use in India operations, we have an active stewardship program and have adopted the Water Neutrality Index (WNI)23 as a key metric.",37,"Operations, Physical Stores, and Offices",other,,23,,,,0.5,data/raw/amazon/2022_sustainability_report.pdf,amazon,2022,25,0.0,0.0,0.0,True,False,False,False,False,0.2,35.9,False,False,False,0
"As of 2022, India operations achieved a WNI score of 1 for 212 in-scope operations facilities24 and aims to achieve water positivity25 for these same facilities in 2023.",37,"Operations, Physical Stores, and Offices",other,hedged,"2022,",,,,0.5,data/raw/amazon/2022_sustainability_report.pdf,amazon,2022,24,0.0,0.0,0.0417,True,False,False,False,False,0.2,20.3,False,False,False,0
"Adam Selipsky, CEO of AWS, at the 2022 re:Invent conference where AWS announced its goal to be water positive by 2030.",37,"Operations, Physical Stores, and Offices",target,,2022,,2030,,0.5,data/raw/amazon/2022_sustainability_report.pdf,amazon,2022,20,0.0,0.0,0.12,True,False,True,False,False,0.4,55.4,False,False,False,1
"In 2021, UK operational facilities implemented an active water leak detection program to proactively identify and address issues.",37,"Operations, Physical Stores, and Offices",other,,"2021,",,,,0.5,data/raw/amazon/2022_sustainability_report.pdf,amazon,2022,17,0.0,0.0,0.0,True,False,False,False,False,0.2,-9.5,False,False,False,0
"By the end of 2022, 38 Whole Foods Market stores installed a new defrosting system that recycles meltwater instead of allowing it to run down the drain.",37,Physical Stores,target,achievement,"2022,",,2022,,0.5,data/raw/amazon/2022_sustainability_report.pdf,amazon,2022,25,0.0,0.0,0.0,True,False,True,False,False,0.4,49.5,False,False,False,0
This new system can reduce up to 98.5% of water use associated with defrosting.,37,Physical Stores,other,,98.5%,,,,0.5,data/raw/amazon/2022_sustainability_report.pdf,amazon,2022,13,0.0,0.0769,0.0,True,False,False,False,False,0.0,63.6,False,False,False,0
Amazon set new standards for construction design in the U.S. to reduce indoor water use by 40% versus a Leadership in Energy and Environmental Design (LEED) baseline.,37,Corporate Offices,other,,40%,,,,0.5,data/raw/amazon/2022_sustainability_report.pdf,amazon,2022,27,0.0,0.0,0.0,True,False,False,False,False,0.2,47.3,False,False,False,1
"The recycling systems in Met Park alone are designed to save over 8.2 million gallons of water annually, while groundwater heat exchange will reduce annual cooling tower water usage by 720,000 gallons.",37,Corporate Offices,other,firm,8.2 million,,,,0.5,data/raw/amazon/2022_sustainability_report.pdf,amazon,2022,30,0.0,0.0,0.0333,True,False,False,False,False,0.2,45.0,True,True,False,0
"The terrace gardens at our headquarters in Arlington, Virginia, feature recycled greywater systems for irrigation.",37,Looking Forward,attribute,,,,,,0.0,data/raw/amazon/2022_sustainability_report.pdf,amazon,2022,15,0.0,0.0,0.0,False,False,False,False,False,0.0,11.1,False,False,False,0
"We also became a founding investor of Open Supply Hub in 2022, an accessible, collaborative supply chain-mapping platform, used and populated by stakeholders across sectors and supply chains.",43,Our Approach,other,,"2022,",,,supply chain,1.0,data/raw/amazon/2022_sustainability_report.pdf,amazon,2022,27,0.0,0.0,0.0,True,False,False,True,False,0.4,10.2,False,False,False,0
"During 2022, we maintained our involvement with the ILO’s Sustaining Competitive and Responsible Enterprises (SCORE) program to improve productive, healthy, and safe working environments among smalland medium-sized manufacturers.",45,Safe and Healthy Workplaces,other,,"2022,",,,,0.5,data/raw/amazon/2022_sustainability_report.pdf,amazon,2022,28,0.0357,0.0,0.0,True,False,False,False,False,0.057,-11.9,False,False,False,1
"In 2022, we updated our Supply Chain Standards to include stronger expectations around fair wages and benefits.",45,Fair Wages,other,,"2022,",,,supply chain,1.0,data/raw/amazon/2022_sustainability_report.pdf,amazon,2022,16,0.0625,0.125,0.0,True,False,False,True,False,0.1,37.3,False,False,False,0
"Through a partnership with international nonprofit PATH, we implemented a project in Vietnam to help address the impacts of COVID-19 on workers in our supply chain.",45,Fair Wages > Improving Supplier Health,other,,19,,,supply chain,1.0,data/raw/amazon/2022_sustainability_report.pdf,amazon,2022,26,0.0,0.0,0.0,True,False,False,True,False,0.4,37.3,False,False,False,0
"By the end of 2022, Swasti reached 2,288 workers in Amazon’s India supply chain.",45,Fair Wages > Improving Supplier Health,target,achievement,"2022,",,2022,supply chain,0.75,data/raw/amazon/2022_sustainability_report.pdf,amazon,2022,13,0.0,0.0,0.0,True,False,True,True,False,0.6,63.5,False,False,False,0
"In December of 2022, Amazon Private Brands and Whole Foods Market publicly committed to limit deforestation risks in food, grocery, and consumable Private Brands products containing palm oil, soy, paper products, beef, cocoa, coffee, and tea.",49,Our Approach,other,firm,"2022,",,,,0.5,data/raw/amazon/2022_sustainability_report.pdf,amazon,2022,35,0.0,0.0,0.0286,True,False,False,False,False,0.2,23.9,False,False,False,1
"To ensure better standards for cotton more widely, we continue to sponsor and participate in the Responsible Sourcing Network’s due diligence initiative, YESS (Yarn Ethically & Sustainably Sourced), to identify and address forced labor in cotton production.",49,Our Approach,attribute,,,,,,0.0,data/raw/amazon/2022_sustainability_report.pdf,amazon,2022,37,0.0541,0.0,0.0,False,False,False,False,False,0.0,0.1,False,False,False,1
"In 2022, YESS released its first Standard for Fabric Mills and an updated Standard for Spinning Mills, enhancing efforts to improve cotton supply chain due diligence.",49,Our Approach,other,,"2022,",,,supply chain,1.0,data/raw/amazon/2022_sustainability_report.pdf,amazon,2022,25,0.0,0.0,0.0,True,False,False,True,False,0.4,42.7,False,False,False,0
"In 2022, we joined the Copper Mark, which oversees the world’s only comprehensive social and environmental assurance program for the copper industry.",49,Our Approach,other,,"2022,",,,,0.5,data/raw/amazon/2022_sustainability_report.pdf,amazon,2022,22,0.0,0.0,0.0,True,False,False,False,True,0.4,26.8,False,False,False,0
Amazon and Whole Foods Market fresh and frozen beef sourced from regions with low deforestation risk or with full supply chain traceability in our Grocery Private Brands in North America and Europe by the end of 2025.,50,Materials and Agricultural Commodities Sourcing > Goal or Ambition Progress In-Scope Product Categories,target,,,,2025,supply chain,0.5,data/raw/amazon/2022_sustainability_report.pdf,amazon,2022,36,0.0,0.0,0.0,False,False,True,True,False,0.4,34.0,False,False,False,0
"For Grocery Private Brands selection in North America and Europe, cocoa products such as chocolate bars, baking chocolate, and trail mix certified against sustainability standards by Rainforest Alliance, Fairtrade International, Fair Trade USA, or other independently verified third-party certifications (such as Cocoa Horizons) by 2025.",50,Materials and Agricultural Commodities Sourcing > Goal or Ambition Progress In-Scope Product Categories,target,,,,2025,,0.25,data/raw/amazon/2022_sustainability_report.pdf,amazon,2022,44,0.0,0.0,0.02,False,False,True,False,True,0.4,-18.6,False,False,False,0
"For Grocery Private Brands selection in North America and Europe, all coffee (including instant and ready-to-drink coffees) certified against sustainability standards by Rainforest Alliance, Fairtrade International, or Fair Trade USA by 2025.",50,Materials and Agricultural Commodities Sourcing > Goal or Ambition Progress In-Scope Product Categories,target,,,,2025,,0.25,data/raw/amazon/2022_sustainability_report.pdf,amazon,2022,31,0.0,0.0,0.02,False,False,True,False,False,0.2,-2.0,False,False,False,0
Source all cotton for Amazon Private Brands apparel products from more-sustainable sources by the end of 2022.,50,Materials and Agricultural Commodities Sourcing > Goal or Ambition Progress In-Scope Product Categories,target,,,,2022,,0.25,data/raw/amazon/2022_sustainability_report.pdf,amazon,2022,16,0.0,0.0,0.0,False,False,True,False,False,0.2,42.5,False,False,False,0
"We define more sustainable as sourced from recycled materials, from farms certified as producing organic cotton, or through the Better Cotton Initiative.",50,Materials and Agricultural Commodities Sourcing > Goal or Ambition Progress In-Scope Product Categories,attribute,,,,,,0.0,data/raw/amazon/2022_sustainability_report.pdf,amazon,2022,22,0.0455,0.0,0.0,False,False,False,False,False,0.0,23.0,False,False,False,0
Source all leather for our Amazon Private Brands apparel and shoe products from more-sustainable sources by the end of 2023.,50,Materials and Agricultural Commodities Sourcing > Goal or Ambition Progress In-Scope Product Categories,target,,,,2023,,0.25,data/raw/amazon/2022_sustainability_report.pdf,amazon,2022,19,0.0,0.0,0.0,False,False,True,False,False,0.2,49.5,False,False,False,0
"Source all man-made cellulosic fibers—including rayon, viscose, lyocell, and modal—for Amazon Private Brands apparel products from more-sustainable sources by the end of 2022.",50,Materials and Agricultural Commodities Sourcing > Goal or Ambition Progress In-Scope Product Categories,target,,,,2022,,0.25,data/raw/amazon/2022_sustainability_report.pdf,amazon,2022,24,0.0,0.0,0.0,False,False,True,False,False,0.2,23.9,False,False,False,0
Amazon and Whole Foods Market fresh and frozen beef sourced from regions with low deforestation risk or with full supply chain traceability in our Grocery Private Brands in North America and Europe by the end of 2025.,50,Materials and Agricultural Commodities Sourcing > Goal or Ambition Progress In-Scope Product Categories,target,,,,2025,supply chain,0.5,data/raw/amazon/2022_sustainability_report.pdf,amazon,2022,36,0.0,0.0,0.0,False,False,True,True,False,0.4,34.0,False,False,False,0
"For Grocery Private Brands selection in North America and Europe, cocoa products such as chocolate bars, baking chocolate, and trail mix certified against sustainability standards by Rainforest Alliance, Fairtrade International, Fair Trade USA, or other independently verified third-party certifications (such as Cocoa Horizons) by 2025.",50,Materials and Agricultural Commodities Sourcing > Goal or Ambition Progress In-Scope Product Categories,target,,,,2025,,0.25,data/raw/amazon/2022_sustainability_report.pdf,amazon,2022,44,0.0,0.0,0.02,False,False,True,False,True,0.4,-18.6,False,False,False,0
"For Grocery Private Brands selection in North America and Europe, all coffee (including instant and ready-to-drink coffees) certified against sustainability standards by Rainforest Alliance, Fairtrade International, or Fair Trade USA by 2025.",50,Materials and Agricultural Commodities Sourcing > Goal or Ambition Progress In-Scope Product Categories,target,,,,2025,,0.25,data/raw/amazon/2022_sustainability_report.pdf,amazon,2022,31,0.0,0.0,0.02,False,False,True,False,False,0.2,-2.0,False,False,False,0
Source all cotton for Amazon Private Brands apparel products from more-sustainable sources by the end of 2022.,50,Materials and Agricultural Commodities Sourcing > Goal or Ambition Progress In-Scope Product Categories,target,,,,2022,,0.25,data/raw/amazon/2022_sustainability_report.pdf,amazon,2022,16,0.0,0.0,0.0,False,False,True,False,False,0.2,42.5,False,False,False,0
"We define more sustainable as sourced from recycled materials, from farms certified as producing organic cotton, or through the Better Cotton Initiative.",50,Materials and Agricultural Commodities Sourcing > Goal or Ambition Progress In-Scope Product Categories,attribute,,,,,,0.0,data/raw/amazon/2022_sustainability_report.pdf,amazon,2022,22,0.0455,0.0,0.0,False,False,False,False,False,0.0,23.0,False,False,False,0
Source all leather for our Amazon Private Brands apparel and shoe products from more-sustainable sources by the end of 2023.,50,Materials and Agricultural Commodities Sourcing > Goal or Ambition Progress In-Scope Product Categories,target,,,,2023,,0.25,data/raw/amazon/2022_sustainability_report.pdf,amazon,2022,19,0.0,0.0,0.0,False,False,True,False,False,0.2,49.5,False,False,False,0
"Source all man-made cellulosic fibers—including rayon, viscose, lyocell, and modal—for Amazon Private Brands apparel products from more-sustainable sources by the end of 2022.",50,Materials and Agricultural Commodities Sourcing > Goal or Ambition Progress In-Scope Product Categories,target,,,,2022,,0.25,data/raw/amazon/2022_sustainability_report.pdf,amazon,2022,24,0.0,0.0,0.0,False,False,True,False,False,0.2,23.9,False,False,False,0
"All 365 by Whole Foods Market-brand food items containing palm oil, palm kernel oil, palm fruit oil and palm shortening are produced using sustainable oil products.",51,Materials and Agricultural Commodities Sourcing > Goal or Ambition Progress In-Scope Product Categories,other,,365,,,,0.5,data/raw/amazon/2022_sustainability_report.pdf,amazon,2022,25,0.0,0.0,0.0,True,False,False,False,False,0.2,49.5,True,False,False,0
"Polyester Increase the use of recycled fabrics in Amazon Private Brands apparel products, including moving from conventional to recycled polyester, and launching products made from innovative recycled fibers.",51,Materials and Agricultural Commodities Sourcing > Goal or Ambition Progress In-Scope Product Categories,attribute,,,,,,0.0,data/raw/amazon/2022_sustainability_report.pdf,amazon,2022,28,0.0,0.0,0.0,False,False,False,False,False,0.0,3.2,False,False,False,1
"We are increasing the use of recycled fabrics in Amazon Private Brands apparel products, including moving from conventional to recycled polyester.",51,Materials and Agricultural Commodities Sourcing > Goal or Ambition Progress In-Scope Product Categories,attribute,,,,,,0.0,data/raw/amazon/2022_sustainability_report.pdf,amazon,2022,21,0.0,0.0,0.0,False,False,False,False,False,0.0,16.3,False,False,False,0
We are working with a third-party advisor to analyze soy used in our complex supply chain and will share more information by the end of 2023.,51,Materials and Agricultural Commodities Sourcing > Goal or Ambition Progress In-Scope Product Categories,target,firm,,,2023,supply chain,0.5,data/raw/amazon/2022_sustainability_report.pdf,amazon,2022,25,0.0,0.0,0.04,False,False,True,True,True,0.6,52.9,False,True,False,0
"Tea For Grocery Private Brands selection in North America and Europe, all bagged tea certified against sustainability standards by Rainforest Alliance, Fairtrade International, or Fair Trade USA by 2025.",51,Materials and Agricultural Commodities Sourcing > Goal or Ambition Progress In-Scope Product Categories,target,,,,2025,,0.25,data/raw/amazon/2022_sustainability_report.pdf,amazon,2022,28,0.0,0.0,0.02,False,False,True,False,False,0.2,9.2,False,False,False,0
"In North America and Europe, Grocery Private Brands are committed to sourcing paper products such as paper towels, toilet paper, and facial tissue that are certified against sustainability standards, or as recycled by organizations such as the Forest Stewardship Council (FSC), Sustainable Forestry Initiative (SFI), and Programme for the Endorsement of Forest Certification (PEFC).",51,Materials and Agricultural Commodities Sourcing > Goal or Ambition Progress In-Scope Product Categories,attribute,firm,,,,,0.0,data/raw/amazon/2022_sustainability_report.pdf,amazon,2022,54,0.0,0.0,0.0185,False,False,False,False,False,0.0,-15.6,True,False,False,1
Make all 365 by Whole Foods Market paper products either from 100% recycled materials or certified by FSC.,51,Materials and Agricultural Commodities Sourcing > Goal or Ambition Progress In-Scope Product Categories,attribute,,100%,,,,0.5,data/raw/amazon/2022_sustainability_report.pdf,amazon,2022,16,0.0,0.0,0.0,True,False,False,False,True,0.4,53.1,False,False,False,0
We are conducting further analysis of the paper packaging used in our Grocery Private Brands and will share more information by the end of 2023.,51,Materials and Agricultural Commodities Sourcing > Goal or Ambition Progress In-Scope Product Categories,target,firm,,,2023,,0.25,data/raw/amazon/2022_sustainability_report.pdf,amazon,2022,24,0.0,0.0,0.0417,False,False,True,False,False,0.2,41.5,False,True,False,0
All 365 by Whole Foods Market paper products (paper towels and toilet paper) are either made from 100% recycled materials or certified by FSC.,51,Materials and Agricultural Commodities Sourcing > Goal or Ambition Progress In-Scope Product Categories,attribute,,100%,,,,0.5,data/raw/amazon/2022_sustainability_report.pdf,amazon,2022,22,0.0,0.0,0.0,True,False,False,False,True,0.4,46.1,False,False,False,0
This includes designing our devices with carbon reduction in mind and manufacturing them using responsibly sourced materials.,52,Materials and Agricultural Commodities Sourcing > Innovating Our Products and Services Product Sustainability,attribute,,,,,,0.0,data/raw/amazon/2022_sustainability_report.pdf,amazon,2022,17,0.0,0.0,0.0,False,False,False,False,False,0.0,5.5,False,False,False,0
"In 2020, Amazon became the first consumer electronics company to commit to addressing device electricity use through renewable energy development, starting with our Echo devices.",52,Reducing the Carbon Impact of Devices,target,firm,"2020,",,,,0.25,data/raw/amazon/2022_sustainability_report.pdf,amazon,2022,24,0.0,0.0,0.0417,True,False,False,False,False,0.2,-4.3,False,False,False,0
"In 2022, we announced a collaboration with the Carbon Trust to establish technical specifications for decarbonizing the use phase of Amazon devices.",52,Reducing the Carbon Impact of Devices,other,,"2022,",,,,0.5,data/raw/amazon/2022_sustainability_report.pdf,amazon,2022,21,0.0,0.0,0.0,True,False,False,False,False,0.2,8.3,False,False,False,0
"We will set practical, impactful steps for mitigating emissions at the customer stage of the device lifecycle, aiming to launch a completed standard in 2023.",52,Reducing the Carbon Impact of Devices,other,firm,,,,,0.0,data/raw/amazon/2022_sustainability_report.pdf,amazon,2022,24,0.0,0.0,0.0833,False,False,False,False,False,0.0,34.4,False,True,False,0
"Through imec’s Sustainable Semiconductor Technologies and Systems (SSTS) program, we are developing consistent measurement methods, dataexchange standards, and a collaborative net-zero carbon roadmap for fabless system companies and fab, material, and equipment providers.",52,Reducing the Carbon Impact of Devices,attribute,,,,,,0.0,data/raw/amazon/2022_sustainability_report.pdf,amazon,2022,34,0.0,0.0,0.0,False,False,False,False,False,0.0,-16.8,False,False,False,0
We incorporate recycled materials into many new devices.,52,Device Materials Sourcing Standards,attribute,,,,,,0.0,data/raw/amazon/2022_sustainability_report.pdf,amazon,2022,8,0.125,0.0,0.0,False,False,False,False,False,0.0,-2.2,False,False,False,0
"In 2020, we set a very ambitious goal to make Amazon device packaging 100% recyclable by 2023, a first for the consumer electronics industry.",52,Device Materials Sourcing Standards,target,,100%,,2023,,0.5,data/raw/amazon/2022_sustainability_report.pdf,amazon,2022,21,0.0476,0.0,0.0676,True,False,True,False,False,0.21,32.4,False,False,False,1
"Of our 2022 product launches, 79.5% (31 of 39) had 100% recyclable packaging.",52,Device Materials Sourcing Standards,attribute,,79.5%,,,,0.5,data/raw/amazon/2022_sustainability_report.pdf,amazon,2022,8,0.0,0.0,0.0,True,False,False,False,False,0.2,54.7,False,False,False,0
"In 2022, we implemented additional smelter due diligence protocols as we work toward certifying 100% of tin, tungsten, tantalum, and gold mineral smelters and refiners in our supply chain using a recognized minerals assurance program.",52,Device Materials Sourcing Standards,other,,100%,,,supply chain,1.0,data/raw/amazon/2022_sustainability_report.pdf,amazon,2022,33,0.0,0.0,0.0,True,False,False,True,True,0.6,6.7,False,False,False,0
"Amazon is increasing recycled content in our devices, including Echo, Fire TV, Fire tablet, Kindle, and smart home products.",52,Device Materials Sourcing Standards,attribute,,,,,,0.0,data/raw/amazon/2022_sustainability_report.pdf,amazon,2022,19,0.0,0.0,0.0,False,False,False,False,False,0.0,40.6,False,False,False,0
This includes designing our devices with carbon reduction in mind and manufacturing them using responsibly sourced materials.,52,Device Materials Sourcing Standards,attribute,,,,,,0.0,data/raw/amazon/2022_sustainability_report.pdf,amazon,2022,17,0.0,0.0,0.0,False,False,False,False,False,0.0,5.5,False,False,False,0
"In 2020, Amazon became the first consumer electronics company to commit to addressing device electricity use through renewable energy development, starting with our Echo devices.",52,Reducing the Carbon Impact of Devices,target,firm,"2020,",,,,0.25,data/raw/amazon/2022_sustainability_report.pdf,amazon,2022,24,0.0,0.0,0.0417,True,False,False,False,False,0.2,-4.3,False,False,False,0
We incorporate recycled materials into many new devices.,52,Device Materials Sourcing Standards,attribute,,,,,,0.0,data/raw/amazon/2022_sustainability_report.pdf,amazon,2022,8,0.125,0.0,0.0,False,False,False,False,False,0.0,-2.2,False,False,False,0
"In 2022, we announced a collaboration with the Carbon Trust to establish technical specifications for decarbonizing the use phase of Amazon devices.",52,Device Materials Sourcing Standards,other,,"2022,",,,,0.5,data/raw/amazon/2022_sustainability_report.pdf,amazon,2022,21,0.0,0.0,0.0,True,False,False,False,False,0.2,8.3,False,False,False,0
"We will set practical, impactful steps for mitigating emissions at the customer stage of the device lifecycle, aiming to launch a completed standard in 2023.",52,Device Materials Sourcing Standards,other,firm,,,,,0.0,data/raw/amazon/2022_sustainability_report.pdf,amazon,2022,24,0.0,0.0,0.0833,False,False,False,False,False,0.0,34.4,False,True,False,0
"Through imec’s Sustainable Semiconductor Technologies and Systems (SSTS) program, we are developing consistent measurement methods, dataexchange standards, and a collaborative net-zero carbon roadmap for fabless system companies and fab, material, and equipment providers.",52,Device Materials Sourcing Standards,attribute,,,,,,0.0,data/raw/amazon/2022_sustainability_report.pdf,amazon,2022,34,0.0,0.0,0.0,False,False,False,False,False,0.0,-16.8,False,False,False,0
"In 2020, we set a very ambitious goal to make Amazon device packaging 100% recyclable by 2023, a first for the consumer electronics industry.",52,Device Materials Sourcing Standards,target,,100%,,2023,,0.5,data/raw/amazon/2022_sustainability_report.pdf,amazon,2022,21,0.0476,0.0,0.0676,True,False,True,False,False,0.21,32.4,False,False,False,1
"Of our 2022 product launches, 79.5% (31 of 39) had 100% recyclable packaging.",52,Device Materials Sourcing Standards,attribute,,79.5%,,,,0.5,data/raw/amazon/2022_sustainability_report.pdf,amazon,2022,8,0.0,0.0,0.0,True,False,False,False,False,0.2,54.7,False,False,False,0
"In 2022, we implemented additional smelter due diligence protocols as we work toward certifying 100% of tin, tungsten, tantalum, and gold mineral smelters and refiners in our supply chain using a recognized minerals assurance program.",52,Device Materials Sourcing Standards,other,,100%,,,supply chain,1.0,data/raw/amazon/2022_sustainability_report.pdf,amazon,2022,33,0.0,0.0,0.0,True,False,False,True,True,0.6,6.7,False,False,False,0
"Amazon is increasing recycled content in our devices, including Echo, Fire TV, Fire tablet, Kindle, and smart home products.",52,Device Materials Sourcing Standards,attribute,,,,,,0.0,data/raw/amazon/2022_sustainability_report.pdf,amazon,2022,19,0.0,0.0,0.0,False,False,False,False,False,0.0,40.6,False,False,False,0
"Since 2020, many of our Echo, Fire TV, Fire tablet, Kindle e-reader, and smart home devices and accessories have received sustainability certifications included in the Climate Pledge Friendly program.",53,Device Certifications,target,firm,"2020,",,,,0.25,data/raw/amazon/2022_sustainability_report.pdf,amazon,2022,28,0.0357,0.0,0.0,True,False,False,False,False,0.057,15.3,False,False,False,0
"Many of these products qualified for the Climate Pledge Friendly badge by achieving the Carbon Trust’s Reducing CO2 certification, which highlights products with an associated carbon footprint that is decreasing annually.",53,Device Certifications,target,firm,,,,,0.0,data/raw/amazon/2022_sustainability_report.pdf,amazon,2022,32,0.0312,0.0,0.0,False,False,False,False,False,0.0,21.0,False,False,False,0
"As of December 2022, the Climate Pledge Friendly program added 16 certifications, giving selling partners 52 ways to qualify for Climate Pledge Friendly.",53,Climate Pledge Friendly Product Certification,target,firm,"2022,",,,,0.25,data/raw/amazon/2022_sustainability_report.pdf,amazon,2022,20,0.0,0.0,0.0,True,False,False,False,False,0.2,30.0,False,False,False,0
"The new certifications recognize improvements in at least one aspect of sustainability, from recycled content to energy efficiency.",53,Climate Pledge Friendly Product Certification,attribute,,,,,,0.0,data/raw/amazon/2022_sustainability_report.pdf,amazon,2022,18,0.0,0.0,0.0,False,False,False,False,False,0.0,-4.1,False,False,False,0
"We have enabled 19 shopping features, such as new search functions and clearer digital badges, to highlight Climate Pledge Friendly products.",53,Customer Shopping Experience,target,firm,19,,,,0.25,data/raw/amazon/2022_sustainability_report.pdf,amazon,2022,20,0.0,0.0,0.0,True,False,False,False,False,0.2,42.7,False,False,False,0
"Customers can now shop for products across Apparel, Home, Electronics, and Kitchen categories, meaning customers now have access to 550,000 Climate Pledge Friendly products, up from 250,000 in 2021.",53,Customer Shopping Experience,target,firm,"550,000",,,,0.25,data/raw/amazon/2022_sustainability_report.pdf,amazon,2022,26,0.0,0.0,0.0,True,False,False,False,False,0.2,30.8,False,False,False,0
"As of December 2022, the Climate Pledge Friendly program added 16 certifications, giving selling partners 52 ways to qualify for Climate Pledge Friendly.",53,Looking Forward,target,firm,"2022,",,,,0.25,data/raw/amazon/2022_sustainability_report.pdf,amazon,2022,20,0.0,0.0,0.0,True,False,False,False,False,0.2,30.0,False,False,False,0
"The new certifications recognize improvements in at least one aspect of sustainability, from recycled content to energy efficiency.",53,Looking Forward,attribute,,,,,,0.0,data/raw/amazon/2022_sustainability_report.pdf,amazon,2022,18,0.0,0.0,0.0,False,False,False,False,False,0.0,-4.1,False,False,False,0
"Since 2020, many of our Echo, Fire TV, Fire tablet, Kindle e-reader, and smart home devices and accessories have received sustainability certifications included in the Climate Pledge Friendly program.",53,Device Certifications,target,firm,"2020,",,,,0.25,data/raw/amazon/2022_sustainability_report.pdf,amazon,2022,28,0.0357,0.0,0.0,True,False,False,False,False,0.057,15.3,False,False,False,0
"We have enabled 19 shopping features, such as new search functions and clearer digital badges, to highlight Climate Pledge Friendly products.",53,Customer Shopping Experience,target,firm,19,,,,0.25,data/raw/amazon/2022_sustainability_report.pdf,amazon,2022,20,0.0,0.0,0.0,True,False,False,False,False,0.2,42.7,False,False,False,0
"Customers can now shop for products across Apparel, Home, Electronics, and Kitchen categories, meaning customers now have access to 550,000 Climate Pledge Friendly products, up from 250,000 in 2021.",53,Customer Shopping Experience,target,firm,"550,000",,,,0.25,data/raw/amazon/2022_sustainability_report.pdf,amazon,2022,26,0.0,0.0,0.0,True,False,False,False,False,0.2,30.8,False,False,False,0
"Our 2023 Sustainability Report is structured into three main categories: Environment, Value Chain, and People.",3,About This Report,other,,2023,,,value chain,1.0,data/raw/amazon/2023_sustainability_report.pdf,amazon,2023,14,0.0,0.0,0.0,True,False,False,True,False,0.4,11.3,True,False,False,0
"In the Environment section, we discuss scaling our work, partnering with others, and inventing new solutions to minimize our emissions, waste, and water use; increasing our use of carbon-free energy; and pioneering solutions to improve packaging, products, and the materials we use.",3,About This Report,attribute,,,,,,0.0,data/raw/amazon/2023_sustainability_report.pdf,amazon,2023,42,0.0,0.0,0.0,False,False,False,False,False,0.0,13.1,False,False,False,1
"In the Value Chain section, we discuss our commitment to respect the human rights of people connected to our global business, managing a responsible supply chain, creating sustainable products and using more sustainable materials, advancing supplier diversity, and having a positive impact on the communities where we operate.",3,About This Report,attribute,firm,,,,value chain; supply chain,0.5,data/raw/amazon/2023_sustainability_report.pdf,amazon,2023,48,0.0208,0.0,0.0208,False,False,False,True,False,0.117,1.3,False,False,False,2
"We set big goals and work backward to achieve them, such as The Climate Pledge, our goal to reach netzero carbon emissions by 2040, 10 years ahead of the Paris Agreement.",3,Introduction About Amazon,target,firm,"2040,",2040,2040,,0.75,data/raw/amazon/2023_sustainability_report.pdf,amazon,2023,29,0.0,0.0,0.1234,True,True,True,False,False,0.6,57.8,False,False,False,0
"On renewable energy, we set an ambitious goal to match 100% of the electricity consumed by our global operations with renewable energy by 2030, and we reached that goal in 2023—seven years early.",4,A Letter from Our Chief Sustainability Officer,target,achievement,100%,,2030,,0.5,data/raw/amazon/2023_sustainability_report.pdf,amazon,2023,31,0.0323,0.0,0.1168,True,False,True,False,False,0.271,28.0,False,False,False,1
"As we look to the future, we are steadfast in our Climate Pledge commitment to be net-zero carbon across our operations by 2040.",4,A Letter from Our Chief Sustainability Officer,target,firm,,,2040,own operations,0.5,data/raw/amazon/2023_sustainability_report.pdf,amazon,2023,22,0.0,0.0,0.1564,False,False,True,True,False,0.4,53.8,False,False,False,0
"We will continue to lead and invest in creating carbon-free energy around the world at scale, including through solar, wind, nuclear, and other emerging energy technologies.",4,A Letter from Our Chief Sustainability Officer,attribute,firm,,,,,0.0,data/raw/amazon/2023_sustainability_report.pdf,amazon,2023,26,0.0,0.0385,0.0385,False,False,False,False,False,0.0,30.8,False,True,False,0
"Our progress toward a net-zero carbon business will not be linear, and each year as our various businesses grow and evolve, we will produce different results.",4,A Letter from Our Chief Sustainability Officer,attribute,firm,,,,,0.0,data/raw/amazon/2023_sustainability_report.pdf,amazon,2023,26,0.0385,0.0,0.0769,False,False,False,False,False,0.0,40.5,False,True,False,1
"Over the past five years, we’ve done this by encouraging companies to join The Climate Pledge—and we’re proud that over 500 have joined us and committed to be net-zero carbon 10 years ahead of the Paris Agreement.",4,A Letter from Our Chief Sustainability Officer,target,firm,500,,,,0.25,data/raw/amazon/2023_sustainability_report.pdf,amazon,2023,38,0.0,0.0,0.0263,True,False,False,False,False,0.2,43.6,False,False,False,2
The approximately 1.5 million people in Amazon’s global workforce are the key behind our successes—from enabling global fulﬁllment to delivering on sustainability initiatives.,5,Our Business,other,,1.5 million,,,,0.5,data/raw/amazon/2023_sustainability_report.pdf,amazon,2023,25,0.0,0.04,0.0,True,False,False,False,False,0.04,14.8,False,False,False,1
A number below 100% indicates AWS is still working to meet the water positive goal.,6,Our Business,other,,100%,,,,0.5,data/raw/amazon/2023_sustainability_report.pdf,amazon,2023,14,0.0,0.0,0.0714,True,False,False,False,False,0.2,53.6,False,False,False,1
"We are working to innovate and scale solutions that minimize our emissions, waste, and water usage; increase our use of carbon-free energy; and pioneer new approaches for packaging, materials, and products..",8,Nearly 16.5K > In This Section,attribute,,,,,,0.0,data/raw/amazon/2023_sustainability_report.pdf,amazon,2023,31,0.0,0.0,0.0,False,False,False,False,False,0.0,43.7,False,False,False,0
"Wind Wall, a wind farm located in California’s Tehachapi Mountains, generates carbon-free energy to AWS.",8,Nearly 16.5K > In This Section,attribute,,,,,,0.0,data/raw/amazon/2023_sustainability_report.pdf,amazon,2023,16,0.0,0.0,0.0,False,False,False,False,False,0.0,26.7,False,False,False,0
"In 2019, we co-founded and committed to The Climate Pledge—our goal to reach net-zero carbon emissions by 2040, 10 years ahead of the Paris Agreement.",9,Nearly 16.5K > In This Section,target,firm,"2019,",2040,2040,,0.75,data/raw/amazon/2023_sustainability_report.pdf,amazon,2023,23,0.0,0.0,0.1504,True,True,True,False,False,0.6,47.4,False,False,False,1
"These are some of the reasons we co-founded and committed to The Climate Pledge in 2019—our goal to reach net-zero carbon emissions by 2040, 10 years ahead of the Paris Agreement—and have invited hundreds of companies to join us.",10,Our Approach,target,firm,2019,2040,2040,,0.75,data/raw/amazon/2023_sustainability_report.pdf,amazon,2023,38,0.0,0.0,0.0989,True,True,True,False,False,0.6,39.1,False,False,False,1
"Through direct funding, we aim to advance our own progress toward net-zero carbon emissions and help accelerate the widespread adoption of new technologies by making them more affordable and accessible.",10,Our Approach,attribute,hedged,,,,,0.0,data/raw/amazon/2023_sustainability_report.pdf,amazon,2023,30,0.0,0.0,0.0333,False,False,False,False,False,0.0,21.3,False,False,False,3
"We seek to advance and incentivize decarbonization by supporting policies that scale lower-emission fuels, drive lower-emission vehicle deployment and infrastructure, advance the deployment of carbon-free energy, modernize the grid, and accelerate investments in clean technologies.",10,Our Approach,attribute,hedged,,,,,0.0,data/raw/amazon/2023_sustainability_report.pdf,amazon,2023,35,0.0,0.0286,0.0,False,False,False,False,True,0.086,-17.2,False,False,False,3
"In parallel to reducing and avoiding emissions throughout our business, we are also investing in carbon neutralization through additional, quantifiable, real, permanent, and socially beneficial offsets.",10,Our Approach,attribute,,,,,,0.0,data/raw/amazon/2023_sustainability_report.pdf,amazon,2023,26,0.0,0.0,0.0,False,False,False,False,False,0.0,-8.3,False,False,False,0
"In 2023, our absolute carbon emissions decreased by 3%.2 This overall decrease was driven by an 11% reduction in emissions from electricity (Scope 2) and a 5% decrease in indirect and supply chain emissions (Scope 3).",11,Amazon’s Carbon Footprint,achievement,achievement,3%,,,Scope 2; Scope 3; supply chain,0.67,data/raw/amazon/2023_sustainability_report.pdf,amazon,2023,30,0.0,0.0,0.0,True,False,False,True,False,0.4,36.5,True,False,False,0
"We had a 7% increase in emissions from our direct operations (Scope 1), primarily from the use of transportation fuels.",11,Amazon’s Carbon Footprint,other,,7%,,,Scope 1,1.0,data/raw/amazon/2023_sustainability_report.pdf,amazon,2023,18,0.0,0.0,0.0,True,False,False,True,False,0.4,42.9,False,False,False,0
"Our carbon intensity decreased for the fifth consecutive year, down 13% from 2022 to 2023.3 This metric demonstrates how we are working to decouple emissions growth from business growth.",11,Amazon’s Carbon Footprint,achievement,achievement,13%,2022,,,0.67,data/raw/amazon/2023_sustainability_report.pdf,amazon,2023,26,0.0,0.0,0.0,True,True,False,False,False,0.4,47.2,False,False,False,0
"In 2023, we invested in carbon abatement projects across Amazon.",11,Amazon’s Carbon Footprint,other,,"2023,",,,,0.5,data/raw/amazon/2023_sustainability_report.pdf,amazon,2023,9,0.0,0.0,0.0,True,False,False,False,False,0.2,19.1,False,False,False,0
Amazon’s Scope 1 emissions are primarily generated from the fuel used by our transportation and logistics fleet to deliver packages to customers.,11,Amazon’s Carbon Footprint > Scope 1: Direct Emissions and Operations,other,,1,,,Scope 1,1.0,data/raw/amazon/2023_sustainability_report.pdf,amazon,2023,22,0.0,0.0,0.0,True,False,False,True,False,0.4,15.3,True,False,False,0
"In 2023, our Scope 1 emissions increased 7% compared to 2022 and represented 21% of our total carbon footprint.",11,Amazon’s Carbon Footprint > Scope 1: Direct Emissions and Operations,achievement,achievement,7%,2022,,Scope 1,1.0,data/raw/amazon/2023_sustainability_report.pdf,amazon,2023,14,0.0,0.0,0.0,True,True,False,True,False,0.6,35.5,False,False,False,0
2022 Carbon Footprint recalculated in accordance with updated Carbon Methodology.,11,Amazon’s Carbon Footprint > Amazon’s Carbon Footprint,other,,2022,,,,0.5,data/raw/amazon/2023_sustainability_report.pdf,amazon,2023,9,0.0,0.0,0.0,True,False,False,False,False,0.2,-27.9,False,False,False,0
The model is constantly learning and has helped reduce our use of packaging material since it launched in 2019.,12,Amazon’s Carbon Footprint > Amazon’s Carbon Footprint,other,achievement,,,,,0.0,data/raw/amazon/2023_sustainability_report.pdf,amazon,2023,18,0.0,0.0,0.0,False,False,False,False,False,0.0,52.3,False,False,False,0
"Globally, we shipped 12% of products in their own packaging in 2023.",12,Amazon’s Carbon Footprint > Amazon’s Carbon Footprint,other,,12%,,,global,1.0,data/raw/amazon/2023_sustainability_report.pdf,amazon,2023,10,0.0,0.0,0.0,True,False,False,True,False,0.4,61.3,False,False,False,0
"We are excited to invest in technologies today that will help reduce our footprint in the future, such as scaling up our use of electric vehicles (EVs) and other lower-carbon vehicles to decrease our Scope 1 emissions.",12,Learn more about how we’re improving packaging,other,firm,1,,,Scope 1,1.0,data/raw/amazon/2023_sustainability_report.pdf,amazon,2023,36,0.0,0.0,0.0556,True,False,False,True,False,0.4,29.3,True,True,False,1
"Our Scope 2 emissions are from electricity used to power Amazon’s buildings, including data centers, office buildings, fulfillment centers, and grocery stores, and to charge EVs at our facilities.",12,Scope 2: Indirect Emissions from Purchased Electricity,other,,2,,,Scope 2,1.0,data/raw/amazon/2023_sustainability_report.pdf,amazon,2023,29,0.0,0.0,0.0,True,False,False,True,False,0.4,17.0,False,False,False,0
"In 2023, our Scope 2 emissions decreased by 11% compared to 2022 and represented 4% of our total carbon footprint.",12,Scope 2: Indirect Emissions from Purchased Electricity,achievement,achievement,11%,2022,,Scope 2,1.0,data/raw/amazon/2023_sustainability_report.pdf,amazon,2023,15,0.0,0.0,0.0,True,True,False,True,False,0.6,39.3,False,False,False,0
"In 2023, we are proud to have achieved our goal to match 100% of the electricity consumed by our global operations with renewable energy—seven years ahead of our original 2030 goal.",12,Scope 2: Indirect Emissions from Purchased Electricity,achievement,achievement,100%,,,,0.33,data/raw/amazon/2023_sustainability_report.pdf,amazon,2023,29,0.0,0.0,0.069,True,False,False,False,False,0.2,31.5,False,False,False,1
"At the end of 2023, Amazon had invested in 513 global renewable energy projects, including 243 utility-scale wind and solar projects, and 270 solar rooftops at our facilities and stores around the world.",12,Scope 2: Indirect Emissions from Purchased Electricity,other,,"2023,",,,,0.5,data/raw/amazon/2023_sustainability_report.pdf,amazon,2023,29,0.0,0.0345,0.0,True,False,False,False,False,0.062,19.9,False,False,False,0
"In 2023 alone, 42 new utility-scale wind and solar projects and 50 new on-site solar energy systems became operational.",12,Scope 2: Indirect Emissions from Purchased Electricity,other,,2023,,,,0.5,data/raw/amazon/2023_sustainability_report.pdf,amazon,2023,16,0.0,0.0,0.0,True,False,False,False,False,0.2,16.1,False,False,False,0
"Collectively, our portfolio represents 28 gigawatts (GW) of renewable energy capacity, an increase from 20 GW in 2022.",12,Scope 2: Indirect Emissions from Purchased Electricity,other,,28,,,,0.5,data/raw/amazon/2023_sustainability_report.pdf,amazon,2023,15,0.0,0.0,0.0,True,False,False,False,False,0.2,5.5,False,False,False,0
"This portfolio provides carbon-free electricity to our operations, as well as delivers new carbonfree electricity to the grids in communities where we operate.",12,Scope 2: Indirect Emissions from Purchased Electricity,attribute,,,,,own operations,0.5,data/raw/amazon/2023_sustainability_report.pdf,amazon,2023,23,0.0,0.0,0.0,False,False,False,True,True,0.4,10.6,False,False,False,0
Two of the most important ways we lower electricityrelated carbon emissions are by improving energy efficiency and transitioning to carbon-free energy.,12,Scope 2: Indirect Emissions from Purchased Electricity,attribute,,,,,,0.0,data/raw/amazon/2023_sustainability_report.pdf,amazon,2023,21,0.0,0.0,0.0,False,False,False,False,False,0.0,-3.8,False,False,False,0
"To date, we have focused on scaling renewable energy; going forward, the nature of our business requires us to leverage additional carbon-free energy options—such as nuclear—to support our continued growth and enable us to develop and deploy new technologies such as AI.",12,Scope 2: Indirect Emissions from Purchased Electricity,attribute,hedged,,,,,0.0,data/raw/amazon/2023_sustainability_report.pdf,amazon,2023,44,0.0227,0.0,0.0,False,False,False,False,False,0.0,14.1,False,False,False,0
"We are also focused on creating new chips that are increasingly energy-efficient, such as AWS Graviton4, the most powerful and energy-efficient chip AWS has built.",12,Scope 2: Indirect Emissions from Purchased Electricity,other,,,,,,0.0,data/raw/amazon/2023_sustainability_report.pdf,amazon,2023,25,0.0,0.0,0.0,False,False,False,False,False,0.0,25.8,False,False,False,0
"Graviton4 is more energy efficient than Graviton3 processors while providing up to 30% better computing performance, 50% more cores, and 75% more memory bandwidth than Graviton3 processors.",12,Scope 2: Indirect Emissions from Purchased Electricity,other,,30%,,,,0.5,data/raw/amazon/2023_sustainability_report.pdf,amazon,2023,24,0.0417,0.0417,0.0,True,False,False,False,False,0.0,9.8,False,False,False,0
"By scaling carbon-free energy, we aim to make Amazon a more resilient and sustainable business, drive a global transition to cleaner energy, and achieve our commitment to The Climate Pledge to reach net-zero carbon emissions by 2040.",12,Scope 2: Indirect Emissions from Purchased Electricity,target,firm,,2040,2040,,0.5,data/raw/amazon/2023_sustainability_report.pdf,amazon,2023,36,0.0,0.0,0.1033,False,True,True,False,False,0.4,22.2,False,False,False,0
"Scope 3 emissions include emissions from activities that take place beyond our direct operations, including building construction, third-party transportation, and the production of Amazon-branded products and the materials and components used in those products.",13,Amazon’s Carbon Footprint (MMT CO2e*) > Scope 3: Indirect Emissions from Other Sources,other,,3,,,Scope 3,1.0,data/raw/amazon/2023_sustainability_report.pdf,amazon,2023,33,0.0,0.0,0.0,True,False,False,True,True,0.6,-1.0,False,False,False,0
"In 2023, our Scope 3 emissions decreased by 5% from 2022 and represented 75% of our total carbon footprint.",13,Amazon’s Carbon Footprint (MMT CO2e*) > Scope 3: Indirect Emissions from Other Sources,achievement,achievement,5%,2022,,Scope 3,1.0,data/raw/amazon/2023_sustainability_report.pdf,amazon,2023,14,0.0,0.0,0.0,True,True,False,True,False,0.6,47.6,False,False,False,0
"In 2023, 29 Amazon building projects were constructed with lower-carbon concrete and steel, and collectively reduced embodied carbon by 79,500 metric tons of CO2e, equivalent to the emissions generated by 17,200 cars driven for a year.",13,Amazon’s Carbon Footprint (MMT CO2e*) > Scope 3: Indirect Emissions from Other Sources,achievement,achievement,"79,500 metric tons",,,,0.33,data/raw/amazon/2023_sustainability_report.pdf,amazon,2023,33,0.0,0.0,0.0,True,False,False,False,False,0.2,14.4,True,False,False,0
"Because Scope 3 emissions are beyond our direct operational control, the efforts our suppliers take to reduce their emissions help us progress toward our ambition to achieve net-zero carbon emissions by 2040.",13,Amazon’s Carbon Footprint (MMT CO2e*) > Scope 3: Indirect Emissions from Other Sources,target,hedged,3,2040,2040,Scope 3,1.0,data/raw/amazon/2023_sustainability_report.pdf,amazon,2023,30,0.0,0.0,0.0867,True,True,True,True,False,0.8,24.1,False,False,False,1
We will prioritize working with suppliers who are also committed to decarbonization and reaching net-zero carbon emissions.,13,Amazon’s Carbon Footprint (MMT CO2e*) > Scope 3: Indirect Emissions from Other Sources,attribute,firm,,,,,0.0,data/raw/amazon/2023_sustainability_report.pdf,amazon,2023,17,0.0,0.0,0.1176,False,False,False,False,False,0.0,15.4,False,True,False,1
"We have identified a list of the highest-emitting suppliers directly supporting our operations, and expect those suppliers, who collectively contribute more than 50% of emissions globally to Amazon’s Scope 3 footprint, to provide a plan for how they will decarbonize their operations and demonstrate real progress over time.",13,Amazon’s Carbon Footprint (MMT CO2e*) > Scope 3: Indirect Emissions from Other Sources,other,firm,50%,,,Scope 3; own operations; global,1.0,data/raw/amazon/2023_sustainability_report.pdf,amazon,2023,47,0.0,0.0213,0.0426,True,False,False,True,False,0.315,0.7,False,True,False,1
"In addition, we also launched our “Amazon Sustainability Exchange”—a free, publicly available website that democratizes our guidelines, playbooks, science models, and other resources to help other companies make meaningful progress toward net-zero carbon emissions.",13,Amazon’s Carbon Footprint (MMT CO2e*) > Scope 3: Indirect Emissions from Other Sources,attribute,achievement,,,,,0.0,data/raw/amazon/2023_sustainability_report.pdf,amazon,2023,35,0.0286,0.0,0.0,False,False,False,False,False,0.0,-12.4,False,False,False,1
"We know the path to net-zero carbon by 2040 will be challenging, but we are making investments, creating new ways of working, and inventing new solutions to help us decarbonize now and in the future.",13,Amazon’s Carbon Footprint (MMT CO2e*) > Path to 2040,target,firm,2040,2040,2040,,0.75,data/raw/amazon/2023_sustainability_report.pdf,amazon,2023,34,0.0,0.0,0.1082,True,True,True,False,False,0.6,42.9,False,True,False,0
"At the end of 2023, The Climate Pledge included 473 signatories focused on achieving net-zero carbon emissions by 2040.",13,Amazon’s Carbon Footprint (MMT CO2e*) > Path to 2040,target,firm,"2023,",2040,2040,,0.75,data/raw/amazon/2023_sustainability_report.pdf,amazon,2023,16,0.0,0.0,0.0825,True,True,True,False,False,0.6,26.7,False,False,False,0
"One way we do this is through The Climate Pledge Fund, Amazon’s $2 billion venture investment program, which supports the advancement of sustainabilityfocused technologies and services that will enable us to meet our net-zero carbon emissions goal.",13,Amazon’s Carbon Footprint (MMT CO2e*) > Path to 2040,target,firm,2 billion,,,,0.25,data/raw/amazon/2023_sustainability_report.pdf,amazon,2023,37,0.0,0.0,0.0541,True,False,False,False,False,0.2,13.8,False,True,False,1
"We will continue to innovate, collaborate, and do the work needed to deliver the best for our customers, progress toward net-zero carbon emissions by 2040, and most importantly, contribute to a healthier planet.",13,Amazon’s Carbon Footprint (MMT CO2e*) > Path to 2040,target,firm,"2040,",2040,2040,,0.75,data/raw/amazon/2023_sustainability_report.pdf,amazon,2023,32,0.0,0.0,0.1138,True,True,True,False,False,0.6,21.0,False,True,False,1
"Zero-emission fuel: Along with opting for more efficient shipping routes, we also prioritize lower-carbon marine biofuels.",14,Delivery and Logistics > Ocean Freight,attribute,,,,,,0.0,data/raw/amazon/2023_sustainability_report.pdf,amazon,2023,16,0.0,0.0,0.0,False,False,False,False,False,0.0,10.8,False,False,False,0
"In 2021, we were a founding member of the First Movers Coalition, a global coalition of companies leveraging their purchasing power to decarbonize the world’s heavyemitting sectors, such as ocean transportation.",14,Delivery and Logistics > Ocean Freight,achievement,achievement,"2021,",,,,0.33,data/raw/amazon/2023_sustainability_report.pdf,amazon,2023,31,0.0,0.0,0.0,True,False,False,False,False,0.2,17.1,False,False,False,0
"Through our active participation, we are supporting First Movers Coalition’s goal to use maritime ships with zero-emission fuels for at least 10% of cargo shipped internationally by 2030.",14,Delivery and Logistics > Ocean Freight,target,,10%,,2030,,0.5,data/raw/amazon/2023_sustainability_report.pdf,amazon,2023,27,0.0,0.0,0.0941,True,False,True,False,False,0.4,22.8,False,False,False,0
"Zero Emission Vessels (coZEV) with the Aspen Institute to support initiatives that increase the availability of zeroemission technologies and fuels while gaining support from shipping lines, cargo owners, ports, and other organizations that can help to enable the energy transition.",15,Delivery and Logistics > Ocean Freight,attribute,hedged,,,,,0.0,data/raw/amazon/2023_sustainability_report.pdf,amazon,2023,40,0.0,0.0,0.0,False,False,False,False,False,0.0,-5.1,False,False,False,0
"Through our membership, we are supporting coZEV’s goal to use maritime ships with zero-emission fuels for 100% of ocean cargo by 2040.",15,Delivery and Logistics > Ocean Freight,target,,100%,,2040,,0.5,data/raw/amazon/2023_sustainability_report.pdf,amazon,2023,21,0.0,0.0,0.1152,True,False,True,False,False,0.4,48.5,False,False,False,0
Biofuel: Our investment in maritime biofuel helps to accelerate the shipping industry’s transition to zero-emission fuels by demonstrating demand for lower-carbon fuel alternatives to bunker fuel.,15,Delivery and Logistics > Ocean Freight,attribute,,,,,,0.0,data/raw/amazon/2023_sustainability_report.pdf,amazon,2023,27,0.0,0.0,0.0,False,False,False,False,False,0.0,0.8,False,False,False,1
"As availability increases, we will continue to increase the percentage of cargo we transport on these types of ships and leverage additional lower-carbon fuels in 2024 and beyond.",15,Delivery and Logistics > Ocean Freight,other,firm,2024,2024,,,0.5,data/raw/amazon/2023_sustainability_report.pdf,amazon,2023,27,0.0,0.0,0.037,True,True,False,False,False,0.4,22.8,False,True,False,0
"In early 2023, we co-founded the Zero Emission Maritime Buyers Alliance (ZEMBA) with the Aspen Institute, Patagonia, and Tchibo.",15,Delivery and Logistics > Learn more about this landmark zero-emission voyage,attribute,,"2023,",,,,0.5,data/raw/amazon/2023_sustainability_report.pdf,amazon,2023,18,0.0,0.0,0.0,True,False,False,False,False,0.2,24.1,False,False,False,0
"ZEMBA seeks to accelerate commercial deployment of zero-emission shipping, enable economies of scale, and reduce maritime emissions.",15,Delivery and Logistics > Learn more about this landmark zero-emission voyage,attribute,,,,,,0.0,data/raw/amazon/2023_sustainability_report.pdf,amazon,2023,17,0.0,0.0588,0.0,False,False,False,False,False,0.0,-4.5,False,False,False,1
This was the first major buyer-led initiative for the transition to zero-emission fuels in maritime shipping—one of the most challenging sectors to decarbonize.,15,Delivery and Logistics > Learn more about this landmark zero-emission voyage,attribute,achievement,,,,,0.0,data/raw/amazon/2023_sustainability_report.pdf,amazon,2023,24,0.0,0.0,0.0,False,False,False,False,False,0.0,27.4,False,False,False,0
"Aviation is also considered a hard-to-abate sector, which is why we are sourcing lower-carbon aviation fuels such as sustainable aviation fuel (SAF) and using SAF credits to reduce our own airfreight emissions as well as working with peers on innovative industry-wide solutions.",15,Delivery and Logistics > Learn more about this landmark zero-emission voyage,attribute,,,,,,0.0,data/raw/amazon/2023_sustainability_report.pdf,amazon,2023,42,0.0,0.0,0.0,False,False,False,False,False,0.0,9.1,False,False,False,1
"Lower-carbon aviation fuel, such as SAF, currently represents less than 0.1% of global aviation fuel and remains cost-prohibitive for most companies.",15,Delivery and Logistics > Learn more about this landmark zero-emission voyage,other,,0.1%,,,,0.5,data/raw/amazon/2023_sustainability_report.pdf,amazon,2023,20,0.0,0.0,0.0,True,False,False,False,False,0.2,31.7,False,False,False,0
"To help address these challenges, Amazon is a founding member of the Sustainable Aviation Buyers Alliance (SABA) and played a critical role in launching the Sustainable Aviation Fuel certificates (SAFc) Registry at the 28th meeting of the Conference of the Parties to the United Nations Framework Convention on Climate Change (COP28).",15,Delivery and Logistics > Learn more about this landmark zero-emission voyage,attribute,,,,,,0.0,data/raw/amazon/2023_sustainability_report.pdf,amazon,2023,51,0.0,0.0,0.0,False,False,False,False,False,0.0,7.4,False,False,False,0
"Moving products by rail or sea—instead of on the road, by conventional trucks—reduces carbon emissions by an average of nearly 50%.",15,Delivery and Logistics > Middle Mile Efficiency,other,,50%,,,,0.5,data/raw/amazon/2023_sustainability_report.pdf,amazon,2023,22,0.0,0.0,0.0,True,False,False,False,False,0.2,46.1,False,False,False,0
"Additionally, in 2023, The Climate Pledge and C40 Cities (C40) developed Laneshift, a partnership to accelerate the transition to zero-emission electric trucks and charging infrastructure across major cities in India and Latin America.",16,Journey of a Kindle through Our Transportation Network,target,firm,"2023,",,,,0.25,data/raw/amazon/2023_sustainability_report.pdf,amazon,2023,32,0.0,0.0,0.0,True,False,False,False,False,0.2,-5.4,False,False,False,1
"Amazon began mobile fueling diesel-powered vehicles— including trucks that operate short, local routes and vehicles that operate within our facilities—with renewable diesel at all California and Oregon fulfillment and sort centers in 2023.",16,Journey of a Kindle through Our Transportation Network > Last Mile Electric Delivery Vehicles,other,,,,,,0.0,data/raw/amazon/2023_sustainability_report.pdf,amazon,2023,33,0.0,0.0,0.0,False,False,False,False,False,0.0,-3.6,False,False,False,0
They can reduce carbon emissions by at least 75% compared to diesel when refueled with RNG.,16,Journey of a Kindle through Our Transportation Network > Last Mile Electric Delivery Vehicles,other,,75%,,,,0.5,data/raw/amazon/2023_sustainability_report.pdf,amazon,2023,15,0.0,0.0,0.0,True,False,False,False,False,0.2,56.3,False,False,False,0
"This growth was driven by the opening of seven permanent RNG fueling stations across our North American logistics network in partnership with Clean Energy, the largest provider of RNG for the transportation industry in North America.",16,Journey of a Kindle through Our Transportation Network > Last Mile Electric Delivery Vehicles,attribute,achievement,,,,,0.0,data/raw/amazon/2023_sustainability_report.pdf,amazon,2023,36,0.0,0.0,0.0,False,False,False,False,False,0.0,15.2,True,False,False,0
"In 2023, Amazon participated in the Smart Freight Centre (SFC) Exchange Network, a nonprofit organization whose mission is to accelerate the reduction of logistics emissions by fostering collaboration.",16,Journey of a Kindle through Our Transportation Network > Partnerships Accelerating Middle Mile Decarbonization,other,,"2023,",,,,0.5,data/raw/amazon/2023_sustainability_report.pdf,amazon,2023,27,0.0,0.0,0.0,True,False,False,False,False,0.2,0.8,False,False,False,1
"Our sustainable rail freight solutions were recognized by BNSF Railway, which selected Amazon as one of the recipients of its 2023 Sustainability Award.",16,Journey of a Kindle through Our Transportation Network > Partnerships Accelerating Middle Mile Decarbonization,achievement,achievement,2023,,,,0.33,data/raw/amazon/2023_sustainability_report.pdf,amazon,2023,22,0.0,0.0,0.0,True,False,False,False,False,0.2,23.0,True,False,False,0
"In 2023, Amazon Day delivery avoided the use of more than 200 million boxes (up from nearly 115 million in 2022) and 226,000 metric tons of CO2e.",17,Journey of a Kindle through Our Transportation Network > Amazon Day Delivery,achievement,achievement,200 million,2022,,,0.67,data/raw/amazon/2023_sustainability_report.pdf,amazon,2023,23,0.0,0.0,0.0,True,True,False,False,False,0.4,54.8,False,False,False,0
"The construction, operation, and decommissioning of these buildings accounted for one fifth of Amazon’s total carbon emissions in 2023, which is why we’re committed to implementing and scaling decarbonization solutions and processes to reduce the footprint of this sector of our business.",17,Building Construction and Operations,other,firm,"2023,",2023,,,0.5,data/raw/amazon/2023_sustainability_report.pdf,amazon,2023,43,0.0,0.0,0.0233,True,True,False,False,False,0.4,3.8,False,False,False,1
"In August 2023, we began transporting packages in London using both zero-emission middle mile vehicles (electric heavy-duty trucks) and last mile vehicles (electric vans).",17,Building Construction and Operations > United States,attribute,,"2023,",,,,0.5,data/raw/amazon/2023_sustainability_report.pdf,amazon,2023,23,0.0,0.0,0.0,True,False,False,False,False,0.2,14.3,False,False,False,0
"Lighting retrofits alone have saved 1.23 billion megawatthours (MWh) of energy and avoided more than 873,000 metric tons of CO2e from 2017 to 2023.",18,Building Construction and Operations > Implementing Foundational Efficiency Initiatives,achievement,achievement,1.23 billion,2017,,,0.67,data/raw/amazon/2023_sustainability_report.pdf,amazon,2023,21,0.0,0.0,0.0,True,True,False,False,False,0.4,55.2,False,False,False,0
"We built our second headquarters (HQ2) in Arlington, Virginia, with sustainability in mind.",18,Building Construction and Operations > Validating Our Progress,other,,,,,,0.0,data/raw/amazon/2023_sustainability_report.pdf,amazon,2023,13,0.0,0.0,0.0,False,False,False,False,False,0.0,30.9,False,False,False,0
"Opened in May 2023, HQ2 runs on 100% renewable electricity and achieves energy savings of 24% relative to a comparable Leadership in Energy and Environmental Design (LEED) baseline.",18,Building Construction and Operations > Validating Our Progress,other,hedged,100%,,,,0.5,data/raw/amazon/2023_sustainability_report.pdf,amazon,2023,25,0.0,0.04,0.0,True,False,False,False,False,0.04,2.1,False,False,True,1
More than 40 Amazon sites globally now use this same CarbonCure technology.,18,Building Construction and Operations > Validating Our Progress,other,,40,,,global,1.0,data/raw/amazon/2023_sustainability_report.pdf,amazon,2023,11,0.0,0.0,0.0,True,False,False,True,False,0.4,34.2,False,False,False,0
"Design elements at HQ2 incorporate native flora and fauna and use earth tones and natural materials, such as wood and stone, to create a warm and inviting atmosphere.",18,Building Construction and Operations > Sustainability at Our Second Headquarters,other,,,,,,0.0,data/raw/amazon/2023_sustainability_report.pdf,amazon,2023,28,0.0,0.0,0.0,False,False,False,False,False,0.0,39.4,False,False,False,0
"At the end of 2023, Amazon had 270 rooftop solar projects at our facilities around the globe.",19,Building Construction and Operations > Scaling Renewable Energy,other,,"2023,",,,,0.5,data/raw/amazon/2023_sustainability_report.pdf,amazon,2023,15,0.0,0.0667,0.0,True,False,False,False,False,0.0,56.3,False,False,False,0
"We brought 50 new on-site solar energy systems online in 2023, for a total capacity of 58 MW.",19,Building Construction and Operations > Scaling Renewable Energy,other,,50,,,,0.5,data/raw/amazon/2023_sustainability_report.pdf,amazon,2023,15,0.0,0.0,0.0,True,False,False,False,False,0.2,50.6,False,False,False,0
"These on-site solar energy systems are estimated to generate 123,000 MWh annually—enough energy to power over 33,600 European homes—and avoid the equivalent of roughly 47,400 metric tons of CO2e each year compared to nonrenewable electricity sources.",19,Building Construction and Operations > Scaling Renewable Energy,other,,"123,000 MWh",,,,0.5,data/raw/amazon/2023_sustainability_report.pdf,amazon,2023,36,0.0,0.0833,0.0,True,False,False,False,False,0.0,1.1,True,False,False,0
Refrigerants with high GWP—such as hydrofluorocarbons (HFCs)—contribute to climate change by trapping more heat in the atmosphere than CO2.,19,Building Construction and Operations > Lower-Emission Refrigerants,other,hedged,,,,,0.0,data/raw/amazon/2023_sustainability_report.pdf,amazon,2023,21,0.0,0.0,0.0,False,False,False,False,False,0.0,44.5,False,False,False,0
"That’s why Amazon Fresh and Whole Foods Market use low-GWP refrigerants, such as CO2 refrigerants, to help grocery stores reduce emissions.",19,Building Construction and Operations > Lower-Emission Refrigerants,other,,,,,,0.0,data/raw/amazon/2023_sustainability_report.pdf,amazon,2023,22,0.0,0.0,0.0,False,False,False,False,False,0.0,42.2,False,False,False,0
"Together, Amazon and Whole Foods Market donated to the North American Sustainable Refrigeration Council in 2023 to accelerate the council’s efforts to train the next generation of skilled technicians needed to install and maintain sustainable refrigeration systems.",19,Building Construction and Operations > Lower-Emission Refrigerants,other,,2023,2023,,,0.5,data/raw/amazon/2023_sustainability_report.pdf,amazon,2023,37,0.0,0.0,0.0,True,True,False,False,False,0.4,-2.2,False,False,False,1
"In 2023, 29 Amazon building projects were constructed with lower-carbon concrete and steel, collectively reducing embodied carbon by over 79,000 metric tons of CO2e.",19,Building Construction and Operations > Using Lower-Carbon Materials,achievement,achievement,"79,000 metric tons",,,,0.33,data/raw/amazon/2023_sustainability_report.pdf,amazon,2023,22,0.0,0.0,0.0,True,False,False,False,False,0.2,19.2,True,False,False,0
"In 2023, AWS built 36 data centers with lower-carbon concrete, up from 16 in 2022.",19,Building Construction and Operations > Using Lower-Carbon Materials,other,,"2023,",2022,,,0.5,data/raw/amazon/2023_sustainability_report.pdf,amazon,2023,11,0.0,0.0,0.0,True,True,False,False,False,0.4,64.9,False,False,False,0
"AWS also tested a low-carbon, performance-based ASTM C1157 Hydraulic Cement by Ozinga, a concrete, bulk materials, and logistics solutions supplier, which achieved a 64% reduction in embodied carbon compared to the industry average.",19,Building Construction and Operations > Using Lower-Carbon Materials,achievement,achievement,64%,,,,0.33,data/raw/amazon/2023_sustainability_report.pdf,amazon,2023,32,0.0,0.0,0.0,True,False,False,False,False,0.2,-2.8,False,False,False,0
"In January 2024, AWS updated its design standards to require the use of concrete with 35% less embodied carbon than the industry average in new data centers around the world.",19,Building Construction and Operations > Using Lower-Carbon Materials,other,,35%,,,,0.5,data/raw/amazon/2023_sustainability_report.pdf,amazon,2023,28,0.0,0.0357,0.0,True,False,False,False,False,0.057,39.4,False,False,False,0
"By incorporating higher-strength steel into its data center structural designs, AWS has reduced steel content by 70 tons for each two-story data center and 137 tons for each three-story data center, decreasing emissions by 63 and 124 metric tons of CO2e, respectively.",19,Building Construction and Operations > Using Lower-Carbon Materials,achievement,achievement,124 metric tons,,,,0.33,data/raw/amazon/2023_sustainability_report.pdf,amazon,2023,39,0.0,0.0,0.0,True,False,False,False,False,0.2,13.2,False,False,False,0
"In 2023, AWS built 31 data centers with lower-carbon steel, up from 10 in 2022.",19,Building Construction and Operations > Using Lower-Carbon Materials,other,,"2023,",2022,,,0.5,data/raw/amazon/2023_sustainability_report.pdf,amazon,2023,11,0.0,0.0,0.0,True,True,False,False,False,0.4,72.6,False,False,False,0
"Using lower-carbon steel and concrete enabled AWS to avoid over 46,700 metric tons of CO2e in 2023—equivalent to the carbon emissions generated from driving over 11,100 cars in the U.S. for one year.",19,Building Construction and Operations > Using Lower-Carbon Materials,other,,"46,700 metric tons",,,,0.5,data/raw/amazon/2023_sustainability_report.pdf,amazon,2023,33,0.0,0.0,0.0,True,False,False,False,False,0.2,57.2,False,False,False,0
"In 2023, we worked with the UK Chartered Institution of Building Services Engineers (CIBSE) and our supply chain partners to create public-facing embodied carbon baselining guidance for the logistics sector.",19,Building Construction and Operations > Partnering to Develop Industry Standards for Measuring Embodied Carbon,other,,"2023,",,,supply chain,1.0,data/raw/amazon/2023_sustainability_report.pdf,amazon,2023,29,0.0,0.0,0.0,True,False,False,True,False,0.4,17.0,False,False,False,0
"This guidance, called Technical Memorandum 65.3 , seeks to help professionals across Europe assess and understand the embodied carbon of material handling and mechanical, electrical, and plumbing equipment.",19,Building Construction and Operations > Partnering to Develop Industry Standards for Measuring Embodied Carbon,other,,65.3,,,,0.5,data/raw/amazon/2023_sustainability_report.pdf,amazon,2023,26,0.0,0.0385,0.0,True,False,False,False,False,0.046,11.4,False,False,False,0
"Using data that is new to the industry, Technical Memorandum 65.3 will enable Amazon, our supply chain partners, and our peers to establish a baseline understanding of carbon emissions from industrial equipment, paving the way to ultimately identifying additional carbon reduction opportunities.",19,Building Construction and Operations > Partnering to Develop Industry Standards for Measuring Embodied Carbon,other,firm,65.3,,,supply chain,1.0,data/raw/amazon/2023_sustainability_report.pdf,amazon,2023,41,0.0,0.0,0.0244,True,False,False,True,False,0.4,6.5,False,True,False,0
Inferentia2 is up to 50% more energy-efficient and can reduce costs by up to 40% against comparable Amazon Elastic Compute Cloud (EC2) instances.,20,Servers and Hardware,other,,50%,,,,0.5,data/raw/amazon/2023_sustainability_report.pdf,amazon,2023,21,0.0,0.0952,0.0,True,False,False,False,False,0.0,24.4,False,False,False,0
"Meanwhile, AWS Graviton4 is the latest generation of chips designed by AWS and the most powerful and energyefficient chip AWS has built as of 2023.",20,Servers and Hardware,other,,,,,,0.0,data/raw/amazon/2023_sustainability_report.pdf,amazon,2023,24,0.0,0.0,0.0,False,False,False,False,False,0.0,45.0,False,False,False,0
"Graviton4 provides up to 30% better computing performance, 50% more cores, and 75% more memory bandwidth than Graviton3 processors while being more energy efficient.",20,Servers and Hardware,other,,30%,,,,0.5,data/raw/amazon/2023_sustainability_report.pdf,amazon,2023,21,0.0476,0.0476,0.0,True,False,False,False,False,0.0,16.3,False,False,False,0
"In 2023, AWS joined the Semiconductor Climate Consortium (SCC), an organization focused on reducing carbon emissions across the global semiconductor supply chain.",20,Servers and Hardware > Partnering to Reduce Carbon Emissions in the Semiconductor Industry,other,,"2023,",,,supply chain,1.0,data/raw/amazon/2023_sustainability_report.pdf,amazon,2023,21,0.0,0.0,0.0,True,False,False,True,False,0.4,-3.8,False,False,False,0
"In 2023, AWS purchased over 6 million liters of SAF, which avoided approximately 15,600 metric tons of CO2e compared to conventional aviation fuel.",20,Products and Devices > Amazon Private Brands,achievement,achievement,6 million,,,,0.33,data/raw/amazon/2023_sustainability_report.pdf,amazon,2023,21,0.0,0.0476,0.0,True,False,False,False,False,0.01,20.3,False,False,False,0
"Research shows that in North America, AWS can lower its customers’ workload carbon footprints by up to 96% compared to on-premises computing workloads when the electricity AWS uses is matched with 100% renewable energy—a goal that Amazon, including AWS, achieved in 2023.",20,Products and Devices > Reducing Emissions from the Transportation of Data Center Hardware,achievement,achievement,96%,,,,0.33,data/raw/amazon/2023_sustainability_report.pdf,amazon,2023,40,0.0,0.025,0.025,True,False,False,False,False,0.1,9.7,True,False,False,0
Carbon emissions from the materials and manufacturing of these products are part of our Scope 3 carbon footprint.,20,Products and Devices > Enhancing Chip Efficiency,other,,3,,,Scope 3,1.0,data/raw/amazon/2023_sustainability_report.pdf,amazon,2023,17,0.0,0.0,0.0,True,False,False,True,False,0.4,45.3,False,False,False,0
"In 2023, we worked with our top suppliers to develop carbon footprints for the products responsible for over half the greenhouse gas (GHG) emissions of our private brands.",20,Products and Devices > Enhancing Chip Efficiency,other,,"2023,",,,,0.5,data/raw/amazon/2023_sustainability_report.pdf,amazon,2023,27,0.037,0.0,0.0,True,False,False,False,False,0.052,51.0,False,False,False,1
"These insights informed the creation of joint abatement plans, which help avoid future product emissions through actions including moving to recycled materials, using renewable energy to power manufacturing facilities, and reducing packaging.",20,Products and Devices > Enhancing Chip Efficiency,attribute,,,,,,0.0,data/raw/amazon/2023_sustainability_report.pdf,amazon,2023,32,0.0,0.0,0.0625,False,False,False,False,False,0.0,-8.1,False,False,False,0
"For example, we began using recycled polyester certified by Textile Exchange’s Global Recycled Standard, which now represents 16% of the polyester we use for Amazon Essentials apparel products.",20,Products and Devices > Enhancing Chip Efficiency,attribute,,16%,,,,0.5,data/raw/amazon/2023_sustainability_report.pdf,amazon,2023,28,0.0,0.0,0.0,True,False,False,False,True,0.4,15.3,False,False,False,0
We also worked with Amazon Private Brands battery suppliers to reduce product packaging weight by 13%.,20,Products and Devices > Enhancing Chip Efficiency,other,,13%,,,,0.5,data/raw/amazon/2023_sustainability_report.pdf,amazon,2023,15,0.0,0.0,0.0,True,False,False,False,False,0.2,39.3,False,False,False,0
"In 2024, we aim to expand our product carbon measurement activities to a larger group of suppliers.",20,Products and Devices > Enhancing Chip Efficiency,other,hedged,"2024,",,,,0.5,data/raw/amazon/2023_sustainability_report.pdf,amazon,2023,16,0.0,0.0,0.0625,True,False,False,False,False,0.2,47.8,False,False,False,0
"In 2023, we published the carbon footprint of newly launched Echo, eero, Ring, Fire TV, and Fire tablet devices on the product detail pages of our U.S. Amazon.com site, along with product sustainability fact sheets for each device.",21,Products and Devices > Amazon Grocery and Whole Foods Market,achievement,achievement,"2023,",,,,0.33,data/raw/amazon/2023_sustainability_report.pdf,amazon,2023,39,0.0,0.0,0.0,True,False,False,False,False,0.2,60.3,False,False,False,0
"By the end of 2022, we had contracted enough renewable energy capacity through new wind and solar farms to equal the expected electricity used by all active Echo, Fire TV, and Ring devices globally by 2025.",21,Products and Devices > Amazon Grocery and Whole Foods Market,target,,"2022,",,2022,global,0.75,data/raw/amazon/2023_sustainability_report.pdf,amazon,2023,34,0.0,0.0588,0.02,True,False,True,True,False,0.365,25.5,False,False,False,0
Some of these wind and solar projects are operational today; others are currently under construction and expected to begin operating in 2024.,21,Products and Devices > Amazon Grocery and Whole Foods Market,other,,,,,,0.0,data/raw/amazon/2023_sustainability_report.pdf,amazon,2023,21,0.0,0.0952,0.0,False,False,False,False,False,0.0,24.4,False,False,False,0
"In 2022, we announced a collaboration with the Carbon Trust, which partners with businesses, governments, and organizations around the world to accelerate the transition to net-zero carbon emissions.",21,Products and Devices > Amazon Grocery and Whole Foods Market,attribute,,"2022,",,,,0.5,data/raw/amazon/2023_sustainability_report.pdf,amazon,2023,27,0.0,0.037,0.0,True,False,False,False,False,0.052,7.1,False,False,False,1
"As part of this work, throughout 2023, we partnered with Samsung, Meta, Microsoft, and Comcast to develop standards that provide practical, meaningful steps for mitigating emissions at the customer use stage of the device lifecycle.",21,Products and Devices > Amazon Grocery and Whole Foods Market,target,,"2023,",,2023,,0.5,data/raw/amazon/2023_sustainability_report.pdf,amazon,2023,34,0.0294,0.0,0.0,True,False,True,False,False,0.282,23.0,False,False,False,0
"As of the end of 2023, we’ve received commitments from 49 device suppliers to work with us on decarbonization, up from 28 suppliers in 2022.",21,Products and Devices > Amazon Grocery and Whole Foods Market,other,,"2023,",,,,0.5,data/raw/amazon/2023_sustainability_report.pdf,amazon,2023,22,0.0,0.0,0.0455,True,False,False,False,False,0.2,53.8,False,False,False,0
"We also helped 21 suppliers develop renewable energy plans, including final assembly suppliers that make up over 70% of our direct manufacturing spend for Echo, Kindle, Fire tablet, Fire TV, Ring, Blink, and eero devices and accessories.",21,Products and Devices > Amazon Grocery and Whole Foods Market,other,,70%,,,,0.5,data/raw/amazon/2023_sustainability_report.pdf,amazon,2023,35,0.0,0.0,0.0286,True,False,False,False,False,0.2,16.6,False,False,False,0
"In parallel, we are investing in climate mitigation outside of our value chain (“carbon neutralization”), and we plan to neutralize any emissions that cannot be eliminated by 2040.",21,Carbon Neutralization,target,hedged,,,2040,value chain,0.5,data/raw/amazon/2023_sustainability_report.pdf,amazon,2023,27,0.0,0.0,0.0941,False,False,True,True,False,0.4,16.5,True,False,False,0
"As we progress on our net-zero carbon emissions journey, Amazon is continuing to engage suppliers in the critical work of reducing their operational emissions and working with their own upstream supply chains to do the same.",21,Engaging Suppliers,attribute,,,,,supply chain; upstream,0.5,data/raw/amazon/2023_sustainability_report.pdf,amazon,2023,36,0.0,0.0,0.0,False,False,False,True,False,0.2,24.6,False,False,False,1
"We have identified a list of the highest-emitting suppliers directly supporting our operations, and expect those suppliers, who collectively contribute more than 50% of emissions globally to Amazon’s Scope 3 footprint, to provide a plan for how they will decarbonize their operations and demonstrate real progress over time.",21,Engaging Suppliers,other,firm,50%,,,Scope 3; own operations; global,1.0,data/raw/amazon/2023_sustainability_report.pdf,amazon,2023,47,0.0,0.0213,0.0426,True,False,False,True,False,0.315,0.7,False,True,False,1
We will prioritize our business toward those who provide their plans and results on their path to net-zero carbon emissions.,21,Engaging Suppliers,attribute,firm,,,,,0.0,data/raw/amazon/2023_sustainability_report.pdf,amazon,2023,20,0.0,0.0,0.1,False,False,False,False,False,0.0,51.2,False,True,False,0
"In addition, we also launched our “Amazon Sustainability Exchange”—a free, publicly available website that democratizes our guidelines, playbooks, science models, and other resources to help other companies make meaningful progress toward net-zero carbon emissions.",21,Engaging Suppliers,attribute,achievement,,,,,0.0,data/raw/amazon/2023_sustainability_report.pdf,amazon,2023,35,0.0286,0.0,0.0,False,False,False,False,False,0.0,-12.4,False,False,False,1
Our carbon neutralization approach focuses on three actions outside of our value chain.,21,Engaging Suppliers,attribute,,,,,value chain,0.5,data/raw/amazon/2023_sustainability_report.pdf,amazon,2023,13,0.0,0.0,0.0,False,False,False,True,False,0.2,37.5,False,False,False,0
"At Amazon, we use the best available science to design and evaluate projects and measure, verify, and monitor carbon credits.9 We also use robust methodologies to verify that the projects we support do, in fact, neutralize carbon.",21,Engaging Suppliers > 3. Scaling up carbon removal technologies,other,hedged,,,,,0.0,data/raw/amazon/2023_sustainability_report.pdf,amazon,2023,37,0.027,0.0,0.0,False,False,False,False,False,0.0,39.4,False,False,False,0
Accelerating Forest finance (LEAF) Coalition—a public-private initiative that is mobilizing more than $1 billion to protect the world’s tropical forests and surrounding communities by supporting government policies and programs that reduce emissions from deforestation at national or large subnational scale.,22,Engaging Suppliers > The Climate Pledge by the Numbers,other,,1 billion,,,,0.5,data/raw/amazon/2023_sustainability_report.pdf,amazon,2023,41,0.0,0.0,0.0,True,False,False,False,False,0.2,-14.3,False,False,False,0
"In 2023, we expanded our investments in nature-based carbon removal with two new agroforestry projects in the Amazon rainforest.",22,Engaging Suppliers > Advancing the Removal of Carbon from the Atmosphere with Nature-Based Solutions,other,,"2023,",,,,0.5,data/raw/amazon/2023_sustainability_report.pdf,amazon,2023,18,0.0,0.0,0.0,True,False,False,False,False,0.2,10.0,False,False,False,0
DAC is an emerging set of technologies that chemically scrub CO2 from the air.,22,Engaging Suppliers > Scaling Up Carbon Removal Technologies,other,,,,,,0.0,data/raw/amazon/2023_sustainability_report.pdf,amazon,2023,14,0.0,0.0,0.0,False,False,False,False,False,0.0,59.7,False,False,False,0
"The captured CO2 is then stored deep underground or used in applications such as building materials (including concrete, brick, and cement) and low-carbon fuels.",22,Engaging Suppliers > Scaling Up Carbon Removal Technologies,other,,,,,,0.0,data/raw/amazon/2023_sustainability_report.pdf,amazon,2023,24,0.0,0.0,0.0,False,False,False,False,False,0.0,34.4,True,False,False,0
"We committed to purchasing carbon dioxide removal credits equaling 250,000 metric tons of CO2 from 1PointFive, which is currently constructing its first DAC plant in Texas.",22,Engaging Suppliers > Scaling Up Carbon Removal Technologies,other,firm,"250,000 metric tons",,,,0.5,data/raw/amazon/2023_sustainability_report.pdf,amazon,2023,25,0.0,0.0,0.08,True,False,False,False,False,0.2,35.9,False,False,False,1
"When fully operational, the plant is expected to be the largest in the world, with capacity to capture up to 500,000 metric tons of CO2 annually.",22,Engaging Suppliers > Scaling Up Carbon Removal Technologies,other,,"500,000 metric tons",,,,0.5,data/raw/amazon/2023_sustainability_report.pdf,amazon,2023,25,0.0,0.12,0.04,True,False,False,False,False,0.0,46.1,True,False,False,0
The company’s patented modular open systems architecture allows the swapping of new sorbents— materials used to absorb CO2—as they become available.,22,Engaging Suppliers > Scaling Up Carbon Removal Technologies,other,,,,,,0.0,data/raw/amazon/2023_sustainability_report.pdf,amazon,2023,23,0.0,0.0,0.0,False,False,False,False,False,0.0,21.6,False,False,False,0
"CarbonCapture Inc. will make up to 100,000 carbon removal credits available to Amazon.",22,Engaging Suppliers > Scaling Up Carbon Removal Technologies,other,firm,"100,000",,,,0.5,data/raw/amazon/2023_sustainability_report.pdf,amazon,2023,12,0.0,0.0833,0.0833,True,False,False,False,False,0.0,38.6,False,True,False,0
The Climate Pledge is a commitment to reach net-zero carbon emissions by 2040.,22,The Climate Pledge,target,firm,,2040,2040,,0.5,data/raw/amazon/2023_sustainability_report.pdf,amazon,2023,12,0.0,0.0,0.1867,False,True,True,False,False,0.4,53.7,False,False,False,0
Amazon co-founded The Climate Pledge with Global Optimism in 2019 and was the first company to sign on.,22,The Climate Pledge,target,firm,2019,,,,0.25,data/raw/amazon/2023_sustainability_report.pdf,amazon,2023,17,0.0,0.0,0.0,True,False,False,False,False,0.2,55.2,False,False,False,0
The Climate Pledge celebrates its fifth anniversary in September 2024.,22,The Climate Pledge,target,firm,,,,,0.0,data/raw/amazon/2023_sustainability_report.pdf,amazon,2023,9,0.0,0.0,0.0,False,False,False,False,False,0.0,19.1,False,False,False,0
"While companies will chart their own paths to net-zero carbon emissions, signing The Climate Pledge reinforces their commitment to sustainability, holds them accountable to their goals, and provides new opportunities for collaboration and a collective knowledge base to accelerate their progress.",22,The Climate Pledge,target,firm,,,,,0.0,data/raw/amazon/2023_sustainability_report.pdf,amazon,2023,41,0.0,0.0,0.0732,False,False,False,False,False,0.0,4.3,False,True,False,2
"At the end of 2023, The Climate Pledge represented 473 signatories in 42 countries and 59 industries.",22,The Climate Pledge,target,firm,"2023,",,,,0.25,data/raw/amazon/2023_sustainability_report.pdf,amazon,2023,13,0.0,0.0,0.0,True,False,False,False,False,0.2,44.0,False,False,False,0
"In 2023, 77 additional companies signed The Climate Pledge, including Mastercard, Sony, and T-Mobile.",22,The Climate Pledge,target,firm,"2023,",,,,0.25,data/raw/amazon/2023_sustainability_report.pdf,amazon,2023,12,0.0,0.0,0.0,True,False,False,False,False,0.2,18.4,False,False,False,0
"Amazon encourages our suppliers to sign The Climate Pledge, and in 2023, nine Amazon transportation and logistics suppliers became signatories, including CTT Portugal Post, Global Feed Ecotrans, Poste Italiane, and Emirates Post.",22,The Climate Pledge,target,firm,"2023,",,,,0.25,data/raw/amazon/2023_sustainability_report.pdf,amazon,2023,31,0.0,0.0,0.0,True,False,False,False,False,0.2,6.2,False,False,False,0
"With 473 signatories, The Climate Pledge focused more on cross-industry collaboration in 2023 than ever before.",22,The Climate Pledge > Partnering with Others to Scale Progress,target,firm,473,2023,,,0.5,data/raw/amazon/2023_sustainability_report.pdf,amazon,2023,14,0.0,0.0,0.0,True,True,False,False,False,0.4,17.4,False,False,False,0
"In 2023, The Climate Pledge launched five joint action projects involving its signatories to accelerate progress to net-zero carbon emissions by 2040.",22,The Climate Pledge > Partnering with Others to Scale Progress,target,firm,"2023,",2040,2040,,0.75,data/raw/amazon/2023_sustainability_report.pdf,amazon,2023,20,0.0,0.0,0.07,True,True,True,False,False,0.6,25.8,False,False,False,2
"So far, 24 signatories have joined The Climate Pledge projects related to lower-emission supply chain transportation solutions, circularity, increasing urban charging infrastructure, electrifying middle mile freight, and data transparency.",22,The Climate Pledge > Partnering with Others to Scale Progress,target,firm,24,,,supply chain,0.5,data/raw/amazon/2023_sustainability_report.pdf,amazon,2023,28,0.0,0.0,0.0,True,False,False,True,False,0.4,-15.0,False,False,False,0
"In 2023, The Climate Pledge and C40, a global network of nearly 100 mayors of the world’s leading cities, developed Laneshift to accelerate the transition to zeroemission electric trucks and charging infrastructure across major cities in India and Latin America.",22,The Climate Pledge > Partnering with Others to Scale Progress,target,firm,"2023,",,,,0.25,data/raw/amazon/2023_sustainability_report.pdf,amazon,2023,39,0.0256,0.0256,0.0,True,False,False,False,False,0.0,11.1,False,False,False,2
The Climate Pledge Fund is a $2 billion venture investment program supporting the advancement of sustainable technologies and services that enable Amazon to meet our net-zero carbon emissions goal.,23,The Climate Pledge Fund,target,firm,2 billion,,,,0.25,data/raw/amazon/2023_sustainability_report.pdf,amazon,2023,28,0.0,0.0,0.0357,True,False,False,False,False,0.2,15.3,False,False,False,1
"In 2023, The Climate Pledge Fund made nine investments— including both new and follow-on investments for existing portfolio companies—bringing its total investment portfolio to 24 companies.",23,The Climate Pledge Fund,target,firm,"2023,",,,,0.25,data/raw/amazon/2023_sustainability_report.pdf,amazon,2023,25,0.0,0.0,0.0,True,False,False,False,False,0.2,19.0,False,False,False,0
"As part of The Climate Pledge Fund’s broader dedication to accelerate female-led climate solutions, in 2022, it committed at least $50 million to invest in femalefounded and female-led climate technology companies.",23,The Climate Pledge Fund > Accelerating Climate Solutions from Female Founders,target,firm,50 million,,,,0.25,data/raw/amazon/2023_sustainability_report.pdf,amazon,2023,30,0.0,0.0,0.0333,True,False,False,False,False,0.2,4.4,False,False,False,2
"In 2023, The Climate Pledge Fund invested in Genecis Bioindustries, a women-led climate tech company in the U.S. founded by scientist Luna Yu.",23,The Climate Pledge Fund > Accelerating Climate Solutions from Female Founders,target,firm,"2023,",,,,0.25,data/raw/amazon/2023_sustainability_report.pdf,amazon,2023,23,0.0,0.0,0.0,True,False,False,False,False,0.2,59.3,False,False,False,0
"Yu and her team are using specialized bacteria to turn organic waste—such as bread crusts and other food scraps—into bioplastic, a biodegradable and easily recyclable alternative to plastic packaging.",23,The Climate Pledge Fund > Accelerating Climate Solutions from Female Founders,attribute,,,,,,0.0,data/raw/amazon/2023_sustainability_report.pdf,amazon,2023,31,0.0,0.0,0.0,False,False,False,False,False,0.0,22.5,False,False,False,0
"At Amazon, we are contributing to policymaking processes and informing public officials of our stances on issues that matter to our customers, stakeholders, and businesses, such as carbon-free energy and climate action.",23,Supporting Policies That Drive Decarbonization,attribute,,,,,,0.0,data/raw/amazon/2023_sustainability_report.pdf,amazon,2023,32,0.0,0.0,0.0,False,False,False,False,False,0.0,5.2,False,False,False,0
"Specifically, we seek to advance and incentivize decarbonization, supporting policies that scale zero-emission fuels, advance zero-emission vehicle deployment and associated infrastructure, drive the deployment of carbonfree energy, modernize the grid, and accelerate investments in clean technologies.",23,Supporting Policies That Drive Decarbonization,attribute,hedged,,,,,0.0,data/raw/amazon/2023_sustainability_report.pdf,amazon,2023,36,0.0,0.0278,0.0,False,False,False,False,True,0.089,-31.8,False,False,False,3
Reaching net-zero carbon emissions by 2040 will be challenging.,23,Looking Forward,target,firm,2040,2040,2040,,0.75,data/raw/amazon/2023_sustainability_report.pdf,amazon,2023,8,0.0,0.0,0.27,True,True,True,False,False,0.6,29.5,False,True,False,0
"We pledged $3 million to the USAID-led Climate Gender Equity Fund (CGEF), a public-private partnership that leverages funding to scale climate finance that advances gender-equitable climate action.",23,Looking Forward,other,,3 million,,,,0.5,data/raw/amazon/2023_sustainability_report.pdf,amazon,2023,26,0.0,0.0,0.0,True,False,False,False,False,0.2,8.0,False,False,False,1
"In 2023, CGEF selected the first cohort of women-led organizations to receive grants, each of which is focused on advancing gender-equitable climate action in Africa.",23,Looking Forward,other,,"2023,",,,,0.5,data/raw/amazon/2023_sustainability_report.pdf,amazon,2023,24,0.0,0.0,0.0,True,False,False,False,False,0.2,20.3,True,False,False,0
Transitioning to carbon-free energy sources— which include renewable energy sources such as wind and solar as well as other sources such as nuclear power—is one of the most effective ways to lower Scope 2 emissions.,24,Carbon-Free Energy #1,attribute,,2,,,Scope 2,1.0,data/raw/amazon/2023_sustainability_report.pdf,amazon,2023,35,0.0,0.0,0.0,True,False,False,True,False,0.4,31.1,False,False,False,0
"That means we must diversify our energy portfolio with additional reliable carbonfree sources, so we remain on track to reach net-zero carbon emissions by 2040.",24,Carbon-Free Energy #1,target,firm,,2040,2040,,0.5,data/raw/amazon/2023_sustainability_report.pdf,amazon,2023,24,0.0,0.0,0.0617,False,True,True,False,False,0.4,30.9,False,True,False,0
Our goal to match 100% of the electricity consumed by our global operations with renewable energy by 2025 is a milestone that is now part of our broader carbon-free energy strategy.,24,Carbon-Free Energy #1,target,,100%,,2025,,0.5,data/raw/amazon/2023_sustainability_report.pdf,amazon,2023,29,0.0,0.0,0.0545,True,False,True,False,False,0.4,28.6,False,False,False,1
"In 2014, Amazon made our first investment in a renewable energy project at a time when corporate procurement for solar and wind power was just beginning.",25,Scaling Renewable Energy,achievement,achievement,"2014,",,,,0.33,data/raw/amazon/2023_sustainability_report.pdf,amazon,2023,25,0.0,0.0,0.0,True,False,False,False,False,0.2,35.9,False,False,False,0
"In 2019, we set an ambitious goal to match 100% of the electricity we use with renewable energy by 2030.",25,Scaling Renewable Energy,target,,100%,,2030,,0.5,data/raw/amazon/2023_sustainability_report.pdf,amazon,2023,17,0.0588,0.0,0.1376,True,False,True,False,False,0.165,55.2,False,False,False,1
"We are proud to have achieved this goal in 2023, seven years early, with 100% of the electricity consumed by Amazon matched with renewable energy sources, up from 90% in 2022.",25,Scaling Renewable Energy,achievement,achievement,100%,,,,0.33,data/raw/amazon/2023_sustainability_report.pdf,amazon,2023,27,0.0,0.0,0.037,True,False,False,False,False,0.2,38.4,False,False,False,1
"This achievement is an important step on our journey to achieve net-zero carbon emissions by 2040, and we will continue to focus on reducing emissions through carbon-free energy as part of our commitment to The Climate Pledge.",25,Scaling Renewable Energy,target,firm,"2040,",2040,2040,,0.75,data/raw/amazon/2023_sustainability_report.pdf,amazon,2023,36,0.0,0.0,0.1033,True,True,True,False,False,0.6,26.9,False,True,False,1
"Wind and solar will continue to be a critical piece of our energy strategy as we expand our investments into additional forms of carbon-free energy, including nuclear.",25,Scaling Renewable Energy,attribute,firm,,,,,0.0,data/raw/amazon/2023_sustainability_report.pdf,amazon,2023,27,0.0,0.0,0.037,False,False,False,False,False,0.0,25.9,False,True,False,0
We’ll continue to evaluate our energy strategy to meet the needs of our customers and achieve our commitment to reach net-zero carbon emissions by 2040.,25,Scaling Renewable Energy,target,firm,,2040,2040,,0.5,data/raw/amazon/2023_sustainability_report.pdf,amazon,2023,25,0.0,0.0,0.1,False,True,True,False,False,0.4,35.9,False,False,False,0
"As part of our commitment to The Climate Pledge, we set two renewable energy goals that are central to our broader carbon-free energy approach: to match all the electricity consumed by our operations with 100% renewable energy and to invest in wind and solar capacity equal to the electricity used by all active Echo, Fire TV, and Ring devices worldwide.",25,Scaling Renewable Energy,target,firm,100%,,,own operations,0.5,data/raw/amazon/2023_sustainability_report.pdf,amazon,2023,59,0.0,0.0,0.0339,True,False,False,True,False,0.4,2.1,False,False,False,0
"We use broad carbon-free energy options to support our continued growth, enabling us to deploy and grow new technologies such as artificial intelligence (AI).",25,Scaling Renewable Energy,attribute,hedged,,,,,0.0,data/raw/amazon/2023_sustainability_report.pdf,amazon,2023,24,0.0417,0.0,0.0,False,False,False,False,False,0.0,30.9,False,False,False,0
"By scaling carbon-free energy, we aim to make Amazon a more resilient and more sustainable business, drive a global transition to cleaner energy, and achieve our commitment to The Climate Pledge to reach net-zero carbon emissions by 2040.",25,Scaling Renewable Energy,target,firm,,2040,2040,,0.5,data/raw/amazon/2023_sustainability_report.pdf,amazon,2023,37,0.0,0.0,0.1011,False,True,True,False,False,0.4,22.9,False,False,False,0
"Carbon-free energy includes existing renewable energy technologies, such as wind and solar farms and on-site rooftop solar systems, as well as nuclear reactors that generate carbon-free energy and other sources such as hydroelectric and geothermal.",25,Scaling Renewable Energy,attribute,,,,,,0.0,data/raw/amazon/2023_sustainability_report.pdf,amazon,2023,35,0.0,0.0,0.0,False,False,False,False,False,0.0,6.9,False,False,False,0
"There is not a one-size-fits-all solution when it comes to transitioning to carbon-free energy, and we believe that all viable and scalable options should be considered.",25,Scaling Renewable Energy,attribute,hedged,,,,,0.0,data/raw/amazon/2023_sustainability_report.pdf,amazon,2023,26,0.0,0.0385,0.0,False,False,False,False,False,0.0,30.8,True,False,True,0
"Shifting to carbon-free energy requires a targeted, multifaceted approach.",25,Scaling Renewable Energy,attribute,,,,,,0.0,data/raw/amazon/2023_sustainability_report.pdf,amazon,2023,9,0.0,0.0,0.1111,False,False,False,False,False,0.0,-9.1,False,False,False,0
This informs our carbon-free procurement decisions and energy optimization initiatives.,25,Scaling Renewable Energy,attribute,,,,,,0.0,data/raw/amazon/2023_sustainability_report.pdf,amazon,2023,10,0.0,0.0,0.0,False,False,False,False,False,0.0,-31.7,False,False,False,0
"In 2023, Amazon announced 39 new renewable energy projects across Europe, adding more than 1 GW of renewable energy capacity to grids in the region.",26,Scaling Renewable Energy,other,,"2023,",,,,0.5,data/raw/amazon/2023_sustainability_report.pdf,amazon,2023,22,0.0,0.0,0.0,True,False,False,False,True,0.4,23.0,False,False,False,0
"Our total capacity of renewable energy in Europe is now 7 GW, including 1.7 GW of renewable energy from offshore wind.",26,Scaling Renewable Energy,other,,7,,,,0.5,data/raw/amazon/2023_sustainability_report.pdf,amazon,2023,19,0.0,0.0,0.0,True,False,False,False,False,0.2,41.4,False,False,False,0
"In January 2024, Amazon signed a corporate PPA with the low-carbon energy and services company ENGIE to increase our share of output from the Moray West offshore wind farm in Scotland to 473 megawatts (MW) once the site becomes operational in 2024.",26,Scaling Renewable Energy,other,,"2024,",,,,0.5,data/raw/amazon/2023_sustainability_report.pdf,amazon,2023,39,0.0,0.0,0.0,True,False,False,False,False,0.2,19.7,False,False,False,0
"Amazon also accelerated renewable energy investments across the Asia-Pacific region in 2023, including by adding 24 new utility-scale solar and wind projects to our portfolio.",26,Scaling Renewable Energy,other,,"2023,",2023,,,0.5,data/raw/amazon/2023_sustainability_report.pdf,amazon,2023,23,0.0,0.0,0.0,True,True,False,False,False,0.4,-11.5,False,False,False,1
"We unveiled three new utility-scale renewable energy projects in India, including a 198 MW wind farm in Osmanabad.",26,Scaling Renewable Energy,other,,198,,,,0.5,data/raw/amazon/2023_sustainability_report.pdf,amazon,2023,17,0.0,0.0,0.0,True,False,False,False,False,0.2,20.4,False,False,False,0
"The model found that from 2014 through 2022, Amazon’s solar and wind farms generated over $12 billion in community investments around the world and supported 39,000 fulltime-equivalent jobs at direct suppliers and at businesses in Amazon’s downstream supply chain globally in 2022 alone.",26,Scaling Renewable Energy,target,,12 billion,2014,2022,supply chain; downstream; global,1.0,data/raw/amazon/2023_sustainability_report.pdf,amazon,2023,40,0.0,0.025,0.0,True,True,True,True,False,0.7,7.6,False,False,False,0
"In 2023, 50 new on-site solar energy systems became operational at our facilities and stores, adding 58 MW of capacity.",26,Scaling Renewable Energy > On-Site Solar Projects,other,,"2023,",,,,0.5,data/raw/amazon/2023_sustainability_report.pdf,amazon,2023,17,0.0,0.0,0.0,True,False,False,False,False,0.2,15.4,False,False,False,0
"Altogether, these solar energy projects generate an estimated 123,000 MWh and avoid roughly 47,500 metric tons of carbon dioxide equivalent (CO₂e) each year.",26,Scaling Renewable Energy > On-Site Solar Projects,other,,"123,000 MWh",,,,0.5,data/raw/amazon/2023_sustainability_report.pdf,amazon,2023,22,0.0,0.1364,0.0,True,False,False,False,False,0.0,23.0,False,False,False,0
"We launched our first on-site solar array with energy storage projects in Bakersfield and San Bernardino, California, in 2023.",26,Scaling Renewable Energy > On-Site Solar Projects,other,achievement,,,,,0.0,data/raw/amazon/2023_sustainability_report.pdf,amazon,2023,18,0.0,0.0,0.0,False,False,False,False,False,0.0,28.8,False,False,False,0
"These projects bring the total number of rooftop solar projects across Amazon and Whole Foods Market facilities to 270, with a total capacity of 344 MW.",26,Scaling Renewable Energy > On-Site Solar Projects,other,,"270,",,,,0.5,data/raw/amazon/2023_sustainability_report.pdf,amazon,2023,24,0.0,0.0,0.0,True,False,False,False,False,0.2,38.0,False,False,False,0
"Altogether, these projects avoid roughly 17 million metric tons of CO2e each year.",26,Scaling Renewable Energy > On-Site Solar Projects,other,,17 million,,,,0.5,data/raw/amazon/2023_sustainability_report.pdf,amazon,2023,13,0.0,0.0769,0.0,True,False,False,False,False,0.0,57.0,False,False,False,0
"Across Amazon, we work with utilities and regulators on green tariffs so that more companies can buy clean energy directly from renewable energy projects.",26,Scaling Renewable Energy > Data Centers Powered with Renewable Energy,attribute,,,,,,0.0,data/raw/amazon/2023_sustainability_report.pdf,amazon,2023,24,0.0,0.0,0.0,False,False,False,False,False,0.0,23.9,False,False,False,0
"Altogether, Amazon had 243 utility-scale wind and solar projects, including 42 newly operational ones, in 2023.",26,Scaling Renewable Energy > Utility-Scale Wind and Solar Projects,other,,243,,,,0.5,data/raw/amazon/2023_sustainability_report.pdf,amazon,2023,13,0.0,0.0,0.0,True,False,False,False,False,0.2,-14.6,False,False,False,0
"We have also signed 274 PPAs as of January 2024 that will collectively add 3.7 GW of clean energy to the grid, bringing our total contracted clean energy generation to 27 GW.",26,Scaling Renewable Energy > Utility-Scale Wind and Solar Projects,attribute,firm,274,,,,0.5,data/raw/amazon/2023_sustainability_report.pdf,amazon,2023,28,0.0,0.0,0.0357,True,False,False,False,True,0.4,50.6,False,True,False,0
"We expanded our renewable energy footprint across the southeastern U.S. in new ways in 2023, including by adding five new solar and wind projects, bringing our total number of renewable energy projects in the region to 30.",26,Scaling Renewable Energy > Utility-Scale Wind and Solar Projects,other,,"2023,",,,,0.5,data/raw/amazon/2023_sustainability_report.pdf,amazon,2023,36,0.0,0.0,0.0,True,False,False,False,False,0.2,53.7,False,False,False,0
"Once fully operational, these projects are expected to generate more than 7,500 GWh of renewable energy.",26,Scaling Renewable Energy > Utility-Scale Wind and Solar Projects,other,,"7,500 GWh",,,,0.5,data/raw/amazon/2023_sustainability_report.pdf,amazon,2023,15,0.0,0.1333,0.0,True,False,False,False,False,0.0,28.1,True,False,False,0
"We also started producing renewable energy from nearly 5,600 rooftop solar panels installed at the Amazon Air Hub at the Cincinnati/Northern Kentucky International Airport.",26,Scaling Renewable Energy > Utility-Scale Wind and Solar Projects,achievement,achievement,"5,600",,,,0.33,data/raw/amazon/2023_sustainability_report.pdf,amazon,2023,24,0.0,0.0,0.0,True,False,False,False,False,0.2,2.7,False,False,False,0
"Collectively, these projects represent 28 gigawatts (GW) of renewable energy capacity, making Amazon the world’s largest corporate purchaser of renewable energy for the fourth year in a row.",26,Scaling Renewable Energy > Utility-Scale Wind and Solar Projects,other,,28,,,,0.5,data/raw/amazon/2023_sustainability_report.pdf,amazon,2023,28,0.0,0.0,0.0,True,False,False,False,False,0.2,9.2,False,False,False,0
"Once operational, these projects are expected to generate more than 77,000 gigawatt-hours (GWh) of renewable energy each year—enough energy to power 7.3 million homes for a year and an increase of 35% from 57,000 GWh in 2022.",26,Scaling Renewable Energy > Utility-Scale Wind and Solar Projects,other,,7.3 million,,,,0.5,data/raw/amazon/2023_sustainability_report.pdf,amazon,2023,33,0.0,0.0606,0.0,True,False,False,False,False,0.0,46.5,True,False,False,0
"The U.S. Environmental Protection Agency estimates that more than 450,000 brownfields could be revitalized for solar energy projects across the country.",27,Scaling Renewable Energy > Brownfield Solar Projects,other,hedged,"450,000",,,,0.5,data/raw/amazon/2023_sustainability_report.pdf,amazon,2023,21,0.0,0.0952,0.0,True,False,False,False,False,0.0,26.5,True,False,True,0
"As the world’s largest corporate renewable energy purchaser, we have a unique role to play in supporting a more just, equitable, and sustainable clean energy transition.",27,"Partnerships and Advocacy for Carbon-Free Energy Solutions > Supporting a More Just, Equitable, and Sustainable Clean Energy Transition",attribute,,,,,,0.0,data/raw/amazon/2023_sustainability_report.pdf,amazon,2023,27,0.0,0.0,0.0,False,False,False,False,False,0.0,29.0,False,False,False,0
"As a founding member and active participant in Beyond the Megawatt—an initiative from the Clean Energy Buyers Association (CEBA)—we are helping scale results-oriented clean energy procurement strategies that put energy grid resiliency, social equity, and environmental protection at the forefront of solar and wind transactions.",27,"Partnerships and Advocacy for Carbon-Free Energy Solutions > Supporting a More Just, Equitable, and Sustainable Clean Energy Transition",attribute,,,,,,0.0,data/raw/amazon/2023_sustainability_report.pdf,amazon,2023,47,0.0,0.0,0.0,False,False,False,False,True,0.2,-11.9,False,False,False,0
"Beyond the Megawatt partners with energy customers, energy and service providers, nongovernmental organizations, academia, researchers, community organizations, and other businesses to help ensure a diversity of stakeholder voices are represented as we shift toward carbon-free energy.",27,"Partnerships and Advocacy for Carbon-Free Energy Solutions > Supporting a More Just, Equitable, and Sustainable Clean Energy Transition",attribute,,,,,,0.0,data/raw/amazon/2023_sustainability_report.pdf,amazon,2023,36,0.0,0.0,0.0,False,False,False,False,False,0.0,-34.2,True,False,False,0
"In 2023, we participated in CEBA’s equity and resilience working groups, which produced industry-wide guidance on incorporating biodiversity and social benefit standards into PPAs.",27,"Partnerships and Advocacy for Carbon-Free Energy Solutions > Supporting a More Just, Equitable, and Sustainable Clean Energy Transition",other,,"2023,",,,,0.5,data/raw/amazon/2023_sustainability_report.pdf,amazon,2023,24,0.0,0.0,0.0,True,False,False,False,False,0.2,-4.3,False,False,False,0
"To advance the transition to carbon-free energy within our supply chain, Amazon helped found the Clean Energy Procurement Academy (CEPA) with other leading companies in 2023.",27,Partnerships and Advocacy for Carbon-Free Energy Solutions > Scaling Up Carbon-Free Energy,attribute,,,,,supply chain,0.5,data/raw/amazon/2023_sustainability_report.pdf,amazon,2023,25,0.04,0.0,0.0,False,False,False,True,False,0.04,15.6,False,False,False,2
CEPA supports the adoption of clean energy by suppliers through training and online educational resources.,27,Partnerships and Advocacy for Carbon-Free Energy Solutions > Scaling Up Carbon-Free Energy,attribute,,,,,,0.0,data/raw/amazon/2023_sustainability_report.pdf,amazon,2023,15,0.0,0.0,0.0,False,False,False,False,False,0.0,22.4,False,False,False,0
"Through our collaborative efforts with fellow members and suppliers, this initiative aims to rapidly advance clean energy procurement, address Scope 3 emissions, and decarbonize global supply chains.",27,Partnerships and Advocacy for Carbon-Free Energy Solutions > Scaling Up Carbon-Free Energy,attribute,hedged,3,,,Scope 3; supply chain,1.0,data/raw/amazon/2023_sustainability_report.pdf,amazon,2023,26,0.0,0.0,0.0385,True,False,False,True,False,0.4,8.0,False,False,False,1
The standards will also provide more opportunities for organizations to invest in decarbonization initiatives such as clean energy projects— especially in markets where there is the ability and resources to decarbonize the power system faster.,27,Partnerships and Advocacy for Carbon-Free Energy Solutions > Scaling Up Carbon-Free Energy,attribute,firm,,,,,0.0,data/raw/amazon/2023_sustainability_report.pdf,amazon,2023,35,0.0,0.0,0.0286,False,False,False,False,False,0.0,-7.6,False,True,False,0
The widespread transition to carbon-free power requires an upgraded and expanded electricity grid.,27,Partnerships and Advocacy for Carbon-Free Energy Solutions > Supporting Grid Improvements,attribute,,,,,,0.0,data/raw/amazon/2023_sustainability_report.pdf,amazon,2023,13,0.0,0.0,0.0,False,False,False,False,True,0.2,4.9,False,False,False,0
"As the demand for energy increases around the world, we are expanding our investments in carbon-free energy solutions, including nuclear.",27,Partnerships and Advocacy for Carbon-Free Energy Solutions > Diversifying Carbon-Free Energy Sources,attribute,,,,,,0.0,data/raw/amazon/2023_sustainability_report.pdf,amazon,2023,20,0.0,0.05,0.0,False,False,False,False,False,0.0,25.8,False,False,False,0
"In 2023, we added seven solar projects paired with battery energy storage systems to our portfolio in the U.S.",27,Partnerships and Advocacy for Carbon-Free Energy Solutions > Energy Storage Solutions,other,,"2023,",,,,0.5,data/raw/amazon/2023_sustainability_report.pdf,amazon,2023,19,0.0,0.0,0.0,True,False,False,False,False,0.2,54.7,False,False,False,0
"In 2023, we announced plans to support the repurposing of a previously polluted Maryland coal mine into a solar farm.",27,Partnerships and Advocacy for Carbon-Free Energy Solutions > Energy Storage Solutions,other,hedged,"2023,",,,,0.5,data/raw/amazon/2023_sustainability_report.pdf,amazon,2023,19,0.0,0.0,0.0526,True,False,False,False,False,0.2,40.6,False,False,False,0
"More than 1,100 acres of coal refuse once contaminated this 120-year-old mining site, and this land has since been reclaimed.",27,Partnerships and Advocacy for Carbon-Free Energy Solutions > Energy Storage Solutions,other,,"1,100 acres",,,,0.5,data/raw/amazon/2023_sustainability_report.pdf,amazon,2023,19,0.0,0.0,0.0,True,False,False,False,False,0.2,58.4,True,False,False,0
"Featuring more than 326,000 solar panels, Amazon Solar Farm Maryland–CPV Backbone will avoid more than 64,000 metric tons of CO2e each year—the equivalent of taking more than 13,900 cars off the road.",27,Partnerships and Advocacy for Carbon-Free Energy Solutions > Energy Storage Solutions,other,firm,"64,000 metric tons",,,,0.5,data/raw/amazon/2023_sustainability_report.pdf,amazon,2023,32,0.0,0.0,0.0312,True,False,False,False,False,0.2,47.5,False,True,False,0
"In 2023, we backed a new global renewable energy goal, urging world leaders at COP28 to triple renewable energy capacity to at least 11,000 GW by 2030.",28,Partnerships and Advocacy for Carbon-Free Energy Solutions > Promoting Robust Renewable Energy Policies,target,,"2023,",,2030,,0.5,data/raw/amazon/2023_sustainability_report.pdf,amazon,2023,24,0.0,0.0,0.1033,True,False,True,False,False,0.4,45.0,False,False,False,1
"We also encouraged the Bonneville Power Administration in the Pacific Northwest to adopt firstready, first-served queue reforms, which they did in 2024, facilitating increased production of clean energy across the region.",28,Partnerships and Advocacy for Carbon-Free Energy Solutions > Promoting Robust Renewable Energy Policies,achievement,achievement,"2024,",,,,0.33,data/raw/amazon/2023_sustainability_report.pdf,amazon,2023,30,0.0,0.0,0.0,True,False,False,False,False,0.2,1.5,False,False,False,0
"Because permitting for renewable energy projects is one key factor delaying clean energy deployment, we are working with legislators, advocacy organizations, and corporate partners to drive permitting efficiencies across Europe and help reduce delays.",28,Partnerships and Advocacy for Carbon-Free Energy Solutions > Promoting Robust Renewable Energy Policies,attribute,,,,,,0.0,data/raw/amazon/2023_sustainability_report.pdf,amazon,2023,34,0.0,0.0,0.0,False,False,False,False,False,0.0,-4.3,False,False,False,0
"As a result of our and others’ work, Poland’s government partially reduced its permitting restrictions in 2023, allowing more renewable energy projects to be developed there.",28,Partnerships and Advocacy for Carbon-Free Energy Solutions > Promoting Robust Renewable Energy Policies,achievement,achievement,"2023,",,,,0.33,data/raw/amazon/2023_sustainability_report.pdf,amazon,2023,26,0.0,0.0,0.0,True,False,False,False,False,0.2,21.0,True,False,False,0
"In addition, AWS is collaborating with WindEurope and Accenture to develop EasyPermits, a digital permitting solution running on AWS that increased the efficiency of the administrative permitting process, enabling shortened permitting timelines to help the EU meet its 2030 renewable energy targets.",28,Partnerships and Advocacy for Carbon-Free Energy Solutions > Promoting Robust Renewable Energy Policies,achievement,achievement,2030,,,,0.33,data/raw/amazon/2023_sustainability_report.pdf,amazon,2023,41,0.0,0.0,0.0244,True,False,False,False,False,0.2,-18.4,False,False,False,0
We remain focused on scaling carbon-free energy across our company and the communities we operate in.,28,Looking Forward,attribute,,,,,,0.0,data/raw/amazon/2023_sustainability_report.pdf,amazon,2023,16,0.0,0.0,0.0,False,False,False,False,False,0.0,26.7,False,False,False,0
"In 2024 and beyond, we will continue to add more carbon-free energy generation and storage capacity to our portfolio as we scale up new technologies such as AI and work toward our goal to achieve net-zero carbon by 2040.",28,Looking Forward,target,firm,2024,2040,2040,,0.75,data/raw/amazon/2023_sustainability_report.pdf,amazon,2023,37,0.0,0.0,0.1011,True,True,True,False,False,0.6,34.4,False,True,False,0
"As we progress toward decarbonizing our business, we will also engage with our partners, industry associations, and regulators around the world to scale our work, share what we’ve learned, and advocate for infrastructure and policies that help create a carbon-free energy future.",28,Looking Forward,attribute,firm,,,,,0.0,data/raw/amazon/2023_sustainability_report.pdf,amazon,2023,43,0.0,0.0233,0.0465,False,False,False,False,False,0.0,15.6,False,True,False,1
We’ve always said that the path to net-zero carbon won’t be linear.,28,Looking Forward,attribute,,,,,,0.0,data/raw/amazon/2023_sustainability_report.pdf,amazon,2023,14,0.0,0.0,0.0,False,False,False,False,False,0.0,77.8,False,False,False,0
"As with any long-term goal, we’ll continue to evolve our strategy over time to do what is right for our business and the planet, to meet the needs of our customers, and to reach net-zero carbon by 2040.",28,Looking Forward,target,,,2040,2040,,0.5,data/raw/amazon/2023_sustainability_report.pdf,amazon,2023,38,0.0,0.0,0.0989,False,True,True,False,False,0.4,48.0,False,False,False,0
"Our customers want rightsized, recyclable packaging that minimizes waste and ensures damage-free delivery, which is why we aim to avoid unnecessary packaging whenever possible.",29,Looking Forward > Anticipating Future Energy Demand Powered by AWS,attribute,hedged,,,,,0.0,data/raw/amazon/2023_sustainability_report.pdf,amazon,2023,24,0.0,0.0,0.0417,False,False,False,False,False,0.0,-0.8,False,False,False,0
"For example, we worked with Hasbro to design a sturdier package for the Hasbro Galactic Heroes BB-8 Adventure toy that is 81% smaller, contains 20 fewer components, and is eligible for the Ships in Product Packaging program.",30,Ships in Product Packaging,other,,81%,,,,0.5,data/raw/amazon/2023_sustainability_report.pdf,amazon,2023,35,0.0,0.0,0.0,True,False,False,False,False,0.2,31.1,False,False,False,0
"In 2023, nearly 12 million products qualified for the Ships in Product Packaging program, and 12% of Amazon packages globally were shipped without additional packaging, including 13% in the U.S. and Canada, 9% in Europe, 3% in Japan, 19% in India, and 8% in Brazil, Mexico, and Singapore.",30,Ships in Product Packaging > Around the World,achievement,achievement,12 million,,,global,0.67,data/raw/amazon/2023_sustainability_report.pdf,amazon,2023,41,0.0,0.0,0.0,True,False,False,True,False,0.4,38.2,True,False,False,0
"Since 2015, we have decreased our average per-shipment packaging weight by 43%, which represents more than 3 million metric tons of packaging materials avoided.",31,"Optimizing with Lighter, More Flexible, and Right-Sized Packaging",achievement,achievement,43%,,,,0.33,data/raw/amazon/2023_sustainability_report.pdf,amazon,2023,21,0.0,0.0,0.0,True,False,False,False,False,0.2,28.4,False,False,False,0
The model is constantly learning and has helped reduce our use of packaging material since it launched in 2019.,31,"Optimizing with Lighter, More Flexible, and Right-Sized Packaging",other,achievement,,,,,0.0,data/raw/amazon/2023_sustainability_report.pdf,amazon,2023,18,0.0,0.0,0.0,False,False,False,False,False,0.0,52.3,False,False,False,0
Amazon is working to reduce our use of single-use plastic packaging in favor of household-recyclable alternatives.,32,Phasing Out Single-Use Plastics and Using More Recyclable Packaging,attribute,,,,,,0.0,data/raw/amazon/2023_sustainability_report.pdf,amazon,2023,16,0.0,0.0,0.0,False,False,False,False,False,0.0,5.5,False,False,False,0
"To make recycling our packaging as easy as possible, our packaging engineers have been researching and experimenting for years to ensure we find the right solutions to deliver more products to customers with household-recyclable paper.",32,Phasing Out Single-Use Plastics and Using More Recyclable Packaging,attribute,achievement,,,,,0.0,data/raw/amazon/2023_sustainability_report.pdf,amazon,2023,35,0.0,0.0,0.0,False,False,False,False,False,0.0,14.2,False,False,False,0
"These packaging reduction initiatives have made a significant impact, decreasing our average plastic packaging weight per shipment by 9% across Amazon’s global operations network, building on a 17% reduction in 2022.",32,Phasing Out Single-Use Plastics and Using More Recyclable Packaging,other,,9%,2022,,,0.5,data/raw/amazon/2023_sustainability_report.pdf,amazon,2023,29,0.0345,0.0,0.0,True,True,False,False,False,0.262,2.4,False,False,False,0
"Altogether, we have avoided 80,500 metric tons of single-use plastic packaging since 2020.",32,Phasing Out Single-Use Plastics and Using More Recyclable Packaging,achievement,achievement,"80,500 metric tons",,,,0.33,data/raw/amazon/2023_sustainability_report.pdf,amazon,2023,11,0.0,0.0,0.0,True,False,False,False,False,0.2,26.5,False,False,False,0
"Additionally, in October 2023, we announced our first automated U.S. fulfillment center to eliminate plastic delivery packaging as part of our multi-year effort to eliminate plastic delivery packaging from our North America fulfillment centers.",32,Phasing Out Single-Use Plastics and Using More Recyclable Packaging,other,,"2023,",,,,0.5,data/raw/amazon/2023_sustainability_report.pdf,amazon,2023,34,0.0,0.0,0.0,True,False,False,False,False,0.2,8.7,False,False,False,0
This will avoid the use of nearly 15 billion plastic air pillows annually and will be our largest plastic packaging reduction effort in North America to date.,32,Phasing Out Single-Use Plastics and Using More Recyclable Packaging,other,firm,15 billion,,,,0.5,data/raw/amazon/2023_sustainability_report.pdf,amazon,2023,26,0.0,0.0,0.0769,True,False,False,False,False,0.2,40.5,False,True,False,0
"In 2023, we announced that 100% of delivery packaging in Europe—the boxes, bags, and envelopes needed to get products to customers—was household recyclable, including for items sold by Amazon and third-party selling partners that use FBA.",32,Phasing Out Single-Use Plastics and Using More Recyclable Packaging,achievement,achievement,100%,,,,0.33,data/raw/amazon/2023_sustainability_report.pdf,amazon,2023,36,0.0,0.0,0.0,True,False,False,False,True,0.4,17.5,False,False,False,0
"In total, 87 European fulfillment centers have stopped using plastic packaging for deliveries.",32,Phasing Out Single-Use Plastics and Using More Recyclable Packaging,achievement,achievement,87,,,,0.33,data/raw/amazon/2023_sustainability_report.pdf,amazon,2023,12,0.0,0.0,0.0,True,False,False,False,False,0.2,11.4,False,False,False,0
"In 2023, we expanded our use of household-recyclable paper-padded bags across the U.S. and Canada, replacing 99.7% of padded bags containing both plastic and paper.",32,Phasing Out Single-Use Plastics and Using More Recyclable Packaging > United States and Canada,attribute,,99.7%,,,,0.5,data/raw/amazon/2023_sustainability_report.pdf,amazon,2023,24,0.0,0.0,0.0,True,False,False,False,False,0.2,45.6,False,False,False,0
"We also transitioned 13 fulfillment centers from plastic to paper for dunnage, the durable packing material used to protect goods during shipping.",32,Phasing Out Single-Use Plastics and Using More Recyclable Packaging > United States and Canada,achievement,achievement,13,,,,0.33,data/raw/amazon/2023_sustainability_report.pdf,amazon,2023,21,0.0,0.0,0.0,True,False,False,False,False,0.2,28.4,False,False,False,0
"In addition, 100% of delivery packaging material is household recyclable in India as of the end of 2023.",32,"Phasing Out Single-Use Plastics and Using More Recyclable Packaging > India, Japan, and Rest of World",attribute,,100%,,,,0.5,data/raw/amazon/2023_sustainability_report.pdf,amazon,2023,16,0.0,0.0,0.0,True,False,False,False,False,0.2,32.0,False,False,False,0
"When we do still need to use dunnage to secure products during shipping, we’re increasing our use of packaging made with recycled materials.",32,"Phasing Out Single-Use Plastics and Using More Recyclable Packaging > India, Japan, and Rest of World",attribute,,,,,,0.0,data/raw/amazon/2023_sustainability_report.pdf,amazon,2023,24,0.0,0.0,0.0,False,False,False,False,False,0.0,52.1,False,False,False,0
"In Japan, 99.5% of delivery packaging material is household recyclable as of the end of 2023.",32,"Phasing Out Single-Use Plastics and Using More Recyclable Packaging > India, Japan, and Rest of World",attribute,,99.5%,,,,0.5,data/raw/amazon/2023_sustainability_report.pdf,amazon,2023,14,0.0,0.0,0.0,True,False,False,False,False,0.2,42.6,False,False,False,0
"Since 2021, Amazon has utilized automated paper-bag packaging machines in Japan to optimize packaging size and material use and increase household recyclability.",33,"Phasing Out Single-Use Plastics and Using More Recyclable Packaging > India, Japan, and Rest of World",other,,"2021,",,,,0.5,data/raw/amazon/2023_sustainability_report.pdf,amazon,2023,21,0.0,0.0,0.0,True,False,False,False,False,0.2,-15.9,False,False,False,0
"In 2023, Amazon Fresh reduced our use of insulation packaging material, which avoided approximately 1,180 metric tons of packaging.",33,Minimizing and Optimizing Packaging in Grocery,achievement,achievement,"1,180 metric tons",,,,0.33,data/raw/amazon/2023_sustainability_report.pdf,amazon,2023,17,0.0,0.0588,0.0,True,False,False,False,False,0.0,0.5,False,False,False,0
"Similarly, Whole Foods Market avoided 1,300 metric tons of packaging by using daily variable insulation, a practice that tracks and adjusts the amount of insulation packaging used in deliveries in North America to ensure it is used only when temperatures exceed a specific threshold.",33,Minimizing and Optimizing Packaging in Grocery,achievement,achievement,"1,300 metric tons",,,,0.33,data/raw/amazon/2023_sustainability_report.pdf,amazon,2023,43,0.0,0.0,0.0,True,False,False,False,False,0.2,-2.1,True,False,False,0
"In 2023, the grocery delivery packaging used by Amazon Fresh was 88% recyclable by weight.",33,Minimizing and Optimizing Packaging in Grocery,achievement,achievement,88%,,,,0.33,data/raw/amazon/2023_sustainability_report.pdf,amazon,2023,13,0.0,0.0,0.0,True,False,False,False,False,0.2,30.9,False,False,False,0
"Whole Foods Market published an updated version of its Packaging Guidelines in 2023 to help merchants, procurement teams, and suppliers understand how to make more sustainable choices for product packaging.",33,Minimizing and Optimizing Packaging in Grocery,other,,2023,,,,0.5,data/raw/amazon/2023_sustainability_report.pdf,amazon,2023,29,0.0,0.0,0.0,True,False,False,False,False,0.2,22.8,False,False,False,0
"In 2020, we set an ambitious goal to make our device packaging 100% recyclable by 2023—a first for the consumer electronics industry.",33,Increasing the Recyclability of Device Packaging,target,,100%,,2023,,0.5,data/raw/amazon/2023_sustainability_report.pdf,amazon,2023,20,0.05,0.0,0.07,True,False,True,False,False,0.2,42.7,False,False,False,1
These paper-based wraps are recyclable in the U.S. where recycling programs are available.,33,Increasing the Recyclability of Device Packaging,attribute,,,,,,0.0,data/raw/amazon/2023_sustainability_report.pdf,amazon,2023,14,0.0,0.0,0.0,False,False,False,False,False,0.0,57.1,False,False,False,0
"In 2023, 90% of our new devices and accessories launched with packaging that is 100% recyclable in the U.S., up from 79% in 2022.",33,Increasing the Recyclability of Device Packaging,achievement,achievement,90%,,,,0.33,data/raw/amazon/2023_sustainability_report.pdf,amazon,2023,20,0.0,0.0,0.0,True,False,False,False,False,0.2,73.2,False,False,False,0
"We have made significant progress, but we have not yet created recyclable packaging for heavier items, such as Fire TVs.",33,Increasing the Recyclability of Device Packaging,attribute,,,,,,0.0,data/raw/amazon/2023_sustainability_report.pdf,amazon,2023,20,0.05,0.0,0.0,False,False,False,False,False,0.0,55.4,False,False,False,1
"The box for Fire TVs is recyclable, but we still include foam cushioning and bags to protect the device when it is shipped, and these are not yet recyclable.",33,Increasing the Recyclability of Device Packaging,attribute,,,,,,0.0,data/raw/amazon/2023_sustainability_report.pdf,amazon,2023,29,0.0,0.0,0.0,False,False,False,False,False,0.0,63.6,True,False,False,0
"Amazon remains committed to using recyclable device packaging and to inventing recyclable solutions for heavier items, such as Fire TVs, that properly protect the device while maintaining our high bar for quality.",33,Increasing the Recyclability of Device Packaging,attribute,firm,,,,,0.0,data/raw/amazon/2023_sustainability_report.pdf,amazon,2023,32,0.0,0.0,0.0312,False,False,False,False,False,0.0,18.4,False,False,False,1
"Our 2023 investment helped TRP start recycling programs that reached more than 36,000 households and recycled 1 million pounds of materials.",33,"Partnerships to Improve Packaging Materials, Circularity, and Recycling > United States",achievement,achievement,1 million,,,,0.33,data/raw/amazon/2023_sustainability_report.pdf,amazon,2023,18,0.0,0.0,0.0,True,False,False,False,False,0.2,38.2,False,False,False,0
"Together with Novamont, an Italy-based biomaterials company, Amazon is testing new ways to collect and recycle bio-based and biodegradable materials, such as nongenetically modified corn starch and vegetable oils.",33,"Partnerships to Improve Packaging Materials, Circularity, and Recycling > United States",attribute,,,,,,0.0,data/raw/amazon/2023_sustainability_report.pdf,amazon,2023,29,0.0,0.0,0.0,False,False,False,False,False,0.0,-6.4,False,False,False,0
"We co-invented an innovative recycling technology with the National Renewable Energy Laboratory through the U.S. Department of Energy’s BOTTLE Consortium, creating an entirely circular loop for these materials.18 In 2023, we piloted this solution in Italy and Spain and plan to use the learnings to improve the technology for future use.",33,"Partnerships to Improve Packaging Materials, Circularity, and Recycling > United States",other,hedged,"2023,",,,,0.5,data/raw/amazon/2023_sustainability_report.pdf,amazon,2023,52,0.0,0.0,0.0385,True,False,False,False,False,0.2,32.6,False,False,False,1
"In 2022, we became a member of the Australian Packaging Covenant Organisation (APCO), a nonprofit group leading the development of a circular economy for packaging in Australia.",33,"Partnerships to Improve Packaging Materials, Circularity, and Recycling > United States",other,,"2022,",,,,0.5,data/raw/amazon/2023_sustainability_report.pdf,amazon,2023,26,0.0385,0.0,0.0,True,False,False,False,False,0.046,4.7,False,False,False,1
"Along with setting the country’s 2025 national packaging targets, APCO works to foster a collaborative packaging value chain in Australia.",33,"Partnerships to Improve Packaging Materials, Circularity, and Recycling > United States",other,,2025,,,value chain,1.0,data/raw/amazon/2023_sustainability_report.pdf,amazon,2023,20,0.0,0.0,0.05,True,False,False,True,False,0.4,21.6,False,False,False,0
"In fact, in February 2024, we announced that nearly 50% of customer orders from our India fulfillment network now come with reduced or no added packaging .",33,Looking Forward,achievement,achievement,50%,,,,0.33,data/raw/amazon/2023_sustainability_report.pdf,amazon,2023,24,0.0,0.0,0.0,True,False,False,False,False,0.2,38.0,False,False,False,0
"In the last six years alone, the global economy consumed over half a trillion tons of materials—nearly as much as the materials consumed throughout the entire 20th century.19 As resources continue to be extracted, it is imperative for businesses to do all they can to prevent and reduce waste.",34,Waste and Circularity,other,,,,,,0.0,data/raw/amazon/2023_sustainability_report.pdf,amazon,2023,50,0.0,0.02,0.0,False,False,False,False,False,0.0,39.3,True,False,False,0
"Materials in this hierarchy may be recycled, reclaimed, or otherwise reused in some way and thus may not end up as waste in landfills.",35,Our Approach > Our Approach to Managing and Preventing Waste,attribute,hedged,,,,,0.0,data/raw/amazon/2023_sustainability_report.pdf,amazon,2023,24,0.0,0.0833,0.0,False,False,False,False,False,0.0,55.6,True,False,True,0
"While these figures are encouraging, we are always exploring new ways to reduce food loss and waste as we work toward our goal to reduce our food waste by 50% across our U.S. and Europe operations by 2030.",36,Food Waste,target,,50%,,2030,,0.5,data/raw/amazon/2023_sustainability_report.pdf,amazon,2023,37,0.0,0.0,0.0741,True,False,True,False,False,0.4,73.1,False,False,False,0
"This commitment is reflective of our membership in the U.S. Environmental Protection Agency’s Food Loss and Waste 2030 Champions , which we joined in 2020.",36,Food Waste,other,firm,2030,,,,0.5,data/raw/amazon/2023_sustainability_report.pdf,amazon,2023,24,0.0,0.0,0.0417,True,False,False,False,False,0.2,57.7,False,False,False,0
We then extended our commitment to reducing food waste to our Europe operations in 2021.,36,Food Waste,other,firm,,,,,0.0,data/raw/amazon/2023_sustainability_report.pdf,amazon,2023,14,0.0,0.0,0.0714,False,False,False,False,False,0.0,47.6,False,False,False,0
"As of December 2023, our food waste intensity had decreased by 28% in the U.S. and by 75% in Europe compared to a 2021 baseline.",36,Food Waste,achievement,achievement,28%,2021,,,0.67,data/raw/amazon/2023_sustainability_report.pdf,amazon,2023,22,0.0,0.0,0.0,True,True,False,False,False,0.4,68.6,False,False,False,0
"As of the end of 2023, 62 Amazon Fresh stores in the U.S. and Europe divert food waste to organic recycling services, including those that support composting or anaerobic digestion.",36,Food Waste,other,hedged,"2023,",,,,0.5,data/raw/amazon/2023_sustainability_report.pdf,amazon,2023,29,0.0,0.0,0.0,True,False,False,False,False,0.2,51.2,False,False,False,0
"In 2023, 452 Whole Foods Market locations had active organics diversion programs, which diverted over 87,000 tons of food waste from landfill.",36,Food Waste,other,,"2023,",,,,0.5,data/raw/amazon/2023_sustainability_report.pdf,amazon,2023,19,0.0,0.0,0.0,True,False,False,False,False,0.2,45.1,False,False,False,0
As we continue on our journey to reduce waste— including our commitment to reduce food waste by 50% in our U.S. and Europe operations by 2030—we are exploring different ways to learn and grow.,37,Food Waste,target,firm,50%,,2030,,0.5,data/raw/amazon/2023_sustainability_report.pdf,amazon,2023,34,0.0,0.0,0.0788,True,False,True,False,False,0.4,68.4,False,False,False,0
"As of the end of 2023, four Amazon Fresh facilities had achieved UL’s Zero Waste to Landfill certification at Silver or Gold level.",37,Food Waste,achievement,achievement,"2023,",,,,0.33,data/raw/amazon/2023_sustainability_report.pdf,amazon,2023,23,0.0,0.0,0.0,True,False,False,False,False,0.2,43.7,False,False,False,0
The resulting global warehouse damage-reduction plan led to a 21% decrease in damage intensity (how many products are damaged for every product we handle) worldwide in 2023.,37,Reducing and Managing Inventory and Customer Waste,other,,21%,,,,0.5,data/raw/amazon/2023_sustainability_report.pdf,amazon,2023,25,0.04,0.0,0.04,True,False,False,False,False,0.04,19.0,True,False,False,0
Our goal is to segregate these materials as much as possible so they can be more easily recycled.,38,Reducing and Managing Noninventory Waste,attribute,,,,,,0.0,data/raw/amazon/2023_sustainability_report.pdf,amazon,2023,18,0.0,0.0556,0.0556,False,False,False,False,False,0.0,61.7,False,False,False,0
"If a customer’s device is not eligible for our Amazon TradeIn program, the Amazon Recycling Program provides the customer with a shipping label to send their device to be recycled and safely disposed of at a licensed recycling facility.",38,Reducing and Managing Noninventory Waste > Learn more about our partnerships to improve recycling,attribute,,,,,,0.0,data/raw/amazon/2023_sustainability_report.pdf,amazon,2023,40,0.0,0.0,0.0,False,False,False,False,False,0.0,9.7,True,False,False,0
"For its server racks, AWS concentrates on avoiding excess material such as steel or plastic, increasing recycled and biobased content, and planning for repair, reuse, and recycling from the beginning.",38,AWS Circular Economy > Design Better,attribute,,,,,,0.0,data/raw/amazon/2023_sustainability_report.pdf,amazon,2023,30,0.0,0.0,0.0333,False,False,False,False,False,0.0,26.9,False,False,False,0
AWS has worked with suppliers to require that plastic parts of server racks launched since July 2023 contain at least 30% recycled or bio-based plastic.,38,AWS Circular Economy > Design Better,achievement,achievement,30%,,,,0.33,data/raw/amazon/2023_sustainability_report.pdf,amazon,2023,23,0.0,0.0,0.0,True,False,False,False,False,0.2,51.1,False,False,False,0
"In 2023, AWS began to transition to plastic containing recycled and bio-based content in parts including air ducts, power distribution board covers, card holders, solid state drive (SSD) carriers/cages, riser brackets, latches, and trays.",38,AWS Circular Economy > Design Better,attribute,,"2023,",,,,0.5,data/raw/amazon/2023_sustainability_report.pdf,amazon,2023,34,0.0,0.0,0.0,True,False,False,False,False,0.2,25.5,False,False,False,0
The carbon footprint of these plastic parts is up to 14% lower than that of older platforms with only virgin content.,38,AWS Circular Economy > Design Better,other,,14%,,,,0.5,data/raw/amazon/2023_sustainability_report.pdf,amazon,2023,20,0.0,0.05,0.0,True,False,False,False,False,0.0,63.9,False,False,False,0
"AWS is also working to use steel from electric arc furnaces, which use scrap steel in rack enclosures, increasing the recycled content from 10% to 90%.",38,AWS Circular Economy > Design Better,attribute,,10%,,,,0.5,data/raw/amazon/2023_sustainability_report.pdf,amazon,2023,24,0.0,0.0,0.0,True,False,False,False,False,0.2,48.5,False,False,False,0
"In 2023, this program prevented the purchase of over 8,100 new hard drives, avoiding associated carbon emissions and costs while also increasing capacity efficiency.",38,AWS Circular Economy > Operate Longer,other,,"2023,",,,,0.5,data/raw/amazon/2023_sustainability_report.pdf,amazon,2023,22,0.0,0.0,0.0,True,False,False,False,False,0.2,11.5,False,False,False,0
"The added scale and enhanced capabilities provide global coverage for AWS’s decommissioned server and network hardware to be tested, repaired, reused, or recycled.",38,AWS Circular Economy > Recover More,attribute,,,,,,0.0,data/raw/amazon/2023_sustainability_report.pdf,amazon,2023,24,0.0417,0.0,0.0,False,False,False,False,False,0.0,13.3,True,False,False,0
"As a result, in 2023, 14.6 million hardware components were diverted from landfills by being recycled or sold into the secondary market for reuse.",38,AWS Circular Economy > Recover More,achievement,achievement,14.6 million,,,,0.33,data/raw/amazon/2023_sustainability_report.pdf,amazon,2023,22,0.0,0.0,0.0,True,False,False,False,False,0.2,53.4,True,False,False,0
"In 2024, The Climate Pledge Fund invested in Glacier , a company using AI-powered robots to automate the sorting of recyclables and collect real-time data on recycling streams.",39,Looking Forward,target,firm,"2024,",,,,0.25,data/raw/amazon/2023_sustainability_report.pdf,amazon,2023,26,0.0,0.0,0.0,True,False,False,False,False,0.2,24.3,False,False,False,0
This technology helps recycling centers sort materials more effectively so that recyclable items stay out of landfills.,39,Looking Forward,attribute,,,,,,0.0,data/raw/amazon/2023_sustainability_report.pdf,amazon,2023,17,0.0,0.0,0.0,False,False,False,False,False,0.0,25.4,False,False,False,0
"As of 2023, 42 supplier sites of Amazon devices had achieved UL’s Zero Waste to Landfill certification at Silver or better, an increase from 10 supplier sites when we first launched the program in 2021.",39,Looking Forward,achievement,achievement,"2023,",,,,0.33,data/raw/amazon/2023_sustainability_report.pdf,amazon,2023,32,0.0312,0.0,0.0,True,False,False,False,False,0.075,34.2,False,False,False,0
"All final assembly sites worldwide and all China-based packaging sites for Echo, Kindle, Fire tablet, Fire TV devices, cables, and adapters have also secured Zero Waste to Landfill certification at Silver or better.",39,Looking Forward,attribute,,,,,,0.0,data/raw/amazon/2023_sustainability_report.pdf,amazon,2023,33,0.0303,0.0,0.0,False,False,False,False,False,0.0,14.4,False,False,False,0
"In 2023, we expanded our collaboration with the Ellen MacArthur Foundation to drive scalable, industry-wide solutions for a circular economy.",39,Partnering for Circularity,other,,"2023,",,,,0.5,data/raw/amazon/2023_sustainability_report.pdf,amazon,2023,19,0.0,0.0,0.0,True,False,False,False,False,0.2,5.0,False,False,False,0
Our collaboration strives to transform recycling into a system that emphasizes recycled material quality and supports end markets for recycled output.,39,Partnering for Circularity,attribute,,,,,,0.0,data/raw/amazon/2023_sustainability_report.pdf,amazon,2023,21,0.0,0.0,0.0,False,False,False,False,False,0.0,4.2,False,False,False,0
"In 2023, we co-led an industry effort to streamline and modernize waste shipment procedures, so that waste materials reach destinations with the best possible sustainability outcomes, including increased and more efficient recovery of critical raw materials.",39,Advocating for Waste Shipment Efficiency,achievement,achievement,"2023,",,,,0.33,data/raw/amazon/2023_sustainability_report.pdf,amazon,2023,35,0.0,0.0,0.0,True,False,False,False,False,0.2,-2.7,False,False,False,0
"The construction project to build our second headquarters in Arlington, Virginia, which opened in 2023, diverted 82% of all construction waste (over 17,000 tons) from landfills, including concrete, drywall, metals, wood, cardboard, and plastic.",39,Advocating for Waste Shipment Efficiency,other,,82%,,,,0.5,data/raw/amazon/2023_sustainability_report.pdf,amazon,2023,31,0.0,0.0,0.0,True,False,False,False,False,0.2,22.5,False,False,False,0
"The Climate Pledge Fund invested in Glacier, a company using AI to divert recyclable materials, such as aluminum soda cans and cardboard boxes, from landfills.",39,Advocating for Waste Shipment Efficiency,target,firm,,,,,0.0,data/raw/amazon/2023_sustainability_report.pdf,amazon,2023,25,0.0,0.0,0.0,False,False,False,False,False,0.0,32.6,False,False,False,0
Cubic meters of water loss avoided through a twoyear monitoring pilot at 53 sites in the UK in 2022 and 2023.,40,Actions 700K,achievement,achievement,53,,,,0.33,data/raw/amazon/2023_sustainability_report.pdf,amazon,2023,18,0.0,0.0,0.0,True,False,False,False,False,0.2,57.0,False,False,False,0
"In 2022, AWS announced its commitment to being water positive by 2030.",41,Water Positive in Data Centers,target,firm,"2022,",,2030,,0.5,data/raw/amazon/2023_sustainability_report.pdf,amazon,2023,10,0.0,0.0,0.22,True,False,True,False,False,0.4,52.9,False,False,False,1
Using recycled water for data center cooling preserves valuable drinking water for communities.,41,Water Positive in Data Centers,attribute,,,,,,0.0,data/raw/amazon/2023_sustainability_report.pdf,amazon,2023,13,0.0,0.0,0.0,False,False,False,False,False,0.0,11.4,False,False,False,0
"At the end of 2023, AWS was 41% of the way toward achieving its water positive goal.",41,Water Positive in Data Centers,achievement,achievement,41%,,,,0.33,data/raw/amazon/2023_sustainability_report.pdf,amazon,2023,15,0.0,0.0,0.0667,True,False,False,False,False,0.2,73.2,False,False,False,1
"At the end of 2023, AWS had 15 replenishment projects in 10 countries and 26 data centers using more sustainable water sources.",41,Water Positive in Data Centers,other,,"2023,",,,,0.5,data/raw/amazon/2023_sustainability_report.pdf,amazon,2023,18,0.0,0.0,0.0,True,False,False,False,False,0.2,47.6,False,False,False,0
"In 2023, AWS used its water footprint analysis to inform where and how it can use more sustainable water sources (including recycled water and harvested rainwater), improve WUE, expand water reuse, and grow water replenishment investments.",41,Water Positive in Data Centers,attribute,,"2023,",,,,0.5,data/raw/amazon/2023_sustainability_report.pdf,amazon,2023,35,0.0,0.0,0.0,True,False,False,False,False,0.2,16.6,False,False,False,0
"In 2023, AWS installed thousands of sensors in its data centers to track water use.",41,Water Positive in Data Centers > Water Use Effectiveness,achievement,achievement,"2023,",,,,0.33,data/raw/amazon/2023_sustainability_report.pdf,amazon,2023,14,0.0,0.0,0.0,True,False,False,False,False,0.2,65.7,False,False,False,0
"That is why it has set a goal to become water positive by 2030, meaning it will return more water to communities and the environment than its direct operations use.",41,Water Positive in Data Centers > Water Use Effectiveness,target,firm,"2030,",,2030,,0.5,data/raw/amazon/2023_sustainability_report.pdf,amazon,2023,29,0.0,0.0,0.1234,True,False,True,False,False,0.4,43.2,False,True,False,1
"In 2023, Amazon conducted an in-depth, site-level global water risk assessment of our retail, operations, and corporate buildings to determine which regions to prioritize for intervention.",41,Water Risk Assessment,other,,"2023,",,,,0.5,data/raw/amazon/2023_sustainability_report.pdf,amazon,2023,25,0.0,0.0,0.0,True,False,False,False,False,0.2,5.5,False,False,False,0
"In 2023, AWS’s water replenishment portfolio returned 3.5 billion liters to local communities.",42,Water Risk Assessment > Delivering Water Replenishment,other,,3.5 billion,,,,0.5,data/raw/amazon/2023_sustainability_report.pdf,amazon,2023,12,0.0,0.0,0.0,True,False,False,False,False,0.2,17.4,False,False,False,0
Catastrophic bushfires in late 2019 and early 2020 damaged large areas of this watershed.,42,Water Risk Assessment > Watershed Restoration in Australia,other,,2019,,,,0.5,data/raw/amazon/2023_sustainability_report.pdf,amazon,2023,12,0.0,0.0,0.0,True,False,False,False,False,0.2,32.5,False,False,False,0
"Together, AWS and GER have supported initiatives that are reducing polluted stormwater runoff, increasing groundwater recharge, enhancing local biodiversity, and supporting wildlife, including 15 endangered species in the affected area.",42,Water Risk Assessment > Watershed Restoration in Australia,other,firm,15,,,,0.5,data/raw/amazon/2023_sustainability_report.pdf,amazon,2023,29,0.0,0.0,0.0,True,False,False,False,False,0.2,-21.0,False,False,False,0
"Once complete, the project is expected to deliver an additional 32 million liters of water each year to the Sydney watershed.",42,Water Risk Assessment > Watershed Restoration in Australia,other,,32 million,,,,0.5,data/raw/amazon/2023_sustainability_report.pdf,amazon,2023,20,0.0,0.1,0.0,True,False,False,False,False,0.0,38.5,True,False,False,0
"It has experienced longterm drought since 2022, driven in part by water loss from aging infrastructure.",42,Water Risk Assessment > Tackling Water Leaks in Spain,other,,"2022,",,,,0.5,data/raw/amazon/2023_sustainability_report.pdf,amazon,2023,15,0.0,0.0,0.0,True,False,False,False,False,0.2,50.6,False,False,False,0
"In total, the sensors identified 21 leaks and other types of water loss.",42,Water Risk Assessment > Tackling Water Leaks in Spain,other,,21,,,,0.5,data/raw/amazon/2023_sustainability_report.pdf,amazon,2023,12,0.0,0.0,0.0,True,False,False,False,False,0.2,53.7,False,False,False,0
"By repairing the largest, highest-priority leaks first, the project is reducing water loss by an estimated 33 million liters per year.",42,Water Risk Assessment > Tackling Water Leaks in Spain,other,firm,33 million,,,,0.5,data/raw/amazon/2023_sustainability_report.pdf,amazon,2023,20,0.0,0.1,0.0,True,False,False,False,False,0.0,34.3,False,False,False,0
"Altogether, AWS’s investments in Water.org and WaterAid initiatives have benefited 290,000 people.",42,Water Risk Assessment > Supplying Water to Farmers in India and Indonesia,other,,"290,000",,,,0.5,data/raw/amazon/2023_sustainability_report.pdf,amazon,2023,13,0.0,0.0,0.0,True,False,False,False,False,0.2,18.0,False,False,False,0
"Once complete, the ponds are expected to deliver 86 million liters of water back to the community each year and help increase agricultural output.",42,Water Risk Assessment > Supplying Water to Farmers in India and Indonesia,other,,86 million,,,,0.5,data/raw/amazon/2023_sustainability_report.pdf,amazon,2023,23,0.0,0.087,0.0,True,False,False,False,False,0.0,36.4,True,False,False,0
"Recycled water typically has limited uses, including irrigation and industrial use.",42,Water Risk Assessment > Supplying Water to Farmers in India and Indonesia,attribute,,,,,,0.0,data/raw/amazon/2023_sustainability_report.pdf,amazon,2023,11,0.0,0.0,0.0,False,False,False,False,False,0.0,-12.0,False,False,False,0
"AWS uses recycled water for cooling, which helps preserve drinking water for local communities.",42,Water Risk Assessment > Supplying Water to Farmers in India and Indonesia,attribute,,,,,,0.0,data/raw/amazon/2023_sustainability_report.pdf,amazon,2023,14,0.0,0.0,0.0,False,False,False,False,False,0.0,35.5,False,False,False,0
"In 2023, AWS increased the number of data centers using recycled water for cooling from 20 to 24, including two data centers in Virginia, one in California, and one in Singapore.",42,Water Risk Assessment > Supplying Water to Farmers in India and Indonesia,achievement,achievement,"2023,",,,,0.33,data/raw/amazon/2023_sustainability_report.pdf,amazon,2023,28,0.0,0.0,0.0,True,False,False,False,False,0.2,30.4,False,False,False,0
"In 2023, we gathered robust data to analyze how much water our facilities use and created a baseline for our water footprint to track progress going forward.",43,Water Use and Replenishment across Amazon,other,,"2023,",,,,0.5,data/raw/amazon/2023_sustainability_report.pdf,amazon,2023,26,0.0385,0.0,0.0,True,False,False,False,False,0.046,40.5,False,False,False,1
"In 2023, Amazon scaled water replenishment, harvesting, and reuse solutions across our operations in countries around the world.",43,Water Use and Replenishment across Amazon,other,,"2023,",,,own operations,1.0,data/raw/amazon/2023_sustainability_report.pdf,amazon,2023,17,0.0,0.0588,0.0,True,False,False,True,False,0.165,20.4,False,False,False,0
"In 2023, Amazon teams recharged local aquifers with harvested rainwater, installed low-flow fixtures and waterless urinals, and built in-house sewage treatment plants to reuse wastewater for flushing and gardening.",43,Water Use and Replenishment across Amazon,achievement,achievement,"2023,",,,,0.33,data/raw/amazon/2023_sustainability_report.pdf,amazon,2023,28,0.0,0.0,0.0357,True,False,False,False,False,0.2,6.2,False,False,False,0
"To build on progress made in 2023, we will continue to analyze our water footprint and water risk assessment in both our direct operations and supply chain, as well as develop a comprehensive water management strategy tailored to unique geographic and business unit needs.",43,Looking Forward,other,firm,"2023,",,,supply chain,1.0,data/raw/amazon/2023_sustainability_report.pdf,amazon,2023,43,0.0,0.0,0.0233,True,False,False,True,False,0.4,9.7,False,True,False,1
"Our operations there additionally saved an estimated 3,700 cubic meters of water by installing aerators in faucets, shifting from conventional to sensor faucets, reducing toilet flush tank capacity, and recirculating water used in fire pump testing rather than draining it.",43,Looking Forward,other,,"3,700",,,own operations,1.0,data/raw/amazon/2023_sustainability_report.pdf,amazon,2023,39,0.0,0.0513,0.0,True,False,False,True,False,0.195,-4.1,False,False,False,0
"By harvesting rainwater, we estimate that this site will reduce its water withdrawal by up to 40%.",43,Looking Forward,other,firm,40%,,,,0.5,data/raw/amazon/2023_sustainability_report.pdf,amazon,2023,16,0.0,0.125,0.0625,True,False,False,False,False,0.0,53.1,False,True,False,0
"One pilot in the UK saved an estimated 700,000 cubic meters of leaked water over two years (2022 and 2023) at 53 monitored sites.",43,Looking Forward,other,,"700,000",,,,0.5,data/raw/amazon/2023_sustainability_report.pdf,amazon,2023,20,0.0,0.1,0.0,True,False,False,False,False,0.0,42.7,False,False,False,0
Our corporate offices increased water recycling and the use of low-flow fixtures in 2023.,43,Looking Forward > Corporate Offices,other,achievement,,,,,0.0,data/raw/amazon/2023_sustainability_report.pdf,amazon,2023,13,0.0,0.0,0.0,False,False,False,False,False,0.0,30.9,False,False,False,0
This work is part of our efforts to set new standards for design as we strive to reduce indoor water use by more than 30% globally versus a Leadership in Energy and Environmental Design (LEED) baseline.,43,Looking Forward > Corporate Offices,other,hedged,30%,,,global,1.0,data/raw/amazon/2023_sustainability_report.pdf,amazon,2023,35,0.0,0.0,0.0,True,False,False,True,False,0.4,38.4,False,False,False,1
"Our offices in India and China, for example, replaced existing water flow fixtures in bathrooms and utilities areas with low-flow fixtures, reducing water use by 16%, or more than 15.6 million gallons, compared to a 2022 baseline.",43,Looking Forward > Corporate Offices,other,,16%,2022,,,0.5,data/raw/amazon/2023_sustainability_report.pdf,amazon,2023,34,0.0,0.0,0.0,True,True,False,False,False,0.4,32.8,False,False,False,0
"In 2022, Amazon announced a partnership with Water.org to help launch the Water.org Water & Climate Fund, which focuses on climate-resilient water and sanitation solutions.",43,Looking Forward > Water.org Water & Climate Fund,other,,"2022,",,,,0.5,data/raw/amazon/2023_sustainability_report.pdf,amazon,2023,25,0.0,0.0,0.0,True,False,False,False,False,0.2,35.9,False,False,False,0
"Amazon’s $10 million contribution will directly empower 1 million people with access to clean water by 2025, providing 3 billion liters of water per year to areas facing water scarcity.",43,Looking Forward > Water.org Water & Climate Fund,target,firm,10 million,,2025,,0.5,data/raw/amazon/2023_sustainability_report.pdf,amazon,2023,27,0.0,0.0,0.057,True,False,True,False,False,0.4,22.8,False,True,False,1
"As part of Amazon’s Water.org Water & Climate Fund work, more than 400,000 people were connected to piped water supply and sanitation systems across India.",43,Looking Forward > Water.org Water & Climate Fund,achievement,achievement,"400,000",,,,0.33,data/raw/amazon/2023_sustainability_report.pdf,amazon,2023,25,0.0,0.0,0.0,True,False,False,False,False,0.2,55.4,True,False,False,0
"The volume of fresh water saved by operational efficiencies, replenished through groundwater recharge, and made accessible through our Water.org initiatives together accounted for 93% of the direct water footprint of our logistics sites in India in 2023.",43,Looking Forward > Water.org Water & Climate Fund,other,,93%,,,,0.5,data/raw/amazon/2023_sustainability_report.pdf,amazon,2023,36,0.0,0.0,0.0,True,False,False,False,False,0.2,24.1,False,False,False,0
"As another example, we introduced “The Five Principles of Responsible Purchasing” in 2023 to strengthen our sourcing and procurement teams’ understanding of how purchasing practices can drive respect for human rights in our supply chain.",46,Embedding Human Rights into Our Business,other,,2023,,,supply chain,1.0,data/raw/amazon/2023_sustainability_report.pdf,amazon,2023,34,0.0294,0.0,0.0,True,False,False,True,False,0.282,20.5,False,False,False,2
"Yarn Ethically and Sustainably Sourced, an initiative of the Responsible Sourcing Network, works to support fabric and spinning mills in implementing a risk-based due diligence approach for cotton sourcing, and promotes collaboration with the goal of preventing, mitigating, and remediating forced labor in cotton production.",48,"Mechanisms to Assess, Prioritize, and Address Risk > Identifying and Addressing Modern Slavery Indicators across Amazon",target,hedged,,,,,0.0,data/raw/amazon/2023_sustainability_report.pdf,amazon,2023,45,0.0222,0.0,0.0222,False,False,False,False,False,0.0,-9.9,False,False,False,1
"In 2024, Amazon will continue to scale our human rights and environmental due diligence programs using systems that enable our businesses to get even more granular about their human rights risks—identifying business-specific priority issues and better targeting risk management actions most relevant to their sectors and activities.",49,Looking Forward,other,firm,"2024,",,,,0.5,data/raw/amazon/2023_sustainability_report.pdf,amazon,2023,47,0.0426,0.0213,0.0426,True,False,False,False,False,0.0,-10.1,False,True,False,0
"Our Supply Chain Standards are the backbone of our efforts to enable a responsible supply chain.28 They apply to all suppliers of goods and services for Amazon, including service providers, vendors, selling partners, contractors, and subcontractors (collectively, “suppliers”).",51,Our Approach > • Access to effective grievance mechanisms,other,,,,,supply chain,0.5,data/raw/amazon/2023_sustainability_report.pdf,amazon,2023,38,0.0263,0.0,0.0,False,False,False,True,False,0.095,31.7,False,False,False,1
"In 2024, we will begin to expand our supplier list and supply chain map to include some apparel component suppliers.",51,Supply Chain Transparency,other,firm,"2024,",,,supply chain,1.0,data/raw/amazon/2023_sustainability_report.pdf,amazon,2023,19,0.0,0.0,0.0526,True,False,False,True,False,0.4,58.4,False,True,False,0
"In 2023, we utilized tools in Open Supply Hub’s map function to list facilities that produce Amazon-branded products, allowing users to clearly and easily view our supply chain and interact with facility data.",51,Supply Chain Transparency,other,,"2023,",,,supply chain,1.0,data/raw/amazon/2023_sustainability_report.pdf,amazon,2023,33,0.0,0.0,0.0,True,False,False,True,False,0.4,17.0,False,False,False,0
"In 2023, we began working with select suppliers to benchmark worker compensation against regionally specific fair wages, focusing on electronics manufacturing and packaging—two areas where there is a lack of industry-wide data on worker wages.",54,Our Progress > Fair Wages,other,,"2023,",,,,0.5,data/raw/amazon/2023_sustainability_report.pdf,amazon,2023,35,0.0,0.0,0.0,True,False,False,False,False,0.2,4.5,False,False,False,0
"In 2023, we hosted in-person and online training events on our Supply Chain Standards.",54,Supplier Training and Awareness,other,,"2023,",,,supply chain,1.0,data/raw/amazon/2023_sustainability_report.pdf,amazon,2023,13,0.0,0.0,0.0,True,False,False,True,False,0.4,57.0,False,False,False,0
"In 2023, in partnership with ISA, we created a risk matrix outlining human rights risks for our indirect spend areas including construction, waste management, and shipping.",54,Supplier Training and Awareness,other,,"2023,",,,,0.5,data/raw/amazon/2023_sustainability_report.pdf,amazon,2023,25,0.0,0.0,0.0,True,False,False,False,False,0.2,32.6,False,False,False,0
"In 2023, Amazon found violations of our Supply Chain Standards at a third-party licensed temporary labor agency (“third-party vendor”) in Saudi Arabia through an independent audit.",56,Partnering to Drive Workplace Health and Safety > Responding to Violations of Our Supply Chain Standards in Saudi Arabia,other,,"2023,",,,supply chain,1.0,data/raw/amazon/2023_sustainability_report.pdf,amazon,2023,25,0.0,0.0,0.0,True,False,False,True,True,0.6,8.9,False,False,False,0
"For example, since 2020, we have worked with the Institute of Public & Environmental Affairs, a nonprofit environmental research organization in China that focuses on promoting environmental information disclosure and improving environmental governance.",56,Partnering to Drive Workplace Health and Safety > Environmental Protection,other,,"2020,",,,,0.5,data/raw/amazon/2023_sustainability_report.pdf,amazon,2023,31,0.0,0.0,0.0,True,False,False,False,False,0.2,-26.6,False,False,False,0
"In 2023, we expanded our grievance mechanisms program to include additional supplier segments across our supply chain.",57,Looking Forward,other,,"2023,",,,supply chain,1.0,data/raw/amazon/2023_sustainability_report.pdf,amazon,2023,16,0.0,0.0,0.0,True,False,False,True,True,0.6,32.0,False,False,False,0
"In 2023, 67% of Amazon’s Private Brands Tier 1 apparel suppliers completed the Higg FEM, helping them better understand their environmental performance and practices.",57,Looking Forward,achievement,achievement,67%,,,supply chain (tier 1),0.67,data/raw/amazon/2023_sustainability_report.pdf,amazon,2023,22,0.0455,0.0,0.0,True,False,False,True,False,0.218,23.0,False,False,False,0
"At the same time, we’re working closely with our selling partners to help them offer more products that qualify for at least one of the 55 certifications in our Climate Pledge Friendly program.",58,Looking Forward > Access to Effective Grievance Mechanisms,target,firm,55,,,,0.25,data/raw/amazon/2023_sustainability_report.pdf,amazon,2023,33,0.0,0.0,0.0,True,False,False,False,False,0.2,47.7,False,False,False,0
"Our device design teams incorporate recycled materials into our devices whenever possible, with a focus on carbon reduction and responsibly sourced materials.",58,Looking Forward > Access to Effective Grievance Mechanisms,attribute,,,,,,0.0,data/raw/amazon/2023_sustainability_report.pdf,amazon,2023,22,0.0,0.0,0.0,False,False,False,False,False,0.0,3.8,False,False,False,0
"All cotton for Amazon private brands apparel is sourced from recycled materials, from farms certified as producing organic cotton, or through the Better Cotton Initiative.",59,Nearly 37.6M,attribute,,,,,,0.0,data/raw/amazon/2023_sustainability_report.pdf,amazon,2023,25,0.04,0.0,0.0,False,False,False,False,False,0.0,19.0,True,False,False,0
"We are improving the materials and sourcing standards for our products, as well as building on our responsible sourcing roadmap developed in 2022 to improve visibility across our supply chains.",59,Our Approach,other,,2022,,,supply chain,1.0,data/raw/amazon/2023_sustainability_report.pdf,amazon,2023,29,0.0345,0.0,0.0,True,False,False,True,False,0.262,28.6,False,False,False,1
"We also incorporate recycled materials into many new products and product packaging, particularly in Amazon devices, where feasible.",59,Our Approach,attribute,,,,,,0.0,data/raw/amazon/2023_sustainability_report.pdf,amazon,2023,18,0.0556,0.0556,0.0,False,False,False,False,False,0.0,-4.1,False,False,False,0
Palm Oil Source palm oil and derivatives in Amazon private brands food and consumable products and palm oil in 365 by Whole Foods Market food products from sources certified to the Roundtable on Sustainable Palm Oil supply chain standard.,60,Materials and Agricultural Commodities Sourcing > No Deforestation,other,,365,,,supply chain,1.0,data/raw/amazon/2023_sustainability_report.pdf,amazon,2023,38,0.0,0.0,0.0,True,False,False,True,False,0.4,39.1,False,False,False,0
"Source private brands paper products that are either recycled or certified to Forest Stewardship Council (FSC), Sustainable Forestry Initiative (SFI), or Programme for the Endorsement of Forest Certification (PEFC) standards.",60,Materials and Agricultural Commodities Sourcing > Paper Products and Paper PackagingA,attribute,,,,,,0.0,data/raw/amazon/2023_sustainability_report.pdf,amazon,2023,30,0.0,0.0,0.0,False,False,False,False,False,0.0,10.0,False,False,False,0
We strive to use sustainably sourced fiber in our grocery and consumable private brands paper-based primary packaging.,60,Materials and Agricultural Commodities Sourcing > Paper Products and Paper PackagingA,attribute,hedged,,,,,0.0,data/raw/amazon/2023_sustainability_report.pdf,amazon,2023,17,0.0,0.0,0.0,False,False,False,False,False,0.0,20.4,False,False,False,0
"By 2025, source private brands beef from regions of low deforestation risk or with full supply chain traceability, demonstrating the products did not contribute to deforestation.",60,Materials and Agricultural Commodities Sourcing > Paper Products and Paper PackagingA,target,hedged,"2025,",,2025,supply chain,0.75,data/raw/amazon/2023_sustainability_report.pdf,amazon,2023,25,0.0,0.0,0.02,True,False,True,True,False,0.6,25.8,False,False,False,0
SoyC Conduct a risk assessment of the soy in Amazon and Whole Foods Market private brands supply chains with a third-party consultancy and share more information by the end of 2023.,60,Materials and Agricultural Commodities Sourcing > Paper Products and Paper PackagingA,target,,,,2023,supply chain,0.5,data/raw/amazon/2023_sustainability_report.pdf,amazon,2023,30,0.0,0.0,0.0,False,False,True,True,True,0.6,46.7,False,False,False,0
"In an effort to achieve this target, Amazon (including Whole Foods Market) became a member of the Roundtable on Sustainable Palm Oil in February 2024.",60,Materials and Agricultural Commodities Sourcing > Sustainable Seafood and Animal Welfare Goals and Ambitions,other,,,,,,0.0,data/raw/amazon/2023_sustainability_report.pdf,amazon,2023,24,0.0,0.0,0.0417,False,False,False,False,False,0.0,45.0,False,False,False,0
"Within Europe, Amazon’s goal is that the soy in private brands supply chains will be deforestation-free by the end of 2025, with a cut-off date of 2020.",60,Materials and Agricultural Commodities Sourcing > Sustainable Seafood and Animal Welfare Goals and Ambitions,target,firm,"2025,",,2025,supply chain,0.75,data/raw/amazon/2023_sustainability_report.pdf,amazon,2023,26,0.0,0.0,0.0769,True,False,True,True,False,0.6,60.1,False,True,False,0
We are working with our private brands suppliers to increase the amount of fiber from responsibly managed forests and/or recycled materials in our paper-based primary packaging.,60,Materials and Agricultural Commodities Sourcing > Sustainable Seafood and Animal Welfare Goals and Ambitions,attribute,,,,,,0.0,data/raw/amazon/2023_sustainability_report.pdf,amazon,2023,27,0.0,0.0,0.0,False,False,False,False,False,0.0,22.8,False,False,False,0
A cut-off date of 2020 means that the soy has not been sourced from land that has been subject to deforestation since the end of 2020.,60,Materials and Agricultural Commodities Sourcing,achievement,achievement,2020,,,,0.33,data/raw/amazon/2023_sustainability_report.pdf,amazon,2023,24,0.0,0.0417,0.0,True,False,False,False,False,0.033,73.2,True,False,False,0
Whole Foods Market sells only wild-caught seafood from fisheries that are certified sustainable by the Marine Stewardship Council (MSC) or rated Green or Yellow by the Monterey Bay Aquarium Seafood Watch program.,60,Materials and Agricultural Commodities Sourcing,attribute,,,,,,0.0,data/raw/amazon/2023_sustainability_report.pdf,amazon,2023,32,0.0,0.0,0.0,False,False,False,False,False,0.0,31.6,True,False,False,0
Canned tuna in grocery and in Whole Foods Market’s own kitchens is traceable to the boats and must be sourced from fisheries that are using one-by-one catch methods and certified sustainable by the MSC or rated Green or Yellow by the Monterey Bay Aquarium Seafood Watch program.,60,Materials and Agricultural Commodities Sourcing,attribute,firm,,,,,0.0,data/raw/amazon/2023_sustainability_report.pdf,amazon,2023,48,0.0,0.0,0.0,False,False,False,False,False,0.0,25.9,True,True,False,0
"We set bold, long-term aspirations, such as The Climate Pledge—our goal to reach net-zero carbon emissions across our global operations by 2040—and create strategic, actionable plans to achieve them.",3,About Amazon,target,firm,2040,,2040,,0.5,data/raw/amazon/2024_sustainability_report.pdf,amazon,2024,30,0.0,0.0,0.12,True,False,True,False,False,0.4,35.4,False,False,False,1
"In 2024, we demonstrated this repeatedly across our business, with sustainability innovations directly enhancing customer experiences.",4,A Letter from Our Chief Sustainability Officer,other,,"2024,",,,,0.5,data/raw/amazon/2024_sustainability_report.pdf,amazon,2024,15,0.0,0.0,0.0,True,False,False,False,False,0.2,-39.6,False,False,False,0
"In 2024, we unveiled breakthrough data center innovations in power systems, cooling technology, and hardware architecture that will simultaneously support next-generation AI capabilities while improving energy efficiency—proving that technological progress and sustainability can advance in tandem.",4,A Letter from Our Chief Sustainability Officer,other,firm,"2024,",,,,0.5,data/raw/amazon/2024_sustainability_report.pdf,amazon,2024,36,0.0,0.0,0.0278,True,False,False,False,False,0.2,-34.2,False,True,False,2
"We’re also diversifying and expanding our carbon-free energy portfolio, which includes our first investments in nuclear energy, alongside maintaining our position as the world’s largest corporate purchaser of renewable energy for the fifth consecutive year.",4,A Letter from Our Chief Sustainability Officer,attribute,,,,,,0.0,data/raw/amazon/2024_sustainability_report.pdf,amazon,2024,37,0.0,0.0,0.0,False,False,False,False,False,0.0,2.4,False,False,False,0
Through these complementary approaches—optimizing efficiency while scaling carbon-free energy—we’re creating a more sustainable foundation that AI needs to fulfill its world-changing potential.,4,A Letter from Our Chief Sustainability Officer,attribute,,,,,,0.0,data/raw/amazon/2024_sustainability_report.pdf,amazon,2024,25,0.0,0.0,0.0,False,False,False,False,False,0.0,8.9,False,False,False,0
"Across our global operations, we eliminated all plastic air pillows and replaced them with recyclable paper filler.",4,A Letter from Our Chief Sustainability Officer,attribute,achievement,,,,,0.0,data/raw/amazon/2024_sustainability_report.pdf,amazon,2024,17,0.0,0.0,0.0,False,False,False,False,False,0.0,20.4,False,False,False,0
We also reduced our total plastic packaging by 16.4%.,4,A Letter from Our Chief Sustainability Officer,achievement,achievement,16.4%,,,,0.33,data/raw/amazon/2024_sustainability_report.pdf,amazon,2024,8,0.0,0.0,0.0,True,False,False,False,False,0.2,44.2,False,False,False,0
"As of today, over 550 companies have committed to The Climate Pledge and are choosing to come together to drive joint action and fast-track decarbonization solutions.",4,A Letter from Our Chief Sustainability Officer,target,firm,550,,,,0.25,data/raw/amazon/2024_sustainability_report.pdf,amazon,2024,25,0.0,0.0,0.04,True,False,False,False,False,0.2,32.6,False,False,False,1
"Amazon’s more than 1.5 million fulland part-time employees are key to our success, from enabling global fulfillment to delivering on sustainability initiatives.",5,Our Business > Our Workforce,other,,1.5 million,,,,0.5,data/raw/amazon/2024_sustainability_report.pdf,amazon,2024,22,0.0,0.0,0.0,True,False,False,False,False,0.2,18.8,False,False,False,1
"Through The Climate Pledge , which we co-founded and committed to in 2019, our goal is to reach net-zero carbon emissions across our global operations by 2040, while inspiring and inviting others to take action.",8,Our Approach,target,firm,"2019,",,2040,,0.5,data/raw/amazon/2024_sustainability_report.pdf,amazon,2024,32,0.0,0.0,0.1138,True,False,True,False,False,0.4,34.2,False,False,False,1
We measure both absolute emissions and carbon intensity to provide a complete picture of our progress toward our 2040 goal.,9,Amazon’s Carbon Footprint (MMT CO₂e*),other,,2040,,,,0.5,data/raw/amazon/2024_sustainability_report.pdf,amazon,2024,19,0.0,0.0,0.0526,True,False,False,False,False,0.2,40.6,False,False,False,1
"After two years of decreasing absolute carbon emissions, we saw a 6% increase in 2024.7 This is where carbon intensity helps us examine whether we’re employing the right solutions in the near term, and decoupling emissions from business growth.8 In 2024, we achieved a 4% reduction in carbon intensity compared to 2023, with 11% business growth during the same period.",9,Amazon’s Carbon Footprint (MMT CO₂e*),achievement,achievement,6%,2023,,,0.67,data/raw/amazon/2024_sustainability_report.pdf,amazon,2024,55,0.0,0.0,0.0,True,True,False,False,False,0.4,43.6,False,False,False,0
"By the end of 2024, we had reduced the carbon emissions per shipped unit by roughly one-third since 2019.",9,Direct Emissions,target,achievement,"2024,",,2024,,0.5,data/raw/amazon/2024_sustainability_report.pdf,amazon,2024,17,0.0,0.0588,0.0,True,False,True,False,False,0.165,55.2,False,False,False,0
"In 2024, Prime members in the U.S. saved an estimated 452 million delivery trips, which helped avoid the use of more than 494 million boxes and the generation of 335,000 metric tons of CO2e.",9,Direct Emissions > • Offering customers shipping options that improve,other,,452 million,,,,0.5,data/raw/amazon/2024_sustainability_report.pdf,amazon,2024,32,0.0,0.0625,0.0,True,False,False,False,False,0.0,66.5,False,False,False,0
"In early 2025, we also announced our largest order of zero-tailpipe-emission heavy goods vehicles, with more than 200 new Mercedes-Benz Trucks eActros 600 vehicles set to join our transportation network in Europe.",9,Direct Emissions > • Expanding our electric delivery fleet by delivering 1.5,other,,"2025,",,,,0.5,data/raw/amazon/2024_sustainability_report.pdf,amazon,2024,29,0.0,0.0,0.0,True,False,False,False,False,0.2,14.0,False,False,False,0
3.7 million gallons of blended sustainable aviation fuel (SAF).,9,"Direct Emissions > • Scaling lower-carbon fuels. In 2024, Amazon procured",attribute,,3.7 million,,,,0.5,data/raw/amazon/2024_sustainability_report.pdf,amazon,2024,8,0.0,0.0,0.0,True,False,False,False,False,0.2,44.2,False,False,False,0
Scope 2 and 3 carbon emissions are calculated using a market-based method.,9,"Direct Emissions > • Scaling lower-carbon fuels. In 2024, Amazon procured",other,,2,,,Scope 2,1.0,data/raw/amazon/2024_sustainability_report.pdf,amazon,2024,10,0.0,0.0,0.0,True,False,False,True,False,0.4,19.0,True,False,False,0
"Our direct emissions increased 6% compared to 2023, as our business continued to grow and we navigated global supply constraints for EVs and low-carbon fuels.",10,"Direct Emissions > • Scaling lower-carbon fuels. In 2024, Amazon procured",achievement,achievement,6%,2023,,,0.67,data/raw/amazon/2024_sustainability_report.pdf,amazon,2024,23,0.0435,0.0,0.0,True,True,False,False,False,0.226,29.0,False,False,False,0
Two of the most effective ways we manage indirect emissions from purchased electricity are by transitioning to carbon-free energy sources and by improving energy efficiency.,10,Direct Emissions > Indirect Emissions from Purchased Electricity,attribute,,,,,,0.0,data/raw/amazon/2024_sustainability_report.pdf,amazon,2024,25,0.0,0.0,0.0,False,False,False,False,False,0.0,5.5,False,False,False,0
"Nuclear power is a key component of our carbon-free energy strategy, in addition to using renewable energy sources such as wind and solar.",10,Direct Emissions > Indirect Emissions from Purchased Electricity,attribute,,,,,,0.0,data/raw/amazon/2024_sustainability_report.pdf,amazon,2024,23,0.0,0.0,0.0,False,False,False,False,False,0.0,32.7,False,False,False,0
"In 2024, we signed agreements to support nuclear energy projects, including the development of Small Modular Reactors (SMRs).",10,Direct Emissions > Indirect Emissions from Purchased Electricity,other,hedged,"2024,",,,,0.5,data/raw/amazon/2024_sustainability_report.pdf,amazon,2024,17,0.0,0.0,0.0,True,False,False,False,False,0.2,25.4,False,False,False,0
"Additionally, as of January 2025, we had invested in 621 renewable energy projects—including 124 new projects in 2024 alone— representing 34 GW of carbon-free energy capacity.",10,Direct Emissions > Indirect Emissions from Purchased Electricity,attribute,,"2025,",,,,0.5,data/raw/amazon/2024_sustainability_report.pdf,amazon,2024,22,0.0,0.0,0.0,True,False,False,False,False,0.2,-0.1,False,False,False,0
"This increased energy demand is from AI chips, which are vital for machine learning models, but require more electricity and cooling than traditional chips given the higher speeds at which they complete mathematical calculations.11 We are laser-focused on improving energy efficiency, which we measure through Power Usage Effectiveness (PUE).",10,Direct Emissions > Indirect Emissions from Purchased Electricity,other,achievement,,,,,0.0,data/raw/amazon/2024_sustainability_report.pdf,amazon,2024,49,0.0,0.0,0.0,False,False,False,False,False,0.0,17.9,False,False,False,0
"In 2024, AWS reported a global PUE of 1.15—better than both the public cloud industry average of 1.25 and 1.63 for on-premises enterprise data centers, as estimated by the International Data Corporation.12 A lower PUE value indicates greater efficiency (with the theoretical minimum PUE being 1.0), and indicates that using AWS to power AI innovation is a lower-emission option than most.",10,Direct Emissions > Indirect Emissions from Purchased Electricity,other,,"2024,",,,,0.5,data/raw/amazon/2024_sustainability_report.pdf,amazon,2024,57,0.0175,0.0351,0.0,True,False,False,False,False,0.0,32.4,False,False,False,0
"For example, new AWS data center components introduced in 2024 deliver 12% more computing power and reduce peak cooling energy consumption by 46% compared to previous designs, all without increasing water usage.",10,Direct Emissions > Indirect Emissions from Purchased Electricity,other,,12%,,,,0.5,data/raw/amazon/2024_sustainability_report.pdf,amazon,2024,29,0.0,0.0,0.0,True,False,False,False,False,0.2,11.1,False,False,False,0
"For the past two years, 100% of the electricity consumed by Amazon was matched with renewable energy sources.",10,Direct Emissions > Indirect Emissions from Purchased Electricity,achievement,achievement,100%,,,,0.33,data/raw/amazon/2024_sustainability_report.pdf,amazon,2024,17,0.0,0.0,0.0,True,False,False,False,False,0.2,35.3,True,False,False,0
"We saw a 1% increase in our indirect emissions from purchased electricity in 2024, in part due to the higher electricity usage required to support advanced technologies.",10,Direct Emissions > Indirect Emissions from Purchased Electricity,other,hedged,1%,,,,0.5,data/raw/amazon/2024_sustainability_report.pdf,amazon,2024,25,0.0,0.0,0.0,True,False,False,False,False,0.2,12.3,False,False,False,1
This underscores why it’s important to scale carbon-free energy sources to continue to deliver the advanced technologies our customers need.,10,Direct Emissions > Indirect Emissions from Purchased Electricity,attribute,,,,,,0.0,data/raw/amazon/2024_sustainability_report.pdf,amazon,2024,21,0.0,0.0,0.0,False,False,False,False,False,0.0,20.3,False,False,False,1
"To enable that, we are open-sourcing information and making playbooks available through the Sustainability Exchange , a free, publicly available website offering previously proprietary information to help other companies seeking to make meaningful progress toward net-zero carbon emissions.",10,Direct Emissions > Indirect Emissions from Other Sources,attribute,,,,,,0.0,data/raw/amazon/2024_sustainability_report.pdf,amazon,2024,37,0.027,0.027,0.0,False,False,False,False,False,0.0,-18.2,True,False,False,1
"Indirect emissions from other sources, which made up 74% of our total carbon footprint in 2024, increased 6% from 2023, primarily from data center construction and fuel consumption by third-party delivery service providers.",10,Direct Emissions > Indirect Emissions from Other Sources,achievement,achievement,74%,2024,,,0.67,data/raw/amazon/2024_sustainability_report.pdf,amazon,2024,29,0.0,0.0,0.0,True,True,False,False,True,0.6,11.1,False,False,False,0
"Our partnerships with organizations such as the Clean Energy Buyers Association (CEBA), RMI’s Sustainable Steel Buyers Platform, the Smart Freight Centre, and The Center for Green Market Activation support innovation and decarbonization across multiple industries.",10,Direct Emissions > Engaging Others on the Path to Net-Zero Carbon by 2040,attribute,hedged,,,,,0.0,data/raw/amazon/2024_sustainability_report.pdf,amazon,2024,36,0.0,0.0,0.0,False,False,False,False,False,0.0,8.1,False,False,False,0
"This work extends through The Climate Pledge, which had reached 549 signatories by the end of 2024 and is working on 11 joint action projects to address critical climate challenges.",10,Direct Emissions > Engaging Others on the Path to Net-Zero Carbon by 2040,target,firm,549,,2024,,0.5,data/raw/amazon/2024_sustainability_report.pdf,amazon,2024,27,0.0,0.0,0.0,True,False,True,False,False,0.4,47.8,False,False,False,0
"The Climate Pledge Fund, which marked its fifth year of investing in 2024, enables us to invest in companies operating in hard-to-abate sectors.",10,Direct Emissions > Engaging Others on the Path to Net-Zero Carbon by 2040,target,firm,"2024,",,,,0.25,data/raw/amazon/2024_sustainability_report.pdf,amazon,2024,22,0.0,0.0,0.0,True,False,False,False,False,0.2,38.4,False,False,False,0
"In 2024, the fund made 12 new and follow-on investments across transportation, energy, buildings, and carbon removal sectors.",10,Direct Emissions > Engaging Others on the Path to Net-Zero Carbon by 2040,other,,"2024,",,,,0.5,data/raw/amazon/2024_sustainability_report.pdf,amazon,2024,16,0.0,0.0,0.0,True,False,False,False,False,0.2,26.7,False,False,False,0
We aim to deliver the best for our customers and communities while progressing toward our goal of net-zero carbon emissions across our operations by 2040.,10,Direct Emissions > Engaging Others on the Path to Net-Zero Carbon by 2040,target,hedged,,,2040,own operations,0.5,data/raw/amazon/2024_sustainability_report.pdf,amazon,2024,24,0.0,0.0,0.145,False,False,True,True,False,0.4,30.9,False,False,False,1
"In 2024, we offered our customers shipping options that promote routing efficiency, further reducing the miles traveled and the average carbon emissions associated with delivery.",11,Embedding Decarbonization Efforts Across Our Business > Driving Efficiency Across Our Global Operations,other,,"2024,",,,,0.5,data/raw/amazon/2024_sustainability_report.pdf,amazon,2024,24,0.0,0.0,0.0,True,False,False,False,False,0.2,-0.8,False,False,False,0
"In 2024, Prime members in the U.S. saved an estimated 452 million deliveries due to consolidating their Prime deliveries, which helped avoid the use of more than 494 million boxes and 335,000 metric tons of carbon dioxide equivalent (MTCO₂e).",11,Embedding Decarbonization Efforts Across Our Business > Driving Efficiency Across Our Global Operations,other,,452 million,,,,0.5,data/raw/amazon/2024_sustainability_report.pdf,amazon,2024,37,0.0,0.0541,0.0,True,False,False,False,False,0.0,50.3,False,False,False,0
"More than 5 million products are expected to travel on the UK’s electric rail network in 2025, avoiding traffic congestion and reducing carbon emissions, with plans to expand across further electric rail routes before the end of 2025.",11,Embedding Decarbonization Efforts Across Our Business > Driving Efficiency Across Our Global Operations,target,,5 million,,2025,,0.5,data/raw/amazon/2024_sustainability_report.pdf,amazon,2024,36,0.0,0.0556,0.0278,True,False,True,False,False,0.178,26.9,True,False,False,0
"In 2024, we conducted 200 energy audits of our existing buildings to inform future upgrade programs and to help optimize operational performance.",11,Embedding Decarbonization Efforts Across Our Business > Driving Efficiency Across Our Global Operations,other,,"2024,",,,,0.5,data/raw/amazon/2024_sustainability_report.pdf,amazon,2024,20,0.0,0.0,0.05,True,False,False,False,False,0.2,17.3,False,False,False,0
These system optimizations helped reduce energy consumption by 92 million kilowatt hours and helped avoid 24 million metric tons of CO₂e compared to 2023.,11,Embedding Decarbonization Efforts Across Our Business > Driving Efficiency Across Our Global Operations,other,,92 million,2023,,,0.5,data/raw/amazon/2024_sustainability_report.pdf,amazon,2024,22,0.0,0.0,0.0,True,True,False,False,False,0.4,23.0,False,False,False,0
"Research estimates AWS infrastructure is up to 4.1 times more efficient than on-premises computing, and when workloads are optimized on AWS, the associated carbon footprint can be reduced by up to 99%.",11,Embedding Decarbonization Efforts Across Our Business > Driving Efficiency Across Our Global Operations,achievement,achievement,99%,,,,0.33,data/raw/amazon/2024_sustainability_report.pdf,amazon,2024,30,0.0,0.1,0.0,True,False,False,False,False,0.0,33.7,True,False,False,0
These components reduce mechanical energy consumption by up to 46% during peak cooling—without increasing water usage.,11,Embedding Decarbonization Efforts Across Our Business > Driving Efficiency Across Our Global Operations,other,,46%,,,,0.5,data/raw/amazon/2024_sustainability_report.pdf,amazon,2024,16,0.0,0.0625,0.0,True,False,False,False,False,0.0,16.1,False,False,False,0
"For example, Graviton-based instances use up to 60% less energy than comparable instances for the same performance.",11,Embedding Decarbonization Efforts Across Our Business > Driving Efficiency Across Our Global Operations,other,,60%,,,,0.5,data/raw/amazon/2024_sustainability_report.pdf,amazon,2024,16,0.0,0.0625,0.0,True,False,False,False,False,0.0,26.7,False,False,False,0
"At the end of 2024, over 70,000 customers had adopted Graviton chips, achieving an estimated reduction of 12,000 MTCO₂e due to increased energy efficiency.",11,Embedding Decarbonization Efforts Across Our Business > Driving Efficiency Across Our Global Operations,achievement,achievement,"2024,",,,,0.33,data/raw/amazon/2024_sustainability_report.pdf,amazon,2024,22,0.0,0.0909,0.0,True,False,False,False,False,0.0,19.2,False,False,False,0
"Other efficiency savings include Inferentia2-based instances, which offer up to 50% better performance/watt over comparable Amazon Elastic Compute Cloud (EC2) instances, and AWS Trainium3 chips are designed to be up to 40% more energy efficient than AWS Trainium2 chips.",11,Embedding Decarbonization Efforts Across Our Business > Driving Efficiency Across Our Global Operations,other,,50%,,,,0.5,data/raw/amazon/2024_sustainability_report.pdf,amazon,2024,39,0.0256,0.0513,0.0,True,False,False,False,False,0.0,8.9,True,False,False,0
"When we develop Amazon devices, we aim for each generation to be more carbon-efficient than the last by integrating efficiency features directly into product design and incorporating recycled materials into our products where feasible.",12,Embedding Decarbonization Efforts Across Our Business > Sourcing Better Materials and Designing More Efficient Products,attribute,hedged,,,,,0.0,data/raw/amazon/2024_sustainability_report.pdf,amazon,2024,34,0.0,0.0294,0.0294,False,False,False,False,False,0.0,-4.3,False,False,False,0
"Movers Coalition and co-founder of ZEMBA in 2023, we seek to expand the use of lower-emission fuels and technologies for ocean transportation.",12,Embedding Decarbonization Efforts Across Our Business > • Lower-carbon marine fuels: As a member of the First,other,hedged,"2023,",,,,0.5,data/raw/amazon/2024_sustainability_report.pdf,amazon,2024,21,0.0,0.0476,0.0,True,False,False,False,False,0.01,28.4,False,False,False,0
"We support the First Movers Coalition goal of using maritime ships with zero-emission fuels for at least 10% of cargo shipped internationally by 2030, and ZEMBA’s goal that freight buyers can purchase third-party verified zero-emission shipping for 100% of ocean cargo by 2040.",12,Embedding Decarbonization Efforts Across Our Business > • Lower-carbon marine fuels: As a member of the First,target,hedged,10%,,2030,,0.5,data/raw/amazon/2024_sustainability_report.pdf,amazon,2024,40,0.0,0.0,0.12,True,False,True,False,True,0.6,16.1,False,False,False,0
"In 2024, we purchased lower-emission biofuel services representing the maritime transportation of more than 10% of our ocean cargo.",12,Embedding Decarbonization Efforts Across Our Business > • Lower-carbon marine fuels: As a member of the First,other,,10%,,,,0.5,data/raw/amazon/2024_sustainability_report.pdf,amazon,2024,17,0.0,0.0,0.0,True,False,False,False,False,0.2,10.4,False,False,False,0
"In addition, Amazon worked with dozens of companies to support ZEMBA’s first tender for ocean shipping by committing to purchase Environmental Attribute Certificates (EACs) associated with over 1 billion 20-foot shipping container-miles.",12,Embedding Decarbonization Efforts Across Our Business > • Lower-carbon marine fuels: As a member of the First,other,hedged,1 billion,,,,0.5,data/raw/amazon/2024_sustainability_report.pdf,amazon,2024,32,0.0,0.0,0.0312,True,False,False,False,False,0.2,-5.4,False,False,False,0
"By helping to advance innovative, scalable solutions, we aim to reduce embodied carbon emissions, which are part of our Scope 3 footprint.",13,Embedding Decarbonization Efforts Across Our Business > • Renewable Natural Gas (RNG): In our transportation,other,hedged,3,,,Scope 3,1.0,data/raw/amazon/2024_sustainability_report.pdf,amazon,2024,21,0.0,0.0,0.0476,True,False,False,True,False,0.4,40.5,False,False,False,2
"In 2024, 49 building projects across Amazon, including data centers, grocery stores, fulfillment centers, and corporate offices, were constructed with lower-carbon building materials and finishes.",13,Embedding Decarbonization Efforts Across Our Business > • Renewable Natural Gas (RNG): In our transportation,achievement,achievement,"2024,",,,,0.33,data/raw/amazon/2024_sustainability_report.pdf,amazon,2024,23,0.0,0.0,0.0,True,False,False,False,False,0.2,-7.8,True,False,False,0
"AWS constructed 36 data centers with lower-carbon steel in 2024, in addition to 31 in 2023.",13,"Embedding Decarbonization Efforts Across Our Business > • Lower-carbon steel: In 2024, Amazon joined the",other,,36,2024,,,0.5,data/raw/amazon/2024_sustainability_report.pdf,amazon,2024,12,0.0,0.0,0.0,True,True,False,False,False,0.4,46.6,False,False,False,0
"In January 2024, AWS updated its design standards to require the use of concrete with 35% less embodied carbon than the industry average in new data centers around the world.",13,Embedding Decarbonization Efforts Across Our Business > • Lower-carbon concrete: We piloted lower-carbon,other,,35%,,,,0.5,data/raw/amazon/2024_sustainability_report.pdf,amazon,2024,28,0.0,0.0357,0.0,True,False,False,False,False,0.057,39.4,False,False,False,0
"In 2024, 38 data centers were constructed with lower-carbon concrete, in addition to 36 data centers in 2023.",13,Embedding Decarbonization Efforts Across Our Business > • Lower-carbon concrete: We piloted lower-carbon,achievement,achievement,"2024,",,,,0.33,data/raw/amazon/2024_sustainability_report.pdf,amazon,2024,14,0.0,0.0,0.0,True,False,False,False,False,0.2,35.5,True,False,False,0
"In 2024, Amazon collaborated with the UK Chartered Institution of Building Services Engineers (CIBSE) and Introba to publish Technical Memorandum 65.3 (TM65.3) outlining embodied carbon baselining guidance for the design, construction, operation, and/or maintenance of logistics centers in Europe.",13,"Embedding Decarbonization Efforts Across Our Business > • Mass timber: In 2024, we developed Mass Timber",other,,"2024,",,,,0.5,data/raw/amazon/2024_sustainability_report.pdf,amazon,2024,38,0.0,0.0,0.0,True,False,False,False,False,0.2,9.2,False,False,False,0
We strive to use lower-carbon options for heating and cooling of buildings to reduce our Scope 1 and 2 emissions.,13,"Embedding Decarbonization Efforts Across Our Business > • Mass timber: In 2024, we developed Mass Timber",other,hedged,1,,,Scope 1,1.0,data/raw/amazon/2024_sustainability_report.pdf,amazon,2024,18,0.0,0.0,0.0,True,False,False,True,False,0.4,57.0,False,False,False,0
"In 2024, we took part in the U.S. Department of Energy’s Better Buildings Commercial Building Heat Pump Accelerator, which aims to drive the development and adoption of the next generation of heat pump packaged RTUs by 2027.",13,"Embedding Decarbonization Efforts Across Our Business > • Mass timber: In 2024, we developed Mass Timber",target,hedged,"2024,",,2027,,0.5,data/raw/amazon/2024_sustainability_report.pdf,amazon,2024,37,0.027,0.0,0.047,True,False,True,False,False,0.292,57.1,False,False,False,0
"As the energy needs of our business and customers continue to grow, we are continuing to invest in renewables and new sources of carbon-free energy that can both help power our operations and bring new sources of energy to the grid.",13,Embedding Decarbonization Efforts Across Our Business > Transitioning to Carbon-Free Energy,attribute,,,,,own operations,0.5,data/raw/amazon/2024_sustainability_report.pdf,amazon,2024,41,0.0,0.0,0.0,False,False,False,True,True,0.4,29.0,False,False,False,0
"Our energy portfolio includes renewable energy sources such as solar and wind, as well as nuclear power, which can be brought online at scale, and has a decades-long record of providing a reliable source of safe, carbon-free energy for communities around the world.",13,Embedding Decarbonization Efforts Across Our Business > Transitioning to Carbon-Free Energy,attribute,,,,,,0.0,data/raw/amazon/2024_sustainability_report.pdf,amazon,2024,43,0.0,0.0233,0.0,False,False,False,False,False,0.0,21.5,False,False,False,0
We recognize that making the transition to carbon-free energy will require embracing and advancing a range of technologies and innovations—there is not a one-size-fits-all approach.,13,Embedding Decarbonization Efforts Across Our Business > Transitioning to Carbon-Free Energy,attribute,firm,,,,,0.0,data/raw/amazon/2024_sustainability_report.pdf,amazon,2024,26,0.0,0.0,0.0385,False,False,False,False,False,0.0,14.5,False,True,False,0
"In addition to lowering emissions, the transition to carbon-free energy can create real economic growth in communities where energy projects are built and operate, while encouraging the modernization and better management of energy infrastructure.",13,Embedding Decarbonization Efforts Across Our Business > Transitioning to Carbon-Free Energy,attribute,,,,,,0.0,data/raw/amazon/2024_sustainability_report.pdf,amazon,2024,34,0.0294,0.0,0.0,False,False,False,False,False,0.0,-6.8,False,False,False,0
"In 2024, Amazon invested in 302 utility-scale wind and solar projects globally, including 76 newly operational ones, in 29 countries.",13,Embedding Decarbonization Efforts Across Our Business > Transitioning to Carbon-Free Energy,other,,"2024,",,,global,1.0,data/raw/amazon/2024_sustainability_report.pdf,amazon,2024,16,0.0,0.0,0.0,True,False,False,True,False,0.4,-5.0,False,False,False,0
"Amazon became the world’s largest corporate buyer of offshore wind energy in 2024.18 One of the most impactful ways we have done this is by enabling nearly 1.3 GW of carbon-free energy across five offshore wind farms along the coasts of Germany, the Netherlands, and the UK.",14,Embedding Decarbonization Efforts Across Our Business > Transitioning to Carbon-Free Energy,attribute,,2024.18,,,,0.5,data/raw/amazon/2024_sustainability_report.pdf,amazon,2024,46,0.0,0.0,0.0,True,False,False,False,False,0.2,62.5,False,False,False,0
"Once each project becomes operational, they are expected to produce 5.8 GW hours of carbon-free energy annually— enough to power 1.6 million average European homes.",14,Embedding Decarbonization Efforts Across Our Business > Transitioning to Carbon-Free Energy,attribute,,1.6 million,,,,0.5,data/raw/amazon/2024_sustainability_report.pdf,amazon,2024,23,0.0,0.087,0.0,True,False,False,False,False,0.0,29.9,True,False,False,0
"In total, Amazon has announced 52 new renewable energy projects in Europe as of the end of January 2025, adding 2.5 GW of renewable energy capacity to grid in the region, for a total renewable energy capacity of 9 GW.",14,Embedding Decarbonization Efforts Across Our Business > Transitioning to Carbon-Free Energy,other,,52,,,,0.5,data/raw/amazon/2024_sustainability_report.pdf,amazon,2024,36,0.0,0.0,0.0,True,False,False,False,True,0.4,33.5,False,False,False,0
"Across the Asia-Pacific region, Amazon has invested in 97 renewable energy projects, including 53 in India.",14,Embedding Decarbonization Efforts Across Our Business > Transitioning to Carbon-Free Energy,other,,97,,,,0.5,data/raw/amazon/2024_sustainability_report.pdf,amazon,2024,14,0.0,0.0,0.0,True,False,False,False,False,0.2,-0.7,False,False,False,0
"In Japan, Amazon announced our first onshore wind farm and stand-alone utility-scale solar project—a 33 megawatt (MW) wind project located in Rokkasho, Aomori Prefecture, as well as a 9.5 MW solar farm located in Kudamatsu, Yamaguchi Prefecture.",14,Embedding Decarbonization Efforts Across Our Business > Transitioning to Carbon-Free Energy,other,,33,,,,0.5,data/raw/amazon/2024_sustainability_report.pdf,amazon,2024,36,0.0,0.0,0.0,True,False,False,False,False,0.2,19.4,False,False,False,0
"Amazon is the largest corporate purchaser of renewable energy in Japan, with a total of 25 projects at the end of 2024.",14,Embedding Decarbonization Efforts Across Our Business > Transitioning to Carbon-Free Energy,other,,25,,,,0.5,data/raw/amazon/2024_sustainability_report.pdf,amazon,2024,20,0.0,0.0,0.0,True,False,False,False,False,0.2,42.7,False,False,False,0
"At the end of 2024, Amazon had 319 rooftop solar projects at our fulfillment centers, sortation centers, and stores around the globe.",14,Embedding Decarbonization Efforts Across Our Business > Transitioning to Carbon-Free Energy,other,,"2024,",,,,0.5,data/raw/amazon/2024_sustainability_report.pdf,amazon,2024,20,0.0,0.05,0.0,True,False,False,False,False,0.0,46.9,False,False,False,0
"We brought 51 new on-site rooftop solar energy systems online in 2024, for a total capacity of 61 MW.",14,Embedding Decarbonization Efforts Across Our Business > Transitioning to Carbon-Free Energy,other,,51,,,,0.5,data/raw/amazon/2024_sustainability_report.pdf,amazon,2024,16,0.0,0.0,0.0,True,False,False,False,False,0.2,47.8,False,False,False,0
"These on-site rooftop solar energy systems are estimated to generate 45 GWh annually and avoid the equivalent of nearly 17,000 metric tons of CO₂e annually.",14,Embedding Decarbonization Efforts Across Our Business > Transitioning to Carbon-Free Energy,other,,45 GWh,,,,0.5,data/raw/amazon/2024_sustainability_report.pdf,amazon,2024,24,0.0,0.0833,0.0,True,False,False,False,False,0.0,23.9,True,False,False,0
"In 2024, we continued to match 100% of electricity consumed in all data center regions with renewable energy sources and worked with utilities and regulators on green tariffs so that more companies can buy carbon-free energy directly from renewable energy projects.",14,Embedding Decarbonization Efforts Across Our Business > Transitioning to Carbon-Free Energy,attribute,,100%,,,,0.5,data/raw/amazon/2024_sustainability_report.pdf,amazon,2024,39,0.0256,0.0,0.0,True,False,False,False,False,0.098,4.6,False,False,False,0
"In 2024, as part of a $10 billion investment for building two new data center complexes in Mississippi, AWS announced a first-of-its-kind agreement with utility company Entergy Mississippi to enable 650 MW of new renewable energy projects in the state over the next three years.",14,Embedding Decarbonization Efforts Across Our Business > Transitioning to Carbon-Free Energy,other,,10 billion,,,,0.5,data/raw/amazon/2024_sustainability_report.pdf,amazon,2024,42,0.0,0.0,0.0,True,False,False,False,False,0.2,9.1,False,False,False,0
"Delta Wind, a utility-scale wind farm along the Mississippi Delta, is expected to bring a total of 834 MW of new carbon-free energy to Mississippi, the equivalent of powering over 200,000 U.S. homes.",14,Embedding Decarbonization Efforts Across Our Business > Transitioning to Carbon-Free Energy,attribute,,834,,,,0.5,data/raw/amazon/2024_sustainability_report.pdf,amazon,2024,32,0.0,0.0625,0.0,True,False,False,False,False,0.0,42.7,True,False,False,0
"By the end of 2024, Amazon had eight solar energy projects paired with battery energy storage systems, representing 2.1 GW of capacity, up from 1.9 GW in 2023.",14,Embedding Decarbonization Efforts Across Our Business > Transitioning to Carbon-Free Energy,target,,"2024,",,2024,,0.5,data/raw/amazon/2024_sustainability_report.pdf,amazon,2024,24,0.0,0.0,0.0,True,False,True,False,False,0.4,47.1,False,False,False,0
"In 2024, Amazon powered nearly 4,000 hours of our operations from energy stored in these batteries.",14,Embedding Decarbonization Efforts Across Our Business > Transitioning to Carbon-Free Energy,other,,"2024,",,,own operations,1.0,data/raw/amazon/2024_sustainability_report.pdf,amazon,2024,14,0.0,0.0,0.0,True,False,False,True,False,0.4,29.5,False,False,False,0
"In 2024, Amazon invested in the Baldy Mesa battery storage system , which is monitored through machine learning powered by AWS and is used to predict when and how the project’s battery unit should charge and discharge energy back to the grid, optimizing its performance.",14,Embedding Decarbonization Efforts Across Our Business > Transitioning to Carbon-Free Energy,other,hedged,"2024,",,,,0.5,data/raw/amazon/2024_sustainability_report.pdf,amazon,2024,44,0.0,0.0,0.0,True,False,False,False,True,0.4,18.0,True,False,True,0
We signed the first European Union (EU) Battery Energy Storage System (BESS) PPA that includes a 4 MW rooftop solar photovoltaic system paired with a BESS in Spain.,14,Embedding Decarbonization Efforts Across Our Business > Transitioning to Carbon-Free Energy,other,,4,,,,0.5,data/raw/amazon/2024_sustainability_report.pdf,amazon,2024,27,0.0,0.0,0.0,True,False,False,False,False,0.2,35.3,False,False,False,0
This BESS initiative is expected to yield nearly 500 metric tons of CO₂e avoided annually and enhanced energy resilience.,14,Embedding Decarbonization Efforts Across Our Business > Transitioning to Carbon-Free Energy,achievement,achievement,500 metric tons,,,,0.33,data/raw/amazon/2024_sustainability_report.pdf,amazon,2024,19,0.0526,0.1053,0.0,True,False,False,False,False,0.0,27.3,True,False,False,0
"Nuclear power is an important part of our carbon-free energy strategy, as it can be brought online at scale and has a decades-long record of providing reliable, safe, and abundant carbon-free energy for communities globally.",14,Embedding Decarbonization Efforts Across Our Business > Transitioning to Carbon-Free Energy,attribute,,,,,global,0.5,data/raw/amazon/2024_sustainability_report.pdf,amazon,2024,35,0.0,0.0,0.0,False,False,False,True,False,0.2,21.4,False,False,False,0
"In 2024, we signed agreements to support the development of nuclear energy projects, including enabling the development of Small Modular Reactors (SMRs)—advanced nuclear reactors with a small physical footprint.",14,Embedding Decarbonization Efforts Across Our Business > Transitioning to Carbon-Free Energy,other,hedged,"2024,",,,,0.5,data/raw/amazon/2024_sustainability_report.pdf,amazon,2024,29,0.0,0.0,0.0,True,False,False,False,False,0.2,11.1,False,False,False,1
X-energy is targeting deployment of up to 960 MW of carbon-free energy to the U.S. grid by 2039—which would be the largest SMR implementation in the industry.,14,Embedding Decarbonization Efforts Across Our Business > Transitioning to Carbon-Free Energy,target,,960,,2039,,0.5,data/raw/amazon/2024_sustainability_report.pdf,amazon,2024,27,0.0,0.0741,0.057,True,False,True,False,True,0.304,63.0,False,False,True,0
"X-energy’s Xe-100 SMR technology delivers scalable, cost-effective carbon-free energy generation for high-demand industrial customers and aims to establish a commercial framework for advanced nuclear energy deployment in the private sector.",14,Embedding Decarbonization Efforts Across Our Business > Transitioning to Carbon-Free Energy,attribute,hedged,100,,,,0.5,data/raw/amazon/2024_sustainability_report.pdf,amazon,2024,31,0.0,0.0,0.0323,True,False,False,False,False,0.2,-12.9,False,False,False,1
"We have signed an agreement to build a data center facility near Talen Energy’s nuclear facility in Pennsylvania, which will help power our operations with carbon-free energy.",14,Embedding Decarbonization Efforts Across Our Business > Transitioning to Carbon-Free Energy,attribute,firm,,,,own operations,0.5,data/raw/amazon/2024_sustainability_report.pdf,amazon,2024,28,0.0,0.0,0.0357,False,False,False,True,False,0.2,18.3,False,True,False,0
"We’ve identified our high-emitting suppliers, which represent 50% of our Scope 3 emissions, and mobilized our business units to drive key supplier decarbonization actions—such as setting credible targets, measuring and sharing progress, and actively reducing emissions.",14,Embedding Decarbonization Efforts Across Our Business > Engaging With Suppliers,other,,50%,,,Scope 3,1.0,data/raw/amazon/2024_sustainability_report.pdf,amazon,2024,36,0.0,0.0,0.0278,True,False,False,True,False,0.4,-3.6,False,False,False,1
"That’s why in July 2024, we launched the Sustainability Exchange .",14,Embedding Decarbonization Efforts Across Our Business > Engaging With Suppliers,achievement,achievement,"2024,",,,,0.33,data/raw/amazon/2024_sustainability_report.pdf,amazon,2024,10,0.0,0.0,0.0,True,False,False,False,False,0.2,44.4,False,False,False,0
"Topics include carbon measurement, transitioning to carbon-free energy, decarbonizing buildings and transportation, reducing operational waste, and how to purchase high-quality carbon credits.",15,Engaging Our Suppliers on Our Decarbonization Journey > What does this look like?,attribute,,,,,,0.0,data/raw/amazon/2024_sustainability_report.pdf,amazon,2024,22,0.0,0.0,0.0,False,False,False,False,False,0.0,-23.1,False,False,False,0
We announced a carbon credits service on the Sustainability Exchange in early 2025 to offer highquality carbon credits to suppliers with decarbonization goals.,15,Engaging Our Suppliers on Our Decarbonization Journey > What does this look like?,other,,2025,,,,0.5,data/raw/amazon/2024_sustainability_report.pdf,amazon,2024,22,0.0,0.0,0.0455,True,False,False,False,False,0.2,7.6,False,False,False,0
"Credits are only available to companies that have set a net-zero carbon emissions target for no later than 2050, covering Scope 1, 2, and 3 emissions; measure and publicly report their carbon footprint on a regular basis; and commit to implementing decarbonization strategies in line with climate science.",15,Engaging Our Suppliers on Our Decarbonization Journey > What does this look like?,target,firm,"2050,",,2050,Scope 1,0.75,data/raw/amazon/2024_sustainability_report.pdf,amazon,2024,44,0.0,0.0,0.0455,True,False,True,True,False,0.6,4.5,False,False,False,0
"IPG, a packaging and protective solutions provider, matched 100% of the electricity to power the majority of products sold to Amazon in 2024.",15,Engaging Our Suppliers on Our Decarbonization Journey > • We developed pilot projects to make it easier for,other,,100%,2024,,,0.5,data/raw/amazon/2024_sustainability_report.pdf,amazon,2024,21,0.0,0.0,0.0,True,True,False,False,False,0.4,20.3,False,False,False,0
"Pregis, a packaging supplier and Climate Pledge signatory, matched 100% of the electricity consumed to power operations that produce recyclable paper mailers provided to Amazon in 2024.",15,Engaging Our Suppliers on Our Decarbonization Journey > • We developed pilot projects to make it easier for,target,firm,100%,2024,,,0.5,data/raw/amazon/2024_sustainability_report.pdf,amazon,2024,25,0.0,0.0,0.0,True,True,False,False,False,0.4,2.1,False,False,False,0
"We also supported 38 Device suppliers—representing 80% of our direct manufacturing spend for Echo, Kindle, Fire tablet, Fire TV, Ring, Blink, and eero devices and accessories—in developing renewable energy plans.",15,Engaging Our Suppliers on Our Decarbonization Journey > • Amazon Devices received commitments from 93 suppliers,other,,80%,,,,0.5,data/raw/amazon/2024_sustainability_report.pdf,amazon,2024,30,0.0,0.0,0.0333,True,False,False,False,False,0.2,12.8,False,False,False,0
AWS is also a member of SEMI’s Semiconductor Climate Consortium (SCC) and worked to increase access to carbon-free power and decarbonization standards and tools for the semiconductor industry.,15,Engaging Our Suppliers on Our Decarbonization Journey > • AWS partnered with suppliers across semiconductor and,attribute,,,,,,0.0,data/raw/amazon/2024_sustainability_report.pdf,amazon,2024,29,0.0,0.0,0.0,False,False,False,False,False,0.0,14.0,False,False,False,0
"The Climate Pledge, which we co-founded in 2019, is a commitment to reach net-zero carbon emissions across our global operations by 2040.",16,Accelerating Decarbonization beyond Our Own Business > Catalyzing Industry Action and Innovation through The Climate Pledge,target,firm,"2019,",,2040,,0.5,data/raw/amazon/2024_sustainability_report.pdf,amazon,2024,20,0.0,0.0,0.12,True,False,True,False,False,0.4,38.5,False,False,False,0
"In 2024, two of Amazon’s high-emitting suppliers, Crane Worldwide Logistics and Shorr Packaging, signed The Climate Pledge, along with STS Group.",16,Accelerating Decarbonization beyond Our Own Business > Catalyzing Industry Action and Innovation through The Climate Pledge,target,firm,"2024,",,,,0.25,data/raw/amazon/2024_sustainability_report.pdf,amazon,2024,21,0.0,0.0,0.0,True,False,False,False,False,0.2,44.5,False,False,False,0
"With a growing number of signatories, the focus of the Climate Pledge shifted in 2024 to working on joint action, small working groups, and addressing shared industry challenges.",16,Accelerating Decarbonization beyond Our Own Business > Catalyzing Industry Action and Innovation through The Climate Pledge,target,firm,2024,,,,0.25,data/raw/amazon/2024_sustainability_report.pdf,amazon,2024,27,0.0,0.0,0.0,True,False,False,False,False,0.2,38.4,False,False,False,0
"In 2024, The Climate Pledge supported the launch of six new joint action projects , with participation from 16 signatories.",16,Accelerating Decarbonization beyond Our Own Business > Catalyzing Industry Action and Innovation through The Climate Pledge,target,firm,"2024,",,,,0.25,data/raw/amazon/2024_sustainability_report.pdf,amazon,2024,17,0.0,0.0,0.0,True,False,False,False,False,0.2,45.3,False,False,False,0
"Laneshift , a public-private initiative under The Climate Pledge, was launched in 2023 with C40 Cities through a $10 million investment.",16,Accelerating Decarbonization beyond Our Own Business > Catalyzing Industry Action and Innovation through The Climate Pledge,target,firm,10 million,,,,0.25,data/raw/amazon/2024_sustainability_report.pdf,amazon,2024,18,0.0,0.0,0.0,True,False,False,False,False,0.2,33.5,True,False,False,0
"By 2030, all the electricity used by the charging stations is expected to be matched with renewable energy, amounting to an estimated 6.2 MW of renewable energy capacity.",16,Accelerating Decarbonization beyond Our Own Business > Catalyzing Industry Action and Innovation through The Climate Pledge,target,,"2030,",,2030,,0.5,data/raw/amazon/2024_sustainability_report.pdf,amazon,2024,26,0.0,0.1538,0.0585,True,False,True,False,False,0.1,24.4,True,False,False,0
"In 2024, we launched the Amazon Science Exchange , to address the critical technology gaps that impede Amazon and our collaborators from meeting our sustainability goals.",16,Accelerating Decarbonization beyond Our Own Business > Catalyzing Industry Action and Innovation through The Climate Pledge,achievement,achievement,"2024,",,,,0.33,data/raw/amazon/2024_sustainability_report.pdf,amazon,2024,24,0.0,0.0,0.0417,True,False,False,False,False,0.2,16.8,False,False,False,0
"The Climate Pledge Fund , a $2 billion venture investment program that specifically targets companies operating in hard-to-abate sectors, is central to our approach.",17,Accelerating Decarbonization beyond Our Own Business > Investing in Innovation through The Climate Pledge Fund,target,firm,2 billion,,,,0.25,data/raw/amazon/2024_sustainability_report.pdf,amazon,2024,22,0.0,0.0,0.0455,True,False,False,False,False,0.2,15.3,False,False,False,0
"In 2024, The Climate Pledge Fund reached a milestone of five years of investments, making 12 new and follow-on investments in multiple industry sectors that affect climate change: transportation and logistics; energy generation, storage, and utilization; buildings; manufacturing and materials; the circular economy; food and agriculture; carbon removal; and water.",17,Accelerating Decarbonization beyond Our Own Business > Investing in Innovation through The Climate Pledge Fund,target,firm,"2024,",,,,0.25,data/raw/amazon/2024_sustainability_report.pdf,amazon,2024,48,0.0,0.0,0.0,True,False,False,False,False,0.2,-16.4,False,False,False,1
This brings The Climate Pledge Fund’s total investment portfolio to 32 companies.,17,Accelerating Decarbonization beyond Our Own Business > Investing in Innovation through The Climate Pledge Fund,target,firm,32,,,,0.25,data/raw/amazon/2024_sustainability_report.pdf,amazon,2024,12,0.0,0.0,0.0,True,False,False,False,False,0.2,53.7,False,False,False,0
"As part of The Climate Pledge Fund’s broader commitment to invest $50 million in climate initiatives led by women, we invested in three new female-founded and female-led companies in 2024, one of which is Paebbl.",17,Accelerating Decarbonization beyond Our Own Business > Investing in Innovation through The Climate Pledge Fund,target,firm,50 million,,,,0.25,data/raw/amazon/2024_sustainability_report.pdf,amazon,2024,34,0.0,0.0,0.0294,True,False,False,False,False,0.2,30.5,False,False,False,0
"In 2024, we continued our advocacy for expanding the deployment of carbon-free energy and creating pathways for corporate procurement of carbon-free energy.",17,Accelerating Decarbonization beyond Our Own Business > Supporting Policies That Drive Decarbonization,attribute,,"2024,",,,,0.5,data/raw/amazon/2024_sustainability_report.pdf,amazon,2024,21,0.0476,0.0,0.0,True,False,False,False,False,0.01,12.3,False,False,False,0
"Further, we engaged in joint action with organizations such as the Center for Climate and Energy Solutions (C2ES), the Cambridge Institute for Sustainability Leadership (CISL) Corporate Leaders Groups in the UK (CLG UK) and Europe (CLG Europe), and Japan Climate Leaders’ Partnership (JCPL) to support innovation and decarbonization.",17,Accelerating Decarbonization beyond Our Own Business > Supporting Policies That Drive Decarbonization,other,hedged,,,,,0.0,data/raw/amazon/2024_sustainability_report.pdf,amazon,2024,49,0.0,0.0,0.0,False,False,False,False,False,0.0,-1.7,False,False,False,3
"Amazon’s carbon neutralization efforts are currently focused on three priorities: reducing deforestation, advancing the removal of carbon from the atmosphere with nature-based solutions, and scaling up carbon removal technologies.",17,Carbon Neutralization,attribute,,,,,,0.0,data/raw/amazon/2024_sustainability_report.pdf,amazon,2024,30,0.0,0.0,0.0,False,False,False,False,False,0.0,-21.0,True,False,False,0
Our approach is detailed in our Carbon Neutralization Methodology .,17,Carbon Neutralization,attribute,,,,,,0.0,data/raw/amazon/2024_sustainability_report.pdf,amazon,2024,9,0.0,0.0,0.0,False,False,False,False,False,0.0,0.3,True,False,False,0
"Tropical forests, which cover 45% of the world’s forested areas, play a crucial role in regulating global climate patterns, according to the International Panel on Climate Change.24 As a result, mobilizing financing to enable countries to protect their tropical rainforests is a key focus of our carbon neutralization and broader biodiversity efforts.",17,Carbon Neutralization > Reducing Deforestation,attribute,,45%,,,,0.5,data/raw/amazon/2024_sustainability_report.pdf,amazon,2024,52,0.0,0.0,0.0,True,False,False,False,False,0.2,19.4,False,False,False,0
"In 2021, we made an ambitious pledge to protect nature and mitigate climate change through co-founding the Lowering Emissions by Accelerating Forest Finance (LEAF) Coalition .",17,Carbon Neutralization > Reducing Deforestation,target,firm,"2021,",,,,0.25,data/raw/amazon/2024_sustainability_report.pdf,amazon,2024,24,0.0417,0.0,0.0,True,False,False,False,False,0.033,23.9,False,False,False,1
"In 2024, the label was formally approved and released by Verra, the mission-driven nonprofit that serves as a leading standards-setter for the voluntary carbon market.",17,Carbon Neutralization > Advancing the Removal of Carbon from the Atmosphere with Nature-Based Solutions,achievement,achievement,"2024,",,,,0.33,data/raw/amazon/2024_sustainability_report.pdf,amazon,2024,24,0.0417,0.0,0.0,True,False,False,False,False,0.033,16.8,True,False,False,1
Food waste represents lost natural resources and nutrition and is a significant contributor of greenhouse gas emissions.27 That’s why Amazon has set a goal to reduce food waste by 50% by 2030 across our U.S. and Europe operations.,19,Waste Prevention > • Donation: We donate items that are safe to use but,target,,50%,,2030,,0.5,data/raw/amazon/2024_sustainability_report.pdf,amazon,2024,38,0.0263,0.0,0.0726,True,False,True,False,False,0.295,56.9,False,False,False,0
We continue to explore new ways of reducing food loss and waste as we work toward our 2030 goal.,19,Waste Prevention > • Donation: We donate items that are safe to use but,target,hedged,2030,,,,0.25,data/raw/amazon/2024_sustainability_report.pdf,amazon,2024,18,0.0,0.0,0.0556,True,False,False,False,False,0.2,75.8,False,False,False,0
"Through this program, Too Good To Go’s app enables customers to access high-quality food at discounted prices at 536 Whole Foods Market stores across the U.S. Whole Foods Market diverted an equivalent of 636,000 meals from waste in the U.S. as part of this effort in 2024, and we are expanding this service to Amazon Fresh locations in the U.S.",19,Waste Prevention > • Donation: We donate items that are safe to use but,other,,536,,,,0.5,data/raw/amazon/2024_sustainability_report.pdf,amazon,2024,61,0.0,0.0,0.0,True,False,False,False,False,0.2,71.7,False,False,False,0
"In 2024, we continued to implement and expand these efforts at 612 locations and diverted 108,300 tons of food waste.",19,Waste Prevention > • Donation: We donate items that are safe to use but,other,,"2024,",,,,0.5,data/raw/amazon/2024_sustainability_report.pdf,amazon,2024,17,0.0588,0.0,0.0,True,False,False,False,False,0.0,55.2,False,False,False,0
"In 2024, we repurposed 310,000 assets and materials from these programs.",19,Waste Prevention > • Extending asset life through reuse and donations: We,other,,"2024,",,,,0.5,data/raw/amazon/2024_sustainability_report.pdf,amazon,2024,9,0.0,0.0,0.0,True,False,False,False,False,0.2,47.3,False,False,False,0
"Since 2023, AWS has avoided the purchase of more than 500,000 new hard drives, reducing the associated carbon footprint, costs, and waste.",19,Waste Prevention > • Operate longer: AWS seeks to use equipment for as,achievement,achievement,"2023,",,,,0.33,data/raw/amazon/2024_sustainability_report.pdf,amazon,2024,20,0.0,0.0,0.0,True,False,False,False,False,0.2,55.4,False,False,False,0
"Additionally, these reverse logistics hubs have enabled AWS to source 16% of spare parts from its own reuse inventory, abating 110,000 tons of carbon emissions by avoiding purchase of new parts.",19,"Waste Prevention > • Recover more: AWS aims to continually improve repair,",other,,16%,,,,0.5,data/raw/amazon/2024_sustainability_report.pdf,amazon,2024,29,0.0,0.0,0.0,True,False,False,False,False,0.2,34.5,False,False,False,0
"In 2024, the facility also earned UL Solutions’ highest Zero Waste certification (Platinum level) by diverting 100% of processed equipment from landfills, including 99% through reuse by AWS, resale into the secondary market, or recycling, and 1% to Thermal Processing with Energy Recovery.",19,"Waste Prevention > • Recover more: AWS aims to continually improve repair,",attribute,,100%,,,,0.5,data/raw/amazon/2024_sustainability_report.pdf,amazon,2024,39,0.0,0.0,0.0,True,False,False,False,False,0.2,-6.3,False,False,False,0
"Materials in this hierarchy may be recycled, reclaimed, or otherwise reused in some way and thus, may not end up as waste in landfills.",20,How We Manage and Prevent Waste,attribute,hedged,,,,,0.0,data/raw/amazon/2024_sustainability_report.pdf,amazon,2024,24,0.0,0.0833,0.0,False,False,False,False,False,0.0,55.6,True,False,True,0
"Cardboard and wood represent 65% of Amazon’s operational waste footprint, and almost 100% is recycled.",20,Waste Diversion,attribute,,65%,,,,0.5,data/raw/amazon/2024_sustainability_report.pdf,amazon,2024,14,0.0,0.0,0.0,True,False,False,False,False,0.2,29.5,True,False,False,0
"In 2024, we collaborated with UPM Raflatac’s RafCycle service to launch a recycling solution for the paper backing from our adhesive labels used throughout operations across our North American fulfillment sites.",20,Waste Diversion > −Hard-to-recycle materials: We actively work to,other,,"2024,",,,,0.5,data/raw/amazon/2024_sustainability_report.pdf,amazon,2024,31,0.0,0.0,0.0,True,False,False,False,False,0.2,11.6,False,False,False,0
Implementing this solution increased recycling of this material by 16% compared to 2023.,20,Waste Diversion > −Hard-to-recycle materials: We actively work to,achievement,achievement,16%,2023,,,0.67,data/raw/amazon/2024_sustainability_report.pdf,amazon,2024,11,0.0,0.0,0.0,True,True,False,False,False,0.4,11.1,False,False,False,0
"In 2024, we worked with Glacier to test its AI-enabled waste sorting technology for contamination monitoring in cardboard streams, to drive optimal recycling of cardboard waste at Amazon fulfillment centers, and the identification of newly developed bio-based packaging materials, to enable future sortation of these materials from mixed streams.",20,Waste Diversion > −Waste sortation: We engage with waste technology,other,,"2024,",,,,0.5,data/raw/amazon/2024_sustainability_report.pdf,amazon,2024,48,0.0,0.0,0.0208,True,False,False,False,False,0.2,-12.8,False,False,False,0
"Using a science-based approach, we strive to provide right-sized, recyclable, and scalable packaging solutions that reduce waste.",21,Our Approach,attribute,hedged,,,,,0.0,data/raw/amazon/2024_sustainability_report.pdf,amazon,2024,17,0.0,0.0,0.0,False,False,False,False,False,0.0,25.4,False,False,False,0
"In 2024, 12% of Amazon packages globally were shipped without additional packaging, the same as for 2023.",21,Our Progress,achievement,achievement,12%,,,global,0.67,data/raw/amazon/2024_sustainability_report.pdf,amazon,2024,14,0.0,0.0,0.0,True,False,False,True,False,0.4,29.5,True,False,False,0
"Since 2020, over 6 billion shipments have been delivered with only their original packaging and a shipping label in North America and Europe.",21,Our Progress,achievement,achievement,6 billion,,,,0.33,data/raw/amazon/2024_sustainability_report.pdf,amazon,2024,21,0.0,0.0,0.0,True,False,False,False,False,0.2,28.4,True,False,False,0
"In February 2024, we allowed Fulfillment by Amazon sellers to self-enroll in Ships in Product Packaging program in North America and Europe, in line with Amazon’s own retail practices.",21,Our Progress,other,,"2024,",,,,0.5,data/raw/amazon/2024_sustainability_report.pdf,amazon,2024,29,0.0,0.0,0.0,True,False,False,False,False,0.2,22.8,False,False,False,0
"This led to nearly 2 million new seller products becoming certified to ship in their own product packaging in North America and Europe through seller engagement, machine learning, and product testing in 2024.",21,Our Progress,other,,2 million,,,,0.5,data/raw/amazon/2024_sustainability_report.pdf,amazon,2024,31,0.0,0.0,0.0,True,False,False,False,False,0.2,28.0,False,False,False,0
"In 2024, we partnered with SC Johnson to redesign its Method body wash packaging to make it eligible for the Ships in Product Packaging program.",21,Our Progress,other,,"2024,",,,,0.5,data/raw/amazon/2024_sustainability_report.pdf,amazon,2024,24,0.0,0.0,0.0,True,False,False,False,False,0.2,45.0,False,False,False,0
The redesign also helped decrease the overall packaging volume by 63%.,21,Our Progress,other,,63%,,,,0.5,data/raw/amazon/2024_sustainability_report.pdf,amazon,2024,10,0.0,0.0,0.0,True,False,False,False,False,0.2,27.5,False,False,False,0
"In the U.S. and Europe, these flexible options are up to 90% lighter than similar-sized, rigid cardboard boxes, and since 2015, we have avoided 4.2 million metric tons of packaging materials in North America and Europe.",21,Our Progress,achievement,achievement,90%,,,,0.33,data/raw/amazon/2024_sustainability_report.pdf,amazon,2024,34,0.0,0.0294,0.0,True,False,False,False,False,0.082,56.4,False,False,False,0
"For example, Amazon collaborated with Mondi , a leading innovator of more sustainable packaging and paper products, to develop a fully paper-based, recyclable mailer with a protective paper lining, which scaled across our European operations in 2024.",21,Our Progress,attribute,,,,,,0.0,data/raw/amazon/2024_sustainability_report.pdf,amazon,2024,35,0.0286,0.0,0.0,False,False,False,False,False,0.0,-5.1,False,False,False,1
Amazon is working to transform our delivery packaging by reducing our use of single-use plastic packaging in favor of household-recyclable alternatives.,22,Nearly 18M,attribute,,,,,,0.0,data/raw/amazon/2024_sustainability_report.pdf,amazon,2024,21,0.0,0.0,0.0,False,False,False,False,False,0.0,-3.8,False,False,False,0
"In addition, we are further supporting the circular economy by increasing the use of post-consumer recycled content in our delivery packaging.",22,Nearly 18M,attribute,,,,,,0.0,data/raw/amazon/2024_sustainability_report.pdf,amazon,2024,21,0.0,0.0,0.0,False,False,False,False,False,0.0,8.3,False,False,False,0
"In 2024, we reduced our total plastic packaging globally by 16.4%, from 88,698 metric tons in 2023 to 74,137 metric tons in 2024.",22,Nearly 18M,achievement,achievement,16.4%,,,global,0.67,data/raw/amazon/2024_sustainability_report.pdf,amazon,2024,17,0.0,0.0,0.0,True,False,False,True,False,0.4,63.8,False,False,False,0
"This progress stems from reductions in single-use plastics products at our biggest fulfillment sites, including the removal of 100% of plastic air pillows from delivery packaging at all North American fulfillment centers and an overall increase in our use of paper packaging solutions.",22,Nearly 18M,other,,100%,,,,0.5,data/raw/amazon/2024_sustainability_report.pdf,amazon,2024,42,0.0,0.0,0.0,True,False,False,False,False,0.2,7.1,False,False,False,1
"In North America in 2024, we avoided 134 million plastic bags, and 56% of fulfillment centers in North America did not ship plastic delivery packaging.",22,Nearly 18M,achievement,achievement,134 million,,,,0.33,data/raw/amazon/2024_sustainability_report.pdf,amazon,2024,22,0.0,0.0,0.0,True,False,False,False,False,0.2,26.8,False,False,False,0
"As a result, we saw a significant year-over-year decrease in the number of shipments that contained single-use plastic delivery packaging in North America, from 65% of shipments in 2023 to 37% in 2024.",22,Nearly 18M,other,,65%,,,,0.5,data/raw/amazon/2024_sustainability_report.pdf,amazon,2024,29,0.0345,0.0,0.0,True,False,False,False,False,0.062,22.8,False,False,False,0
"We also consider localized, country-specific challenges and how to solve them as part of our ongoing approach to reduce the use of single-use plastics in favor of recyclable materials.",22,Nearly 18M,attribute,hedged,,,,,0.0,data/raw/amazon/2024_sustainability_report.pdf,amazon,2024,29,0.0345,0.0,0.0,False,False,False,False,False,0.0,25.7,False,False,False,0
"Where we cannot yet eliminate single-use plastic, we are working to increase the percentage of recycled content in our plastic consumables.",22,Nearly 18M,attribute,,,,,,0.0,data/raw/amazon/2024_sustainability_report.pdf,amazon,2024,21,0.0,0.0,0.0,False,False,False,False,False,0.0,28.4,False,False,False,0
"For example, we are working with several packaging suppliers in North America and Europe that use 100% recycled content.",22,Nearly 18M,attribute,,100%,,,,0.5,data/raw/amazon/2024_sustainability_report.pdf,amazon,2024,18,0.0556,0.0,0.0,True,False,False,False,False,0.0,38.2,False,False,False,0
We are committed to increasing our use of recyclable device packaging and finding recyclable solutions for items that require additional protection during shipping.,22,Nearly 18M > Increasing the Recyclability of Device Packaging,attribute,firm,,,,,0.0,data/raw/amazon/2024_sustainability_report.pdf,amazon,2024,23,0.0,0.0,0.0435,False,False,False,False,False,0.0,14.3,True,False,False,1
"We are developing new, circular plastic packaging alternatives—especially for hard-to-recover and recycle plastic materials—that can be collected, sorted, recycled, and ultimately returned to the value chain for new uses.",23,Amazon 2024 Delivery Packaging by Type and Region > Single-Use Plastic Packaging Avoided since 2020 (MT),attribute,,,,,value chain,0.5,data/raw/amazon/2024_sustainability_report.pdf,amazon,2024,31,0.0,0.0,0.0,False,False,False,True,False,0.2,-7.5,True,False,False,0
"These bio-based bags have the best attributes of conventional plastic and paper, in that they are easily recyclable, biodegradable, lightweight, and have both water and oxygen barriers.",23,"Amazon 2024 Delivery Packaging by Type and Region > • Testing: In 2024, we began early-stage testing on",attribute,,,,,,0.0,data/raw/amazon/2024_sustainability_report.pdf,amazon,2024,27,0.0,0.0,0.0,False,False,False,False,False,0.0,25.9,False,False,False,0
"For example, Shorr Packaging joined The Climate Pledge in 2024, the first of our cardboard suppliers to do so, while the packaging material provider Pregis became our first supplier to obtain Amazon-provided renewable energy credits to support the decarbonization of its converting operations.",23,Amazon 2024 Delivery Packaging by Type and Region > • Recycling: We developed a novel recycling technology,target,firm,"2024,",,,,0.25,data/raw/amazon/2024_sustainability_report.pdf,amazon,2024,42,0.0,0.0,0.0,True,False,False,False,False,0.2,3.1,False,False,False,0
"In 2024, we collaborated with two startups focused on reusable delivery packaging—Hipli and RE-ZIP —to trial their innovative technologies with Amazon across Europe.",23,Amazon 2024 Delivery Packaging by Type and Region > • Recycling: We developed a novel recycling technology,other,,"2024,",,,,0.5,data/raw/amazon/2024_sustainability_report.pdf,amazon,2024,23,0.0,0.0,0.0,True,False,False,False,False,0.2,6.9,False,False,False,1
"Amazon has public commitments to return more water to communities than we use in AWS direct operations globally by 2030, and in the direct operations of all Amazon facilities in India by 2027.",24,Our Approach,target,,"2030,",,2030,global,0.75,data/raw/amazon/2024_sustainability_report.pdf,amazon,2024,31,0.0,0.0,0.0845,True,False,True,True,False,0.6,19.8,False,False,False,0
"In 2022, AWS announced its commitment to being water positive by 2030.",24,Water Positive in Data Centers,target,firm,"2022,",,2030,,0.5,data/raw/amazon/2024_sustainability_report.pdf,amazon,2024,10,0.0,0.0,0.22,True,False,True,False,False,0.4,52.9,False,False,False,1
"In 2024, AWS was 53% of the way toward meeting its water positive by 2030 goal, up from 41% in 2023.",24,Water Positive in Data Centers,target,achievement,53%,,2030,,0.5,data/raw/amazon/2024_sustainability_report.pdf,amazon,2024,16,0.0,0.0,0.145,True,False,True,False,False,0.4,79.6,False,False,False,1
"In 2024, AWS reduced cooling water needs by 946 million liters in North America.",24,Water Positive in Data Centers,achievement,achievement,946 million,,,,0.33,data/raw/amazon/2024_sustainability_report.pdf,amazon,2024,12,0.0,0.0,0.0,True,False,False,False,False,0.2,46.6,False,False,False,0
The implementation of these new technologies contributed to AWS’s global data center WUE of 0.15 liters of water per kilowatt-hour (L/kWh) in 2024—a 17% improvement from 2023 and a 40% improvement since 2021.,24,Water Positive in Data Centers,other,,0.15 liters,2023,,,0.5,data/raw/amazon/2024_sustainability_report.pdf,amazon,2024,30,0.0,0.0,0.0,True,True,False,False,False,0.4,39.3,False,False,False,0
"In 2024, we scaled our global water metering and leak detection program to logistics and Whole Foods Market sites in highest-risk regions.",24,Water Positive in Data Centers > AWS Water Use Effectiveness,other,,"2024,",,,,0.5,data/raw/amazon/2024_sustainability_report.pdf,amazon,2024,21,0.0,0.0,0.0,True,False,False,False,False,0.2,40.5,False,False,False,0
"For example, in 2024, we obtained third-party certifications for our fulfillment centers in Cairo, Egypt, and Abu Dhabi, United Arab Emirates, assuring water savings of 28% and 53%, respectively, as compared to certification baselines.",25,Water Positive in Data Centers > AWS Water Use Effectiveness,other,,28%,,,,0.5,data/raw/amazon/2024_sustainability_report.pdf,amazon,2024,31,0.0,0.0,0.0,True,False,False,False,True,0.4,-15.7,False,False,False,0
"We also reached 90% completion of our effort to install low-flow aerators at logistics sites in India, which is expected to save 4.6 million liters of water annually.",25,Water Positive in Data Centers > AWS Water Use Effectiveness,achievement,achievement,90%,,,,0.33,data/raw/amazon/2024_sustainability_report.pdf,amazon,2024,26,0.0,0.0769,0.0,True,False,False,False,False,0.0,44.0,True,False,False,0
"In 2024, we assessed 7.5 million square feet of corporate office space in water-stressed regions in Brazil, Egypt, Mexico, Spain, South Africa, and the U.S. Based on this assessment, we installed low-flow faucet aerators at 17 U.S. sites to achieve water savings in line with our standards.",25,Water Positive in Data Centers > AWS Water Use Effectiveness,achievement,achievement,7.5 million,,,,0.33,data/raw/amazon/2024_sustainability_report.pdf,amazon,2024,46,0.0,0.0,0.0,True,False,False,False,False,0.2,59.3,False,False,False,0
We will expand this retrofit program to our other locations in water-stressed regions in 2025.,25,Water Positive in Data Centers > AWS Water Use Effectiveness,other,firm,,,,,0.0,data/raw/amazon/2024_sustainability_report.pdf,amazon,2024,14,0.0,0.0,0.0714,False,False,False,False,False,0.0,41.6,False,True,False,0
"In 2024, AWS had 24 data centers using recycled water for cooling and is working to quadruple the number of data centers using recycled water by 2030.",25,Water Positive in Data Centers > AWS Water Use Effectiveness,target,,"2024,",,2030,,0.5,data/raw/amazon/2024_sustainability_report.pdf,amazon,2024,24,0.0,0.0,0.0617,True,False,True,False,False,0.4,41.5,False,False,False,0
"AWS has agreements with seven utilities, enabling more than 4 billion liters of fresh water to be preserved for community use.",25,Water Positive in Data Centers > AWS Water Use Effectiveness,other,,4 billion,,,,0.5,data/raw/amazon/2024_sustainability_report.pdf,amazon,2024,20,0.0,0.0,0.0,True,False,False,False,False,0.2,34.3,True,False,False,0
"As of the end of 2024, five data centers have operational rainwater capture systems in place, which reduces our demand on community water resources and reduces the adverse effects of stormwater runoff, which is a leading source of water pollution globally.",25,Water Positive in Data Centers > AWS Water Use Effectiveness,other,,"2024,",,,global,1.0,data/raw/amazon/2024_sustainability_report.pdf,amazon,2024,40,0.025,0.0,0.0,True,False,False,True,False,0.3,14.0,False,False,False,1
"In India, Amazon is using on-site sewage treatment plants at 27 logistics sites to recycle greywater for toilet flushing and irrigation, which is expected to save an estimated 279 million liters of water per year.",25,Water Positive in Data Centers > AWS Water Use Effectiveness,other,,279 million,,,,0.5,data/raw/amazon/2024_sustainability_report.pdf,amazon,2024,33,0.0,0.1212,0.0303,True,False,False,False,False,0.0,22.1,True,False,False,0
"By the end of 2024, Amazon had announced 23 water replenishment projects globally.",25,Water Positive in Data Centers > AWS Water Use Effectiveness,target,,"2024,",,2024,global,0.75,data/raw/amazon/2024_sustainability_report.pdf,amazon,2024,11,0.0,0.0,0.0,True,False,True,True,False,0.6,26.5,False,False,False,0
"In 2024, these projects returned 4.3 billion liters of water to communities.",25,Water Positive in Data Centers > AWS Water Use Effectiveness,other,,4.3 billion,,,,0.5,data/raw/amazon/2024_sustainability_report.pdf,amazon,2024,10,0.0,0.0,0.0,True,False,False,False,False,0.2,41.0,False,False,False,0
"We expanded water replenishment activities to Chile and China in 2024, and funded additional projects in the U.S. and Brazil.",25,Water Positive in Data Centers > AWS Water Use Effectiveness,other,,"2024,",,,,0.5,data/raw/amazon/2024_sustainability_report.pdf,amazon,2024,20,0.0,0.0,0.0,True,False,False,False,False,0.2,47.8,False,False,False,0
"In late 2024, Amazon launched new water replenishment projects as we work toward returning more water to communities in India than we use by 2027.",25,Water Positive in Data Centers > AWS Water Use Effectiveness,target,achievement,"2024,",,2027,,0.5,data/raw/amazon/2024_sustainability_report.pdf,amazon,2024,23,0.0,0.0,0.02,True,False,True,False,False,0.4,40.0,False,False,False,0
"These projects, which are specifically focused on regions of highest water stress, are expected to increase the combined water volume capture potential of the two lakes by more than 571 million liters once completed.",25,Water Positive in Data Centers > AWS Water Use Effectiveness,achievement,achievement,571 million,,,,0.33,data/raw/amazon/2024_sustainability_report.pdf,amazon,2024,33,0.0,0.0606,0.0,True,False,False,False,False,0.0,24.6,True,False,False,0
"In 2022, Amazon committed $10 million to help Water.org launch the Water.org Water & Climate Philanthropic Fund, which has a goal of deploying $1 billion to deliver climate-resilient water and sanitation solutions to 100 million people worldwide.",25,Water Positive in Data Centers > Water.org Water & Climate Philanthropic Fund,target,firm,10 million,,,,0.25,data/raw/amazon/2024_sustainability_report.pdf,amazon,2024,34,0.0,0.0,0.0588,True,False,False,False,False,0.2,38.6,False,False,False,1
"By the end of 2024, Water.org’s investment arm, WaterEquity, had raised nearly $460 million and reached 7.1 million people.",25,Water Positive in Data Centers > Water.org Water & Climate Philanthropic Fund,target,achievement,460 million,,2024,,0.5,data/raw/amazon/2024_sustainability_report.pdf,amazon,2024,18,0.0,0.0,0.0,True,False,True,False,False,0.4,59.7,False,False,False,0
"With Amazon’s support, Water.org also empowered 1 million people in India with access to safe water and sanitation solutions in 2023 and 2024.",25,Water Positive in Data Centers > Water.org Water & Climate Philanthropic Fund,other,hedged,1 million,2023,,,0.5,data/raw/amazon/2024_sustainability_report.pdf,amazon,2024,22,0.0,0.0,0.0,True,True,False,False,False,0.4,45.7,False,False,False,1
"Since 1970, global wildlife populations have dropped by an average of 73%, signaling severe stress on the natural systems that support life.32 Amazon recognizes the critical importance of biodiversity to the health of the planet, communities, and our business.",26,Our Approach,other,hedged,73%,,,,0.5,data/raw/amazon/2024_sustainability_report.pdf,amazon,2024,37,0.0,0.0,0.027,True,False,False,False,False,0.2,25.7,False,False,False,0
This includes our commitment of $100 million to protect and restore nature through the Right Now Climate Fund.,26,Our Approach > • Beyond our value chain. We contribute to nature,other,firm,100 million,,,,0.5,data/raw/amazon/2024_sustainability_report.pdf,amazon,2024,17,0.0,0.0,0.0588,True,False,False,False,False,0.2,60.2,False,False,False,0
"To further promote on-farm biodiversity, Whole Foods Market joined Mad Agriculture’s Wilding initiative in 2024.",26,Commodities in Our Supply Chain,other,,,,,,0.0,data/raw/amazon/2024_sustainability_report.pdf,amazon,2024,15,0.0,0.0,0.0,False,False,False,False,False,0.0,16.8,False,False,False,0
"Through this partnership, Mad Agriculture and participating farmers are planting and maintaining 113 acres of reconstructed prairie, most of which are on farms that supply ingredients to brands we sell, reflecting a shared commitment to regenerative agriculture and environmental stewardship.",26,Commodities in Our Supply Chain,other,firm,113 acres,,,,0.5,data/raw/amazon/2024_sustainability_report.pdf,amazon,2024,39,0.0,0.0,0.0513,True,False,False,False,False,0.2,-1.9,False,False,False,0
"In recognition of its ongoing work, Whole Foods Market was 2024’s top-ranked retailer on Friends of the Earth’s Bee Friendly Retailer Scorecard, which ranks retailers on pollinator protection from pesticides in food and beverage supply chains.",26,Commodities in Our Supply Chain,achievement,achievement,2024,,,supply chain,0.67,data/raw/amazon/2024_sustainability_report.pdf,amazon,2024,37,0.027,0.0,0.0,True,False,False,True,False,0.292,22.9,False,False,False,0
"In 2024, we expanded our human rights and environmental due diligence (HREDD) work to encompass a broader range of key businesses and enterprise segments, including 10 business units such as AWS, Operations, Stores, Grocery, and Corporate Real Estate.",28,"Assessing, Prioritizing, and Addressing Risk",other,,"2024,",,,,0.5,data/raw/amazon/2024_sustainability_report.pdf,amazon,2024,36,0.0,0.0,0.0,True,False,False,False,False,0.2,10.5,False,False,False,0
"Trafficking Summit , bringing together 162 experts, including individuals from technology companies, governments, human rights nonprofits, and those with lived experience, to explore technology-driven solutions both for improving supply chain transparency on forced labor and accelerating the efforts of local and global anti-trafficking organizations.",29,Engaging with Stakeholders,other,hedged,162,,,supply chain,1.0,data/raw/amazon/2024_sustainability_report.pdf,amazon,2024,42,0.0,0.0,0.0,True,False,False,True,False,0.4,-33.2,False,False,False,0
"We also welcome anyone—including employees, contractors, suppliers, customers and community members—to share concerns directly with us through our Human Rights and Environmental Complaints Form , which is available in 19 languages and dialects and can be accessed globally.",29,Improving Access to Effective Grievance Mechanisms and Remediation,other,,19,,,global,1.0,data/raw/amazon/2024_sustainability_report.pdf,amazon,2024,38,0.0,0.0,0.0,True,False,False,True,False,0.4,10.2,True,False,False,0
"In 2024, to promote awareness of the Supply Chain Standards, we developed and deployed online trainings to 500 suppliers, including a new course on child labor prevention.",30,Our Approach,other,,"2024,",,,supply chain,1.0,data/raw/amazon/2024_sustainability_report.pdf,amazon,2024,25,0.0,0.0,0.0,True,False,False,True,False,0.4,35.9,False,False,False,0
"Supplier audits help us to assess supplier compliance with our Supply Chain Standards, identify issues, and take corrective actions when needed.35 We audit suppliers in four categories: Labor Rights, Ethics, Environment, and Health and Safety.",30,Assessing Our Suppliers,other,,,,,supply chain,0.5,data/raw/amazon/2024_sustainability_report.pdf,amazon,2024,35,0.0,0.0,0.0,False,False,False,True,False,0.2,39.2,False,False,False,0
"In 2024, we performed 3,639 audits of suppliers of Amazon-branded products, third-party labor, service, and not-for-resale goods providers in our logistics, warehousing, and construction supply chain.",31,Nearly 88K > Expanding Our Supplier Audit Program,other,,"2024,",,,supply chain,1.0,data/raw/amazon/2024_sustainability_report.pdf,amazon,2024,24,0.0,0.0,0.0,True,False,False,True,True,0.6,6.2,False,False,False,0
"Of these, 1,695 audits specifically focused on third-party labor, service, and not-for-resale goods providers in our logistics, warehousing, and construction supply chain.",31,Nearly 88K > Expanding Our Supplier Audit Program,other,,"1,695",,,supply chain,1.0,data/raw/amazon/2024_sustainability_report.pdf,amazon,2024,21,0.0,0.0,0.0,True,False,False,True,True,0.6,4.2,False,False,False,0
"In 2024, we began expanding our public supplier list and supply chain map to include apparel component suppliers.",31,Mapping Our Supply Chain,other,,"2024,",,,supply chain,1.0,data/raw/amazon/2024_sustainability_report.pdf,amazon,2024,17,0.0,0.0,0.0,True,False,False,True,False,0.4,45.3,False,False,False,0
We also launched training on identifying and preventing child labor in supply chains for our grocery suppliers in 2024.,32,Advancing Our Supply Chain Commitments > Responsible Recruitment and Freely Chosen Employment,other,achievement,,,,supply chain,0.5,data/raw/amazon/2024_sustainability_report.pdf,amazon,2024,18,0.0,0.0,0.0,False,False,False,True,False,0.2,42.9,False,False,False,0
"In 2024, we also collaborated with The Centre for Child Rights and Business to conduct child labor risk assessments for strategic suppliers in the U.S., develop risk management tools and training materials that reached 344 suppliers, and engage with stakeholders including business representatives, NGOs, and workers to strengthen our child labor prevention framework.",32,Advancing Our Supply Chain Commitments > Responsible Recruitment and Freely Chosen Employment,achievement,achievement,"2024,",,,,0.33,data/raw/amazon/2024_sustainability_report.pdf,amazon,2024,52,0.0,0.0,0.0,True,False,False,False,False,0.2,33.1,False,False,False,1
"In 2024, we continued our collaboration with the Institute of Public & Environmental Affairs (IPE), a nonprofit environmental research organization in China that promotes environmental disclosures and environmental governance.",33,Advancing Our Supply Chain Commitments > Environmental Protection,other,,"2024,",,,,0.5,data/raw/amazon/2024_sustainability_report.pdf,amazon,2024,27,0.037,0.0,0.0,True,False,False,False,False,0.052,-33.6,False,False,False,0
"In 2024, 61% of Amazon’s Private Brands Tier 1 apparel suppliers completed the Higg FEM, to better understand their environmental performance and practices.",33,Advancing Our Supply Chain Commitments > Environmental Protection,achievement,achievement,61%,,,supply chain (tier 1),0.67,data/raw/amazon/2024_sustainability_report.pdf,amazon,2024,21,0.0476,0.0,0.0,True,False,False,True,False,0.21,24.4,False,False,False,0
"In 2024, Whole Foods Market and Amazon Private Brands achieved 22 of 38 sustainability commitments, which cover 11 different commodities.",34,Sourcing Better Materials > Materials and Agricultural Commodities Sourcing,achievement,achievement,"2024,",,,,0.33,data/raw/amazon/2024_sustainability_report.pdf,amazon,2024,16,0.0,0.0,0.0625,True,False,False,False,False,0.2,5.5,False,False,False,0
Europe partnered with a third-party consultant in 2023 to assess deforestation risks.,34,Sourcing Better Materials > Materials and Agricultural Commodities Sourcing,other,,2023,,,,0.5,data/raw/amazon/2024_sustainability_report.pdf,amazon,2024,11,0.0,0.0,0.0,True,False,False,False,True,0.4,18.8,False,False,False,0
"In Europe, we made progress increasing the percentage of verified Deforestationand Conversion-Free soy in our European supply chains throughout 2024.",34,Sourcing Better Materials > Materials and Agricultural Commodities Sourcing,target,,,,2024,supply chain,0.5,data/raw/amazon/2024_sustainability_report.pdf,amazon,2024,19,0.0,0.0,0.0,False,False,True,True,True,0.6,18.4,False,False,False,1
"Amazon became a member of the Roundtable on Sustainable Palm Oil (RSPO) in 2024, reinforcing our commitment to source RSPO-certified palm oil in our Private Brands products.",34,Sourcing Better Materials > Materials and Agricultural Commodities Sourcing,other,firm,"2024,",,,,0.5,data/raw/amazon/2024_sustainability_report.pdf,amazon,2024,26,0.0,0.0,0.0385,True,False,False,False,False,0.2,43.8,False,False,False,0
"As a result, we achieved substantial progress on our goals to source palm oil and its derivatives from sources certified to the RSPO supply chain standard, reaching 100% in-scope products for Whole Foods Market and 97% and 100% for Amazon Private Brands North America and Europe, respectively.",34,Sourcing Better Materials > Materials and Agricultural Commodities Sourcing,achievement,achievement,100%,,,supply chain,0.67,data/raw/amazon/2024_sustainability_report.pdf,amazon,2024,44,0.0227,0.0,0.0227,True,False,False,True,False,0.309,19.9,False,False,False,1
Amazon seeks to sell high-quality grocery products made with responsibly sourced ingredients and ethical production practices.,35,Designing Amazon Products More Sustainably > Overview Progress,attribute,,,,,,0.0,data/raw/amazon/2024_sustainability_report.pdf,amazon,2024,16,0.0,0.0625,0.0,False,False,False,False,False,0.0,0.2,False,False,False,0
"In 2024, we measured carbon emissions, soil health, and water usage of Whole Foods Market and Amazon Fresh private label food products.",35,Designing Amazon Products More Sustainably > Overview Progress,other,,"2024,",,,,0.5,data/raw/amazon/2024_sustainability_report.pdf,amazon,2024,21,0.0,0.0,0.0,True,False,False,False,False,0.2,48.5,False,False,False,0
"As of the end of 2024, we had measured the carbon footprint of 69% of our food-related private label products, which allows us to identify and prioritize carbon abatement projects.",35,Designing Amazon Products More Sustainably > Overview Progress,other,,69%,,,,0.5,data/raw/amazon/2024_sustainability_report.pdf,amazon,2024,28,0.0,0.0,0.0,True,False,False,False,False,0.2,30.4,False,False,False,0
"Projects implemented in 2024 include manure management with dairy farmers, increasing climate smart practices on dairy farms and with leafy green growers, and enhancing process electrification and feed efficiency with seafood suppliers.",35,Designing Amazon Products More Sustainably > Overview Progress,other,,2024,,,,0.5,data/raw/amazon/2024_sustainability_report.pdf,amazon,2024,31,0.0,0.0,0.0,True,False,False,False,False,0.2,3.4,False,False,False,0
"As of the end of 2024, we had measured the carbon footprint of 75% of our non-food related products.",35,Designing Amazon Products More Sustainably > Overview Progress,other,,75%,,,,0.5,data/raw/amazon/2024_sustainability_report.pdf,amazon,2024,17,0.0,0.0,0.0,True,False,False,False,False,0.2,65.2,False,False,False,0
This exercise confirmed the largest carbon abatement opportunities for Amazon Private Brands guiding our decarbonization efforts for 2025 and beyond.,35,Designing Amazon Products More Sustainably > Overview Progress,other,,2025,2025,,,0.5,data/raw/amazon/2024_sustainability_report.pdf,amazon,2024,19,0.0,0.0,0.0,True,True,False,False,False,0.4,0.5,False,False,False,0
"In 2024, we also used the Higg Facility Environmental Module to assess our apparel suppliers’ product manufacturing activities and identified engagement opportunities with more carbon-intensive suppliers, such as fabric mills.",35,Designing Amazon Products More Sustainably > Overview Progress,other,,"2024,",,,,0.5,data/raw/amazon/2024_sustainability_report.pdf,amazon,2024,29,0.0,0.0,0.0,True,False,False,False,False,0.2,-18.1,False,False,False,0
"We regularly evaluate Amazon Private Brands’ environmental and responsible sourcing standards, and, in 2024, we enhanced our lower-carbon material standards for new products.",35,Designing Amazon Products More Sustainably > Overview Progress,other,,"2024,",,,,0.5,data/raw/amazon/2024_sustainability_report.pdf,amazon,2024,22,0.0909,0.0,0.0,True,False,False,False,False,0.0,3.8,False,False,False,1
We also regularly seek opportunities to collaborate with our suppliers on developing more sustainable materials.,35,Designing Amazon Products More Sustainably > Overview Progress,attribute,hedged,,,,,0.0,data/raw/amazon/2024_sustainability_report.pdf,amazon,2024,15,0.0,0.0667,0.0,False,False,False,False,False,0.0,-0.1,False,False,False,0
One way we do this is by incorporating recycled materials in our products.,35,Designing Amazon Products More Sustainably > Overview Progress,attribute,,,,,,0.0,data/raw/amazon/2024_sustainability_report.pdf,amazon,2024,13,0.0,0.0,0.0,False,False,False,False,False,0.0,50.5,False,False,False,0
"By the end of 2024, various components across Echo, Fire TV, Fire tablets, and Kindle were made from a majority of—or all—recycled materials.",35,Designing Amazon Products More Sustainably > Overview Progress,target,achievement,"2024,",,2024,,0.5,data/raw/amazon/2024_sustainability_report.pdf,amazon,2024,24,0.0417,0.0,0.0,True,False,True,False,False,0.233,52.1,False,False,False,0
"These included 58% recycled plastic, 100% recycled yarn, 100% recycled aluminum, and 90% recycled magnesium.",35,Designing Amazon Products More Sustainably > Overview Progress,attribute,,58%,,,,0.5,data/raw/amazon/2024_sustainability_report.pdf,amazon,2024,11,0.0,0.0,0.0,True,False,False,False,False,0.2,-12.0,False,False,False,0
"In 2024, we also launched 25 new devices and accessories with a SCS Recycled Content or a Carbon Trust certification, which are certifications recognized by our Climate Pledge Friendly program.",35,Designing Amazon Products More Sustainably > Overview Progress,target,firm,"2024,",,,,0.25,data/raw/amazon/2024_sustainability_report.pdf,amazon,2024,28,0.0,0.0,0.0,True,False,False,False,False,0.2,18.3,False,False,False,0
"We aim to have 100% of tin, tungsten, tantalum, and gold smelters and refiners in our supply chain conform with a recognized minerals certification program.",35,Designing Amazon Products More Sustainably > Overview Progress,other,hedged,100%,,,supply chain,1.0,data/raw/amazon/2024_sustainability_report.pdf,amazon,2024,24,0.0,0.0,0.0417,True,False,False,True,False,0.4,34.4,False,False,False,0
"In addition, we aim to use more recycled materials when sourcing minerals for our electronic products.",35,Designing Amazon Products More Sustainably > Overview Progress,attribute,hedged,,,,,0.0,data/raw/amazon/2024_sustainability_report.pdf,amazon,2024,16,0.0,0.0,0.0625,False,False,False,False,False,0.0,37.3,False,False,False,0
"In 2024, we introduced the new Kindle Colorsoft Signature Edition e-reader with a battery made from 100% recycled cobalt and the Echo Hub Smart Home Control Panel with magnets made from 100% recycled rare earth elements.",35,Designing Amazon Products More Sustainably > Overview Progress,attribute,,100%,,,,0.5,data/raw/amazon/2024_sustainability_report.pdf,amazon,2024,33,0.0,0.0,0.0,True,False,False,False,False,0.2,27.2,False,False,False,0
"By 2022, we had contracted enough renewable energy capacity to match our 2025 projections.",35,Designing Amazon Products More Sustainably > Overview Progress,target,,"2022,",,2022,,0.5,data/raw/amazon/2024_sustainability_report.pdf,amazon,2024,12,0.0,0.0,0.02,True,False,True,False,False,0.4,25.5,False,False,False,0
"In 2024, when this capacity was brought online, we matched the electricity used by active Echo, Fire TV and Ring devices—a full year ahead of our goal.",35,Designing Amazon Products More Sustainably > Overview Progress,achievement,achievement,"2024,",,,,0.33,data/raw/amazon/2024_sustainability_report.pdf,amazon,2024,27,0.0,0.0,0.037,True,False,False,False,False,0.2,47.8,False,False,False,0
"In 2024, 89% of new devices and accessories featured 100% recyclable packaging in the U.S., now at 42 devices in total, but down from 90% in 2023, due to the types of devices released in 2024.",35,Designing Amazon Products More Sustainably > Overview Progress,attribute,,89%,,,,0.5,data/raw/amazon/2024_sustainability_report.pdf,amazon,2024,30,0.0,0.0,0.0,True,False,False,False,False,0.2,58.5,False,False,False,0
"Some products, large Fire TVs for example, require non-recyclable packaging components (e.g., expanded polystyrene (EPS) foam) to meet shipping and storage product protection requirements.",35,Designing Amazon Products More Sustainably > Overview Progress,attribute,,,,,,0.0,data/raw/amazon/2024_sustainability_report.pdf,amazon,2024,25,0.0,0.0,0.0,False,False,False,False,False,0.0,35.9,False,False,False,0
"We also introduced redesigned packaging for Echo, Kindle, and Fire TV devices that replaces, on average, 30% of the fiber content with recycled fiber, and has 60% less ink compared to previous packaging.",35,Designing Amazon Products More Sustainably > Overview Progress,attribute,,30%,,,,0.5,data/raw/amazon/2024_sustainability_report.pdf,amazon,2024,31,0.0,0.0,0.0,True,False,False,False,False,0.2,19.8,False,False,False,0
"This new packaging also reduces our reliance on virgin tree-based and bleached fibers, resulting in an average of 98% wood fiber-based materials from responsibly managed forests or recycled sources used in packaging across our device product lines.",35,Designing Amazon Products More Sustainably > Overview Progress,attribute,,98%,,,,0.5,data/raw/amazon/2024_sustainability_report.pdf,amazon,2024,36,0.0,0.0,0.0,True,False,False,False,False,0.2,1.1,False,False,False,0
"In 2024, 62 supplier sites achieved UL Solutions’ Zero Waste to Landfill (ZWTL) certification at Silver level or better, up from 10 sites when we launched our ZWTL program in 2021.43 This includes all final assembly sites and packaging sites worldwide for Echo, Kindle, Ring, Fire tablets, Fire TV devices, cables, and adapters.",35,Designing Amazon Products More Sustainably > Overview Progress,achievement,achievement,"2024,",,,,0.33,data/raw/amazon/2024_sustainability_report.pdf,amazon,2024,49,0.0204,0.0,0.0,True,False,False,False,False,0.118,36.9,False,False,False,0
"In 2024, we updated these fact sheets to include carbon footprint comparisons against previous-generation models.",35,Designing Amazon Products More Sustainably > Overview Progress,other,,"2024,",,,,0.5,data/raw/amazon/2024_sustainability_report.pdf,amazon,2024,14,0.0,0.0,0.0,True,False,False,False,False,0.2,17.4,False,False,False,0
Climate Pledge Friendly enables customers to discover products with sustainability features through badging and detailed product information across 60 trusted certifications.,36,Providing More Sustainable Shopping Choices > Our Climate Pledge Friendly Program,target,firm,60,,,,0.25,data/raw/amazon/2024_sustainability_report.pdf,amazon,2024,20,0.0,0.0,0.0,True,False,False,False,False,0.2,-20.7,False,False,False,0
These certifications span features from recycled materials and organic contents to worker well-being and energy efficiency.,36,Providing More Sustainable Shopping Choices > Our Climate Pledge Friendly Program,attribute,,,,,,0.0,data/raw/amazon/2024_sustainability_report.pdf,amazon,2024,16,0.0,0.0,0.0,False,False,False,False,False,0.0,0.2,False,False,False,0
"We engaged nearly 272,000 selling partners, including approximately 41,000 new ones in 2024, to qualify products that could be recognized by certifications in the Climate Pledge Friendly program.",36,Providing More Sustainable Shopping Choices > Our Climate Pledge Friendly Program,target,firm,"272,000",,,,0.25,data/raw/amazon/2024_sustainability_report.pdf,amazon,2024,25,0.0,0.08,0.0,True,False,False,False,False,0.0,8.9,True,False,True,0
All devices that are traded in by customers are evaluated and either recycled or refurbished for resale.,36,"Providing More Sustainable Shopping Choices > • If you’re done with your product, you can trade it",attribute,,,,,,0.0,data/raw/amazon/2024_sustainability_report.pdf,amazon,2024,17,0.0,0.0,0.0,False,False,False,False,False,0.0,30.3,True,False,False,0
"Amazon’s Kindle Colorsoft Signature Edition e-reader, our first color Kindle with a recycled cobalt battery.",36,Providing More Sustainable Shopping Choices > Number of Products Recognized by Our Climate Pledge Friendly Program,attribute,,,,,,0.0,data/raw/amazon/2024_sustainability_report.pdf,amazon,2024,16,0.0,0.0,0.0,False,False,False,False,False,0.0,21.4,False,False,False,0
"AWS also supports the United Nations-led digital platform, AI for Good , investing $800,000 with 10 organizations and projects to identify practical AI solutions that advance the UN Sustainable Development Goals.",46,Expanding Access to Critical Social Needs > AI for Social Good,other,,"800,000",,,,0.5,data/raw/amazon/2024_sustainability_report.pdf,amazon,2024,28,0.0,0.0,0.0357,True,False,False,False,False,0.2,6.2,False,False,False,1
"Our 15 global Disaster Relief Hubs across the U.S., Europe, Asia, and Australia are facilities stocked with relief items including shelter materials, hygiene supplies, and medical equipment.",46,Supporting Disaster Relief and Response Efforts,other,,15,,,,0.5,data/raw/amazon/2024_sustainability_report.pdf,amazon,2024,27,0.0,0.0,0.0,True,False,False,False,False,0.2,31.6,False,False,False,0
"In 2024, Amazon appointed a Human Rights Officer (HRO) to oversee risk management of human rights and environmental risks to meet regulatory requirements.",48,Board Committee Structure and Oversight,other,,"2024,",,,,0.5,data/raw/amazon/2024_sustainability_report.pdf,amazon,2024,22,0.0,0.0,0.0,True,False,False,False,False,0.2,11.5,False,False,False,0
"We increased purchases with existing suppliers in our supply chain and also identified new companies, bringing the total number of qualified, competitive DOBs to more than 500.",49,Supplier Development and Impact,other,achievement,,,,supply chain,0.5,data/raw/amazon/2024_sustainability_report.pdf,amazon,2024,26,0.0,0.0,0.0,False,False,False,True,False,0.2,24.3,False,False,False,0
"For example, we advocate in support of public policy that aligns with our commitment to reach net-zero carbon emissions across our global supply chain by 2040, including carbon-free energy, and on policies aimed at reducing packaging materials.",49,Policy and Advocacy,target,firm,"2040,",,2040,supply chain,0.75,data/raw/amazon/2024_sustainability_report.pdf,amazon,2024,36,0.0,0.0,0.1033,True,False,True,True,False,0.6,10.5,False,False,False,0
Palm Oil Source palm oil and derivatives in Amazon Private Brands food and consumable products and palm oil in 365 by Whole Foods Market food products from sources certified to the RSPO supply chain standard.,51,Materials and Agricultural Commodities Sourcing,other,,365,,,supply chain,1.0,data/raw/amazon/2024_sustainability_report.pdf,amazon,2024,34,0.0,0.0,0.0,True,False,False,True,False,0.4,45.4,False,False,False,0
"In an effort to achieve this target, Amazon (including Whole Foods Market) became a member of the RSPO in February 2024 to demonstrate our strong commitment to source sustainably certified palm oil for our Private Brands products.",51,Materials and Agricultural Commodities Sourcing,target,firm,2024,,,,0.25,data/raw/amazon/2024_sustainability_report.pdf,amazon,2024,36,0.0278,0.0,0.0556,True,False,False,False,False,0.089,31.6,False,False,False,0
"Source Private Brands paper products that are either recycled or certified to Forest Stewardship Council (FSC), Sustainable Forestry Initiative (SFI), or Programme for the Endorsement of Forest Certification (PEFC) standards.",51,Materials and Agricultural Commodities Sourcing > Paper Products and Paper PackagingA,attribute,,,,,,0.0,data/raw/amazon/2024_sustainability_report.pdf,amazon,2024,30,0.0,0.0,0.0,False,False,False,False,False,0.0,10.0,False,False,False,0
We strive to use sustainably sourced fiber in our grocery and consumable Private Brands paper-based primary packaging.,51,Materials and Agricultural Commodities Sourcing > Paper Products and Paper PackagingA,attribute,hedged,,,,,0.0,data/raw/amazon/2024_sustainability_report.pdf,amazon,2024,17,0.0,0.0,0.0,False,False,False,False,False,0.0,20.4,False,False,False,0
We are working with our suppliers to increase the amount of fiber from responsibly managed forests and/ or recycled materials used in our paper-based primary packaging.,51,Materials and Agricultural Commodities Sourcing > Paper Products and Paper PackagingA,attribute,,,,,,0.0,data/raw/amazon/2024_sustainability_report.pdf,amazon,2024,26,0.0,0.0,0.0,False,False,False,False,False,0.0,21.0,False,False,False,0
We continue to work with suppliers to increase the amount of fiber from responsibly managed forests and/ or recycled materials used in our paper-based primary packaging.,51,Materials and Agricultural Commodities Sourcing > Paper Products and Paper PackagingA,attribute,,,,,,0.0,data/raw/amazon/2024_sustainability_report.pdf,amazon,2024,26,0.0,0.0,0.0,False,False,False,False,False,0.0,17.8,False,False,False,0
"BeefB By 2025, source Private Brands beef from regions of low deforestation risk or with full supply chain traceability, demonstrating the products did not contribute to deforestation.",51,Materials and Agricultural Commodities Sourcing > Paper Products and Paper PackagingA,target,hedged,"2025,",,2025,supply chain,0.75,data/raw/amazon/2024_sustainability_report.pdf,amazon,2024,26,0.0,0.0,0.02,True,False,True,True,False,0.6,27.5,False,False,False,0
SoyC Conduct a risk assessment of the soy in Private Brands supply chains with a third-party consultancy and share more information by the end of 2023.,51,Materials and Agricultural Commodities Sourcing > Paper Products and Paper PackagingA,target,,,,2023,supply chain,0.5,data/raw/amazon/2024_sustainability_report.pdf,amazon,2024,25,0.0,0.0,0.0,False,False,True,True,True,0.6,52.9,False,False,False,0
"Within Europe, Amazon’s goal is that the soy in Private Brands supply chains will be deforestation-free by the end of 2025, with a cut-off date of 2020.",51,Materials and Agricultural Commodities Sourcing > Paper Products and Paper PackagingA,target,firm,"2025,",,2025,supply chain,0.75,data/raw/amazon/2024_sustainability_report.pdf,amazon,2024,26,0.0,0.0,0.0769,True,False,True,True,False,0.6,60.1,False,True,False,0
"In 2024, 6% of soy in our European private brand supply chains was verified Deforestationand Conversion-Free (DCF), an increase from 4% in 2023.",51,Materials and Agricultural Commodities Sourcing > Paper Products and Paper PackagingA,achievement,achievement,6%,,,supply chain,0.67,data/raw/amazon/2024_sustainability_report.pdf,amazon,2024,19,0.0,0.0,0.0,True,False,False,True,True,0.6,40.6,True,False,False,0
"Within North America, we conducted a risk assessment of the soy in Amazon and Whole Foods Market private brands supply chains with a third-party consultancy in 2023.",51,Materials and Agricultural Commodities Sourcing > Paper Products and Paper PackagingA,other,,,,,supply chain,0.5,data/raw/amazon/2024_sustainability_report.pdf,amazon,2024,26,0.0,0.0,0.0,False,False,False,True,True,0.4,37.3,False,False,False,0
"Cotton Source all cotton for Amazon Private Brands apparel products from more sustainable sources, which we define as being sourced from recycled materials, from farms certified as producing organic cotton, or through the Better Cotton Initiative, or through the U.S. Cotton Trust Protocol.",53,Materials and Agricultural Commodities Sourcing (continued),attribute,,,,,,0.0,data/raw/amazon/2024_sustainability_report.pdf,amazon,2024,44,0.0227,0.0,0.0,False,False,False,False,False,0.0,45.8,True,False,False,0
"Recycled Fabrics Increase the use of recycled fabrics in Amazon Private Brands apparel products, including moving from conventional to recycled polyester and launching products made from innovative recycled fibers.",53,Materials and Agricultural Commodities Sourcing (continued) > Manufactured Cellulosic Fibers,attribute,,,,,,0.0,data/raw/amazon/2024_sustainability_report.pdf,amazon,2024,29,0.0,0.0,0.0,False,False,False,False,False,0.0,2.4,False,False,False,1
Polyester in Amazon Private Brands apparel is recycled polyester.,53,Materials and Agricultural Commodities Sourcing (continued) > Manufactured Cellulosic Fibers,attribute,,,,,,0.0,data/raw/amazon/2024_sustainability_report.pdf,amazon,2024,9,0.0,0.0,0.0,False,False,False,False,False,0.0,9.7,True,False,False,0
Polyester in Amazon Private Brands apparel products is recycled polyester.,53,Materials and Agricultural Commodities Sourcing (continued) > Manufactured Cellulosic Fibers,attribute,,,,,,0.0,data/raw/amazon/2024_sustainability_report.pdf,amazon,2024,10,0.0,0.0,0.0,False,False,False,False,False,0.0,10.6,True,False,False,0
A Whole Foods Market sells only recycled materials or FSC-certified products.,53,Materials and Agricultural Commodities Sourcing (continued),attribute,,,,,,0.0,data/raw/amazon/2024_sustainability_report.pdf,amazon,2024,11,0.0,0.0,0.0,False,False,False,False,False,0.0,41.9,False,False,False,0
A cut-off date of 2020 means that the soy has not been sourced from land that has been subject to deforestation since the end of 2020.,53,Materials and Agricultural Commodities Sourcing (continued),achievement,achievement,2020,,,,0.33,data/raw/amazon/2024_sustainability_report.pdf,amazon,2024,24,0.0,0.0417,0.0,True,False,False,False,False,0.033,73.2,True,False,False,0
Whole Foods Market sells only wild-caught seafood from fisheries that are certified sustainable by the Marine Stewardship Council (MSC) or rated Green or Yellow by the Monterey Bay Aquarium Seafood Watch program.,53,Materials and Agricultural Commodities Sourcing (continued),attribute,,,,,,0.0,data/raw/amazon/2024_sustainability_report.pdf,amazon,2024,32,0.0,0.0,0.0,False,False,False,False,False,0.0,31.6,True,False,False,0
Canned tuna in grocery and in Whole Foods Market’s own kitchens is traceable to the boats and must be sourced from fisheries that are using one-by-one catch methods and certified sustainable by the MSC or rated Green or Yellow by the Monterey Bay Aquarium Seafood Watch program.,53,Materials and Agricultural Commodities Sourcing (continued),attribute,firm,,,,,0.0,data/raw/amazon/2024_sustainability_report.pdf,amazon,2024,48,0.0,0.0,0.0,False,False,False,False,False,0.0,25.9,True,True,False,0
"2. Carbon-free energy includes existing renewable energy technologies, such as wind and solar farms and on-site rooftop solar systems, as well as other sources that generate carbon-free energy, such as nuclear reactors, hydroelectric, and geothermal.",55,Monitoring Our Priorities > Data Tables Priority Topics Assessment Endnotes Assurance Statements Disclaimer and Forward-Looking Statements,attribute,,,,,,0.0,data/raw/amazon/2024_sustainability_report.pdf,amazon,2024,34,0.0,0.0,0.0,False,False,False,False,False,0.0,22.9,False,False,False,0
"In our 2022 and 2023 Reports, we stated this goal had been met with contracted energy capacity.",55,Monitoring Our Priorities > Data Tables Priority Topics Assessment Endnotes Assurance Statements Disclaimer and Forward-Looking Statements,other,,2022,,,,0.5,data/raw/amazon/2024_sustainability_report.pdf,amazon,2024,15,0.0,0.0,0.0667,True,False,False,False,False,0.2,56.3,False,False,False,0
"In 2024, the contracted energy became operational.",55,Monitoring Our Priorities > Data Tables Priority Topics Assessment Endnotes Assurance Statements Disclaimer and Forward-Looking Statements,other,,"2024,",,,,0.5,data/raw/amazon/2024_sustainability_report.pdf,amazon,2024,6,0.0,0.0,0.0,True,False,False,False,False,0.2,-10.8,False,False,False,0
"Amazon’s carbon footprint is reported in metric tons of carbon dioxide equivalent (MTCO2e), where each metric ton of CO2 emissions represents the same global warming potential as one metric ton of another greenhouse gas.",55,Monitoring Our Priorities > Data Tables Priority Topics Assessment Endnotes Assurance Statements Disclaimer and Forward-Looking Statements,other,,,,,,0.0,data/raw/amazon/2024_sustainability_report.pdf,amazon,2024,36,0.0,0.0,0.0,False,False,False,False,False,0.0,26.9,True,False,False,0
Carbon intensity at Amazon is measured in grams of CO2e per dollar of gross merchandise sales (g CO2e/$GMS).,55,Monitoring Our Priorities > Data Tables Priority Topics Assessment Endnotes Assurance Statements Disclaimer and Forward-Looking Statements,other,,,,,,0.0,data/raw/amazon/2024_sustainability_report.pdf,amazon,2024,21,0.0,0.0,0.0,False,False,False,False,False,0.0,52.6,True,False,False,0
9. We regularly refine our carbon measurement approach to improve accuracy.,55,Monitoring Our Priorities > Data Tables Priority Topics Assessment Endnotes Assurance Statements Disclaimer and Forward-Looking Statements,other,,,,,,0.0,data/raw/amazon/2024_sustainability_report.pdf,amazon,2024,10,0.0,0.0,0.0,False,False,False,False,False,0.0,7.2,False,False,False,0
"In 2024, we updated our emissions data sources, which led us to recalculate our 2022 and 2023 figures.",55,Monitoring Our Priorities > Data Tables Priority Topics Assessment Endnotes Assurance Statements Disclaimer and Forward-Looking Statements,other,,"2024,",,,,0.5,data/raw/amazon/2024_sustainability_report.pdf,amazon,2024,15,0.0,0.0,0.0,True,False,False,False,False,0.2,45.0,False,False,False,0
"While we did not apply these new methods to 2021 and earlier data, year-over-year comparisons remain possible, though the methodology differs between 2024 and 2019 carbon intensity calculations.",55,Monitoring Our Priorities > Data Tables Priority Topics Assessment Endnotes Assurance Statements Disclaimer and Forward-Looking Statements,other,,2021,,,,0.5,data/raw/amazon/2024_sustainability_report.pdf,amazon,2024,25,0.0,0.0,0.0,True,False,False,False,False,0.2,12.3,False,False,False,0
"Datacenter Builds and CO2 Emissions Doc # US51911924, January 2025.",55,Monitoring Our Priorities > Data Tables Priority Topics Assessment Endnotes Assurance Statements Disclaimer and Forward-Looking Statements,other,,,,,,0.0,data/raw/amazon/2024_sustainability_report.pdf,amazon,2024,8,0.0,0.0,0.0,False,False,False,False,False,0.0,40.1,False,False,False,0
"A 1.0 PUE is a theoretical number, implying that all the energy consumed by a data center is being used to power computing equipment and that none is wasted on cooling or other infrastructure.",55,Monitoring Our Priorities > Data Tables Priority Topics Assessment Endnotes Assurance Statements Disclaimer and Forward-Looking Statements,other,,1.0,,,,0.5,data/raw/amazon/2024_sustainability_report.pdf,amazon,2024,33,0.0,0.0,0.0,True,False,False,False,False,0.2,46.5,True,False,False,0
WEF Net Zero Industry Tracker 2024 .,55,Monitoring Our Priorities > Data Tables Priority Topics Assessment Endnotes Assurance Statements Disclaimer and Forward-Looking Statements,attribute,,2024,,,,0.5,data/raw/amazon/2024_sustainability_report.pdf,amazon,2024,5,0.0,0.0,0.0,True,False,False,False,False,0.2,49.5,False,False,False,0
Please refer to our most recent update as mentioned in our 2022 Sustainability Report .,55,Monitoring Our Priorities > Data Tables Priority Topics Assessment Endnotes Assurance Statements Disclaimer and Forward-Looking Statements,other,,2022,,,,0.5,data/raw/amazon/2024_sustainability_report.pdf,amazon,2024,13,0.0,0.0,0.0,True,False,False,False,False,0.2,37.5,False,False,False,0
"2024 data has an expanded scope that includes both Amazon-branded product suppliers and thirdparty labor, service, and not-for-resale goods providers in our logistics, warehousing, and construction supply chain.",55,Monitoring Our Priorities > Data Tables Priority Topics Assessment Endnotes Assurance Statements Disclaimer and Forward-Looking Statements,other,,2024,,,supply chain,1.0,data/raw/amazon/2024_sustainability_report.pdf,amazon,2024,27,0.0,0.0,0.0,True,False,False,True,False,0.4,7.1,False,False,False,0
"Image 1: Our Euclid, Ohio, fulfillment center is the first in the U.S. to replace plastic delivery packaging with paper packaging solutions that are curbside recyclable.",55,Monitoring Our Priorities > On the cover,attribute,,1,,,,0.5,data/raw/amazon/2024_sustainability_report.pdf,amazon,2024,26,0.0,0.0,0.0,True,False,False,False,False,0.2,45.1,False,False,False,0
"Image 3: In Madison County, Ohio, we’ve enabled one of the first utility-scale solar projects in the U.S. that is intentionally integrating forage crop production—crops used as feedstock—between rows of solar panels.",55,Monitoring Our Priorities > On the cover,other,,3,,,,0.5,data/raw/amazon/2024_sustainability_report.pdf,amazon,2024,35,0.0,0.0,0.0,True,False,False,False,False,0.2,42.7,False,False,False,0
"We set bold, long-term aspirations, such as The Climate Pledge—our goal to reach net-zero carbon emissions across our global operations by 2040—and create strategic, actionable plans to achieve them.",2,About Amazon and This Report,target,firm,2040,,2040,,0.5,data/raw/amazon/2025_sustainability_report.pdf,amazon,2025,30,0.0,0.0,0.12,True,False,True,False,False,0.4,35.4,False,False,False,1
"For Amazon’s work in sustainability, we laid out our long-term vision starting back in 2015 when we first suggested net-zero goals in a planning meeting, which culminated in setting The Climate Pledge in 2019.",3,A Letter from Our Chief Sustainability Officer,target,firm,2015,,,,0.25,data/raw/amazon/2025_sustainability_report.pdf,amazon,2025,33,0.0,0.0,0.0606,True,False,False,False,False,0.2,34.9,False,False,False,0
We were investing heavily in clean energy for many years before it became a dinner table conversation.,3,A Letter from Our Chief Sustainability Officer,attribute,achievement,,,,,0.0,data/raw/amazon/2025_sustainability_report.pdf,amazon,2025,17,0.0588,0.0,0.0,False,False,False,False,False,0.0,40.3,False,False,False,0
"We also have more buildings than any other cloud provider using reclaimed water, and we’re investing in water replenishment projects around the world that have helped us get 75% of the way toward our goal to be water positive by 2030.",3,A Letter from Our Chief Sustainability Officer,target,,75%,,2030,,0.5,data/raw/amazon/2025_sustainability_report.pdf,amazon,2025,40,0.0,0.025,0.07,True,False,True,False,False,0.3,33.0,False,False,False,1
"In 2025, we shipped more packages than ever while generating less waste per unit shipped than the previous year.",3,A Letter from Our Chief Sustainability Officer,other,,"2025,",,,,0.5,data/raw/amazon/2025_sustainability_report.pdf,amazon,2025,18,0.0,0.0,0.0,True,False,False,False,False,0.2,57.0,False,False,False,0
"Our scientists and engineers retrofitted automated packaging machines with paper-based alternatives, avoiding 288 million single-use plastic bags in North America.",3,A Letter from Our Chief Sustainability Officer,other,,288 million,,,,0.5,data/raw/amazon/2025_sustainability_report.pdf,amazon,2025,19,0.0,0.0,0.0,True,False,False,False,False,0.2,-26.2,False,False,False,0
"When disasters strike, we use our delivery infrastructure to move life-saving resources and support first responders, including committing to provide over 2,000 free rapid response technology systems that deliver power, connectivity, and water after disasters in minutes to nonprofit partners at no cost by 2027.",3,A Letter from Our Chief Sustainability Officer,target,hedged,"2,000",,2027,,0.5,data/raw/amazon/2025_sustainability_report.pdf,amazon,2025,43,0.0,0.0,0.0433,True,False,True,False,False,0.4,-8.0,False,False,False,0
"Amazon’s more than 1.5 million fulland part-time employees are important to our success, from enabling global fulfillment to delivering on sustainability initiatives.",4,Our Business > Our Workforce,other,,1.5 million,,,,0.5,data/raw/amazon/2025_sustainability_report.pdf,amazon,2025,22,0.0,0.0,0.0,True,False,False,False,False,0.2,11.1,False,False,False,1
A number below 100% indicates we are still working to meet the water positive goal.,5,Goals Summary > Employee Experience,other,,100%,,,,0.5,data/raw/amazon/2025_sustainability_report.pdf,amazon,2025,14,0.0,0.0,0.0714,True,False,False,False,False,0.2,53.6,False,False,False,1
"For example, in 2025, our Amazon Sustainability Accelerator welcomed Greyparrot, which has developed a computer vision system that observes waste conveyor belts to identify and categorize more than 110 different types of waste in real time.",6,AI for Efficiency,other,,"2025,",,,,0.5,data/raw/amazon/2025_sustainability_report.pdf,amazon,2025,34,0.0,0.0,0.0,True,False,False,False,False,0.2,0.6,False,False,False,0
We are committed to sourcing carbon-free energy and returning more water to our communities than we withdraw for our data center operations.,6,Responsible AI,attribute,firm,,,,,0.0,data/raw/amazon/2025_sustainability_report.pdf,amazon,2025,22,0.0,0.0,0.0455,False,False,False,False,False,0.0,30.7,True,False,False,1
"In 2025, we developed an AI system to identify the material composition of unsellable and non-donatable inventory, such as multilayer plastics, textiles, and certain electronics, to drive more effective sorting and recycling.",6,Scaling AI across Our Value Chain > Learn more here,other,,"2025,",,,,0.5,data/raw/amazon/2025_sustainability_report.pdf,amazon,2025,31,0.0,0.0,0.0,True,False,False,False,False,0.2,-2.0,False,False,False,0
"In 2025, Amazon adopted use of an AI tool, BNG.AI, to enable rapid assessment of the biodiversity value of potential development sites in the UK.",6,Scaling AI across Our Value Chain > Learn more here,other,,"2025,",,,,0.5,data/raw/amazon/2025_sustainability_report.pdf,amazon,2025,25,0.0,0.0,0.0,True,False,False,False,False,0.2,45.3,False,False,False,0
"Our approach is grounded in climate science and centers on The Climate Pledge , our commitment to reach net-zero carbon emissions across our global operations by 2040.",7,Our Approach,target,firm,,,2040,,0.25,data/raw/amazon/2025_sustainability_report.pdf,amazon,2025,25,0.0,0.0,0.1,False,False,True,False,False,0.2,39.3,True,False,False,0
"We aim to achieve net-zero carbon emissions through decarbonization of our operations and supply chain, then neutralizing any residual emissions.",7,Our Approach,attribute,hedged,,,,own operations; supply chain,0.5,data/raw/amazon/2025_sustainability_report.pdf,amazon,2025,20,0.0,0.0,0.05,False,False,False,True,False,0.2,4.6,False,False,False,0
"When we co-founded The Climate Pledge in 2019, and encouraged other companies to join us, we anticipated that continued business growth, operational transformation, and investment in climate innovation could mean near-term increases in emissions before longer-term reductions.",7,Our Carbon Footprint,target,firm,"2019,",,,,0.25,data/raw/amazon/2025_sustainability_report.pdf,amazon,2025,36,0.0278,0.0556,0.0,True,False,False,False,False,0.0,-8.3,False,False,True,0
"From 2024 to 2025, absolute emissions increased 16% and carbon intensity increased 3%.4,5 Yet, since 2019, overall carbon intensity has decreased 38% even as we significantly expanded the products, services, and deliveries we provided to customers, demonstrating that we are decoupling growth from emissions, in line with our longer-term strategy.",7,Our Carbon Footprint,achievement,achievement,16%,2024,,,0.67,data/raw/amazon/2025_sustainability_report.pdf,amazon,2025,44,0.0455,0.0,0.0,True,True,False,False,False,0.218,7.6,False,False,False,0
"Our supply chain emissions account for 76% of our carbon footprint, and these emissions increased 20% compared to 2024.",7,Our Carbon Footprint > Supply Chain Emissions,achievement,achievement,76%,2024,,supply chain,1.0,data/raw/amazon/2025_sustainability_report.pdf,amazon,2025,16,0.0,0.0,0.0,True,True,False,True,False,0.6,42.5,False,False,False,0
"Starting in 2025, we also began engaging suppliers to share decarbonization plans through the CDP platform .",8,Our Carbon Footprint > Supply Chain Emissions,other,,"2025,",,,,0.5,data/raw/amazon/2025_sustainability_report.pdf,amazon,2025,15,0.0,0.0,0.0667,True,False,False,False,True,0.4,39.3,False,False,False,0
"85% of direct manufacturing spend for Echo, Kindle, Fire Tablet, Fire TV, Ring, Blink, and eero devices and accessories—in developing renewable energy implementation plans.",8,Our Carbon Footprint > Supply Chain Emissions,other,,85%,,,,0.5,data/raw/amazon/2025_sustainability_report.pdf,amazon,2025,24,0.0,0.0,0.0417,True,False,False,False,False,0.2,13.3,False,False,False,0
"Additionally, Amazon Grocery received 71 commitments from suppliers, affirming their intention to implement carbon reduction solutions and Amazon Private Brands worked with 52 suppliers to reduce their carbon footprints by supporting the implementation of new carbon-free energy projects or verifying supplier-driven initiatives.",8,Our Carbon Footprint > Supply Chain Emissions,attribute,,71,,,,0.5,data/raw/amazon/2025_sustainability_report.pdf,amazon,2025,40,0.0,0.0,0.025,True,False,False,False,False,0.2,-26.2,False,False,False,0
"To advance clean energy adoption at scale, Amazon helped found the Corporate Energy Buyers Association’s (CEBA) Clean Energy Procurement Academy, which trained more than 100 supplier representatives across China and Vietnam in 2025.",8,Our Carbon Footprint > Supply Chain Emissions,attribute,,100,,,,0.5,data/raw/amazon/2025_sustainability_report.pdf,amazon,2025,32,0.0,0.0,0.0,True,False,False,False,False,0.2,-0.1,False,False,False,1
"We also enabled 11 suppliers to accelerate their energy transition through rooftop solar, green energy procurement, and renewable energy certificates.",8,Our Carbon Footprint > Supply Chain Emissions,attribute,,11,,,,0.5,data/raw/amazon/2025_sustainability_report.pdf,amazon,2025,19,0.0,0.0,0.0,True,False,False,False,False,0.2,-12.8,False,False,False,1
"In early 2025, we launched a carbon credits service on our Sustainability Exchange to offer high-quality carbon credits to Amazon suppliers, Amazon enterprise customers, and U.S.-based signatories of The Climate Pledge.",8,Our Carbon Footprint > Supply Chain Emissions,target,firm,"2025,",,,,0.25,data/raw/amazon/2025_sustainability_report.pdf,amazon,2025,32,0.0,0.0,0.0,True,False,False,False,False,0.2,29.5,False,False,False,0
"As of the end of 2025, credits were available to companies that have set a net-zero carbon emissions target (covering Scope 1, 2, and 3 emissions) for no later than 2050 and that measure and publicly report their carbon footprint on a regular basis.",8,Our Carbon Footprint > Supply Chain Emissions,target,achievement,"2025,",,2050,Scope 1,0.75,data/raw/amazon/2025_sustainability_report.pdf,amazon,2025,39,0.0,0.0,0.0256,True,False,True,True,False,0.6,28.4,False,False,False,0
"In 2025, 61 building projects across Amazon— including data centers and fulfillment centers— incorporated lower-carbon building materials, such as mass timber and lower-carbon concrete, steel, and aluminum, avoiding 195,000 metric tons of embodied CO₂e compared to traditional construction materials.",9,2025 Climate and Energy Highlights,other,,"195,000 metric tons",,,,0.5,data/raw/amazon/2025_sustainability_report.pdf,amazon,2025,37,0.0,0.0,0.0,True,False,False,False,False,0.2,-15.9,False,False,False,0
We also built 14 operations buildings with lower-carbon concrete.,9,2025 Climate and Energy Highlights > • Lower-carbon steel: We constructed 33 data centers,other,,14,,,,0.5,data/raw/amazon/2025_sustainability_report.pdf,amazon,2025,8,0.0,0.0,0.0,True,False,False,False,False,0.2,18.9,False,False,False,0
"In early 2026, Amazon agreed to be the first customer for Rio Tinto's lower-carbon copper produced using Nuton bioleaching technology.",9,2025 Climate and Energy Highlights > • Lower-carbon steel: We constructed 33 data centers,other,,"2026,",,,,0.5,data/raw/amazon/2025_sustainability_report.pdf,amazon,2025,19,0.0,0.0,0.0,True,False,False,False,False,0.2,13.9,False,False,False,0
"For shipments that are transported by plane, we are investing in sustainable aviation fuel (SAF)—a lower-carbon alternative to conventional jet fuel that can reduce lifecycle emissions by up to 80% .",9,2025 Climate and Energy Highlights > Scaling Lower-Carbon Alternatives,attribute,,80%,,,,0.5,data/raw/amazon/2025_sustainability_report.pdf,amazon,2025,30,0.0,0.0333,0.0333,True,False,False,False,False,0.067,26.9,True,False,False,0
"We purchased lower-emission biofuel services representing the maritime transportation of 14% of our ocean cargo, in alignment with industry goals from the First Movers Coalition and the Zero Emission Maritime Buyers Alliance (ZEMBA) .",9,2025 Climate and Energy Highlights > Scaling Lower-Carbon Alternatives,attribute,,14%,,,,0.5,data/raw/amazon/2025_sustainability_report.pdf,amazon,2025,32,0.0,0.0,0.0312,True,False,False,False,False,0.2,2.5,False,False,False,0
"Where we have direct operational control—primarily our owned delivery network—emissions increased 2% compared to 2024, while we delivered more packages to more customers.",9,Emissions from Our Direct Operations,achievement,achievement,2%,2024,,,0.67,data/raw/amazon/2025_sustainability_report.pdf,amazon,2025,23,0.0,0.0,0.0,True,True,False,False,False,0.4,-0.4,False,False,False,0
"Emissions from our direct operations represent 19% of our carbon footprint, and we reduce them through delivery network efficiencies, scaling electric vehicles (EVs), and deploying lower-carbon fuels.",9,Emissions from Our Direct Operations,other,firm,19%,,,,0.5,data/raw/amazon/2025_sustainability_report.pdf,amazon,2025,26,0.0,0.0,0.0,True,False,False,False,False,0.2,8.0,False,False,False,0
2025 marked a major milestone in our journey to decarbonize Amazon’s UK transportation network with the first eHGVs deployed in the UK.,9,Emissions from Our Direct Operations,other,,2025,,,,0.5,data/raw/amazon/2025_sustainability_report.pdf,amazon,2025,22,0.0,0.0,0.0,True,False,False,False,False,0.2,42.2,False,False,False,1
"For Amazon’s vehicles that are not yet electrified, we purchased 3.6 million gallons of renewable diesel—a lowercarbon fuel made from waste fats and oils— 1.1 million fewer gallons than in 2024 due to availability.",9,Emissions from Our Direct Operations,other,,3.6 million,,,,0.5,data/raw/amazon/2025_sustainability_report.pdf,amazon,2025,33,0.0,0.0,0.0,True,False,False,False,False,0.2,47.0,False,False,False,0
"We also purchased 39.5 million gallons of renewable natural gas for use in 4,400 compressed natural gas vehicles in 2025.",9,Emissions from Our Direct Operations,other,,39.5 million,,,,0.5,data/raw/amazon/2025_sustainability_report.pdf,amazon,2025,17,0.0,0.0,0.0,True,False,False,False,False,0.2,39.0,False,False,False,0
"Indirect emissions from purchasing electricity represent 5% of our total carbon footprint and increased 34% in 2025, driven by electricity use in data centers, electrification of our delivery network, and building electrification.",10,Emissions from Purchased Electricity,achievement,achievement,5%,,,,0.33,data/raw/amazon/2025_sustainability_report.pdf,amazon,2025,29,0.0,0.0,0.0,True,False,False,False,False,0.2,-21.0,False,False,False,0
Two of the most effective ways we reduce electricity-related emissions are improving energy efficiency and scaling carbon-free energy.,10,Emissions from Purchased Electricity,attribute,firm,,,,,0.0,data/raw/amazon/2025_sustainability_report.pdf,amazon,2025,18,0.0,0.0,0.0,False,False,False,False,False,0.0,-4.1,False,False,False,0
This approach reduces mechanical energy consumption compared to traditional cooling methods by up to 50% during peak cooling—without increasing water usage on a per MW basis.,10,Emissions from Purchased Electricity,other,,50%,,,,0.5,data/raw/amazon/2025_sustainability_report.pdf,amazon,2025,26,0.0,0.0385,0.0,True,False,False,False,False,0.046,14.5,False,False,False,0
"To track and provide transparency on how efficiently our data centers use energy, we measure Power Usage Effectiveness (PUE)—a ratio where 1.0 would mean that every watt of electricity goes directly to computing, with nothing lost to cooling, lighting, or other overhead.",10,Emissions from Purchased Electricity,other,,1.0,,,,0.5,data/raw/amazon/2025_sustainability_report.pdf,amazon,2025,42,0.0,0.0238,0.0,True,False,False,False,False,0.105,30.4,False,False,True,0
"Amazon data centers and services in 35 countries—including all of our data centers in Europe, the Middle East, and Africa (EMEA), Singapore, and Indonesia —were ISO 50001 Energy Management certified in 2025.",10,Emissions from Purchased Electricity,achievement,achievement,35,,,,0.33,data/raw/amazon/2025_sustainability_report.pdf,amazon,2025,30,0.0,0.0,0.0,True,False,False,False,False,0.2,12.8,False,False,False,0
These investments enabled us to match 100% of the electricity consumed by Amazon operations with renewable energy sources for the third year in a row.,10,Emissions from Purchased Electricity > Scaling Carbon-Free Energy,other,,100%,,,,0.5,data/raw/amazon/2025_sustainability_report.pdf,amazon,2025,24,0.0,0.0,0.0,True,False,False,False,False,0.2,27.4,False,False,False,0
"Carbon-free energy includes renewable energy technologies, such as wind and solar farms, on-site rooftop solar systems, hydroelectric, geothermal, and nuclear energy.",10,Emissions from Purchased Electricity > Scaling Carbon-Free Energy,attribute,,,,,,0.0,data/raw/amazon/2025_sustainability_report.pdf,amazon,2025,21,0.0,0.0,0.0,False,False,False,False,False,0.0,0.2,False,False,False,0
"There is no one-size-fits-all solution when it comes to transitioning to carbon-free energy, and we believe that all viable and scalable options should be considered.",10,Emissions from Purchased Electricity > Scaling Carbon-Free Energy,attribute,hedged,,,,,0.0,data/raw/amazon/2025_sustainability_report.pdf,amazon,2025,25,0.0,0.04,0.0,False,False,False,False,False,0.0,29.2,True,False,True,0
"The transition to carbon-free energy creates meaningful economic opportunities in communities where energy projects are built and operated, while also driving the modernization and resilience of energy infrastructure.",10,Emissions from Purchased Electricity > Scaling Carbon-Free Energy,attribute,,,,,,0.0,data/raw/amazon/2025_sustainability_report.pdf,amazon,2025,28,0.0357,0.0,0.0,False,False,False,False,False,0.0,-18.0,False,False,False,0
"In 2025, an independent research study commissioned by Amazon confirmed that Amazon data centers in the U.S. pay the full costs of electricity, without raising costs for other ratepayers, and generate surplus revenue that utilities can use to invest in grid improvements for customers.",10,Emissions from Purchased Electricity > Scaling Carbon-Free Energy,other,,"2025,",,,,0.5,data/raw/amazon/2025_sustainability_report.pdf,amazon,2025,44,0.0,0.0,0.0,True,False,False,False,True,0.4,32.4,False,False,False,0
"BloombergNEF continues to recognize Amazon as one of the world's leading corporate purchasers of carbon-free energy, in addition to building the largest carbon-free energy portfolio of any corporation globally.",10,Emissions from Purchased Electricity > Scaling Carbon-Free Energy,attribute,,,,,global,0.5,data/raw/amazon/2025_sustainability_report.pdf,amazon,2025,29,0.0345,0.0,0.0,False,False,False,True,False,0.062,2.4,False,False,False,1
"To meet our climate commitments and growing energy demands—particularly for AI and cloud services—we are building a diverse carbon-free energy portfolio through solar, wind, and nuclear investments.",11,Emissions from Purchased Electricity > Scaling Carbon-Free Energy,attribute,,,,,,0.0,data/raw/amazon/2025_sustainability_report.pdf,amazon,2025,29,0.0,0.0,0.0345,False,False,False,False,False,0.0,22.8,False,False,False,0
"In the future, we will report on the percentage of carbon-free energy used to power our operations.",11,Emissions from Purchased Electricity > Scaling Carbon-Free Energy,attribute,firm,,,,own operations,0.5,data/raw/amazon/2025_sustainability_report.pdf,amazon,2025,17,0.0,0.0,0.1176,False,False,False,True,False,0.2,45.3,False,True,False,0
"In 2025, Amazon and X-energy also agreed to collaborate with South Korea’s Doosan Enerbility and Korea Hydro & Nuclear Power to accelerate the deployment of new SMRs in the U.S.",11,Emissions from Purchased Electricity > Scaling Carbon-Free Energy,other,,"2025,",,,,0.5,data/raw/amazon/2025_sustainability_report.pdf,amazon,2025,30,0.0,0.0,0.0,True,False,False,False,False,0.2,39.3,False,False,False,1
"We also expanded our existing nuclear energy relationship with Talen Energy , which will provide 1,900 MW of carbon-free nuclear power through 2042, with options to extend.",11,Emissions from Purchased Electricity > Scaling Carbon-Free Energy,target,firm,"1,900",,2042,,0.5,data/raw/amazon/2025_sustainability_report.pdf,amazon,2025,24,0.0,0.0,0.0417,True,False,True,False,False,0.4,27.4,False,True,False,0
We are continuing to expand battery capacity to collect and store carbon-free energy to use when other energy sources may be unavailable—such as at night or during periods of high demand—to support grid stability.,11,Emissions from Purchased Electricity > Scaling Carbon-Free Energy,attribute,hedged,,,,,0.0,data/raw/amazon/2025_sustainability_report.pdf,amazon,2025,36,0.0,0.0278,0.0,False,False,False,False,True,0.089,24.6,False,False,True,0
"By the end of 2025, Amazon had 15 solar energy projects paired with battery energy storage systems, representing 2.3 GW of capacity, up from 2.1 GW in 2024.",11,Emissions from Purchased Electricity > Scaling Carbon-Free Energy,target,,"2025,",,2025,,0.5,data/raw/amazon/2025_sustainability_report.pdf,amazon,2025,23,0.0,0.0,0.0,True,False,True,False,False,0.4,44.6,False,False,False,0
"We set a goal to invest in new renewable energy capacity to match the electricity used by our customers' Echo, Fire TV, and Ring devices by 2025.",11,Emissions from Purchased Electricity > Scaling Carbon-Free Energy,target,,,,2025,,0.25,data/raw/amazon/2025_sustainability_report.pdf,amazon,2025,26,0.0,0.0,0.0585,False,False,True,False,False,0.2,37.3,False,False,False,0
"By 2022, we had contracted enough renewable energy capacity to meet our 2025 projections.",11,Emissions from Purchased Electricity > Scaling Carbon-Free Energy,target,,"2022,",,2022,,0.5,data/raw/amazon/2025_sustainability_report.pdf,amazon,2025,12,0.0,0.0,0.02,True,False,True,False,False,0.4,25.5,False,False,False,0
"We matched 100% of the electricity used by active Echo, Fire TV, and Ring devices in 2024 and 2025, and we aim to keep matching this electricity use going forward.",11,Emissions from Purchased Electricity > Scaling Carbon-Free Energy,other,hedged,100%,,,,0.5,data/raw/amazon/2025_sustainability_report.pdf,amazon,2025,27,0.0,0.0,0.037,True,False,False,False,False,0.2,44.7,False,False,False,0
"Since 2016, the program has saved over 1.6 billion kilowatthours (kWh), generated $7.2 million in utility rebates, and avoided nearly 1.2 million metric tons of CO2e.",11,Emissions from Purchased Electricity > Implementing Efficiency Initiatives in Our Buildings,achievement,achievement,1.6 billion,,,,0.33,data/raw/amazon/2025_sustainability_report.pdf,amazon,2025,23,0.0,0.0,0.0,True,False,False,False,False,0.2,39.2,False,False,False,0
"In 2025, the program reached significant milestones in scale and energy efficiency by optimizing lighting load demands and introducing advanced lighting controls at 32 sites, which saved 10 million kWh and avoided 7,000 metric tons of CO₂e.",11,Emissions from Purchased Electricity > Implementing Efficiency Initiatives in Our Buildings,achievement,achievement,10 million,,,,0.33,data/raw/amazon/2025_sustainability_report.pdf,amazon,2025,34,0.0294,0.0,0.0,True,False,False,False,False,0.082,10.6,False,False,False,2
"In 2025, we reduced energy consumption by 131 million kWh and avoided 38,000 metric tons of CO2e, in addition to saving 62 million kWh and avoiding 24,000 metric tons of CO2e in 2024.",11,Emissions from Purchased Electricity > Implementing Efficiency Initiatives in Our Buildings,achievement,achievement,131 million,,,,0.33,data/raw/amazon/2025_sustainability_report.pdf,amazon,2025,29,0.0,0.0,0.0,True,False,False,False,False,0.2,43.2,False,False,False,0
"As of the end of 2025, 820 Amazon buildings used AI tools to monitor HVAC and water utilities, and 81 buildings used AI tools to monitor refrigeration systems.",11,Emissions from Purchased Electricity > Implementing Efficiency Initiatives in Our Buildings,other,,"2025,",,,,0.5,data/raw/amazon/2025_sustainability_report.pdf,amazon,2025,25,0.0,0.0,0.0,True,False,False,False,False,0.2,32.6,False,False,False,0
"To account for residual emissions on our path to net-zero, we are investing in credible carbon neutralization projects across four areas: reducing deforestation, advancing nature-based removal, scaling removal technologies, and abating super pollutants.",11,Carbon Neutralization,attribute,,,,,,0.0,data/raw/amazon/2025_sustainability_report.pdf,amazon,2025,33,0.0,0.0,0.0,False,False,False,False,False,0.0,-21.5,False,False,False,0
"In 2021, we made a commitment to help preserve nature and mitigate risks associated with climate change through co-founding the Lowering Emissions by Accelerating Forest Finance (LEAF) Coalition .",11,Carbon Neutralization,other,firm,"2021,",,,,0.5,data/raw/amazon/2025_sustainability_report.pdf,amazon,2025,27,0.0,0.0,0.037,True,False,False,False,False,0.2,19.6,False,False,False,0
"In 2025, we expanded our carbon neutralization strategy to explore super pollutant segments like rice methane abatement and refrigerant destruction, recognizing the importance of addressing methane and other high-GWP greenhouse gases for achieving global climate targets.",11,Carbon Neutralization,attribute,hedged,"2025,",,,,0.5,data/raw/amazon/2025_sustainability_report.pdf,amazon,2025,35,0.0,0.0,0.0286,True,False,False,False,False,0.2,-7.6,False,False,False,0
"In 2025, this included investing in improving manure management to reduce methane on dairy farms that supply products to our grocery stores, and substituting conventional fossil fuels with lower-carbon alternatives in the ships, planes, and trucks that carry our goods.",12,Driving Collective Action,other,,"2025,",,,,0.5,data/raw/amazon/2025_sustainability_report.pdf,amazon,2025,39,0.0,0.0,0.0256,True,False,False,False,False,0.2,8.9,False,False,False,0
Amazon co-founded The Climate Pledge in 2019 as both a commitment and a catalyst—bringing companies together to reach net-zero carbon emissions by 2040.,12,Driving Collective Action > Catalyzing Industry Action and Innovation through The Climate Pledge,target,firm,2019,2040,2040,,0.75,data/raw/amazon/2025_sustainability_report.pdf,amazon,2025,22,0.0,0.0,0.1109,True,True,True,False,False,0.6,26.8,False,False,False,0
"In Brazil, the Laneshift e-Dutra Coalition— comprising C40 Cities, Smart Freight Centre, CALSTART, and other organizations—launched a project to deploy electric trucks and charging infrastructure along the Rio de Janeiro–São Paulo corridor, with the goal of 1,000 electric trucks operating daily by 2030.",12,"Driving Collective Action > • Electrifying Drayage Alliance (EDA), a partnership",target,achievement,"1,000",,2030,,0.5,data/raw/amazon/2025_sustainability_report.pdf,amazon,2025,44,0.0,0.0,0.0655,True,False,True,False,False,0.4,6.4,False,False,False,0
"The Amazon Sustainability Accelerator supports start-ups tackling energy, water, and waste challenges through expert-led workshops, mentoring, and leadership panels, with select companies piloting their innovations in Amazon's European operations in 2025.",12,Driving Collective Action > Fostering Innovation Through Investment and Shared Expertise,other,,,,,,0.0,data/raw/amazon/2025_sustainability_report.pdf,amazon,2025,30,0.0,0.0,0.0,False,False,False,False,False,0.0,-26.7,False,False,False,1
"The industry count for The Climate Pledge signatories as of December 31, 2025 has been corrected from 62 to 61.",12,The Climate Pledge by the Numbers,target,firm,"31,",,,,0.25,data/raw/amazon/2025_sustainability_report.pdf,amazon,2025,16,0.0,0.0,0.0,True,False,False,False,False,0.2,53.1,True,False,False,0
"Many technologies critical to decarbonization—including EVs, carbon-free energy, and lower-carbon fuels and materials—remain more expensive than legacy alternatives, in part because developers face capital constraints and policy risks that raise financing costs and slow deployment.",13,Catalyzing Climate Finance,attribute,,,,,,0.0,data/raw/amazon/2025_sustainability_report.pdf,amazon,2025,37,0.027,0.0,0.0,False,False,False,False,False,0.0,-13.6,False,False,False,0
"Through the Climate Pledge Fund —our $2 billion venture investment program launched in 2020—we have invested in companies developing climate solutions across transportation, logistics, energy, and manufacturing.",13,Catalyzing Climate Finance,target,firm,2 billion,,,,0.25,data/raw/amazon/2025_sustainability_report.pdf,amazon,2025,26,0.0,0.0,0.0,True,False,False,False,False,0.2,1.5,False,False,False,0
"Building on this work, we launched our Climate Finance program in 2025 to catalyze decarbonization investments by providing long-term demand signals, unlocking access to financing for project developers, and establishing blended finance partnerships with development finance institutions and private investors.",13,Catalyzing Climate Finance,achievement,achievement,2025,,,,0.33,data/raw/amazon/2025_sustainability_report.pdf,amazon,2025,39,0.0,0.0,0.0,True,False,False,False,False,0.2,-15.0,False,False,False,0
"We do this by scaling lower-carbonemissions fuels, advancing zero-tailpipe-emission vehicle deployment and associated infrastructure, and driving the deployment of carbon-free energy.",13,Supporting Policies that Drive Decarbonization,attribute,,,,,,0.0,data/raw/amazon/2025_sustainability_report.pdf,amazon,2025,21,0.0,0.0,0.0,False,False,False,False,False,0.0,-24.0,False,False,False,0
"Though our emissions increased in 2025, we remain steadfast in our commitment to sustainability.",13,Looking Ahead,other,firm,"2025,",,,,0.5,data/raw/amazon/2025_sustainability_report.pdf,amazon,2025,13,0.0,0.0,0.0769,True,False,False,False,False,0.2,24.4,False,False,False,0
"In 2025, Amazon Private Brands used 17% recycled polyester in apparel and 100% of the cotton used in apparel was from more sustainable sources.",13,Lower-Carbon Products,achievement,achievement,17%,,,,0.33,data/raw/amazon/2025_sustainability_report.pdf,amazon,2025,21,0.0,0.0,0.0,True,False,False,False,False,0.2,32.4,False,False,False,0
"Customers can access granular data by AWS region, service, usage account, and fiscal year, among others, across Scope 1, 2, and 3 carbon emissions, in convenient formats such as dashboard visualizations, comma-separated values files, and APls.",13,Lower-Carbon Products,other,,"1,",,,Scope 1,1.0,data/raw/amazon/2025_sustainability_report.pdf,amazon,2025,33,0.0,0.0,0.0,True,False,False,True,False,0.4,6.7,False,False,False,0
"Amazon devices and highlight each product's specific sustainability features, recycled material contents, and carbon footprints, which we calculate using Amazon Devices Product Carbon Footprint Methodology .",13,Lower-Carbon Products,attribute,,,,,,0.0,data/raw/amazon/2025_sustainability_report.pdf,amazon,2025,25,0.0,0.0,0.0,False,False,False,False,False,0.0,-25.0,False,False,False,0
"In 2025, we expanded our global water metering and leak detection program to 330 sites, which we expect to save 83 million liters of water annually.",14,Our Progress,other,,83 million,,,,0.5,data/raw/amazon/2025_sustainability_report.pdf,amazon,2025,23,0.0,0.0435,0.0,True,False,False,False,False,0.026,40.0,False,False,False,0
"In 2022, Amazon announced our goal of being water positive—returning more water to communities than we use—across global direct data center operations by 2030.",14,Water Positive Data Centers,target,,"2022,",,2030,,0.5,data/raw/amazon/2025_sustainability_report.pdf,amazon,2025,24,0.0,0.0,0.1033,True,False,True,False,False,0.4,23.9,False,False,False,1
"In 2025, Amazon’s global leased, owned, and shared data centers withdrew 9.4 billion liters of water.",14,Water Positive Data Centers,other,,9.4 billion,,,,0.5,data/raw/amazon/2025_sustainability_report.pdf,amazon,2025,15,0.0,0.0,0.0,True,False,False,False,False,0.2,46.9,False,False,False,0
"In 2025, 48% of our total water withdrawals for our leased and owned data centers occurred in regions classified as low water stress, and 22% occurred in regions classified as high or extremely high water stress.",15,Water Positive Data Centers,other,,48%,,,,0.5,data/raw/amazon/2025_sustainability_report.pdf,amazon,2025,33,0.0,0.0,0.0,True,False,False,False,False,0.2,29.8,False,False,False,0
"Where weather permits, we use Direct Evaporative Cooling, which requires water for less than 10% of the year.",15,Data Center Water Withdrawal in Water-Stressed Regions17 > Advancing Water Efficiency,other,,10%,,,,0.5,data/raw/amazon/2025_sustainability_report.pdf,amazon,2025,17,0.0,0.0,0.0,True,False,False,False,False,0.2,50.2,False,False,False,0
"As we add more AI racks with IRHX, we expect a 9% reduction in water use compared to evaporative air-cooled data centers once fully operational.",15,Data Center Water Withdrawal in Water-Stressed Regions17 > Advancing Water Efficiency,other,,9%,,,,0.5,data/raw/amazon/2025_sustainability_report.pdf,amazon,2025,24,0.0,0.0417,0.0,True,False,False,False,False,0.033,30.9,False,False,False,0
"Collectively, these and other efforts reduced cooling water use globally by 938 million liters in 2025, enabling reduction of our global data center WUE to 0.12 liters per kWh, a 20% improvement from 2024 and a 52% improvement from 2021.",15,Data Center Water Withdrawal in Water-Stressed Regions17 > Advancing Water Efficiency,achievement,achievement,938 million,2025,,global,1.0,data/raw/amazon/2025_sustainability_report.pdf,amazon,2025,33,0.0,0.0,0.0,True,True,False,True,False,0.6,33.7,False,False,False,0
"As of the end of 2025, 31 of our data centers incorporated on-site water treatment.",15,Data Center Water Withdrawal in Water-Stressed Regions17 > Water Use Effectiveness in Amazon Data Centers,other,,"2025,",,,,0.5,data/raw/amazon/2025_sustainability_report.pdf,amazon,2025,13,0.0,0.0,0.0,True,False,False,False,False,0.2,50.5,False,False,False,0
"Amazon leads the top 10 data center operators in the number of locations utilizing reclaimed water , wastewater that has been treated to high standards for safe reuse in cooling systems.",15,Data Center Water Withdrawal in Water-Stressed Regions17 > Scaling Responsible Water Sources for Cooling,achievement,achievement,10,,,,0.33,data/raw/amazon/2025_sustainability_report.pdf,amazon,2025,29,0.0,0.0,0.0,True,False,False,False,False,0.2,25.7,True,False,False,0
"In 2025, 26 Amazon data centers used reclaimed water for cooling, preserving 849 million liters of potable water for communities and ecosystems.",15,Data Center Water Withdrawal in Water-Stressed Regions17 > Scaling Responsible Water Sources for Cooling,other,,849 million,,,,0.5,data/raw/amazon/2025_sustainability_report.pdf,amazon,2025,19,0.0,0.0,0.0,True,False,False,False,False,0.2,9.4,False,False,False,0
"Altogether, we expect these commitments to preserve 6 billion liters of fresh water for community use annually.",15,Data Center Water Withdrawal in Water-Stressed Regions17 > Scaling Responsible Water Sources for Cooling,other,,6 billion,,,,0.5,data/raw/amazon/2025_sustainability_report.pdf,amazon,2025,16,0.0,0.0625,0.0625,True,False,False,False,False,0.0,26.7,False,False,False,0
"Across both operating and contracted reclaimed water systems, we plan to invest $1 billion in public water infrastructure and treatment upgrades.",15,Data Center Water Withdrawal in Water-Stressed Regions17 > Scaling Responsible Water Sources for Cooling,other,hedged,1 billion,,,,0.5,data/raw/amazon/2025_sustainability_report.pdf,amazon,2025,20,0.0,0.0,0.05,True,False,False,False,False,0.2,17.3,False,False,False,0
"In Mississippi, U.S., Amazon became the first data center operator to commit to reclaimed water for cooling, working with Canton Municipal Utilities and Madison County Wastewater Authority to preserve 314 million liters of potable water annually while establishing a scalable model across the state.",15,Data Center Water Withdrawal in Water-Stressed Regions17 > Scaling Responsible Water Sources for Cooling,target,firm,314 million,,,,0.25,data/raw/amazon/2025_sustainability_report.pdf,amazon,2025,44,0.0,0.0,0.0227,True,False,False,False,False,0.2,18.9,False,False,False,0
"India faces some of the world’s highest levels of water stress, holding 18% of the global population but only 4% of global fresh water resources .",16,Water Positive in India,other,,18%,,,,0.5,data/raw/amazon/2025_sustainability_report.pdf,amazon,2025,24,0.0,0.0,0.0,True,False,False,False,False,0.2,45.0,False,False,False,0
"In 2024, we expanded our water commitments by establishing a new goal to become water positive across our direct operations in India by 2027, which includes operations buildings, corporate offices, and data centers.",16,Water Positive in India,target,,"2024,",,2027,,0.5,data/raw/amazon/2025_sustainability_report.pdf,amazon,2025,31,0.0,0.0,0.0845,True,False,True,False,False,0.4,8.9,False,False,False,1
"In 2025, we were 120% water positive in India, achieving our goal two years early.",16,Water Positive in India,achievement,achievement,120%,,,,0.33,data/raw/amazon/2025_sustainability_report.pdf,amazon,2025,13,0.0,0.0,0.0769,True,False,False,False,False,0.2,63.5,False,False,False,1
"As of 2025, on-site sewage treatment plants at 28 buildings in India recycled wastewater, providing an estimated 298 million liters of water annually for toilet flushing and irrigation.",16,Water Positive in India,attribute,,298 million,,,,0.5,data/raw/amazon/2025_sustainability_report.pdf,amazon,2025,25,0.0,0.08,0.04,True,False,False,False,False,0.0,12.3,False,False,False,0
"We are funding increased capacity for on-site sewage treatment plants at 23 fulfillment centers, expanding the treatment and reclamation of wastewater for non-potable applications such as cleaning and cooling.",16,Water Positive in India,achievement,achievement,23,,,,0.33,data/raw/amazon/2025_sustainability_report.pdf,amazon,2025,28,0.0,0.0,0.0357,True,False,False,False,False,0.2,9.2,False,False,False,0
"In 2025, on-site rainwater harvesting pits collected approximately 178 million liters of water, which percolated back to groundwater, replenishing local water sources.",16,Water Positive in India,other,,178 million,,,,0.5,data/raw/amazon/2025_sustainability_report.pdf,amazon,2025,20,0.0,0.05,0.0,True,False,False,False,False,0.0,-8.0,False,False,False,0
"At the end of 2025, we had invested in 45 replenishment projects globally, which we expect will collectively return more than 18 billion liters of water annually once completed.",16,Replenishment across Amazon,other,firm,18 billion,,,global,1.0,data/raw/amazon/2025_sustainability_report.pdf,amazon,2025,26,0.0,0.0385,0.0385,True,False,False,True,False,0.246,27.5,False,True,False,0
"In 2025, water replenishment projects returned 9.4 billion liters of water to communities.",16,Replenishment across Amazon,other,,9.4 billion,,,,0.5,data/raw/amazon/2025_sustainability_report.pdf,amazon,2025,11,0.0,0.0,0.0,True,False,False,False,False,0.2,16.7,False,False,False,0
"We initially anticipated replenishing 2.5 billion liters of water annually once fully implemented, but early results show that we are on track to exceed those expectations.",16,Replenishment across Amazon,other,,2.5 billion,,,,0.5,data/raw/amazon/2025_sustainability_report.pdf,amazon,2025,25,0.0,0.08,0.0,True,False,False,False,False,0.0,24.9,False,False,False,0
We expect this project to replenish 400 million liters of water annually.,16,Replenishment across Amazon,other,,400 million,,,,0.5,data/raw/amazon/2025_sustainability_report.pdf,amazon,2025,11,0.0,0.0909,0.0,True,False,False,False,False,0.0,41.9,False,False,False,0
"Farmers can use recycled water for irrigation or washing, promoting water conservation on the farm.",16,Supply Chain Water Use,attribute,,,,,,0.0,data/raw/amazon/2025_sustainability_report.pdf,amazon,2025,15,0.0,0.0,0.0,False,False,False,False,False,0.0,28.1,False,False,False,0
Traded-in devices are either refurbished and resold or responsibly recycled through certified partners.,17,Use Resources Efficiently > • Continuing our product lifecycle support: Our Product,attribute,,,,,,0.0,data/raw/amazon/2025_sustainability_report.pdf,amazon,2025,13,0.0,0.0,0.0,False,False,False,False,False,0.0,-1.6,False,False,False,0
Amazon has set a goal to reduce food waste across our U.S. and Europe operations by 50% by 2030.,18,Over 1M > Preventing Food Waste,target,,50%,,2030,,0.5,data/raw/amazon/2025_sustainability_report.pdf,amazon,2025,18,0.0,0.0,0.1311,True,False,True,False,False,0.4,78.5,False,False,False,0
"In 2025, our European operations achieved a 49% reduction in food waste intensity compared to a 2021 baseline, and our U.S. operations achieved a 23% reduction.",18,Over 1M > Preventing Food Waste,achievement,achievement,49%,2021,,,0.67,data/raw/amazon/2025_sustainability_report.pdf,amazon,2025,23,0.0,0.0,0.0,True,True,False,False,False,0.4,29.9,False,False,False,0
"In 2025, we expanded programs that help keep surplus food out of waste streams.",18,Over 1M > Preventing Food Waste,other,,"2025,",,,,0.5,data/raw/amazon/2025_sustainability_report.pdf,amazon,2025,13,0.0,0.0,0.0,True,False,False,False,False,0.2,83.0,False,False,False,0
"Whole Foods Market also expanded its collaboration with Too Good To Go , an app that connects customers with unsold food at discounted prices, helping to prevent waste across 530 stores and saving the equivalent of 1.55 million meals in 2025.",18,Over 1M > Preventing Food Waste,other,,1.55 million,2025,,,0.5,data/raw/amazon/2025_sustainability_report.pdf,amazon,2025,37,0.0,0.0,0.0,True,True,False,False,False,0.4,48.6,False,False,False,0
"In 2025, we continued to implement and expand these efforts at 671 locations and diverted 102,700 tons of food waste.",18,Over 1M > Preventing Food Waste,other,,"2025,",,,,0.5,data/raw/amazon/2025_sustainability_report.pdf,amazon,2025,17,0.0588,0.0,0.0,True,False,False,False,False,0.0,55.2,False,False,False,0
"For example, in 2025, Whole Foods Market contributed beef and dairy waste data for inclusion in a study to identify opportunities to advance sustainable practices in food production and retail.",18,Over 1M > Preventing Food Waste,other,,"2025,",,,,0.5,data/raw/amazon/2025_sustainability_report.pdf,amazon,2025,29,0.0,0.0,0.0,True,False,False,False,False,0.2,19.9,False,False,False,1
"Materials in this hierarchy may be recycled, reclaimed, or otherwise reused in some way and may not end up as waste in landfills.",18,How We Manage and Prevent Waste,attribute,hedged,,,,,0.0,data/raw/amazon/2025_sustainability_report.pdf,amazon,2025,23,0.0,0.087,0.0,False,False,False,False,False,0.0,54.8,True,False,True,0
Amazon continues to prioritize recycled materials in device design and manufacturing.,19,How We Manage and Prevent Waste > Designing Products for Durability and Circularity,attribute,,,,,,0.0,data/raw/amazon/2025_sustainability_report.pdf,amazon,2025,11,0.0,0.0,0.0,False,False,False,False,False,0.0,-12.0,False,False,False,0
"In 2025, we launched 30 new devices and accessories with a SCS Recycled Content or a Carbon Trust certification, which are recognized by our Climate Pledge Friendly program.",19,How We Manage and Prevent Waste > Designing Products for Durability and Circularity,target,firm,"2025,",,,,0.25,data/raw/amazon/2025_sustainability_report.pdf,amazon,2025,26,0.0,0.0,0.0,True,False,False,False,False,0.2,30.8,True,False,False,0
"By the end of 2025, components across Echo, Fire TV, Fire Tablets, and Kindle were made either predominantly or entirely from recycled materials—including 57% recycled plastic, 98% recycled yarn, 98% recycled aluminum, and 90% recycled magnesium.",19,How We Manage and Prevent Waste > Designing Products for Durability and Circularity,target,achievement,57%,,2025,,0.5,data/raw/amazon/2025_sustainability_report.pdf,amazon,2025,32,0.0,0.0,0.0,True,False,True,False,False,0.4,2.5,False,False,False,0
Select Kindle Scribe models featured 100% recycled cobalt in batteries and 85% recycled tin in the solder used on printed circuit boards.,19,How We Manage and Prevent Waste > Designing Products for Durability and Circularity,attribute,,100%,,,,0.5,data/raw/amazon/2025_sustainability_report.pdf,amazon,2025,20,0.0,0.0,0.0,True,False,False,False,False,0.2,38.5,False,False,False,0
"In addition to using more recycled materials in our devices, Amazon has made new technology features available through updates, including Alexa+ across Echo devices, Dialogue Boost in Fire TV devices, and new AIpowered features for Ring cameras, reducing the need to replace devices to access new features.",19,How We Manage and Prevent Waste > Designing Products for Durability and Circularity,attribute,,,,,,0.0,data/raw/amazon/2025_sustainability_report.pdf,amazon,2025,47,0.0,0.0,0.0,False,False,False,False,False,0.0,-10.1,False,False,False,0
"In 2025, these initiatives enabled the reuse or donation of 343,000 assets and materials.",19,How We Manage and Prevent Waste > Preventing Waste in Operations and Office Buildings,other,,"2025,",,,,0.5,data/raw/amazon/2025_sustainability_report.pdf,amazon,2025,12,0.0,0.0,0.0,True,False,False,False,False,0.2,32.5,False,False,False,0
"All final assembly sites worldwide for Echo, Kindle, Ring, Fire Tablet, and Fire TV devices achieved or renewed UL Solutions’ Zero Waste to Landfill (ZWTL) certification at the Silver level or higher in 2025.19 In addition to certifications at individual sites, we engaged UL Solutions to conduct system-level ZWTL assurance for the first time.",19,How We Manage and Prevent Waste > Working with Our Suppliers to Prevent Waste,achievement,achievement,2025.19,,,,0.33,data/raw/amazon/2025_sustainability_report.pdf,amazon,2025,53,0.0,0.0,0.0,True,False,False,False,True,0.4,25.1,False,False,False,0
"UL Solutions examined 2025 waste data from 89 supplier sites across our Devices business and verified, to a reasonable level of assurance, a 99% waste diversion rate, including 6% through thermal processing with energy recovery.",19,How We Manage and Prevent Waste > Working with Our Suppliers to Prevent Waste,other,,99%,,,,0.5,data/raw/amazon/2025_sustainability_report.pdf,amazon,2025,31,0.0,0.0,0.0,True,False,False,False,True,0.4,3.4,False,False,False,0
"We are also steadily increasing the use of recycled content into components, such as piloting air-cooled heat sinks with 50% recycled aluminum.",19,How We Manage and Prevent Waste > Maximizing Resource Efficiency in Data Centers,attribute,,50%,,,,0.5,data/raw/amazon/2025_sustainability_report.pdf,amazon,2025,21,0.0,0.0,0.0,True,False,False,False,False,0.2,20.3,False,False,False,0
"In 2025, RRL retained UL Solutions’ highest Zero Waste certification (Platinum level) for its Ireland facility and is pursuing certifications across additional reverse logistics locations.",19,How We Manage and Prevent Waste > Maximizing Resource Efficiency in Data Centers,attribute,,"2025,",,,,0.5,data/raw/amazon/2025_sustainability_report.pdf,amazon,2025,24,0.0,0.0,0.0,True,False,False,False,False,0.2,-14.9,False,False,False,0
"The machines, developed by robotics start-up Molg, securely disassemble servers into components to be securely reused or recycled.",19,How We Manage and Prevent Waste > Maximizing Resource Efficiency in Data Centers,attribute,,,,,,0.0,data/raw/amazon/2025_sustainability_report.pdf,amazon,2025,18,0.0,0.0,0.0,False,False,False,False,False,0.0,-4.1,True,False,False,0
"The partnership started in 2024, when Amazon invested in Molg’s seed round through The Climate Pledge Fund .",19,How We Manage and Prevent Waste > Maximizing Resource Efficiency in Data Centers,target,firm,"2024,",,,,0.25,data/raw/amazon/2025_sustainability_report.pdf,amazon,2025,17,0.0,0.0,0.0,True,False,False,False,False,0.2,65.2,False,False,False,0
"In 2025, Amazon reduced our waste per shipped unit by 5% compared to 2024.",20,Maximize Recovery > Managing Our Waste,achievement,achievement,5%,2024,,,0.67,data/raw/amazon/2025_sustainability_report.pdf,amazon,2025,11,0.0,0.0,0.0,True,True,False,False,False,0.4,49.5,False,False,False,0
"In 2025, we diverted 84% of our waste from landfill, including 82% through recycling or composting and 2% through incineration with energy recovery.",20,Maximize Recovery > Managing Our Waste,other,,84%,,,,0.5,data/raw/amazon/2025_sustainability_report.pdf,amazon,2025,19,0.0,0.0,0.0,True,False,False,False,False,0.2,22.8,False,False,False,0
Landfill or incineration without energy recovery accounted for 16% of our waste.,20,Maximize Recovery > Managing Our Waste,other,,16%,,,,0.5,data/raw/amazon/2025_sustainability_report.pdf,amazon,2025,11,0.0,0.0,0.0,True,False,False,False,False,0.2,11.1,False,False,False,0
"Cardboard and wood represent 64% of Amazon’s operational waste footprint, and we recycle almost 100% of it.",20,Maximize Recovery > Reducing Waste in Our Fulfillment Centers,other,,64%,,,,0.5,data/raw/amazon/2025_sustainability_report.pdf,amazon,2025,16,0.0,0.0,0.0,True,False,False,False,False,0.2,42.5,False,False,False,0
"In 2025, we also developed an AI system to identify the material composition of unsellable or non-donatable inventory, such as multilayer plastics, certain textiles, and certain electronics, to be sorted and recycled more effectively.",20,Maximize Recovery > Supplier Collaboration for Circular Waste Solutions,attribute,,"2025,",,,,0.5,data/raw/amazon/2025_sustainability_report.pdf,amazon,2025,33,0.0,0.0,0.0,True,False,False,False,False,0.2,-8.7,True,False,False,0
Amazon customers can shop for products that contain recycled materials on Amazon.com.,20,Maximize Recovery > Supplier Collaboration for Circular Waste Solutions,attribute,,,,,,0.0,data/raw/amazon/2025_sustainability_report.pdf,amazon,2025,13,0.0,0.0,0.0,False,False,False,False,False,0.0,37.5,False,False,False,0
"We focus on avoiding unnecessary packaging when possible, reducing delivery packaging volume and weight, prioritizing paper packaging designed to work with local residential recycling systems, and improving the recycled content in our packaging materials.",21,Our Approach,attribute,,,,,,0.0,data/raw/amazon/2025_sustainability_report.pdf,amazon,2025,34,0.0,0.0,0.0,False,False,False,False,False,0.0,-16.8,False,False,False,0
This approach enables us to reduce plastic use while prioritizing recyclable materials.,21,Our Approach,attribute,,,,,,0.0,data/raw/amazon/2025_sustainability_report.pdf,amazon,2025,12,0.0,0.0,0.0,False,False,False,False,False,0.0,25.5,False,False,False,0
"In 2025, we shipped 11% of global shipments without additional Amazon packaging.",21,Our Progress,other,,11%,,,,0.5,data/raw/amazon/2025_sustainability_report.pdf,amazon,2025,10,0.0,0.0,0.0,True,False,False,False,False,0.2,19.0,False,False,False,0
"Since we launched the Ships in Product Packaging program in 2020, 7.9 billion packages across North America and Europe used only the manufacturers’ packaging and an Amazon shipping label.",21,Our Progress,achievement,achievement,7.9 billion,,,,0.33,data/raw/amazon/2025_sustainability_report.pdf,amazon,2025,27,0.0,0.0,0.0,True,False,False,False,False,0.2,30.2,False,False,False,0
"This effort increases the speed of delivery to our customers and enables the use of lighter packaging materials, such as flexible paper packaging, which is up to 90% lighter than comparable cardboard boxes.",21,Our Progress,other,,90%,,,,0.5,data/raw/amazon/2025_sustainability_report.pdf,amazon,2025,32,0.0,0.0312,0.0,True,False,False,False,False,0.075,26.3,False,False,False,0
"By using lighter, right-sized packaging, we have avoided 5.4 million metric tons of packaging materials in North America and Europe since 2015.",22,Do wnload Accessible Table,achievement,achievement,5.4 million,,,,0.33,data/raw/amazon/2025_sustainability_report.pdf,amazon,2025,20,0.0,0.0,0.0,True,False,False,False,False,0.2,35.9,False,False,False,0
"Through these efforts, we have avoided 223,616 metric tons of single-use plastic packaging globally since 2020.",22,Do wnload Accessible Table,achievement,achievement,"223,616 metric tons",,,global,0.67,data/raw/amazon/2025_sustainability_report.pdf,amazon,2025,14,0.0,0.0,0.0,True,False,False,True,False,0.4,41.6,False,False,False,0
"In 2025, we reduced our total plastic packaging globally from 74,137 metric tons in 2024 to 74,073 metric tons in 2025.",22,Do wnload Accessible Table,achievement,achievement,"74,137 metric tons",,,global,0.67,data/raw/amazon/2025_sustainability_report.pdf,amazon,2025,16,0.0,0.0,0.0,True,False,False,True,False,0.4,53.1,False,False,False,0
"In North America, we avoided 288 million plastic bags in 2025, and 52% of fulfillment centers in North America did not ship plastic delivery packaging.",22,Do wnload Accessible Table,achievement,achievement,288 million,,,,0.33,data/raw/amazon/2025_sustainability_report.pdf,amazon,2025,22,0.0,0.0,0.0,True,False,False,False,False,0.2,26.8,False,False,False,0
"As a result, we saw a year-over-year decrease in the number of shipments that contained single-use plastic delivery packaging, from 65% of shipments in 2023, to 37% of shipments in 2024, to 27% of shipments in 2025.",22,Do wnload Accessible Table,other,,65%,,,,0.5,data/raw/amazon/2025_sustainability_report.pdf,amazon,2025,31,0.0,0.0,0.0,True,False,False,False,False,0.2,36.2,False,False,False,0
"This means that, in 2025, 73% of shipments in North America were recyclable in household waste streams, up from 63% in 2024.",22,Do wnload Accessible Table,achievement,achievement,73%,,,,0.33,data/raw/amazon/2025_sustainability_report.pdf,amazon,2025,18,0.0,0.0,0.0,True,False,False,False,False,0.2,66.4,False,False,False,0
"In Europe, customers have been able to recycle all delivery packaging with their household recycling since 2023.",22,Do wnload Accessible Table,other,achievement,,,,,0.0,data/raw/amazon/2025_sustainability_report.pdf,amazon,2025,16,0.0,0.0,0.0,False,False,False,False,False,0.0,37.3,False,False,False,0
"In cases where eliminating single-use plastics is not yet feasible, we work to increase the proportion of recycled content in our plastic materials.",23,Single-Use Plastic Delivery Packaging by Region22 > Single-Use Plastic Packaging Avoided since 2020 (MT),attribute,,,,,,0.0,data/raw/amazon/2025_sustainability_report.pdf,amazon,2025,23,0.0,0.0,0.0,False,False,False,False,False,0.0,32.7,False,False,False,0
"In 2025, Amazon pursued innovative solutions for hard-to-recover materials —particularly plastics that are difficult to recycle through conventional systems.",23,Single-Use Plastic Delivery Packaging by Region22 > Single-Use Plastic Packaging Avoided since 2020 (MT),other,,"2025,",,,,0.5,data/raw/amazon/2025_sustainability_report.pdf,amazon,2025,18,0.0,0.0,0.0,True,False,False,False,False,0.2,-18.2,False,False,False,1
"Reducing packaging, especially plastic packaging, and increasing recyclability and recycled content are also priorities for our product and in-store packaging across Amazon.",23,In-Store and Product Packaging,attribute,,,,,,0.0,data/raw/amazon/2025_sustainability_report.pdf,amazon,2025,22,0.0,0.0,0.0,False,False,False,False,False,0.0,-15.5,False,False,False,0
"Amazon Devices In 2025, 77% of new devices featured 100% recyclable packaging in the U.S., with 31 devices in total, down from 42 in 2024 due to the types of devices released in 2025.",23,In-Store and Product Packaging,attribute,,77%,2025,,,0.5,data/raw/amazon/2025_sustainability_report.pdf,amazon,2025,28,0.0,0.0,0.0,True,True,False,False,False,0.4,52.3,False,False,False,0
"Our packaging reduces reliance on virgin tree-based and bleached fibers, resulting in an average of 95% of wood fiber-based materials from responsibly managed forests or recycled sources used in packaging across our device product line.",23,In-Store and Product Packaging,attribute,,95%,,,,0.5,data/raw/amazon/2025_sustainability_report.pdf,amazon,2025,34,0.0,0.0,0.0,True,False,False,False,False,0.2,3.1,False,False,False,0
"Beginning in 2025, we installed automated packaging machines in European fulfillment centers that create custom-sized cardboard boxes and paper bags in real time, precisely matching packaging to each item, avoiding excess material.",23,In-Store and Product Packaging,achievement,achievement,"2025,",,,,0.33,data/raw/amazon/2025_sustainability_report.pdf,amazon,2025,31,0.0,0.0,0.0,True,False,False,False,False,0.2,-2.0,False,False,False,0
"Polyester-based biodegradable plastics, or biopolyesters, are made from renewable resources, are compostable, and easier to recycle than conventional plastics.",23,In-Store and Product Packaging,attribute,,,,,,0.0,data/raw/amazon/2025_sustainability_report.pdf,amazon,2025,19,0.0,0.0,0.0,False,False,False,False,False,0.0,0.5,False,False,False,0
Amazon collaborated with the National Renewable Energy Laboratory to develop a novel recycling technology and worked with Glacier AI vision systems in 2024 and 2025 to identify biopolyester packaging in mixed waste streams.,23,In-Store and Product Packaging,other,,2024,2024,,,0.5,data/raw/amazon/2025_sustainability_report.pdf,amazon,2025,31,0.0,0.0,0.0,True,True,False,False,False,0.4,-10.2,False,False,False,0
"In parallel, Amazon piloted biopolyester materials in new packaging applications such as compostable produce bags, protective bags for liquids, and book wrapping to test material performance.",23,In-Store and Product Packaging,attribute,,,,,,0.0,data/raw/amazon/2025_sustainability_report.pdf,amazon,2025,26,0.0,0.0,0.0,False,False,False,False,False,0.0,8.0,False,False,False,0
"Inside Amazon's Sustainable Materials Innovation Lab, engineers test new packaging materials— examining everything from strength to how well they can keep food fresh.",23,In-Store and Product Packaging,attribute,,,,,,0.0,data/raw/amazon/2025_sustainability_report.pdf,amazon,2025,23,0.0,0.0,0.0,False,False,False,False,False,0.0,18.0,False,False,False,0
"In 2025, Amazon evaluated 40 new sites in the UK to assess the potential change in biodiversity value of a site upon development.",24,Mitigating Biodiversity Loss in Building Construction,other,,"2025,",,,,0.5,data/raw/amazon/2025_sustainability_report.pdf,amazon,2025,21,0.0,0.0,0.0,True,False,False,False,False,0.2,28.4,False,False,False,0
"In 2025, we evaluated biodiversity conditions at 55 building sites outside the UK, implementing the scalable approach developed in the UK to assess the biodiversity value of potential sites in additional regions.",24,Mitigating Biodiversity Loss in Building Construction,other,,"2025,",,,,0.5,data/raw/amazon/2025_sustainability_report.pdf,amazon,2025,30,0.0,0.0,0.0,True,False,False,False,False,0.2,-1.3,False,False,False,0
"In 2022, Amazon committed to reducing deforestation risks from products containing palm oil, paper, beef, soy, cocoa, coffee, and tea.",25,Reducing Habitat Conversion and Restoring Biodiversity in Our Supply Chain > Commodity Sourcing,other,firm,"2022,",,,,0.5,data/raw/amazon/2025_sustainability_report.pdf,amazon,2025,19,0.0,0.0,0.0526,True,False,False,False,False,0.2,36.2,False,False,False,1
"Whole Foods Market and Amazon Private Brands achieved 33 of 35 commodities goals and ambitions, including sourcing 100% of Whole Foods Market and Amazon Private Brands beef, cocoa, coffee, and tea from regions of low deforestation risk.",25,Reducing Habitat Conversion and Restoring Biodiversity in Our Supply Chain > Commodity Sourcing,achievement,achievement,100%,,,,0.33,data/raw/amazon/2025_sustainability_report.pdf,amazon,2025,34,0.0,0.0,0.0588,True,False,False,False,False,0.2,28.0,False,False,False,0
"We did not meet our goal to source 100% deforestation-free soy, but we are committed to continue working toward our ambition.",25,Reducing Habitat Conversion and Restoring Biodiversity in Our Supply Chain > Commodity Sourcing,target,firm,100%,,,,0.25,data/raw/amazon/2025_sustainability_report.pdf,amazon,2025,20,0.0,0.0,0.15,True,False,False,False,False,0.2,51.2,True,False,False,1
"We also fell short of our goal to source 100% of Amazon Grocery Private Brands palm oil from regions of low deforestation risk or with full supply chain traceability, achieving 94% compliance in Amazon Private Brands North America.",25,Reducing Habitat Conversion and Restoring Biodiversity in Our Supply Chain > Commodity Sourcing,achievement,achievement,100%,,,supply chain,0.67,data/raw/amazon/2025_sustainability_report.pdf,amazon,2025,36,0.0,0.0,0.0278,True,False,False,True,False,0.4,26.9,False,False,False,0
"In 2025, we gathered data to quantify baseline habitat conversion risk and land use footprints for our four main sourcing businesses—Amazon Private Brands, Print on Demand, Amazon Grocery Private Brands, and Packaging.",25,Reducing Habitat Conversion and Restoring Biodiversity in Our Supply Chain > Commodity Sourcing,other,,"2025,",,,,0.5,data/raw/amazon/2025_sustainability_report.pdf,amazon,2025,32,0.0,0.0,0.0,True,False,False,False,False,0.2,18.4,False,False,False,0
"The Right Now Climate Fund is Amazon’s $100 million commitment to restore ecosystems, support biodiversity, and benefit communities where we operate.",25,Restoring Biodiversity in Our Communities,other,firm,100 million,,,,0.5,data/raw/amazon/2025_sustainability_report.pdf,amazon,2025,21,0.0,0.0,0.0476,True,False,False,False,False,0.2,12.3,False,False,False,0
"Since 2019, through the Right Now Climate Fund, we have invested in projects across 16 countries, protected and restored 72,600 hectares of land, supported 2,200 species, planted 2.6 million trees, and benefited 2.4 million people with increased access to nature.",25,Restoring Biodiversity in Our Communities,achievement,achievement,"72,600 hectares",,,,0.33,data/raw/amazon/2025_sustainability_report.pdf,amazon,2025,34,0.0,0.0,0.0294,True,False,False,False,False,0.2,48.5,False,False,False,0
The Climate Pledge Friendly program and its green leaf icon—visible across the Amazon.com online shopping experience on product display pages and in search— marked its fifth anniversary in 2025.,26,Our Approach,target,firm,,,,,0.0,data/raw/amazon/2025_sustainability_report.pdf,amazon,2025,30,0.0,0.0,0.0,False,False,False,False,False,0.0,50.6,False,False,False,0
"Since its launch in 2020, we have worked to enable customers to make more sustainable choices and have made progress over the past five years.",26,Our Approach,other,,"2020,",,,,0.5,data/raw/amazon/2025_sustainability_report.pdf,amazon,2025,24,0.0,0.0,0.0,True,False,False,False,False,0.2,66.2,False,False,False,1
"At the end of 2025, 10% of products purchased by customers in the U.S. included a sustainability feature based on approved Climate Pledge Friendly certifications, and 38% of Amazon Private Brands sales were from products recognized by Climate Pledge Friendly certifications.",26,Our Approach,target,firm,10%,,,,0.25,data/raw/amazon/2025_sustainability_report.pdf,amazon,2025,39,0.0,0.0,0.0,True,False,False,False,False,0.2,30.9,False,False,False,0
An independent study published in the Harvard Business Review in 2025 found that products with sustainability certifications experienced a 14% increase in consumer demand over an eight-week period following certification —underscoring the momentum behind the program’s expansion.,26,Our Approach,other,,14%,,,,0.5,data/raw/amazon/2025_sustainability_report.pdf,amazon,2025,36,0.0,0.0,0.0,True,False,False,False,True,0.4,-20.1,False,False,False,0
Climate Pledge Friendly enables customers to discover products with sustainability features through badging and detailed product information across more than 62 trusted certifications as of the end of 2025.,26,Expanding the Climate Pledge Friendly Program,target,firm,62,,,,0.25,data/raw/amazon/2025_sustainability_report.pdf,amazon,2025,27,0.0,0.0,0.0,True,False,False,False,False,0.2,4.0,False,False,False,0
"In 2025, five new certifications were added to the Climate Pledge Friendly portfolio, reflecting the program’s intentionally rigorous evaluation and approval process.",26,Expanding the Climate Pledge Friendly Program,target,firm,"2025,",,,,0.25,data/raw/amazon/2025_sustainability_report.pdf,amazon,2025,22,0.0,0.0,0.0,True,False,False,False,False,0.2,7.6,True,False,False,0
"These certifications span features such as recycled materials , organic content , energy efficiency , and worker wellbeing and are selected for their transparency, scientific rigor, and credibility.",26,Expanding the Climate Pledge Friendly Program,attribute,,,,,,0.0,data/raw/amazon/2025_sustainability_report.pdf,amazon,2025,25,0.0,0.0,0.0,False,False,False,False,False,0.0,-11.4,True,False,False,0
"At the end of 2025, 4.2 million products recognized by certifications in our Climate Pledge Friendly program were available to customers for purchase in 14 countries, an 86% increase compared to 2024.",26,Expanding the Climate Pledge Friendly Program,target,firm,4.2 million,2024,,,0.5,data/raw/amazon/2025_sustainability_report.pdf,amazon,2025,27,0.0,0.0,0.0,True,True,False,False,False,0.4,42.7,False,False,False,0
"Since 2020, 187 million customers switched to Climate Pledge Friendly-badged products, including 43 million in 2025.",26,Expanding the Climate Pledge Friendly Program,target,firm,187 million,2025,,,0.5,data/raw/amazon/2025_sustainability_report.pdf,amazon,2025,12,0.0,0.0,0.0,True,True,False,False,False,0.4,25.5,False,False,False,0
"Adoption by businesses also expanded, with 93,100 Amazon Business customers implementing preferential buying policies for Climate Pledge Friendly-badged products in 2025, up from 75,200 in 2024.",26,Expanding the Climate Pledge Friendly Program,target,firm,"93,100",,,,0.25,data/raw/amazon/2025_sustainability_report.pdf,amazon,2025,22,0.0,0.0,0.0,True,False,False,False,False,0.2,-3.9,False,False,False,0
"In 2025, Amazon worked to broaden Climate Pledge Friendly’s selection and choice for customers.",26,Expanding the Climate Pledge Friendly Program,target,firm,"2025,",,,,0.25,data/raw/amazon/2025_sustainability_report.pdf,amazon,2025,14,0.0,0.0,0.0,True,False,False,False,False,0.2,47.6,False,False,False,0
"We added badged products from over 18,000 new selling partners, and expanded the recognized certification portfolio to reflect regional needs and sustainability priorities.",26,Expanding the Climate Pledge Friendly Program,other,,"18,000",,,,0.5,data/raw/amazon/2025_sustainability_report.pdf,amazon,2025,22,0.0,0.0,0.0,True,False,False,False,False,0.2,-3.9,False,False,False,0
"In early 2026, Amazon launched a new feature for U.S.- based merchants using the Buy with Prime feature to display Climate Pledge Friendly’s trusted green leaf icon and sustainability features badge on certified products on their websites, along with claims and certification details.",26,Expanding the Climate Pledge Friendly Program,target,firm,"2026,",,,,0.25,data/raw/amazon/2025_sustainability_report.pdf,amazon,2025,44,0.0,0.0,0.0,True,False,False,False,False,0.2,45.8,False,False,False,0
"In 2025, Amazon introduced a new feature, Your Sustainability Choices , to help customers better understand and celebrate their more sustainable purchases when reviewing their previous orders.",26,Making Choices that Matter,other,,"2025,",,,,0.5,data/raw/amazon/2025_sustainability_report.pdf,amazon,2025,25,0.04,0.0,0.0,True,False,False,False,False,0.04,5.5,False,False,False,0
"All employees, contractors, suppliers, customers, and community members can share feedback and concerns through our Human Rights and Environmental Complaints Form , available in 19 languages globally.",28,Improving Access to Effective Grievance Mechanisms and Remediation,other,,19,,,global,1.0,data/raw/amazon/2025_sustainability_report.pdf,amazon,2025,25,0.0,0.0,0.0,True,False,False,True,False,0.4,15.6,False,False,False,0
"In 2025, we focused on carbon-free energy procurement, climate finance, and community-based carbon neutralization projects.",28,Supporting a Just Climate Transition,attribute,,"2025,",,,,0.5,data/raw/amazon/2025_sustainability_report.pdf,amazon,2025,14,0.0,0.0,0.0,True,False,False,False,False,0.2,-18.9,False,False,False,0
This approach helps align our net-zero carbon commitment while upholding our human rights principles.,28,Supporting a Just Climate Transition,attribute,firm,,,,,0.0,data/raw/amazon/2025_sustainability_report.pdf,amazon,2025,14,0.0,0.0,0.0714,False,False,False,False,False,0.0,35.5,False,False,False,0
"In 2025, we studied what creates an effective workplace environment with tens of thousands of corporate employees.",31,Together at Amazon: Building Community and Connection,other,,"2025,",,,,0.5,data/raw/amazon/2025_sustainability_report.pdf,amazon,2025,16,0.0,0.0,0.0,True,False,False,False,False,0.2,42.5,False,False,False,0
Our supply chain spans thousands of Tier 1 suppliers globally.,35,Our Approach,other,,1,,,supply chain; supply chain (tier 1); global,1.0,data/raw/amazon/2025_sustainability_report.pdf,amazon,2025,9,0.0,0.0,0.0,True,False,False,True,False,0.4,66.1,False,False,False,0
"In 2025, we developed and deployed online trainings for 1,600 suppliers to promote awareness of our Supply Chain Standards.",35,Our Approach,other,,"2025,",,,supply chain,1.0,data/raw/amazon/2025_sustainability_report.pdf,amazon,2025,17,0.0,0.0,0.0,True,False,False,True,False,0.4,40.3,False,False,False,0
"In 2025, we supported Open Supply Hub to integrate with partner platforms, enabling users to discover and access linked environmental and social data for production locations.",35,Supplier Transparency and Risk Assessment,other,,"2025,",,,,0.5,data/raw/amazon/2025_sustainability_report.pdf,amazon,2025,25,0.0,0.0,0.0,True,False,False,False,False,0.2,12.3,False,False,False,0
Yarn Ethically & Sustainably Sourced (YESS) is an initiative of Responsible Sourcing Network to identify and address forced labor in cotton harvesting.,35,Supplier Transparency and Risk Assessment,attribute,,,,,,0.0,data/raw/amazon/2025_sustainability_report.pdf,amazon,2025,21,0.0476,0.0,0.0,False,False,False,False,False,0.0,8.3,False,False,False,1
"In 2025, we analyzed materials flow across AWS’s upstream supply chain to track materials from raw material extraction through end of life.",36,Nearly 3.1K,other,,"2025,",,,supply chain; upstream,1.0,data/raw/amazon/2025_sustainability_report.pdf,amazon,2025,22,0.0,0.0,0.0,True,False,False,True,False,0.4,46.1,False,False,False,0
"Over the year, we secured 3,081 audits of suppliers of Amazon-branded products, third-party labor, service, and not-for-resale goods providers in our logistics, warehousing, and construction supply chain.",37,Supplier Audits by Type,other,,"3,081",,,supply chain,1.0,data/raw/amazon/2025_sustainability_report.pdf,amazon,2025,26,0.0,0.0,0.0,True,False,False,True,True,0.6,8.0,False,False,False,0
"In 2025, we collaborated with JP-MIRAI to implement worker voice mechanisms in our Japan supply chain.",37,Supplier Audits by Type > Access to Effective Grievance Mechanisms,other,,"2025,",,,supply chain,1.0,data/raw/amazon/2025_sustainability_report.pdf,amazon,2025,15,0.0,0.0,0.0,True,False,False,True,False,0.4,39.3,False,False,False,0
"In 2025, we accelerated efforts to prevent forced labor risks across our operational supply chain, with a focus on responsible recruitment, analyzing risk trends, providing supplier training, and building vendor and supplier capacity.",37,Partnering for Prevention > Responsible Recruitment and Freely Chosen Employment,other,,"2025,",,,supply chain,1.0,data/raw/amazon/2025_sustainability_report.pdf,amazon,2025,32,0.0312,0.0,0.0,True,False,False,True,False,0.275,5.2,False,False,False,2
"We continued to expand our economic footprint in 2025, investing more in the U.S. economy than any previous year, with more than $340 billion in communities across the U.S. When we invest a dollar in a town or city— whether by building a facility, hiring local workers, or partnering with small businesses—that dollar creates $1.20 in additional economic activity.",39,Creating Economic Impact,other,,340 billion,,,,0.5,data/raw/amazon/2025_sustainability_report.pdf,amazon,2025,59,0.0169,0.0,0.0,True,False,False,False,False,0.132,46.3,False,False,False,0
"By the end of 2026, we aim to grow our rural delivery network’s footprint to over 200 delivery stations, creating 100,000 new jobs and driver opportunities.",39,Creating Economic Impact,target,hedged,"2026,",,2026,,0.5,data/raw/amazon/2025_sustainability_report.pdf,amazon,2025,24,0.0,0.0,0.0417,True,False,True,False,False,0.4,38.0,False,False,False,0
"This expansion resulted from increased purchases with existing suppliers in our supply chain and identification of new companies, bringing the total number of qualified, competitive DOBs to more than 650.",44,Supplier Development and Impact,other,achievement,,,,supply chain,0.5,data/raw/amazon/2025_sustainability_report.pdf,amazon,2025,29,0.0,0.0,0.0,False,False,False,True,False,0.2,14.0,False,False,False,0
The net impact from EACs to our emissions is 199.4K M T C O 2 e. Learn more about carbon insets and EACs on Amazon’s Sustainability Exchange .,46,Data Tables Amazon’s 2019–2025 Carbon Footprint > Emissions Category (M M T C O 2 e ),other,,2,,,,0.5,data/raw/amazon/2025_sustainability_report.pdf,amazon,2025,27,0.0,0.037,0.0,True,False,False,False,False,0.052,69.2,False,False,False,0
2022-2025 carbon footprints calculated in accordance with updated Carbon Methodology .,46,Greenhouse Gas Emissions Assurance Statement - Scope 3,other,,2022,,,,0.5,data/raw/amazon/2025_sustainability_report.pdf,amazon,2025,9,0.0,0.0,0.0,True,False,False,False,False,0.2,-18.5,False,False,False,0
Palm Oil Source palm oil and derivatives in Amazon Private Brands food and consumable products and palm oil in 365 by Whole Foods Market food products from sources certified to the Roundtable on Sustainable Palm Oil supply chain standard.,47,No Deforestation,other,,365,,,supply chain,1.0,data/raw/amazon/2025_sustainability_report.pdf,amazon,2025,38,0.0,0.0,0.0,True,False,False,True,False,0.4,39.1,False,False,False,0
"Source Private Brands paper products that are either recycled or certified to Forest Stewardship Council (FSC), Sustainable Forestry Initiative, or Programme for the Endorsement of Forest Certification standards.",47,No Deforestation > Paper Products and Paper PackagingA,attribute,,,,,,0.0,data/raw/amazon/2025_sustainability_report.pdf,amazon,2025,28,0.0,0.0,0.0,False,False,False,False,False,0.0,6.2,False,False,False,0
We strive to use sustainably sourced fiber in our grocery and consumable Private Brands paper-based primary packaging.,47,No Deforestation > Paper Products and Paper PackagingA,attribute,hedged,,,,,0.0,data/raw/amazon/2025_sustainability_report.pdf,amazon,2025,17,0.0,0.0,0.0,False,False,False,False,False,0.0,20.4,False,False,False,0
We continued to work with suppliers to increase the amount of fiber from responsibly managed forests and/or recycled materials used in our paper-based primary packaging.,47,No Deforestation > Paper Products and Paper PackagingA,attribute,,,,,,0.0,data/raw/amazon/2025_sustainability_report.pdf,amazon,2025,26,0.0385,0.0,0.0,False,False,False,False,False,0.0,17.8,False,False,False,0
We continued to work with suppliers to increase the amount of fiber from responsibly managed forests and/or recycled materials used in our paper-based primary packaging.,47,No Deforestation > Paper Products and Paper PackagingA,attribute,,,,,,0.0,data/raw/amazon/2025_sustainability_report.pdf,amazon,2025,26,0.0385,0.0,0.0,False,False,False,False,False,0.0,17.8,False,False,False,0
"BeefB By 2025, source Private Brands beef from regions of low deforestation risk or with full supply chain traceability, demonstrating that the products did not contribute to deforestation.",47,No Deforestation > Paper Products and Paper PackagingA,target,hedged,"2025,",,2025,supply chain,0.75,data/raw/amazon/2025_sustainability_report.pdf,amazon,2025,27,0.0,0.0,0.02,True,False,True,True,False,0.6,29.0,False,False,False,0
"In 2024, 6% of soy in our European private brands supply chains was verified Deforestationand Conversion-Free, an increase from 4% in 2023.",47,No Deforestation > Paper Products and Paper PackagingA,achievement,achievement,6%,,,supply chain,0.67,data/raw/amazon/2025_sustainability_report.pdf,amazon,2025,18,0.0,0.0,0.0,True,False,False,True,True,0.6,38.2,True,False,False,0
The remaining 90% supported deforestation-free production via mass balance and regional credits.,47,No Deforestation > Paper Products and Paper PackagingA,other,,90%,,,,0.5,data/raw/amazon/2025_sustainability_report.pdf,amazon,2025,11,0.0,0.0,0.0,True,False,False,False,False,0.2,3.4,False,False,False,0
A Whole Foods Market sells only recycled materials or FSC-certified products.,49,Materials and Agricultural Commodities Sourcing (continued),attribute,,,,,,0.0,data/raw/amazon/2025_sustainability_report.pdf,amazon,2025,11,0.0,0.0,0.0,False,False,False,False,False,0.0,41.9,False,False,False,0
A cut-off date of 2020 means that the soy has not been sourced from land that has been subject to deforestation since the end of 2020.,49,Materials and Agricultural Commodities Sourcing (continued),achievement,achievement,2020,,,,0.33,data/raw/amazon/2025_sustainability_report.pdf,amazon,2025,24,0.0,0.0417,0.0,True,False,False,False,False,0.033,73.2,True,False,False,0
"D In 2023, we conducted a risk assessment of the soy in Amazon and Whole Foods Market Private Brands supply chains with a third-party consultancy.",49,Materials and Agricultural Commodities Sourcing (continued),other,,"2023,",,,supply chain,1.0,data/raw/amazon/2025_sustainability_report.pdf,amazon,2025,24,0.0,0.0,0.0,True,False,False,True,True,0.6,48.5,False,False,False,0
Whole Foods Market sells only wild-caught seafood from fisheries that are certified sustainable by the Marine Stewardship Council (MSC) or rated Green or Yellow by the Monterey Bay Aquarium Seafood Watch Program.,49,Materials and Agricultural Commodities Sourcing (continued),attribute,,,,,,0.0,data/raw/amazon/2025_sustainability_report.pdf,amazon,2025,32,0.0,0.0,0.0,False,False,False,False,False,0.0,31.6,True,False,False,0
Canned tuna in grocery and in Whole Foods Market’s own kitchens is traceable to the boats and must be sourced from fisheries that are using one-by-one catch methods and are certified sustainable by the MSC or rated Green or Yellow by the Monterey Bay Aquarium Seafood Watch program.,49,Materials and Agricultural Commodities Sourcing (continued),attribute,firm,,,,,0.0,data/raw/amazon/2025_sustainability_report.pdf,amazon,2025,49,0.0,0.0,0.0,False,False,False,False,False,0.0,25.9,True,True,False,0
"Cotton Source all cotton for Amazon Private Brands apparel products from more sustainable sources, which we define as being sourced from recycled materials, farms certified as producing organic cotton, through the Better Cotton Initiative or through the U.S. Cotton Trust Protocol.",49,Materials and Agricultural Commodities Sourcing (continued) > Data Tables and Assurance Statements Endnotes Disclaimer and Forward-Looking Statements,attribute,,,,,,0.0,data/raw/amazon/2025_sustainability_report.pdf,amazon,2025,42,0.0238,0.0,0.0,False,False,False,False,False,0.0,43.6,True,False,False,0
"Recycled Fabrics Increase the use of recycled fabrics in Amazon Private Brands apparel products, including moving from conventional to recycled polyester and launching products made from innovative recycled fibers.",49,Materials and Agricultural Commodities Sourcing (continued) > Manufactured Cellulosic Fibers,attribute,,,,,,0.0,data/raw/amazon/2025_sustainability_report.pdf,amazon,2025,29,0.0,0.0,0.0,False,False,False,False,False,0.0,2.4,False,False,False,1
Polyester in Amazon Private Brands apparel was recycled polyester.,49,Materials and Agricultural Commodities Sourcing (continued) > Manufactured Cellulosic Fibers,attribute,achievement,,,,,0.0,data/raw/amazon/2025_sustainability_report.pdf,amazon,2025,9,0.0,0.0,0.0,False,False,False,False,False,0.0,9.7,True,False,False,0
Polyester in Amazon Private Brands apparel was recycled polyester.,49,Materials and Agricultural Commodities Sourcing (continued) > Manufactured Cellulosic Fibers,attribute,achievement,,,,,0.0,data/raw/amazon/2025_sustainability_report.pdf,amazon,2025,9,0.0,0.0,0.0,False,False,False,False,False,0.0,9.7,True,False,False,0
4. We measure both carbon emissions and carbon intensity to provide a complete picture of our progress toward our 2040 goal.,50,Li nk,other,,2040,,,,0.5,data/raw/amazon/2025_sustainability_report.pdf,amazon,2025,19,0.0,0.0,0.0526,True,False,False,False,False,0.2,54.7,False,False,False,1
"Carbon emissions reduction and neutralization define our Climate Pledge commitment, while carbon intensity—measured in grams of carbon dioxide equivalent per dollar of revenue (gCO2e/$Revenue)—helps us assess how we are decoupling business growth from carbon emissions growth over time.",50,Li nk,target,firm,,,,,0.0,data/raw/amazon/2025_sustainability_report.pdf,amazon,2025,42,0.0,0.0,0.0238,False,False,False,False,False,0.0,3.1,False,False,False,0
"In 2025, we began reporting grams carbon dioxide equivalent per dollar of revenue and have updated carbon intensity figures for all years reported (from per dollar of gross merchandise sales) to better align to independent reporting standards.",50,Li nk,other,,"2025,",,,,0.5,data/raw/amazon/2025_sustainability_report.pdf,amazon,2025,36,0.0278,0.0,0.0,True,False,False,False,True,0.289,8.1,False,False,False,0
"In 2024, we reported that 90% of our highest-emitting suppliers had decarbonization plans in place, which represented 50% of our carbon emissions.",50,Li nk,other,,90%,,,,0.5,data/raw/amazon/2025_sustainability_report.pdf,amazon,2025,19,0.0,0.0,0.0526,True,False,False,False,False,0.2,22.8,False,False,False,0
"In 2025, we expanded the scope of our top suppliers to include those that represent 70% of our Scope 3 emissions.",50,Li nk,other,,70%,,,Scope 3,1.0,data/raw/amazon/2025_sustainability_report.pdf,amazon,2025,18,0.0,0.0,0.0,True,False,False,True,False,0.4,66.4,False,False,False,0
"A ""credible decarbonization plan"" includes: (1) a verified reduction target (e.g., TCP signatory, public commitment, private commitment), validated through AI-powered scanning of public disclosures and commitments, and (2) measurable progress (e.g., public disclosure, direct data sharing).",50,Li nk,target,firm,1,,,,0.25,data/raw/amazon/2025_sustainability_report.pdf,amazon,2025,36,0.0,0.0,0.1389,True,False,False,False,True,0.4,11.5,False,False,False,1
The embodied carbon calculation uses the Carbon Leadership Forum’s (CLF) 2021 baseline.,50,Li nk,other,,2021,2021,,,0.5,data/raw/amazon/2025_sustainability_report.pdf,amazon,2025,12,0.0,0.0,0.0,True,True,False,False,False,0.4,18.4,False,False,False,1
The theoretical minimum PUE of 1.0 would imply that all the energy consumed by a data center is being used to power computing equipment and that none is wasted on cooling or other infrastructure.,50,Li nk,other,,1.0,,,,0.5,data/raw/amazon/2025_sustainability_report.pdf,amazon,2025,33,0.0,0.0303,0.0,True,False,False,False,False,0.079,44.0,True,False,True,0
"Industry averages are as estimated by the International Data Corporation, 2H24 Datacenter Trends: Sustainable Datacenter Builds and CO2 Emissions Doc # US51911924, January 2025.",50,Li nk,other,,,,,,0.0,data/raw/amazon/2025_sustainability_report.pdf,amazon,2025,22,0.0,0.0909,0.0,False,False,False,False,False,0.0,-7.8,False,False,False,0
"Carbon-free energy includes electricity generated from sources that produce no direct carbon emissions—such as wind, solar, nuclear, hydroelectric, and geothermal—as well as site energy contracts and green tariffs with local utilities that add new renewable projects to the grid.",50,Li nk,attribute,,,,,,0.0,data/raw/amazon/2025_sustainability_report.pdf,amazon,2025,41,0.0,0.0,0.0,False,False,False,False,True,0.2,6.3,False,False,False,0
"We measure progress against this goal by adding together reused water and water from replenishment and dividing that number by total water withdrawal minus water from sustainable sources, multiplied by 100%, as described in our Water Positive Methodology .",50,Li nk,other,,100%,,,,0.5,data/raw/amazon/2025_sustainability_report.pdf,amazon,2025,37,0.0,0.0,0.027,True,False,False,False,False,0.2,4.7,False,False,False,2
"The water stress levels in this chart use WRI's 2030 business-as-usual baseline scenario, consider source water stress, and cover only leased and owned data centers.",50,Li nk,other,hedged,2030,,,,0.5,data/raw/amazon/2025_sustainability_report.pdf,amazon,2025,24,0.0,0.0,0.0,True,False,False,False,False,0.2,27.4,False,False,False,0
Schedule 7A of the Town and Country Planning Act 1990 (as inserted by Schedule 14 of the Environment Act 2021).,50,Li nk,other,,1990,,,,0.5,data/raw/amazon/2025_sustainability_report.pdf,amazon,2025,17,0.0,0.0,0.0588,True,False,False,False,False,0.2,60.2,False,False,False,0
"33. Includes data for businesses manufacturing Amazon-branded products, products under Amazon’s patent or trademark, third-party labor, service, and not-for-resale goods providers in our logistics, warehousing, and construction supply chain.",50,Li nk,other,,,,,supply chain,0.5,data/raw/amazon/2025_sustainability_report.pdf,amazon,2025,29,0.0,0.0,0.0,False,False,False,True,True,0.4,-6.3,False,False,False,0
"Data for 2024 and 2025 have an expanded scope that includes both Amazon-branded product suppliers and third party labor, service, and not-for-resale goods providers in our logistics, warehousing, and construction supply chain.",50,Li nk,other,,2024,,,supply chain,1.0,data/raw/amazon/2025_sustainability_report.pdf,amazon,2025,30,0.0,0.0,0.0,True,False,False,True,True,0.6,15.6,False,False,False,0
"Image 1: At our new delivery station in Elkhart, Indiana, a bioretention pond stores and filters stormwater, increasing on-site carbon sequestration and biodiversity.",50,Li nk > On the cover,other,,1,,,,0.5,data/raw/amazon/2025_sustainability_report.pdf,amazon,2025,22,0.0,0.0,0.0,True,False,False,False,False,0.2,-0.1,False,False,False,0
"Image 3: We work to eliminate unnecessary packaging while optimizing material, weight, and recyclability.",50,Li nk > On the cover,other,,3,,,,0.5,data/raw/amazon/2025_sustainability_report.pdf,amazon,2025,13,0.0,0.0,0.0,True,False,False,False,False,0.2,-21.1,False,False,False,0
