sentence,page,section_path,claim_type,strength,quantity,baseline,deadline,scope,slot_fill_score,source_file,negated,conditional,company,publish_year,report_assured,n_words,vague_ratio,hedging_ratio,future_ratio,quantification_present,baseline_present,date_present,scope_present,verification_present,sentiment,specificity_score,readability,passive_voice,modal_firm,modal_soft,positive_tone_words,highlights_json
"While we work towards that, our methane intensity has come down by more than 40% since 2019 (from 0.12 to 0.07%).",3,Reimagining energy for people and our planet > Leaning into greening,other,hedged,40%,,,,0.5,data/raw/bp/2021_sustainability_report.pdf,False,False,bp,2021,True,17,0.0,0.0,0.0,True,False,False,False,False,0.0,0.2,91.6,False,False,False,0,"[{""start"": 77, ""end"": 80, ""kind"": ""qty"", ""term"": ""40%""}]"
We have also increased our net zero aims.,3,Reimagining energy for people and our planet > Focused on delivery,attribute,hedged,,,,,0.0,data/raw/bp/2021_sustainability_report.pdf,False,False,bp,2021,True,8,0.0,0.0,0.125,False,False,False,False,False,0.0,0.0,71.8,False,False,False,0,[]
"On aim 1, we are now aiming to cut our operational emissions in half by 2030 (up from 30-35%).",3,Reimagining energy for people and our planet > Focused on delivery,target,hedged,35%,,2030,,0.5,data/raw/bp/2021_sustainability_report.pdf,False,False,bp,2021,True,16,0.0,0.0,0.2075,True,False,True,False,False,0.0,0.4,69.0,False,False,False,0,"[{""start"": 72, ""end"": 76, ""kind"": ""deadline"", ""term"": ""2030""}, {""start"": 89, ""end"": 92, ""kind"": ""qty"", ""term"": ""35%""}]"
"And on aim 3 (covering the lifecycle emissions for the energy products we sell) we now aim to reduce carbon intensity to net zero by 2050 or sooner – up from 50% – and have increased the volume of emissions covered by this aim, which now includes physically traded sales of energy products.",3,Reimagining energy for people and our planet > Focused on delivery,target,hedged,50%,,2050,,0.5,data/raw/bp/2021_sustainability_report.pdf,False,False,bp,2021,True,48,0.0,0.0,0.1033,True,False,True,False,False,0.0,0.4,15.4,False,False,False,0,"[{""start"": 133, ""end"": 137, ""kind"": ""deadline"", ""term"": ""2050""}, {""start"": 158, ""end"": 161, ""kind"": ""qty"", ""term"": ""50%""}]"
"Uniquely among our peers, we are aiming to be net zero across operations, production and sales.",3,Reimagining energy for people and our planet > Focused on delivery,attribute,hedged,,,,,0.0,data/raw/bp/2021_sustainability_report.pdf,False,False,bp,2021,True,16,0.0,0.0,0.0625,False,False,False,False,False,0.0,0.0,37.3,False,False,False,0,[]
"It means that by doubling down on five transition growth engines where we have real strengths – bioenergy, convenience, EV charging, renewables and hydrogen – we can grow as a company and at the same time advance towards our aim of net zero on the products we sell (aim 3).",3,Reimagining energy for people and our planet > Diversifying and decarbonizing,attribute,hedged,3,,,,0.5,data/raw/bp/2021_sustainability_report.pdf,False,False,bp,2021,True,47,0.0,0.0,0.0426,True,False,False,False,False,0.0213,0.2,36.7,False,False,False,1,"[{""start"": 205, ""end"": 212, ""kind"": ""positive"", ""term"": ""advance""}, {""start"": 270, ""end"": 271, ""kind"": ""qty"", ""term"": ""3""}]"
"Against this backdrop, and as we have seen the world’s low carbon ambitions gather momentum, we have been in action across the three focus areas – net zero, people and planet.",4,Rooting our new strategy in sustainability > Sustainability in action,attribute,,,,,,0.0,data/raw/bp/2021_sustainability_report.pdf,False,False,bp,2021,True,31,0.0,0.0,0.0645,False,False,False,False,False,0.0,0.0,52.6,False,False,False,0,[]
Perhaps the clearest example is Net Zero Teesside and the related projects that bp is leading in the NorthEast of England.,4,Rooting our new strategy in sustainability > Interconnected aims,attribute,,,,,,0.0,data/raw/bp/2021_sustainability_report.pdf,False,False,bp,2021,True,21,0.0476,0.0,0.0,False,False,False,False,False,0.0476,0.0,56.6,False,False,False,1,"[{""start"": 86, ""end"": 93, ""kind"": ""vague"", ""term"": ""leading""}]"
"We are working to develop firstof-a-kind gas-fired power generation with carbon capture, blue and green hydrogen, and further carbon capture capacity for storing emissions from UK industries.",4,Rooting our new strategy in sustainability > Interconnected aims,attribute,,,,,,0.0,data/raw/bp/2021_sustainability_report.pdf,False,False,bp,2021,True,27,0.0,0.0,0.0,False,False,False,False,False,0.0,0.0,10.2,False,False,False,0,[]
"Another is by maintaining our focus on keeping energy flowing today while transforming bp to sustainably deliver more and more of the reliable, affordable, clean energy the world wants and needs into the future.",4,Embedding sustainability into the way we do business > Putting sustainability at the core of bp,attribute,,,,,,0.0,data/raw/bp/2021_sustainability_report.pdf,False,False,bp,2021,True,34,0.0,0.0,0.0294,False,False,False,False,False,0.0,0.0,28.0,False,False,False,0,[]
"In 2020, we set out our net zero ambition and a new strategy to become an integrated energy company.",6,Our strategy: from IOC to IEC,target,hedged,"2020,",,,,0.25,data/raw/bp/2021_sustainability_report.pdf,False,False,bp,2021,True,18,0.0,0.0,0.0556,True,False,False,False,False,0.0,0.2,42.9,False,False,False,0,"[{""start"": 3, ""end"": 8, ""kind"": ""qty"", ""term"": ""2020,""}]"
"Embedded across our strategy is our sustainability frame, which sets out our aims for getting to net zero, improving people’s lives and caring for our planet.",6,Low carbon energy > – Renewables – Hydrogen,attribute,hedged,,,,,0.0,data/raw/bp/2021_sustainability_report.pdf,False,False,bp,2021,True,27,0.0,0.0,0.0741,False,False,False,False,False,0.0,0.0,41.6,False,False,False,0,[]
"Sustainability at bp is about creating value by connecting the business opportunities of the energy transition with our aims and objectives for people, our planet and getting to net zero.",7,Low carbon energy > Our aims and objectives,attribute,hedged,,,,,0.0,data/raw/bp/2021_sustainability_report.pdf,False,False,bp,2021,True,30,0.0,0.0333,0.0667,False,False,False,False,False,0.0,0.0,18.5,False,False,False,0,"[{""start"": 24, ""end"": 29, ""kind"": ""hedge"", ""term"": ""about""}]"
1 Net zero operations 2 Net zero production 3 Net zero sales 4 Reducing methane 5 More investment for new energies Be net zero across our entire operations on an absolute basis by 2050 or sooner.,8,Our sustainability aims > Five aims to get bp to net zero,target,,1,,2050,,0.5,data/raw/bp/2021_sustainability_report.pdf,False,False,bp,2021,True,30,0.0,0.0,0.0533,True,False,True,False,False,0.0,0.4,18.5,False,False,False,0,"[{""start"": 0, ""end"": 1, ""kind"": ""qty"", ""term"": ""1""}, {""start"": 183, ""end"": 187, ""kind"": ""deadline"", ""term"": ""2050""}]"
Be net zero on an absolute basis across the carbon in our upstream oil and gas production by 2050 or sooner.,8,Our sustainability aims > Five aims to get bp to net zero,target,,,2050,2050,upstream,0.75,data/raw/bp/2021_sustainability_report.pdf,False,False,bp,2021,True,20,0.0,0.0,0.07,False,True,True,True,False,0.0,0.6,59.6,False,False,False,0,"[{""start"": 93, ""end"": 97, ""kind"": ""baseline"", ""term"": ""2050""}]"
Reduce to net zero the carbon intensity of the energy products we sell by 2050 or sooner.,8,Our sustainability aims > Five aims to get bp to net zero,target,,,,2050,,0.25,data/raw/bp/2021_sustainability_report.pdf,False,False,bp,2021,True,16,0.0,0.0,0.0825,False,False,True,False,False,0.0,0.2,53.1,False,False,False,0,"[{""start"": 74, ""end"": 78, ""kind"": ""deadline"", ""term"": ""2050""}]"
"Install methane measurement at all our existing major oil and gas processing sites by 2023, publish the data, and then drive a 50% reduction in methane intensity of our operations.",8,Our sustainability aims > Five aims to get bp to net zero,target,,50%,,2023,own operations,0.75,data/raw/bp/2021_sustainability_report.pdf,False,False,bp,2021,True,28,0.0,0.0,0.02,True,False,True,True,False,0.0,0.6,27.3,False,False,False,0,"[{""start"": 86, ""end"": 90, ""kind"": ""deadline"", ""term"": ""2023""}, {""start"": 127, ""end"": 130, ""kind"": ""qty"", ""term"": ""50%""}]"
"6 Advocating 7 Incentivizing employees 8 Aligning associations 9 Transparency leader 10 Clean cities and corporates More actively advocate for policies that support net zero, including carbon pricing.",8,Our sustainability aims > Five aims to help the world get to net zero,attribute,hedged,6,,,,0.5,data/raw/bp/2021_sustainability_report.pdf,False,False,bp,2021,True,23,0.0,0.0,0.0,True,False,False,False,False,0.0435,0.2,-26.2,False,False,False,1,"[{""start"": 0, ""end"": 1, ""kind"": ""qty"", ""term"": ""6""}, {""start"": 78, ""end"": 84, ""kind"": ""positive"", ""term"": ""leader""}]"
Incentivize our global workforce to deliver on our aims and mobilize them to become advocates for net zero.,8,Our sustainability aims > Five aims to help the world get to net zero,attribute,hedged,,,,,0.0,data/raw/bp/2021_sustainability_report.pdf,False,False,bp,2021,True,18,0.0,0.0,0.0556,False,False,False,False,False,0.0,0.0,38.2,False,False,False,0,[]
Launch a new team to create integrated clean energy and mobility solutions.,8,Our sustainability aims > Five aims to help the world get to net zero,attribute,,,,,,0.0,data/raw/bp/2021_sustainability_report.pdf,False,False,bp,2021,True,12,0.0,0.0,0.0,False,False,False,False,False,0.0,0.0,39.6,False,False,False,0,[]
Develop enough clean energy to benefit more than 36 million people.,8,Our sustainability aims > Five aims to improve people’s lives,attribute,,36 million,,,,0.5,data/raw/bp/2021_sustainability_report.pdf,False,False,bp,2021,True,10,0.0,0.0,0.0,True,False,False,False,False,0.0,0.2,44.4,False,False,False,0,"[{""start"": 49, ""end"": 59, ""kind"": ""qty"", ""term"": ""36 million""}]"
Become water positive by 2035.,8,Our sustainability aims > Five aims to care for our planet,target,,,,2035,,0.25,data/raw/bp/2021_sustainability_report.pdf,False,False,bp,2021,True,4,0.0,0.0,0.02,False,False,True,False,False,0.25,0.2,33.6,False,False,False,1,"[{""start"": 13, ""end"": 21, ""kind"": ""positive"", ""term"": ""positive""}, {""start"": 25, ""end"": 29, ""kind"": ""deadline"", ""term"": ""2035""}]"
"This helps underpin our future growth by expanding talent pipelines for established skillsets and newer ones, including many of the skills that bp and the world need to get to net zero.",16,Building on strong foundations > Education and employability,attribute,,,,,,0.0,data/raw/bp/2021_sustainability_report.pdf,False,False,bp,2021,True,32,0.0312,0.0,0.0312,False,False,False,False,False,0.0,0.0,39.5,False,False,False,0,"[{""start"": 120, ""end"": 124, ""kind"": ""vague"", ""term"": ""many""}]"
"In 2021, our total air emissions reduced by 38% compared with 2020, largely due to reductions in flaring at some of our operating facilities, including US onshore operations.",18,Building on strong foundations > Air emissions,achievement,achievement,38%,2020,,,0.67,data/raw/bp/2021_sustainability_report.pdf,False,False,bp,2021,True,25,0.04,0.0,0.0,True,True,False,False,False,0.0,0.24,15.6,False,False,False,0,"[{""start"": 44, ""end"": 47, ""kind"": ""qty"", ""term"": ""38%""}, {""start"": 62, ""end"": 66, ""kind"": ""baseline"", ""term"": ""2020""}, {""start"": 68, ""end"": 75, ""kind"": ""vague"", ""term"": ""largely""}]"
"Around 270kt of hazardous and nonhazardous waste was disposed of in 2021, a 4% decrease from around 280kt in 2020.",18,Building on strong foundations > Air emissions,other,,4%,,,,0.5,data/raw/bp/2021_sustainability_report.pdf,False,False,bp,2021,True,17,0.0,0.1176,0.0,True,False,False,False,False,0.0,0.0,55.2,True,False,False,0,"[{""start"": 0, ""end"": 6, ""kind"": ""hedge"", ""term"": ""Around""}, {""start"": 76, ""end"": 78, ""kind"": ""qty"", ""term"": ""4%""}, {""start"": 93, ""end"": 99, ""kind"": ""hedge"", ""term"": ""around""}]"
"In 2021 this influence focused on net zero operations, the measurement and abatement of methane emissions, biodiversity and human rights.",18,Building on strong foundations > Influencing non-operated joint ventures,attribute,,,,,,0.0,data/raw/bp/2021_sustainability_report.pdf,False,False,bp,2021,True,19,0.0,0.0,0.0,False,False,False,False,False,0.0,0.0,9.4,False,False,False,0,[]
"In 2021, survey activity was carried out in an international protected area as part of the UK Net Zero Teesside project.",18,Building on strong foundations > Influencing non-operated joint ventures,attribute,,"2021,",,,,0.5,data/raw/bp/2021_sustainability_report.pdf,False,False,bp,2021,True,20,0.0,0.0,0.0,True,False,False,False,False,0.0,0.2,38.5,True,False,False,0,"[{""start"": 3, ""end"": 8, ""kind"": ""qty"", ""term"": ""2021,""}]"
"When bpx began operating its Permian assets in 2019, flaring intensity was over 16%.",20,Performance and progress > Reducing methane,other,,16%,,,,0.5,data/raw/bp/2021_sustainability_report.pdf,False,False,bp,2021,True,12,0.0,0.0,0.0,True,False,False,False,False,0.0,0.2,32.5,False,False,False,0,"[{""start"": 80, ""end"": 83, ""kind"": ""qty"", ""term"": ""16%""}]"
"In 2021, we continued to make progress against the five aims to help bp get to net zero we announced in February 2020.",21,Getting to net zero introduction,attribute,hedged,"2021,",,,,0.5,data/raw/bp/2021_sustainability_report.pdf,False,False,bp,2021,True,21,0.0476,0.0,0.0476,True,False,False,False,False,0.0476,0.01,64.7,False,False,False,1,"[{""start"": 3, ""end"": 8, ""kind"": ""qty"", ""term"": ""2021,""}, {""start"": 12, ""end"": 21, ""kind"": ""vague"", ""term"": ""continued""}, {""start"": 30, ""end"": 38, ""kind"": ""positive"", ""term"": ""progress""}]"
"This progress, combined with our confidence in the business opportunities of the energy transition, has enabled us to accelerate two of our net zero aims.",21,Getting to net zero introduction,attribute,hedged,,,,,0.0,data/raw/bp/2021_sustainability_report.pdf,False,False,bp,2021,True,25,0.0,0.0,0.04,False,False,False,False,False,0.08,0.0,25.8,False,False,False,2,"[{""start"": 5, ""end"": 13, ""kind"": ""positive"", ""term"": ""progress""}, {""start"": 118, ""end"": 128, ""kind"": ""positive"", ""term"": ""accelerate""}]"
"In parallel, the pace at which the world is moving to net zero is increasing, something we explore in the ‘New Momentum’ scenario in the 2022 bp Energy Outlook.",21,Getting to net zero introduction,attribute,hedged,,,,,0.0,data/raw/bp/2021_sustainability_report.pdf,False,False,bp,2021,True,28,0.0,0.0,0.0,False,False,False,False,False,0.0,0.0,45.5,False,False,False,0,[]
"Our ambition is to be a net zero company by 2050 or sooner, and to help the world get to net zero.",21,Getting to net zero introduction > Read more: bp.com/energyoutlook,target,hedged,,,2050,,0.25,data/raw/bp/2021_sustainability_report.pdf,False,False,bp,2021,True,21,0.0,0.0,0.1152,False,False,True,False,False,0.0,0.2,72.7,False,False,False,0,"[{""start"": 44, ""end"": 48, ""kind"": ""deadline"", ""term"": ""2050""}]"
"We now aim to be net zero across operations, production and sales.",21,Getting to net zero introduction > Read more: bp.com/energyoutlook,attribute,hedged,,,,,0.0,data/raw/bp/2021_sustainability_report.pdf,False,False,bp,2021,True,12,0.0,0.0,0.0833,False,False,False,False,False,0.0,0.0,53.7,False,False,False,0,[]
For 2030 we are now aiming for a 1520% reduction in the lifecycle carbon intensity of these products against the 2019 baseline.,21,Getting to net zero introduction > Read more: bp.com/energyoutlook,other,hedged,1520%,2019,,,0.5,data/raw/bp/2021_sustainability_report.pdf,False,False,bp,2021,True,19,0.0,0.0,0.0526,True,True,False,False,False,0.0,0.4,45.1,False,False,False,0,"[{""start"": 33, ""end"": 38, ""kind"": ""qty"", ""term"": ""1520%""}, {""start"": 113, ""end"": 117, ""kind"": ""baseline"", ""term"": ""2019""}]"
"When we talk about helping the world get to net zero we mean achieving a balance between sources of anthropogenic emissions and removal by sinks of greenhouse gases, as set out in article 4.1 of the Paris Agreementh.",21,What do we mean when we talk about net zero?,attribute,,4.1,,,,0.5,data/raw/bp/2021_sustainability_report.pdf,False,False,bp,2021,True,37,0.0,0.027,0.0,True,False,False,False,False,0.0,0.092,53.2,False,False,False,0,"[{""start"": 13, ""end"": 18, ""kind"": ""hedge"", ""term"": ""about""}, {""start"": 188, ""end"": 191, ""kind"": ""qty"", ""term"": ""4.1""}]"
"To deliver our net zero ambition and aims, we recognize that the balance of investment between emissions reduction activities and deductions will be important.",21,What do we mean when we talk about net zero?,target,firm,,,,,0.0,data/raw/bp/2021_sustainability_report.pdf,False,False,bp,2021,True,24,0.0,0.0,0.125,False,False,False,False,False,0.0,0.0,20.3,False,True,False,0,[]
We are aiming to increase capital expenditure on our low carbon businesses to $4-6 billion each year by 2030.,22,What role will divestments play in achieving our net zero aims?,target,hedged,6 billion,,2030,,0.5,data/raw/bp/2021_sustainability_report.pdf,False,False,bp,2021,True,17,0.0,0.0,0.1376,True,False,True,False,False,0.0,0.4,45.3,False,False,False,0,"[{""start"": 81, ""end"": 90, ""kind"": ""qty"", ""term"": ""6 billion""}, {""start"": 104, ""end"": 108, ""kind"": ""deadline"", ""term"": ""2030""}]"
This includes jurisdictions where we are advocating for effective policies and regulations to help the world get to net zero.,22,What role will divestments play in achieving our net zero aims?,attribute,,,,,,0.0,data/raw/bp/2021_sustainability_report.pdf,False,False,bp,2021,True,20,0.0,0.0,0.0,False,False,False,False,False,0.0,0.0,34.3,False,False,False,0,[]
"Non-operated joint ventures (NOJVs) are an important part of bp’s business strategy, including with respect to methane management and net zero.",22,How will we influence NOJVs to support our aims?,attribute,,,,,,0.0,data/raw/bp/2021_sustainability_report.pdf,False,False,bp,2021,True,22,0.0,0.0,0.0,False,False,False,False,False,0.0,0.0,23.0,False,False,False,0,[]
We do not plan to rely on offsetting to meet our 2030 net zero aims.,22,Will we rely on offsetting to meet our net zero aims?,attribute,hedged,,,,,0.0,data/raw/bp/2021_sustainability_report.pdf,True,False,bp,2021,True,14,0.0,0.0,0.1429,False,False,False,False,False,0.0,0.0,83.9,False,False,False,0,[]
"Our combined Scope 1 and Scope 2 emissions, covered by aim 1 were 35.6MtCO2e, a decrease of 35% from our 2019 baseline of 54.4MtCO2e.",24,Our progress in 2021,other,hedged,35.6MtCO2e,2019,,Scope 1; Scope 2,1.0,data/raw/bp/2021_sustainability_report.pdf,False,False,bp,2021,True,21,0.0,0.0,0.0476,True,True,False,True,False,0.0,0.6,78.9,False,False,False,0,"[{""start"": 66, ""end"": 76, ""kind"": ""qty"", ""term"": ""35.6MtCO2e""}, {""start"": 105, ""end"": 109, ""kind"": ""baseline"", ""term"": ""2019""}]"
The total decrease of almost 19MtCO2e includes 14.7MtCO2e in divestments and 2.6MtCO2e in sustainable emission reductions (SERs)b.,24,Our progress in 2021,other,,19MtCO2e,,,,0.5,data/raw/bp/2021_sustainability_report.pdf,False,False,bp,2021,True,21,0.0,0.0,0.0,True,False,False,False,False,0.0,0.2,62.8,False,False,False,0,"[{""start"": 29, ""end"": 37, ""kind"": ""qty"", ""term"": ""19MtCO2e""}]"
"Compared with 2020 (45.5MtCO2e), Scope 1 and 2 emissions in 2021 decreased by 22%.",24,Our progress in 2021,other,,45.5MtCO2e,2020,,Scope 1,1.0,data/raw/bp/2021_sustainability_report.pdf,False,False,bp,2021,True,10,0.0,0.0,0.0,True,True,False,True,False,0.0,0.6,66.4,False,False,False,0,"[{""start"": 14, ""end"": 18, ""kind"": ""baseline"", ""term"": ""2020""}, {""start"": 20, ""end"": 30, ""kind"": ""qty"", ""term"": ""45.5MtCO2e""}]"
"This means that while we have exceeded our 2025 target, we have more work to do to achieve our overall net zero aim by reducing emissions while bringing new projects online.",24,Our progress in 2021,target,hedged,,,,,0.0,data/raw/bp/2021_sustainability_report.pdf,False,False,bp,2021,True,30,0.0,0.0,0.0667,False,False,False,False,False,0.0,0.0,52.3,False,False,False,0,[]
"Scope 1 (direct) emissions, covered by aim 1, were 33.2MtCO2e in 2021, a decrease of 20% from 41.7MtCO2e in 2020.",24,Our progress in 2021,other,hedged,33.2MtCO2e,,,Scope 1,1.0,data/raw/bp/2021_sustainability_report.pdf,False,False,bp,2021,True,17,0.0,0.0,0.0588,True,False,False,True,False,0.0,0.4,86.6,False,False,False,0,"[{""start"": 51, ""end"": 61, ""kind"": ""qty"", ""term"": ""33.2MtCO2e""}]"
"Scope 2 (indirect) emissions decreased by 1.4MtCO2e, to 2.4MtCO2e in 2021, a 37% reduction compared with 2020.",24,Our progress in 2021,other,,1.4MtCO2e,2020,,Scope 2,1.0,data/raw/bp/2021_sustainability_report.pdf,False,False,bp,2021,True,15,0.0,0.0,0.0,True,True,False,True,False,0.0,0.6,60.8,False,False,False,0,"[{""start"": 42, ""end"": 51, ""kind"": ""qty"", ""term"": ""1.4MtCO2e""}, {""start"": 105, ""end"": 109, ""kind"": ""baseline"", ""term"": ""2020""}]"
Operational control boundary broadly covers bp-operated assetsa. bp equity share covers 100% of emissions from subsidiaries and the percentage of emissions equivalent to our share of joint arrangements and associatesd.,24,Our progress in 2021 > bp equity share emissions,other,,100%,,,,0.5,data/raw/bp/2021_sustainability_report.pdf,False,False,bp,2021,True,29,0.0345,0.0,0.0,True,False,False,False,False,0.0,0.062,5.4,False,False,False,0,"[{""start"": 29, ""end"": 36, ""kind"": ""vague"", ""term"": ""broadly""}, {""start"": 88, ""end"": 92, ""kind"": ""qty"", ""term"": ""100%""}]"
"Reductions are reportable for a 12-month period from the start of the intervention/action. c Due to rounding some totals may not agree exactly with the sum of their component parts. d bp equity share data comprises 100% of emissions from subsidiaries and the percentage of emissions equivalent to our share of joint arrangements and associates, other than bp’s share of Rosneft.",24,Our progress in 2021 > Read more: bp.com/ESGdata,other,hedged,100%,,,,0.5,data/raw/bp/2021_sustainability_report.pdf,True,False,bp,2021,True,62,0.0,0.0161,0.0,True,False,False,False,False,0.0,0.136,46.7,False,False,True,0,"[{""start"": 121, ""end"": 124, ""kind"": ""hedge"", ""term"": ""may""}, {""start"": 215, ""end"": 219, ""kind"": ""qty"", ""term"": ""100%""}]"
Our aim 1 is to be net zero across our entire operations on an absolute basis by 2050 or sooner.,24,Net zero operations,target,hedged,1,,2050,,0.5,data/raw/bp/2021_sustainability_report.pdf,False,False,bp,2021,True,18,0.0,0.0,0.1311,True,False,True,False,False,0.0,0.4,57.0,False,False,False,0,"[{""start"": 8, ""end"": 9, ""kind"": ""qty"", ""term"": ""1""}, {""start"": 81, ""end"": 85, ""kind"": ""deadline"", ""term"": ""2050""}]"
These emissions were 54.4MtCO2e in 2019.,24,Net zero operations,other,,54.4MtCO2e,,,,0.5,data/raw/bp/2021_sustainability_report.pdf,False,False,bp,2021,True,6,0.0,0.0,0.0,True,False,False,False,False,0.0,0.2,91.0,False,False,False,0,"[{""start"": 21, ""end"": 31, ""kind"": ""qty"", ""term"": ""54.4MtCO2e""}]"
We’re targeting a 20% reduction in our aim 1 operational emissions by 2025 and will aim for a 50% reduction by 2030 against our 2019 baseline.,24,Net zero operations,target,firm,20%,2019,2025,,0.75,data/raw/bp/2021_sustainability_report.pdf,False,False,bp,2021,True,21,0.0,0.0,0.2581,True,True,True,False,False,0.0,0.6,40.5,False,True,False,0,"[{""start"": 18, ""end"": 21, ""kind"": ""qty"", ""term"": ""20%""}, {""start"": 70, ""end"": 74, ""kind"": ""deadline"", ""term"": ""2025""}, {""start"": 128, ""end"": 132, ""kind"": ""baseline"", ""term"": ""2019""}]"
"Becoming net zero on an absolute basis across the carbon in our upstream oil and gas production is in part linked to reducing oil and gas production, which we expect to reduce by around 40% by 2030, against our 2019 baseline.",25,Our progress in 2021,target,,40%,2019,2030,upstream,1.0,data/raw/bp/2021_sustainability_report.pdf,False,False,bp,2021,True,38,0.0,0.0526,0.0463,True,True,True,True,False,0.0,0.59,34.7,False,False,False,0,"[{""start"": 159, ""end"": 165, ""kind"": ""hedge"", ""term"": ""expect""}, {""start"": 179, ""end"": 185, ""kind"": ""hedge"", ""term"": ""around""}, {""start"": 186, ""end"": 189, ""kind"": ""qty"", ""term"": ""40%""}, {""start"": 193, ""end"": 197, ""kind"": ""deadline"", ""term"": ""2030""}, {""start"": 211, ""end"": 215, ""kind"": ""baseline"", ""term"": ""2019""}]"
"The estimated Scope 3 emissions from the carbon in our upstream oil and gas production were 304MtCO2 in 2021, a reduction of approximately 7% from 328MtCO2 in 2020, mainly associated with portfolio changes, including divestments and existing field decline.",25,Our progress in 2021,other,,7%,2020,,Scope 3; upstream,1.0,data/raw/bp/2021_sustainability_report.pdf,False,False,bp,2021,True,35,0.0,0.0857,0.0,True,True,False,True,False,0.0,0.3,14.2,False,False,False,0,"[{""start"": 4, ""end"": 13, ""kind"": ""hedge"", ""term"": ""estimated""}, {""start"": 125, ""end"": 138, ""kind"": ""hedge"", ""term"": ""approximately""}, {""start"": 139, ""end"": 141, ""kind"": ""qty"", ""term"": ""7%""}, {""start"": 159, ""end"": 163, ""kind"": ""baseline"", ""term"": ""2020""}]"
Since 2019 estimated Scope 3 emissions have reduced by 16%.,25,Our progress in 2021,achievement,achievement,16%,,,Scope 3,0.67,data/raw/bp/2021_sustainability_report.pdf,False,False,bp,2021,True,7,0.0,0.2857,0.0,True,False,False,True,False,0.0,0.1,30.5,False,False,False,0,"[{""start"": 11, ""end"": 20, ""kind"": ""hedge"", ""term"": ""estimated""}, {""start"": 55, ""end"": 58, ""kind"": ""qty"", ""term"": ""16%""}]"
Our aim 2 is to be net zero on an absolute basis across the carbon in our upstream oil and gas production by 2050 or sooner.,25,Net zero production,target,hedged,2,,2050,upstream,0.75,data/raw/bp/2021_sustainability_report.pdf,False,False,bp,2021,True,24,0.0,0.0,0.1033,True,False,True,True,False,0.0,0.6,62.6,False,False,False,0,"[{""start"": 8, ""end"": 9, ""kind"": ""qty"", ""term"": ""2""}, {""start"": 110, ""end"": 114, ""kind"": ""deadline"", ""term"": ""2050""}]"
Our investments in low carbon as part of our aim 5 have increased from around $750 million in 2020 to nearly $2.2 billion in 2021.,26,Our progress in 2021,other,hedged,750 million,2020,,,0.5,data/raw/bp/2021_sustainability_report.pdf,False,False,bp,2021,True,20,0.0,0.05,0.05,True,True,False,False,False,0.0,0.2,74.0,False,False,False,0,"[{""start"": 71, ""end"": 77, ""kind"": ""hedge"", ""term"": ""around""}, {""start"": 79, ""end"": 90, ""kind"": ""qty"", ""term"": ""750 million""}, {""start"": 94, ""end"": 98, ""kind"": ""baseline"", ""term"": ""2020""}]"
Our aim 3 is to reduce to net zero the carbon intensity of the energy products we sell by 2050 or sooner.,26,Net zero sales,target,hedged,3,,2050,,0.5,data/raw/bp/2021_sustainability_report.pdf,False,False,bp,2021,True,20,0.0,0.0,0.12,True,False,True,False,False,0.0,0.4,59.6,False,False,False,0,"[{""start"": 8, ""end"": 9, ""kind"": ""qty"", ""term"": ""3""}, {""start"": 90, ""end"": 94, ""kind"": ""deadline"", ""term"": ""2050""}]"
"Our methane emissions intensity is currently calculated using a generally accepted industry methodology and, while it reflects progress in reducing intensity, it will not directly correlate with progress towards delivering our 2025 target, which is based on our new measurement approach.",27,Net zero sales > Our progress in 2021,target,firm,,,,,0.0,data/raw/bp/2021_sustainability_report.pdf,True,False,bp,2021,True,40,0.0,0.0,0.05,False,False,False,False,False,0.05,0.0,-13.5,True,True,False,2,"[{""start"": 127, ""end"": 135, ""kind"": ""positive"", ""term"": ""progress""}, {""start"": 195, ""end"": 203, ""kind"": ""positive"", ""term"": ""progress""}]"
"Throughout 2021, we continued working to reduce our operational methane emissions – from upgrades in our current operations to advancing the design and use of new technology.",27,Net zero sales > Our progress in 2021,target,,"2021,",,2021,,0.5,data/raw/bp/2021_sustainability_report.pdf,False,False,bp,2021,True,25,0.04,0.0,0.0,True,False,True,False,False,0.0,0.24,15.6,False,False,False,0,"[{""start"": 11, ""end"": 16, ""kind"": ""qty"", ""term"": ""2021,""}, {""start"": 20, ""end"": 29, ""kind"": ""vague"", ""term"": ""continued""}]"
"Our methane intensity in 2021 was 0.07%, an improvement from 0.12% in 2020b.",27,Net zero sales > Our progress in 2021,other,,0.07%,,,,0.5,data/raw/bp/2021_sustainability_report.pdf,False,False,bp,2021,True,10,0.0,0.0,0.0,True,False,False,False,False,0.0,0.2,59.6,False,False,False,0,"[{""start"": 34, ""end"": 39, ""kind"": ""qty"", ""term"": ""0.07%""}]"
"Methane emissions from upstream operations, used to calculate our intensity, decreased by 40% to around 43.0kt, from 71.6kt in 2020.",27,Net zero sales > Our progress in 2021,other,,40%,,,upstream,1.0,data/raw/bp/2021_sustainability_report.pdf,False,False,bp,2021,True,18,0.0,0.0556,0.0,True,False,False,True,False,0.0,0.178,40.9,False,False,False,0,"[{""start"": 90, ""end"": 93, ""kind"": ""qty"", ""term"": ""40%""}, {""start"": 97, ""end"": 103, ""kind"": ""hedge"", ""term"": ""around""}]"
"In 2021, bp joined forces with five other operators in the North Sea and with the Net Zero Technology Centre to develop a method for offshore methane measurements using autonomous aircraft.",27,Net zero sales > Autonomous methane measurement,attribute,,"2021,",,,,0.5,data/raw/bp/2021_sustainability_report.pdf,False,False,bp,2021,True,30,0.0,0.0,0.0,True,False,False,False,False,0.0,0.2,26.9,False,False,False,0,"[{""start"": 3, ""end"": 8, ""kind"": ""qty"", ""term"": ""2021,""}]"
"Our aim 4 is to install methane measurement at all our existing major oil and gas processing sites by 2023, publish the data, and then drive a 50% reduction in methane intensitya of our operations.",27,Reducing methane,target,hedged,50%,,2023,own operations,0.75,data/raw/bp/2021_sustainability_report.pdf,False,False,bp,2021,True,32,0.0,0.0,0.0512,True,False,True,True,False,0.0,0.6,31.6,False,False,False,0,"[{""start"": 102, ""end"": 106, ""kind"": ""deadline"", ""term"": ""2023""}, {""start"": 143, ""end"": 146, ""kind"": ""qty"", ""term"": ""50%""}]"
And we will work to influence our joint ventures to set their own methane intensity targets of 0.2%.,27,Reducing methane,other,firm,0.2%,,,,0.5,data/raw/bp/2021_sustainability_report.pdf,False,False,bp,2021,True,17,0.0,0.0,0.1176,True,False,False,False,False,0.0,0.2,73.8,False,True,False,0,"[{""start"": 95, ""end"": 99, ""kind"": ""qty"", ""term"": ""0.2%""}]"
"We are working to influence them to set their own methane intensity targets of 0.2% and take action to reduce methane emissions, directly and through industry bodies such as Methane Guiding Principles (MGP) and the new OGMP 2.0.",28,Reducing methane > NOJV activities,other,,0.2%,,,,0.5,data/raw/bp/2021_sustainability_report.pdf,False,False,bp,2021,True,36,0.0,0.0,0.0278,True,False,False,False,False,0.0,0.2,60.7,False,False,False,0,"[{""start"": 79, ""end"": 83, ""kind"": ""qty"", ""term"": ""0.2%""}]"
"According to the Intergovernmental Panel on Climate Change (IPCC), methane was the second largest contributor to warming over the last decade to 2019, with almost 60% of the impact of carbon dioxide.",28,Reducing methane > Why methane reduction is important in slowing the rate of temperature increase,other,,60%,,,,0.5,data/raw/bp/2021_sustainability_report.pdf,False,False,bp,2021,True,30,0.0,0.0,0.0,True,False,False,False,False,0.0,0.2,29.7,False,False,False,0,"[{""start"": 163, ""end"": 166, ""kind"": ""qty"", ""term"": ""60%""}]"
"During the COP26 climate change conference in Glasgow, UK, 103 countries signed the Global Methane Pledge to reduce global methane emissions by 30% by 2030 against a 2020 baseline.",28,Reducing methane > Why methane reduction is important in slowing the rate of temperature increase,target,firm,30%,2020,2030,,0.75,data/raw/bp/2021_sustainability_report.pdf,False,False,bp,2021,True,25,0.0,0.0,0.06,True,True,True,False,False,0.0,0.6,39.3,False,False,False,0,"[{""start"": 144, ""end"": 147, ""kind"": ""qty"", ""term"": ""30%""}, {""start"": 151, ""end"": 155, ""kind"": ""deadline"", ""term"": ""2030""}, {""start"": 166, ""end"": 170, ""kind"": ""baseline"", ""term"": ""2020""}]"
This is a critical step toward helping the US reach net zero by 2050 or sooner and we look forward to continuing to engage with the Agency as it develops methane rules.,28,Reducing methane > Why methane reduction is important in slowing the rate of temperature increase,target,,,,2050,,0.25,data/raw/bp/2021_sustainability_report.pdf,False,False,bp,2021,True,31,0.0,0.0,0.0523,False,False,True,False,False,0.0,0.2,47.1,False,False,False,0,"[{""start"": 64, ""end"": 68, ""kind"": ""deadline"", ""term"": ""2050""}]"
"As we continue towards our net zero ambition, we target increasing our low carbon investment to $3-4 billion per year in 2025, and aim to increase it to at least $5 billion per year in 2030.",28,More $ for new energies > Our progress in 2021,target,hedged,4 billion,,,,0.25,data/raw/bp/2021_sustainability_report.pdf,False,False,bp,2021,True,32,0.0,0.0,0.0938,True,False,False,False,False,0.0,0.2,50.1,False,False,False,0,"[{""start"": 99, ""end"": 108, ""kind"": ""qty"", ""term"": ""4 billion""}]"
"In 2021, low carbon capital expenditure increased from around $750 million in 2020 to nearly $2.2 billion.",28,More $ for new energies > Our progress in 2021,other,,750 million,2020,,,0.5,data/raw/bp/2021_sustainability_report.pdf,False,False,bp,2021,True,13,0.0,0.0769,0.0,True,True,False,False,False,0.0,0.1,37.5,False,False,False,0,"[{""start"": 55, ""end"": 61, ""kind"": ""hedge"", ""term"": ""around""}, {""start"": 63, ""end"": 74, ""kind"": ""qty"", ""term"": ""750 million""}, {""start"": 78, ""end"": 82, ""kind"": ""baseline"", ""term"": ""2020""}]"
"We completed the formation of a 50-50 strategic US offshore wind partnership with Equinor to jointly develop up to 4.4GW generating capacity from two major lease areas off the US East Coast through two projects, Empire Wind and Beacon Wind.",28,More $ for new energies > Offshore wind,achievement,achievement,50,,,,0.33,data/raw/bp/2021_sustainability_report.pdf,False,False,bp,2021,True,39,0.0,0.0256,0.0,True,False,False,False,False,0.0,0.098,48.2,False,False,False,0,"[{""start"": 32, ""end"": 34, ""kind"": ""qty"", ""term"": ""50""}, {""start"": 109, ""end"": 114, ""kind"": ""hedge"", ""term"": ""up to""}]"
"Lightsource bp is further accelerating growth, now targeting up to 25GW by 2025 and will be exclusively developing a potential 9GW solar pipeline for bp following the acquisition of 7X Energy in 2021.",28,More $ for new energies > Offshore wind,target,firm,,,2025,,0.25,data/raw/bp/2021_sustainability_report.pdf,False,False,bp,2021,True,31,0.0,0.0323,0.0845,False,False,True,False,False,0.0,0.071,17.1,False,True,False,0,"[{""start"": 61, ""end"": 66, ""kind"": ""hedge"", ""term"": ""up to""}, {""start"": 75, ""end"": 79, ""kind"": ""deadline"", ""term"": ""2025""}]"
And we have awarded the first engineering contracts for Northern Endurance Partnership and Net Zero Teesside power station.,29,More $ for new energies > Offshore wind,attribute,,,,,,0.0,data/raw/bp/2021_sustainability_report.pdf,False,False,bp,2021,True,18,0.0,0.0,0.0,False,False,False,False,False,0.0,0.0,33.5,False,False,False,0,[]
HyGreen Teesside could deliver up to 500MW of low carbon electrolyticenabled hydrogen production by 2030.,29,More $ for new energies > HyGreen Teesside,target,hedged,,2030,2030,,0.5,data/raw/bp/2021_sustainability_report.pdf,False,False,bp,2021,True,14,0.0,0.1429,0.0914,False,True,True,False,False,0.0,0.1,11.3,False,False,True,0,"[{""start"": 17, ""end"": 22, ""kind"": ""hedge"", ""term"": ""could""}, {""start"": 31, ""end"": 36, ""kind"": ""hedge"", ""term"": ""up to""}, {""start"": 100, ""end"": 104, ""kind"": ""baseline"", ""term"": ""2030""}]"
"In the UK, we have made several recent announcements, including our plan to build a hydrogen production facility at Teesside in the North East of England, intended to deliver up to 1GW of blue hydrogen by 2030, and the HyGreen Teesside project targeting 60MWe of green hydrogen production by 2025.",29,More $ for new energies > HyGreen Teesside,target,hedged,"2030,",2025,2030,,0.75,data/raw/bp/2021_sustainability_report.pdf,False,False,bp,2021,True,48,0.0208,0.0417,0.1033,True,True,True,False,False,0.0,0.35,17.1,False,False,False,0,"[{""start"": 24, ""end"": 31, ""kind"": ""vague"", ""term"": ""several""}, {""start"": 175, ""end"": 180, ""kind"": ""hedge"", ""term"": ""up to""}, {""start"": 205, ""end"": 210, ""kind"": ""qty"", ""term"": ""2030,""}, {""start"": 292, ""end"": 296, ""kind"": ""baseline"", ""term"": ""2025""}]"
Hydrogen production is also set to play a part in the strategic partnership we have formed with ADNOC and Masdar to provide clean energy solutions for the UK and UAE as well as in our collaboration with Valencia regional government to explore decarbonization opportunities in the region.,29,More $ for new energies > HyGreen Teesside,attribute,hedged,,,,,0.0,data/raw/bp/2021_sustainability_report.pdf,False,False,bp,2021,True,47,0.0,0.0,0.0,False,False,False,False,False,0.0,0.0,6.1,False,False,False,0,[]
"We launched our five aims to help the world get to net zero in February 2020, alongside five aims to get bp to net zero.",30,Assessed association memberships > Five aims to help the world get to net zero,attribute,hedged,"2020,",,,,0.5,data/raw/bp/2021_sustainability_report.pdf,False,False,bp,2021,True,24,0.0,0.0,0.0833,True,False,False,False,False,0.0,0.2,73.2,False,False,False,0,"[{""start"": 72, ""end"": 77, ""kind"": ""qty"", ""term"": ""2020,""}]"
"Our aim 6 is to more actively advocate for policies that support net zero, including carbon pricing.",31,Assessed association memberships > Five aims to help the world get to net zero,attribute,hedged,6,,,,0.5,data/raw/bp/2021_sustainability_report.pdf,False,False,bp,2021,True,16,0.0,0.0,0.0625,True,False,False,False,False,0.0,0.2,37.3,False,False,False,0,"[{""start"": 8, ""end"": 9, ""kind"": ""qty"", ""term"": ""6""}]"
"In future, any corporate advertising will be to advocate for progressive climate policy; communicate our net zero ambition; invite ideas; or build collaborations.",31,Assessed association memberships > Five aims to help the world get to net zero,target,firm,,,,,0.0,data/raw/bp/2021_sustainability_report.pdf,False,False,bp,2021,True,23,0.0,0.0,0.1304,False,False,False,False,False,0.0435,0.0,3.3,False,True,False,1,[]
"In addition, our CEO publicly welcomed the ‘Fit for 55’ legislative package – to help the EU to cut its emissions by at least 55% by 2030, compared with 1990 levels.",31,Assessed association memberships > Our progress in 2021,target,achievement,55%,1990,2030,,0.75,data/raw/bp/2021_sustainability_report.pdf,False,False,bp,2021,True,26,0.0,0.0,0.0585,True,True,True,False,False,0.0,0.6,47.0,False,False,False,0,"[{""start"": 126, ""end"": 129, ""kind"": ""qty"", ""term"": ""55%""}, {""start"": 133, ""end"": 137, ""kind"": ""deadline"", ""term"": ""2030""}, {""start"": 153, ""end"": 157, ""kind"": ""baseline"", ""term"": ""1990""}]"
"We have responded to multiple consultations on these proposals, for example, on the ramp-up of production of sustainable aviation fuel and increasing the overall share of renewables to at least 40%.",31,Assessed association memberships > Our progress in 2021,attribute,,40%,,,,0.5,data/raw/bp/2021_sustainability_report.pdf,False,False,bp,2021,True,30,0.0,0.0,0.0,True,False,False,False,False,0.0,0.2,26.9,False,False,False,0,"[{""start"": 194, ""end"": 197, ""kind"": ""qty"", ""term"": ""40%""}]"
Our aim 7 is to incentivize our global workforce to deliver on our aims and mobilize them to become advocates for net zero.,32,Incentivizing employees,attribute,hedged,7,,,,0.5,data/raw/bp/2021_sustainability_report.pdf,False,False,bp,2021,True,22,0.0,0.0,0.0909,True,False,False,False,False,0.0,0.2,46.1,False,False,False,0,"[{""start"": 8, ""end"": 9, ""kind"": ""qty"", ""term"": ""7""}]"
"To help our employees deliver our strategy and sustainability aims, we are educating them about the importance of net zero, incentivizing them to become advocates and providing the support they need to do so.",32,Incentivizing employees > Our progress in 2021,attribute,hedged,,,,,0.0,data/raw/bp/2021_sustainability_report.pdf,False,False,bp,2021,True,34,0.0,0.0294,0.0294,False,False,False,False,False,0.0,0.0,18.1,False,False,False,0,"[{""start"": 90, ""end"": 95, ""kind"": ""hedge"", ""term"": ""about""}]"
"We will expand sustainability measures in the long-term incentive plan scorecard for group leaders, through two social measures on employee engagement and improved ethnic minority representation within our senior level leader population, along with the inclusion of an aim 1 net zero operations measure.",32,Incentivizing employees > Our progress in 2021,attribute,firm,1,,,,0.5,data/raw/bp/2021_sustainability_report.pdf,False,False,bp,2021,True,43,0.0233,0.0,0.0698,True,False,False,False,False,0.0465,0.107,-11.9,False,True,False,2,"[{""start"": 155, ""end"": 163, ""kind"": ""vague"", ""term"": ""improved""}, {""start"": 219, ""end"": 225, ""kind"": ""positive"", ""term"": ""leader""}, {""start"": 273, ""end"": 274, ""kind"": ""qty"", ""term"": ""1""}]"
"In addition from 2022, over 40% of the performance-based share awards for our senior leaders will be related to low carbon actions and delivering our strategy.",32,Incentivizing employees > Read more in our bp Annual Report 2021 on page 122,other,firm,40%,2022,,,0.5,data/raw/bp/2021_sustainability_report.pdf,False,False,bp,2021,True,24,0.0,0.0,0.0417,True,True,False,False,False,0.0417,0.4,27.4,True,True,False,1,"[{""start"": 17, ""end"": 21, ""kind"": ""baseline"", ""term"": ""2022""}, {""start"": 28, ""end"": 31, ""kind"": ""qty"", ""term"": ""40%""}]"
"In 2021, we launched our new digital training course ‘Net Zero + Me’, which we developed to show how employees across bp contribute to our ambition.",32,Incentivizing employees > Education and advocacy,target,hedged,"2021,",,,,0.25,data/raw/bp/2021_sustainability_report.pdf,False,False,bp,2021,True,24,0.0,0.0,0.0417,True,False,False,False,False,0.0,0.2,48.5,False,False,False,0,"[{""start"": 3, ""end"": 8, ""kind"": ""qty"", ""term"": ""2021,""}]"
We also appointed our first low carbon skills and learning team to help our people build the capability they need as we pursue our net zero ambition and scale our low carbon businesses.,32,Incentivizing employees > Education and advocacy,target,hedged,,,,,0.0,data/raw/bp/2021_sustainability_report.pdf,False,False,bp,2021,True,33,0.0,0.0,0.0303,False,False,False,False,False,0.0,0.0,45.2,False,False,False,0,[]
"Throughout 2021, these advocates supported a number of progressive climate policy campaigns, including the rEV index campaign, which measures the UK’s progress in transitioning to electric vehicles.",32,Incentivizing employees > Education and advocacy,target,,"2021,",,2021,,0.5,data/raw/bp/2021_sustainability_report.pdf,False,False,bp,2021,True,27,0.0,0.0,0.0,True,False,True,False,False,0.0741,0.4,10.2,False,False,False,2,"[{""start"": 11, ""end"": 16, ""kind"": ""qty"", ""term"": ""2021,""}, {""start"": 151, ""end"": 159, ""kind"": ""positive"", ""term"": ""progress""}]"
"Throughout 2021, we pushed for constructive engagement on climate policy proposals in the US, with API, the US Chamber of Commerce, the National Association of Manufacturers, and other organizations.",33,Aligning associations > Our progress in 2021,target,,"2021,",,2021,,0.5,data/raw/bp/2021_sustainability_report.pdf,False,False,bp,2021,True,28,0.0,0.0,0.0,True,False,True,False,False,0.0,0.4,6.2,False,False,False,0,"[{""start"": 11, ""end"": 16, ""kind"": ""qty"", ""term"": ""2021,""}]"
We have actively participated in the development of carbon and net zero standards and benchmarks.,33,Aligning associations > Read the report here: bp.com/tax,attribute,,,,,,0.0,data/raw/bp/2021_sustainability_report.pdf,False,False,bp,2021,True,15,0.0,0.0,0.0,False,False,False,False,False,0.0,0.0,28.1,False,False,False,0,[]
"We, alongside some of our peers, are currently piloting the new Net Zero Standard developed by the Institutional Investors Group for Climate Change for Oil & Gas.",33,Aligning associations > Read the report here: bp.com/tax,attribute,,,,,,0.0,data/raw/bp/2021_sustainability_report.pdf,False,False,bp,2021,True,26,0.0,0.0,0.0,False,False,False,False,False,0.0,0.0,37.3,False,False,False,0,[]
Our aim 10 is to launch a new team to create integrated clean energy and mobility solutions.,34,Clean cities and corporates,attribute,hedged,10,,,,0.5,data/raw/bp/2021_sustainability_report.pdf,False,False,bp,2021,True,16,0.0,0.0,0.0625,True,False,False,False,False,0.0,0.2,53.1,False,False,False,0,"[{""start"": 8, ""end"": 10, ""kind"": ""qty"", ""term"": ""10""}]"
"We launched our regions, cities and solutions team in 2020, to help countries, cities and corporations around the world decarbonize.",34,Clean cities and corporates,achievement,achievement,"2020,",,,,0.33,data/raw/bp/2021_sustainability_report.pdf,False,False,bp,2021,True,19,0.0,0.0526,0.0,True,False,False,False,False,0.0,0.0,40.6,False,False,False,0,"[{""start"": 54, ""end"": 59, ""kind"": ""qty"", ""term"": ""2020,""}, {""start"": 103, ""end"": 109, ""kind"": ""hedge"", ""term"": ""around""}]"
"This builds on our plans to transform our Castellon refinery to be capable of producing green hydrogen, biofuels and renewable energy.",34,Clean cities and corporates > Our progress in 2021,attribute,,,,,,0.0,data/raw/bp/2021_sustainability_report.pdf,False,False,bp,2021,True,21,0.0,0.0,0.0476,False,False,False,False,False,0.0,0.0,36.5,False,False,False,0,[]
"We signed an MoU with CEMEX, a global leader in the building materials industry, to support its 2050 ambition to deliver net zero concrete.",34,Clean cities and corporates > Heavy industry,target,hedged,,,,,0.0,data/raw/bp/2021_sustainability_report.pdf,False,False,bp,2021,True,23,0.0,0.0,0.0435,False,False,False,False,False,0.0435,0.0,40.0,False,False,False,1,"[{""start"": 38, ""end"": 44, ""kind"": ""positive"", ""term"": ""leader""}]"
We also progressed our strategic partnership with Qantas to supply sustainable aviation fuel to the airline from 2022 for selected flights from London to Australia departing from London’s Heathrow Airport.,34,Clean cities and corporates > Heavy transport,attribute,,,2022,,,0.0,data/raw/bp/2021_sustainability_report.pdf,False,False,bp,2021,True,30,0.0,0.0,0.0,False,True,False,False,False,0.0333,0.2,24.1,False,False,False,1,"[{""start"": 113, ""end"": 117, ""kind"": ""baseline"", ""term"": ""2022""}]"
"In Aberdeen, we have formed a joint venture with Aberdeen City Council to build and operate Scotland’s first green hydrogen hub, supplying hydrogen for the city’s mobility and heating needs.",34,Clean cities and corporates > Partnership updates,attribute,,,,,,0.0,data/raw/bp/2021_sustainability_report.pdf,False,False,bp,2021,True,32,0.0,0.0,0.0,False,False,False,False,False,0.0,0.0,34.2,False,False,False,0,[]
Microsoft and bp are also working together to find innovative low carbon solutions – exploring concepts such as the development of clean energy parks powered by next-generation technologies.,34,Clean cities and corporates > Partnership updates,attribute,,,,,,0.0,data/raw/bp/2021_sustainability_report.pdf,False,False,bp,2021,True,27,0.0,0.0,0.0,False,False,False,False,False,0.037,0.0,4.0,False,False,False,1,"[{""start"": 51, ""end"": 61, ""kind"": ""positive"", ""term"": ""innovative""}]"
Our aim 11 is to develop enough clean energy to benefit more than 36 million people.,37,More clean energy,attribute,hedged,36 million,,,,0.5,data/raw/bp/2021_sustainability_report.pdf,False,False,bp,2021,True,14,0.0,0.0,0.0714,True,False,False,False,False,0.0,0.2,59.7,False,False,False,0,"[{""start"": 66, ""end"": 76, ""kind"": ""qty"", ""term"": ""36 million""}]"
"By 2030 we aim to have developed 50GW of renewable generating capacitya – broadly enough to meet the power needs of 36 million peopleb, including exploring ways to make clean energy accessible to those who need it mostc.",37,More clean energy,target,hedged,36 million,,2030,,0.5,data/raw/bp/2021_sustainability_report.pdf,False,False,bp,2021,True,35,0.0286,0.0,0.0771,True,False,True,False,False,0.0,0.286,28.7,False,False,False,0,"[{""start"": 3, ""end"": 7, ""kind"": ""deadline"", ""term"": ""2030""}, {""start"": 74, ""end"": 81, ""kind"": ""vague"", ""term"": ""broadly""}, {""start"": 116, ""end"": 126, ""kind"": ""qty"", ""term"": ""36 million""}]"
We have set two objectives for this aim: 50GW renewable energy equivalent developed to final investment decision (FID) by 2030; and programmes to support access and affordability.,37,More clean energy > Our progress in 2021,target,hedged,,,2030,,0.25,data/raw/bp/2021_sustainability_report.pdf,False,False,bp,2021,True,26,0.0,0.0,0.0969,False,False,True,False,False,0.0,0.2,8.0,False,False,False,0,"[{""start"": 122, ""end"": 126, ""kind"": ""deadline"", ""term"": ""2030""}]"
We set a target of 20GW of renewable energy generating capacity to be developed to FID by 2025 with an aim of 50GW by 2030.,37,More clean energy > Developing more renewable energy,target,hedged,,,2025,,0.25,data/raw/bp/2021_sustainability_report.pdf,False,False,bp,2021,True,23,0.0,0.0,0.1504,False,False,True,False,False,0.0,0.2,47.4,True,False,False,0,"[{""start"": 90, ""end"": 94, ""kind"": ""deadline"", ""term"": ""2025""}]"
"Throughout 2021, we reviewed ways in which we can support access to affordable energy and in 2022, we are set to develop and outline an approach to meeting this objective.",37,More clean energy > Access and affordability programmes,target,hedged,"2021,",,2021,,0.5,data/raw/bp/2021_sustainability_report.pdf,False,False,bp,2021,True,28,0.0,0.0,0.0,True,False,True,False,False,0.0,0.4,45.5,False,False,False,0,"[{""start"": 11, ""end"": 16, ""kind"": ""qty"", ""term"": ""2021,""}]"
"Throughout 2021, we supported the development of the Energy for a Just Transition collaboration led by Business for Social Responsibility (BSR) and The B Team and are now active participants.",37,Just transition > Enabling a just transition,target,,"2021,",,2021,,0.5,data/raw/bp/2021_sustainability_report.pdf,False,False,bp,2021,True,29,0.0,0.0,0.0,True,False,True,False,False,0.0,0.4,17.0,False,False,False,0,"[{""start"": 11, ""end"": 16, ""kind"": ""qty"", ""term"": ""2021,""}]"
We also engaged extensively with the local community in Teesside to help us develop our plans for H2Teesside and Net Zero Teesside Power projects.,38,Just transition > Just transition for local communities,attribute,,,,,,0.0,data/raw/bp/2021_sustainability_report.pdf,False,False,bp,2021,True,25,0.0,0.0,0.04,False,False,False,False,False,0.0,0.0,32.6,False,False,False,0,[]
The 2021 UN Biodiversity Conference (COP15) Part 1 emphasized the need for action to put biodiversity on a path to recovery by 2030.,45,New waste metrics piloted > Read more: Aims and objectives summary,target,,1,,2030,,0.5,data/raw/bp/2021_sustainability_report.pdf,False,False,bp,2021,True,20,0.0,0.0,0.07,True,False,True,False,False,0.0,0.4,30.0,False,False,False,0,"[{""start"": 7, ""end"": 8, ""kind"": ""qty"", ""term"": ""1""}, {""start"": 127, ""end"": 131, ""kind"": ""deadline"", ""term"": ""2030""}]"
"To inform how the methodology might work in practice we evaluated it on three major projects and eight smaller ones – including the Tangguh LNG expansion in Indonesia, Net Zero Teesside in the UK, and Greater Tortue Ahmeyim Phase 1 in Mauritania and Senegal.",45,New waste metrics piloted > Net positive impact in bp projects,attribute,hedged,1,,,,0.5,data/raw/bp/2021_sustainability_report.pdf,False,False,bp,2021,True,42,0.0,0.0238,0.0,True,False,False,False,False,0.0,0.105,17.2,False,False,True,0,"[{""start"": 30, ""end"": 35, ""kind"": ""hedge"", ""term"": ""might""}, {""start"": 230, ""end"": 231, ""kind"": ""qty"", ""term"": ""1""}]"
"For example, at our Castellon refinery, water consumption was reduced by approximately 176,000 m3, by feeding osmosis water to the cooling towers.",46,Enhancing biodiversity > Our water consumption in 2021,achievement,achievement,"176,000",,,,0.33,data/raw/bp/2021_sustainability_report.pdf,False,False,bp,2021,True,21,0.0,0.0476,0.0,True,False,False,False,False,0.0,0.01,12.3,True,False,False,0,"[{""start"": 73, ""end"": 86, ""kind"": ""hedge"", ""term"": ""approximately""}, {""start"": 87, ""end"": 94, ""kind"": ""qty"", ""term"": ""176,000""}]"
"Based on anticipated changes in the areas WRI marks as water stressed, this number may increase to 12 by 2040, assuming a business-asusual scenario with no portfolio changes.",46,Enhancing biodiversity > Our water consumption in 2021,target,hedged,12,,2040,,0.5,data/raw/bp/2021_sustainability_report.pdf,False,True,bp,2021,True,26,0.0,0.0769,0.0585,True,False,True,False,False,0.0,0.1,21.0,False,False,True,0,"[{""start"": 83, ""end"": 86, ""kind"": ""hedge"", ""term"": ""may""}, {""start"": 99, ""end"": 101, ""kind"": ""qty"", ""term"": ""12""}, {""start"": 105, ""end"": 109, ""kind"": ""deadline"", ""term"": ""2040""}]"
"At major operating sites, 0.1% of our total freshwater withdrawals and 0.6% of freshwater consumption were from regions with high or extremely high water stress in 2021 (compared with 4% and 8% respectively in 2020).",46,Enhancing biodiversity > Our water consumption in 2021,other,,0.1%,,,,0.5,data/raw/bp/2021_sustainability_report.pdf,False,False,bp,2021,True,29,0.0,0.0,0.0,True,False,False,False,False,0.0,0.2,39.5,False,False,False,0,"[{""start"": 26, ""end"": 30, ""kind"": ""qty"", ""term"": ""0.1%""}]"
"Our onshore business in Oman, which completed a detailed Water Value Improvement process in 2017/18, is already undertaking water assessments and others are due to start soon, including our Castellon refinery in Spain.",46,Enhancing biodiversity > Improving water efficiency,achievement,achievement,"18,",,,,0.33,data/raw/bp/2021_sustainability_report.pdf,False,False,bp,2021,True,32,0.0,0.0,0.0,True,False,False,False,False,0.0,0.2,10.4,False,False,False,0,"[{""start"": 97, ""end"": 100, ""kind"": ""qty"", ""term"": ""18,""}]"
"The project has involved extending and renovating the N’diago water supply network, including construction of a 200 m³ water tower and a distribution network.",46,Enhancing biodiversity > Water replenishment collaboration,other,,200 m³,,,,0.5,data/raw/bp/2021_sustainability_report.pdf,False,False,bp,2021,True,24,0.0,0.0,0.0,True,False,False,False,False,0.0,0.2,20.3,False,False,False,0,"[{""start"": 112, ""end"": 118, ""kind"": ""qty"", ""term"": ""200 m³""}]"
Our aim 17 is becoming water positive by 2035.,46,Water positive,target,hedged,17,,2035,,0.5,data/raw/bp/2021_sustainability_report.pdf,False,False,bp,2021,True,7,0.0,0.0,0.1629,True,False,True,False,False,0.1429,0.4,54.7,False,False,False,1,"[{""start"": 8, ""end"": 10, ""kind"": ""qty"", ""term"": ""17""}, {""start"": 29, ""end"": 37, ""kind"": ""positive"", ""term"": ""positive""}, {""start"": 41, ""end"": 45, ""kind"": ""deadline"", ""term"": ""2035""}]"
"We will also support the development of scalable markets for certified natural climate solutions that help the world reduce deforestation, get to net zero and deliver environmental and social benefits.",47,Championing nature-based solutions,attribute,firm,,,,,0.0,data/raw/bp/2021_sustainability_report.pdf,False,False,bp,2021,True,30,0.0,0.0,0.0333,False,False,False,False,False,0.0,0.0,10.0,False,True,False,0,[]
"In November 2021, Finite Carbon launched a forest carbon offset programme in Canada that offers forestland owners and First Nations an opportunity to manage their lands to remove and store carbon dioxide, using a methodology approved by the American Carbon Registry.",47,Championing nature-based solutions > Natural climate solutions,achievement,achievement,"2021,",,,,0.33,data/raw/bp/2021_sustainability_report.pdf,False,False,bp,2021,True,40,0.0,0.0,0.0,True,False,False,False,False,0.0,0.2,3.4,False,False,False,0,"[{""start"": 12, ""end"": 17, ""kind"": ""qty"", ""term"": ""2021,""}]"
"The strategy embraces circular economy thinking – looking at the lifecycle of products to see how they can be improved, extended, reused or recycled.",48,Unlock circularity > Increasing circularity across bp,attribute,,,,,,0.0,data/raw/bp/2021_sustainability_report.pdf,False,False,bp,2021,True,23,0.0435,0.0,0.0,False,False,False,False,False,0.0,0.0,21.6,True,False,False,0,"[{""start"": 110, ""end"": 118, ""kind"": ""vague"", ""term"": ""improved""}]"
"By 2030, Castrol aims to reduce its plastic footprint by half, halve the net carbon intensity per litre of its products, and help its commercial customers towards their sustainability goals by saving energy, waste and water.",48,Unlock circularity > Increasing circularity across bp,target,hedged,"2030,",,2030,,0.5,data/raw/bp/2021_sustainability_report.pdf,False,False,bp,2021,True,35,0.0,0.0,0.1057,True,False,True,False,False,0.0,0.4,31.1,False,False,False,0,"[{""start"": 3, ""end"": 8, ""kind"": ""qty"", ""term"": ""2030,""}]"
"The workshop aimed to help integrate carbon into business processes and management systems across our operations, and included a focus on net zero carbon culture.",50,In this section > Sustainability in our culture,attribute,,,,,own operations,0.5,data/raw/bp/2021_sustainability_report.pdf,False,False,bp,2021,True,25,0.0,0.0,0.04,False,False,False,True,False,0.0,0.2,15.6,False,False,False,0,[]
"And in 2021, more than 1,500 sustainability awards were made through our energize recognition platform, celebrating progress in our three focus areas: net zero, people and planet.",50,In this section > Sustainability in our culture,attribute,,"2021,",,,,0.5,data/raw/bp/2021_sustainability_report.pdf,False,False,bp,2021,True,25,0.0,0.0,0.04,True,False,False,False,False,0.04,0.2,29.2,False,False,False,1,"[{""start"": 7, ""end"": 12, ""kind"": ""qty"", ""term"": ""2021,""}, {""start"": 116, ""end"": 124, ""kind"": ""positive"", ""term"": ""progress""}]"
"We are also integrating net zero considerations into decision-making across area development plans, business improvement plans and projects.",51,Embedding sustainability > Read more in our bp Annual Report 2021 on pages 30-36,attribute,,,,,,0.0,data/raw/bp/2021_sustainability_report.pdf,False,False,bp,2021,True,18,0.0,0.0,0.1111,False,False,False,False,False,0.0,0.0,-13.5,False,False,False,0,[]
It reviews and monitors performance against our strategy and net zero ambition and aims.,51,Embedding sustainability > The board,target,hedged,,,,,0.0,data/raw/bp/2021_sustainability_report.pdf,False,False,bp,2021,True,14,0.0,0.0,0.1429,False,False,False,False,False,0.0,0.0,41.6,False,False,False,0,[]
"In 2021, CMI published its final Net-Zero America report, which outlines five distinct technological pathways for the US to decarbonize its energy system.",53,Engaging with our stakeholders > Getting to net zero,attribute,,"2021,",,,,0.5,data/raw/bp/2021_sustainability_report.pdf,False,False,bp,2021,True,22,0.0,0.0,0.0,True,False,False,False,False,0.0,0.2,11.5,False,False,False,0,"[{""start"": 3, ""end"": 8, ""kind"": ""qty"", ""term"": ""2021,""}]"
"In 2021, Princeton kicked off a new project to investigate how land-based climate solutions can be deployed to maximize carbon storage on land while simultaneously maintaining global biodiversity, clean energy and food security.",53,Engaging with our stakeholders > Getting to net zero,attribute,,"2021,",,,,0.5,data/raw/bp/2021_sustainability_report.pdf,False,False,bp,2021,True,32,0.0,0.0,0.0,True,False,False,False,False,0.0,0.2,2.5,True,False,False,0,"[{""start"": 3, ""end"": 8, ""kind"": ""qty"", ""term"": ""2021,""}]"
The outcome of the first CA100+ Net Zero Corporate Benchmark exercise was released in March 2021. bp was one of only three companies that achieved ratings of at least ‘partial’ across the nine assessed indicators.,53,Engaging with our stakeholders > Getting to net zero,attribute,achievement,,,,,0.0,data/raw/bp/2021_sustainability_report.pdf,False,False,bp,2021,True,34,0.0,0.0,0.0,False,False,False,False,False,0.0,0.0,50.2,True,False,False,0,[]
Institutional Investors Group for Climate Change – We contributed to the development of the Institutional Investors Group for Climate Change (IIGCC) net zero standard for the oil and gas sector.,53,Engaging with our stakeholders > Getting to net zero,attribute,,,,,,0.0,data/raw/bp/2021_sustainability_report.pdf,False,False,bp,2021,True,29,0.0,0.0,0.0,False,False,False,False,False,0.0,0.0,25.7,False,False,False,0,[]
We are currently participating in a pilot that is expected in time to inform the CA100+ Net Zero Corporate Benchmark.,53,Engaging with our stakeholders > Getting to net zero,attribute,,,,,,0.0,data/raw/bp/2021_sustainability_report.pdf,False,False,bp,2021,True,20,0.0,0.1,0.0,False,False,False,False,False,0.0,0.0,42.7,True,False,False,0,"[{""start"": 50, ""end"": 58, ""kind"": ""hedge"", ""term"": ""expected""}]"
Science-Based Targets initiative – We engaged with the Science-Based Targets initiative (SBTi) as they developed their Net Zero Standard.,54,Engaging with our stakeholders > Getting to net zero,attribute,,,,,,0.0,data/raw/bp/2021_sustainability_report.pdf,False,False,bp,2021,True,18,0.0,0.0,0.1111,False,False,False,False,True,0.0,0.2,5.3,False,False,False,0,"[{""start"": 0, ""end"": 21, ""kind"": ""verify"", ""term"": ""Science-Based Targets""}, {""start"": 55, ""end"": 76, ""kind"": ""verify"", ""term"": ""Science-Based Targets""}, {""start"": 89, ""end"": 93, ""kind"": ""verify"", ""term"": ""SBTi""}]"
This initiative aims to accelerate the use and production of hydrogen for the future net zero energy system.,54,Engaging with our stakeholders > Getting to net zero,attribute,hedged,,,,,0.0,data/raw/bp/2021_sustainability_report.pdf,False,False,bp,2021,True,18,0.0,0.0,0.1111,False,False,False,False,False,0.0556,0.0,33.5,False,False,False,1,"[{""start"": 24, ""end"": 34, ""kind"": ""positive"", ""term"": ""accelerate""}]"
"Business for Social Responsibility – We participate in the Energy for a Just Transition collaboration led by Business for Social Responsibility and the B Team, and have supported the initiation and development of the collaboration throughout 2021.",54,Engaging with our stakeholders,target,,,2021,2021,,0.5,data/raw/bp/2021_sustainability_report.pdf,False,False,bp,2021,True,35,0.0,0.0,0.0,False,True,True,False,False,0.0,0.4,-10.0,False,False,False,0,"[{""start"": 242, ""end"": 246, ""kind"": ""baseline"", ""term"": ""2021""}]"
"We participated in a number of WBCSD initiatives focused on net zero, circular economy, solar energy and NbS and NCS.",54,Engaging with our stakeholders > Caring for our planet,attribute,,,,,,0.0,data/raw/bp/2021_sustainability_report.pdf,False,False,bp,2021,True,20,0.0,0.0,0.0,False,False,False,False,False,0.0,0.0,17.3,False,False,False,0,[]
"This report covers our performance against our net zero, people and planet aims.",3,"An online reference  Definitions in the glossary, pages 59-60 > Our approach",attribute,hedged,,,,,0.0,data/raw/bp/2022_sustainability_report.pdf,False,False,bp,2022,False,13,0.0,0.0,0.1538,False,False,False,False,False,0.0,0.0,63.5,False,False,False,0,[]
"Sustainability Embedded across our strategy is our sustainability frame, which sets out our aims for getting to net zero, improving people’s lives and caring for our planet.",4,Our strategy and performance,attribute,hedged,,,,,0.0,data/raw/bp/2022_sustainability_report.pdf,False,False,bp,2022,False,28,0.0,0.0,0.0714,False,False,False,False,False,0.0,0.0,27.3,False,False,False,0,[]
Our refineries in Germany and Spain now have units producing sustainable aviation fuel.,5,Transition growth engines > Sustainability at bp,attribute,,,,,,0.0,data/raw/bp/2022_sustainability_report.pdf,False,False,bp,2022,False,13,0.0,0.0,0.0,False,False,False,False,False,0.0,0.0,30.9,False,False,False,0,[]
"In just three years, annual investment in our transition growth engines – bioenergy, convenience, EV charging, hydrogen, renewables and power – has gone from 3% to 30% of total bp capital investment spend.",5,Transition growth engines > Sustainability at bp,other,,3%,,,,0.5,data/raw/bp/2022_sustainability_report.pdf,False,False,bp,2022,False,29,0.0,0.0,0.0,True,False,False,False,False,0.0,0.2,25.7,False,False,False,0,"[{""start"": 158, ""end"": 160, ""kind"": ""qty"", ""term"": ""3%""}]"
We plan to invest an additional $8 billion by 2030 into our transition growth engines including EV chargers and sustainable aviation fuels that can help people and businesses decarbonize sooner.,5,"changing company A changing world, a > A faster but orderly transition",target,hedged,8 billion,2030,2030,,0.75,data/raw/bp/2022_sustainability_report.pdf,False,False,bp,2022,False,28,0.0,0.0,0.0914,True,True,True,False,False,0.0,0.6,21.3,False,False,False,0,"[{""start"": 33, ""end"": 42, ""kind"": ""qty"", ""term"": ""8 billion""}, {""start"": 46, ""end"": 50, ""kind"": ""baseline"", ""term"": ""2030""}]"
"Overall, we remain focused on our net zero ambition and the flexibility and resilience in our strategy is allowing it to respond to change while remaining consistent with the Paris goals.",5,"changing company A changing world, a > The right direction",target,hedged,,,,,0.0,data/raw/bp/2022_sustainability_report.pdf,False,False,bp,2022,False,31,0.0,0.0,0.0645,False,False,False,False,False,0.0,0.0,25.3,False,False,False,0,[]
"Following our update on strategic progress in February 2023, we made an adjustment to our aim 2 (net zero production).",6,"changing company A changing world, a > In action on our net zero aims",attribute,hedged,"2023,",,,,0.5,data/raw/bp/2022_sustainability_report.pdf,False,False,bp,2022,False,18,0.0,0.0,0.0556,True,False,False,False,False,0.0556,0.2,42.9,False,False,False,1,"[{""start"": 34, ""end"": 42, ""kind"": ""positive"", ""term"": ""progress""}, {""start"": 55, ""end"": 60, ""kind"": ""qty"", ""term"": ""2023,""}]"
"We also made progress in our aims 6-10 to help the world get to net zero, including advocating for policies that support net zero.",6,"changing company A changing world, a > In action on our net zero aims",attribute,hedged,6,,,,0.5,data/raw/bp/2022_sustainability_report.pdf,False,False,bp,2022,False,23,0.0,0.0,0.0435,True,False,False,False,False,0.0435,0.2,54.8,False,False,False,1,"[{""start"": 13, ""end"": 21, ""kind"": ""positive"", ""term"": ""progress""}, {""start"": 34, ""end"": 35, ""kind"": ""qty"", ""term"": ""6""}]"
"In Scotland, we have invested over £1 million with our partner EnBW to support training and reskilling in the offshore wind industry.",6,"changing company A changing world, a > In action on our people aims",other,hedged,1 million,,,,0.5,data/raw/bp/2022_sustainability_report.pdf,False,False,bp,2022,False,21,0.0,0.0,0.0,True,False,False,False,False,0.0,0.2,48.5,False,False,False,0,"[{""start"": 36, ""end"": 45, ""kind"": ""qty"", ""term"": ""1 million""}]"
"We are in action on the aims we set ourselves for net zero, people and planet – with some tangible results.",6,"changing company A changing world, a > In action on our people aims",attribute,hedged,,,,,0.0,data/raw/bp/2022_sustainability_report.pdf,False,False,bp,2022,False,20,0.0,0.0,0.1,False,False,False,False,False,0.0,0.0,72.3,False,False,False,0,[]
"Our sustainability frame guides our decisions and actions so that our focus areas of getting to net zero, improving people’s lives and caring for our planet become increasingly integral to how we create value.",7,Total economic value generated by bp $246.7bn > Value creation,attribute,,,,,,0.0,data/raw/bp/2022_sustainability_report.pdf,False,False,bp,2022,False,35,0.0,0.0,0.0286,False,False,False,False,False,0.0,0.0,26.3,False,False,False,0,[]
"Since launching our net zero aims in 2020 and our people and planet aims in 2021, we have been in action to deliver them.",8,"Electric vehicle charge points ~22,000 > Sustainability at bp",attribute,hedged,"2021,",,,,0.5,data/raw/bp/2022_sustainability_report.pdf,False,False,bp,2022,False,22,0.0,0.0,0.1364,True,False,False,False,False,0.0,0.2,76.8,False,False,False,0,"[{""start"": 76, ""end"": 81, ""kind"": ""qty"", ""term"": ""2021,""}]"
"The UK introduced the energy profits levy, increasing the taxes we pay on our North Sea profits from 40% to 65% in 2022 and to 75% in 2023.",13,Our approach: foundations and embedding sustainability > Tax transparency,other,,40%,,,,0.5,data/raw/bp/2022_sustainability_report.pdf,False,False,bp,2022,False,23,0.0,0.0,0.0,True,False,False,False,False,0.0,0.2,58.4,False,False,False,0,"[{""start"": 101, ""end"": 104, ""kind"": ""qty"", ""term"": ""40%""}]"
We strengthened our development offer throughout 2022 as we evolved to meet the demands of the energy transition.,14,Our approach: foundations and embedding sustainability > Developing our people,target,,,,2022,,0.25,data/raw/bp/2022_sustainability_report.pdf,False,False,bp,2022,False,17,0.0,0.0,0.0,False,False,True,False,False,0.0588,0.2,35.3,False,False,False,1,"[{""start"": 49, ""end"": 53, ""kind"": ""deadline"", ""term"": ""2022""}]"
In 2022 we carried out project activities in international protected areas in the context of both the UK Net Zero Teesside project and the French Frontignan Terminal sealines decommissioning project.,15,Our approach: foundations and embedding sustainability > Read more: bp.com/biodiversityposition,attribute,,,,,,0.0,data/raw/bp/2022_sustainability_report.pdf,False,False,bp,2022,False,29,0.0,0.0,0.0,False,False,False,False,False,0.0,0.0,14.0,False,False,False,0,[]
"We disposed of around 305kt of hazardous and non-hazardous waste in 2022, a 13% increase from 2021 (270kt).",15,Our approach: foundations and embedding sustainability > Read more: bp.com/biodiversityposition,other,,13%,2021,,,0.5,data/raw/bp/2022_sustainability_report.pdf,False,False,bp,2022,False,15,0.0,0.0667,0.0,True,True,False,False,False,0.0,0.133,56.3,False,False,False,0,"[{""start"": 15, ""end"": 21, ""kind"": ""hedge"", ""term"": ""around""}, {""start"": 76, ""end"": 79, ""kind"": ""qty"", ""term"": ""13%""}, {""start"": 94, ""end"": 98, ""kind"": ""baseline"", ""term"": ""2021""}]"
"In 2022 our engagement on sustainability frame issues with NOJVs focused on net zero operations, methane emissions, biodiversity and human rights, using a variety of approaches including seminars, board resolutions and support for target setting.",16,Our approach: foundations and embedding sustainability > Influencing non-operated joint ventures,target,hedged,,,,,0.0,data/raw/bp/2022_sustainability_report.pdf,False,False,bp,2022,False,34,0.0,0.0,0.0294,False,False,False,False,False,0.0,0.0,-6.8,False,False,False,0,[]
"The template provides information on a case’s impact on our net zero aims 1-3, its expected GHG intensity, and significant impacts on, or contribution to, certain aims concerning people and planet.",17,Our approach: foundations and embedding sustainability > Investment governance and evaluating consistency with the Paris goals,attribute,hedged,1,,,,0.5,data/raw/bp/2022_sustainability_report.pdf,False,False,bp,2022,False,31,0.0323,0.0645,0.0968,True,False,False,False,False,-0.0645,0.0,25.3,False,False,False,0,"[{""start"": 74, ""end"": 75, ""kind"": ""qty"", ""term"": ""1""}, {""start"": 83, ""end"": 91, ""kind"": ""hedge"", ""term"": ""expected""}, {""start"": 111, ""end"": 122, ""kind"": ""vague"", ""term"": ""significant""}, {""start"": 168, ""end"": 178, ""kind"": ""negative"", ""term"": ""concerning""}]"
Since 2019 bpx’s Permian methane intensity has reduced from over 4% to under 1% and its flaring intensity has dropped from 16% to less than 0.5% in 2022.,18,Reducing emissions,achievement,achievement,4%,,,,0.33,data/raw/bp/2022_sustainability_report.pdf,False,False,bp,2022,False,23,0.0,0.0,0.0,True,False,False,False,False,0.0,0.2,59.1,False,False,False,0,"[{""start"": 65, ""end"": 67, ""kind"": ""qty"", ""term"": ""4%""}]"
"More actively advocate for policies that support net zero, including carbon pricing.",19,Performance and progress Gettingto net zero,attribute,hedged,,,,,0.0,data/raw/bp/2022_sustainability_report.pdf,False,False,bp,2022,False,12,0.0,0.0,0.0,False,False,False,False,False,0.0,0.0,18.4,False,False,False,0,[]
Net zero across the carbon in our upstream oil and gas production by 2050 or sooner.,19,Net zero production,target,,,2050,2050,upstream,0.75,data/raw/bp/2022_sustainability_report.pdf,False,False,bp,2022,False,15,0.0,0.0,0.0867,False,True,True,True,False,0.0,0.6,67.5,False,False,False,0,"[{""start"": 69, ""end"": 73, ""kind"": ""baseline"", ""term"": ""2050""}]"
"Install methane measurement at all our existing major oil and gas processing sites by 2023, publish the data, and then drive a 50% reduction in methane intensity of our operations.",19,Reducing methane,target,,50%,,2023,own operations,0.75,data/raw/bp/2022_sustainability_report.pdf,False,False,bp,2022,False,28,0.0,0.0,0.02,True,False,True,True,False,0.0,0.6,27.3,False,False,False,0,"[{""start"": 86, ""end"": 90, ""kind"": ""deadline"", ""term"": ""2023""}, {""start"": 127, ""end"": 130, ""kind"": ""qty"", ""term"": ""50%""}]"
Net zero across our entire operations by 2050 or sooner.,19,Net zero operations,target,,,,2050,,0.25,data/raw/bp/2022_sustainability_report.pdf,False,False,bp,2022,False,9,0.0,0.0,0.1311,False,False,True,False,False,0.0,0.2,47.3,False,False,False,0,"[{""start"": 41, ""end"": 45, ""kind"": ""deadline"", ""term"": ""2050""}]"
Net zero across the energy products we sell by 2050 or sooner.,19,Net zero sales,target,,,,2050,,0.25,data/raw/bp/2022_sustainability_report.pdf,False,False,bp,2022,False,11,0.0,0.0,0.1109,False,False,True,False,False,0.0,0.2,64.9,False,False,False,0,"[{""start"": 47, ""end"": 51, ""kind"": ""deadline"", ""term"": ""2050""}]"
Incentivize our global workforce to deliver on our aims and mobilize them to become advocates for net zero.,19,Incentivizing employees,attribute,hedged,,,,,0.0,data/raw/bp/2022_sustainability_report.pdf,False,False,bp,2022,False,18,0.0,0.0,0.0556,False,False,False,False,False,0.0,0.0,38.2,False,False,False,0,[]
"Since we launched our 10 net zero aims in 2020, we have been working to deliver them.",20,Our ambition and aims,attribute,hedged,10,,,,0.5,data/raw/bp/2022_sustainability_report.pdf,False,False,bp,2022,False,15,0.0,0.0,0.0667,True,False,False,False,False,0.0,0.2,78.8,False,False,False,0,"[{""start"": 22, ""end"": 24, ""kind"": ""qty"", ""term"": ""10""}]"
For 2030 we are aiming for a 15-20% reduction in the lifecycle carbon intensity of these products (previously >15%).,20,Our ambition and aims > Our net zero targets and aims,other,hedged,20%,,,,0.5,data/raw/bp/2022_sustainability_report.pdf,False,False,bp,2022,False,16,0.0,0.0,0.0625,True,False,False,False,False,0.0,0.2,42.5,False,False,False,0,"[{""start"": 32, ""end"": 35, ""kind"": ""qty"", ""term"": ""20%""}]"
"This means we expect to invest more than 40%, or $6-8 billion of our capital expenditure in transition growth engines by 2025 and around 50% by 2030 – or $7-9 billion. y For aim 2 we are now targeting a 10-15% reduction by 2025 (previously 20%) in the emissions associated with the carbon in our upstream oil and gas production and are aiming for 20-30% reduction by 2030 (previously 35-40%).",20,Our ambition and aims > Our net zero targets and aims,target,hedged,40%,2025,2025,upstream,1.0,data/raw/bp/2022_sustainability_report.pdf,False,False,bp,2022,False,56,0.0,0.0357,0.1093,True,True,True,True,False,0.0,0.657,42.5,False,False,False,0,"[{""start"": 14, ""end"": 20, ""kind"": ""hedge"", ""term"": ""expect""}, {""start"": 41, ""end"": 44, ""kind"": ""qty"", ""term"": ""40%""}, {""start"": 121, ""end"": 125, ""kind"": ""baseline"", ""term"": ""2025""}, {""start"": 130, ""end"": 136, ""kind"": ""hedge"", ""term"": ""around""}]"
"Our destination is unchanged – to be a net zero company by 2050 or sooner, and to help the world get to net zeroa.",20,Our ambition and aims > Our net zero targets and aims,target,,,,2050,,0.25,data/raw/bp/2022_sustainability_report.pdf,False,False,bp,2022,False,22,0.0,0.0,0.0655,False,False,True,False,False,0.0,0.2,61.5,True,False,False,0,"[{""start"": 59, ""end"": 63, ""kind"": ""deadline"", ""term"": ""2050""}]"
"We are aiming to be net zero across our operations, production and sales.",20,Our ambition and aims > Our net zero targets and aims,attribute,hedged,,,,own operations,0.5,data/raw/bp/2022_sustainability_report.pdf,False,False,bp,2022,False,13,0.0,0.0,0.0769,False,False,False,True,False,0.0,0.2,50.5,False,False,False,0,[]
"By setting a path that enables us to make a positive contribution, working to build and participate in many of the new net zero value chains the world will need, our ambition and aims support the world’s progress towards Paris.",20,Getting to net zero: introduction,target,firm,,,,value chain,0.25,data/raw/bp/2022_sustainability_report.pdf,False,False,bp,2022,False,41,0.0244,0.0,0.0732,False,False,False,True,False,0.0488,0.102,37.3,False,True,False,2,"[{""start"": 44, ""end"": 52, ""kind"": ""positive"", ""term"": ""positive""}, {""start"": 103, ""end"": 107, ""kind"": ""vague"", ""term"": ""many""}, {""start"": 204, ""end"": 212, ""kind"": ""positive"", ""term"": ""progress""}]"
"Most of this spend related to investments in biogas, EV charging, offshore wind, power and convenience. i 2025 target has been updated from $3-4 billion (in low carbon activity investment) to $6-8 billion in transition growth investment and 2030 aim has increased from ~$5 billion to $7-9 billion respectively. j Average carbon intensity of our sold energy products.",21,Net zero aims 1-5 update,target,hedged,4 billion,,,,0.25,data/raw/bp/2022_sustainability_report.pdf,False,False,bp,2022,False,52,0.0,0.0,0.0385,True,False,False,False,False,0.0,0.2,36.3,True,False,False,0,"[{""start"": 143, ""end"": 152, ""kind"": ""qty"", ""term"": ""4 billion""}]"
"In a world heading for net zero, we believe that bp is best positioned for success if we are also heading for net zero – working to build and participate in net zero value chains, and using our capabilities to integrate along and across those value chains.",22,Net zero aims 1-5 update,attribute,,,,,value chain,0.5,data/raw/bp/2022_sustainability_report.pdf,False,False,bp,2022,False,46,0.0,0.0217,0.0,False,False,False,True,False,0.0217,0.113,27.7,False,False,False,1,"[{""start"": 36, ""end"": 43, ""kind"": ""hedge"", ""term"": ""believe""}, {""start"": 75, ""end"": 82, ""kind"": ""positive"", ""term"": ""success""}]"
"We believe that our net zero ambition and aims, taken together, set out a path for bp that is consistent with the goals of the Paris Agreement.",22,Net zero aims 1-5 update,target,hedged,,,,,0.0,data/raw/bp/2022_sustainability_report.pdf,False,False,bp,2022,False,27,0.0,0.037,0.1111,False,False,False,False,False,0.0,0.0,57.2,False,False,False,0,"[{""start"": 3, ""end"": 10, ""kind"": ""hedge"", ""term"": ""believe""}]"
We believe that our ambition and our 10 net zero aims need to be considered as a package for Paris consistency.,22,Net zero aims 1-5 update,target,hedged,10,,,,0.25,data/raw/bp/2022_sustainability_report.pdf,False,False,bp,2022,False,20,0.0,0.05,0.1,True,False,False,False,False,0.0,0.0,51.2,True,False,False,0,"[{""start"": 3, ""end"": 10, ""kind"": ""hedge"", ""term"": ""believe""}, {""start"": 37, ""end"": 39, ""kind"": ""qty"", ""term"": ""10""}]"
"That is because they combine to set bp’s direction for net zero, supporting society’s drive towards the Paris goals and enabling bp to succeed in a Paris-consistent world.",22,Net zero aims 1-5 update,attribute,,,,,,0.0,data/raw/bp/2022_sustainability_report.pdf,False,False,bp,2022,False,30,0.0,0.0,0.0333,False,False,False,False,False,0.0,0.0,41.0,False,False,False,0,[]
"Our ambition and aims enable us to make a positive contribution to the world meeting the Paris goals and getting to net zero, including in its pursuit of efforts to limit global average temperature rise to 1.5°C above preindustrial levels.",22,Net zero aims 1-5 update,target,hedged,1.5,,,,0.25,data/raw/bp/2022_sustainability_report.pdf,False,False,bp,2022,False,40,0.0,0.0,0.075,True,False,False,False,False,0.025,0.2,44.8,False,False,False,1,"[{""start"": 42, ""end"": 50, ""kind"": ""positive"", ""term"": ""positive""}, {""start"": 206, ""end"": 209, ""kind"": ""qty"", ""term"": ""1.5""}]"
It includes three main scenarios – two of which we regard as Parisconsistent (Accelerated and Net Zero scenarios) – that we use to inform our strategy.,22,Net zero aims 1-5 update,attribute,,,,,,0.0,data/raw/bp/2022_sustainability_report.pdf,False,False,bp,2022,False,24,0.0,0.0,0.0,False,False,False,False,False,0.0417,0.0,30.9,False,False,False,1,[]
Contributes to net zero There are many ways a company at the heart of the energy sector can make a meaningful contribution to the world getting to net zero.,22,Consistency of our ambition and aims with the Paris goals,attribute,,,,,,0.0,data/raw/bp/2022_sustainability_report.pdf,False,False,bp,2022,False,29,0.069,0.0,0.0,False,False,False,False,False,0.0,0.0,43.2,False,False,False,0,"[{""start"": 34, ""end"": 38, ""kind"": ""vague"", ""term"": ""many""}, {""start"": 99, ""end"": 109, ""kind"": ""vague"", ""term"": ""meaningful""}]"
Including our ~$3 billion deal to acquire Archaea Energy – a leading US producer of renewable natural gas.,23,More $ into transition > What we have achieved $4.9bn transition growth investment,other,,3 billion,,,,0.5,data/raw/bp/2022_sustainability_report.pdf,False,False,bp,2022,False,16,0.0625,0.0,0.0,True,False,False,False,False,0.0625,0.0,32.0,False,False,False,1,"[{""start"": 16, ""end"": 25, ""kind"": ""qty"", ""term"": ""3 billion""}, {""start"": 61, ""end"": 68, ""kind"": ""vague"", ""term"": ""leading""}]"
"We also plan to increase the use of blue and green hydrogen at our refineries, reducing the emissions associated with the use of natural gas and grey hydrogen.",24,Our actions > Carbon capture and storage (CCS) and hydrogen,attribute,hedged,,,,,0.0,data/raw/bp/2022_sustainability_report.pdf,False,False,bp,2022,False,28,0.0,0.0,0.0357,False,False,False,False,False,0.0,0.0,39.4,False,False,False,0,[]
"Our combined Scope 1 and 2 emissions, covered by aim 1 were 31.9MtCO2e – a decrease of 41% from our 2019 baseline of 54.4MtCO2e.",24,Our actions > Portfolio optimization,other,hedged,31.9MtCO2e,2019,,Scope 1,1.0,data/raw/bp/2022_sustainability_report.pdf,False,False,bp,2022,False,20,0.0,0.0,0.05,True,True,False,True,False,0.0,0.6,77.4,False,False,False,0,"[{""start"": 60, ""end"": 70, ""kind"": ""qty"", ""term"": ""31.9MtCO2e""}, {""start"": 100, ""end"": 104, ""kind"": ""baseline"", ""term"": ""2019""}]"
The total decrease of almost 22.5MtCO2e includes 16.0MtCO2e attributable to divestments and 4.1MtCO2e in sustainable emission reductions (SERs).,24,Our actions > Portfolio optimization,other,,22.5MtCO2e,,,,0.5,data/raw/bp/2022_sustainability_report.pdf,False,False,bp,2022,False,21,0.0,0.0,0.0,True,False,False,False,False,0.0,0.2,52.4,False,False,False,0,"[{""start"": 29, ""end"": 39, ""kind"": ""qty"", ""term"": ""22.5MtCO2e""}]"
"Compared with 2021 (35.6MtCO2e), Scope 1 and 2 emissions decreased by 10%.",24,Our actions > Portfolio optimization,other,,35.6MtCO2e,2021,,Scope 1,1.0,data/raw/bp/2022_sustainability_report.pdf,False,False,bp,2022,False,9,0.0,0.0,0.0,True,True,False,True,False,0.0,0.6,61.3,False,False,False,0,"[{""start"": 14, ""end"": 18, ""kind"": ""baseline"", ""term"": ""2021""}, {""start"": 20, ""end"": 30, ""kind"": ""qty"", ""term"": ""35.6MtCO2e""}]"
We have already exceeded our 2025 target of 20% emission reductions against our 2019 baseline.,24,Our actions > Portfolio optimization,achievement,achievement,20%,2019,,,0.67,data/raw/bp/2022_sustainability_report.pdf,False,False,bp,2022,False,12,0.0,0.0,0.0833,True,True,False,False,False,0.0,0.4,25.5,False,False,False,0,"[{""start"": 44, ""end"": 47, ""kind"": ""qty"", ""term"": ""20%""}, {""start"": 80, ""end"": 84, ""kind"": ""baseline"", ""term"": ""2019""}]"
Our aim 1 is to be net zero across our entire operations on an absolute basis by 2050 or sooner.,24,Net zero operations,target,hedged,1,,2050,,0.5,data/raw/bp/2022_sustainability_report.pdf,False,False,bp,2022,False,18,0.0,0.0,0.1311,True,False,True,False,False,0.0,0.4,57.0,False,False,False,0,"[{""start"": 8, ""end"": 9, ""kind"": ""qty"", ""term"": ""1""}, {""start"": 81, ""end"": 85, ""kind"": ""deadline"", ""term"": ""2050""}]"
These emissions were 54.4MtCO2e in 2019.,24,Net zero operations,other,,54.4MtCO2e,,,,0.5,data/raw/bp/2022_sustainability_report.pdf,False,False,bp,2022,False,6,0.0,0.0,0.0,True,False,False,False,False,0.0,0.2,91.0,False,False,False,0,"[{""start"": 21, ""end"": 31, ""kind"": ""qty"", ""term"": ""54.4MtCO2e""}]"
We are targeting a 20% reduction in our aim 1 operational emissions by 2025 and will aim for a 50% reduction by 2030 against our 2019 baseline.,24,Net zero operations,target,firm,20%,2019,2025,,0.75,data/raw/bp/2022_sustainability_report.pdf,False,False,bp,2022,False,21,0.0,0.0,0.2581,True,True,True,False,False,0.0,0.6,40.5,False,True,False,0,"[{""start"": 19, ""end"": 22, ""kind"": ""qty"", ""term"": ""20%""}, {""start"": 71, ""end"": 75, ""kind"": ""deadline"", ""term"": ""2025""}, {""start"": 129, ""end"": 133, ""kind"": ""baseline"", ""term"": ""2019""}]"
"Scope 1 (direct) emissions, covered by aim 1, were 30.4MtCO2e – a decrease of 8% from 33.2MtCO2e in 2021.",25,Net zero operations > Actions driving aim 1 deliverya,other,hedged,30.4MtCO2e,,,Scope 1,1.0,data/raw/bp/2022_sustainability_report.pdf,False,False,bp,2022,False,16,0.0,0.0,0.0625,True,False,False,True,False,0.0,0.4,85.1,False,False,False,0,"[{""start"": 51, ""end"": 61, ""kind"": ""qty"", ""term"": ""30.4MtCO2e""}]"
"Of these Scope 1 emissions, 29.7MtCO2e were CO2 and 0.7MtCO2e methane.",25,Net zero operations > Actions driving aim 1 deliverya,other,,29.7MtCO2e,,,Scope 1,1.0,data/raw/bp/2022_sustainability_report.pdf,False,False,bp,2022,False,12,0.0,0.0,0.0,True,False,False,True,False,0.0,0.4,97.0,False,False,False,0,"[{""start"": 28, ""end"": 38, ""kind"": ""qty"", ""term"": ""29.7MtCO2e""}]"
"Scope 2 (indirect) emissions decreased by 0.9MtCO2e, to 1.5MtCO2e, a 38% reduction compared with 2021.",25,Net zero operations > Actions driving aim 1 deliverya,other,,0.9MtCO2e,2021,,Scope 2,1.0,data/raw/bp/2022_sustainability_report.pdf,False,False,bp,2022,False,14,0.0,0.0,0.0,True,True,False,True,False,0.0,0.6,57.1,False,False,False,0,"[{""start"": 42, ""end"": 51, ""kind"": ""qty"", ""term"": ""0.9MtCO2e""}, {""start"": 97, ""end"": 101, ""kind"": ""baseline"", ""term"": ""2021""}]"
Operational control boundary broadly covers bp-operated assetsa. bp equity share covers 100% of emissions from subsidiaries and the percentage of emissions equivalent to our share of joint arrangements and associatesb.,25,Net zero operations > bp equity share emissions,other,,100%,,,,0.5,data/raw/bp/2022_sustainability_report.pdf,False,False,bp,2022,False,29,0.0345,0.0,0.0,True,False,False,False,False,0.0,0.062,5.4,False,False,False,0,"[{""start"": 29, ""end"": 36, ""kind"": ""vague"", ""term"": ""broadly""}, {""start"": 88, ""end"": 92, ""kind"": ""qty"", ""term"": ""100%""}]"
Becoming net zero on an absolute basis across the carbon in our upstream oil and gas production is in part linked to reducing that production.,25,Net zero operations > Portfolio optimization,attribute,,,,,upstream,0.5,data/raw/bp/2022_sustainability_report.pdf,False,False,bp,2022,False,25,0.0,0.0,0.0,False,False,False,True,False,0.0,0.2,42.7,False,False,False,0,[]
"We believe that the Scope 3 emissions associated with our upstream oil and gas production will not exceed their 2019 peak and have stated that we are aiming for a reduction in oil and gas production by around 25% by 2030, compared to 2019 (excluding production from Rosneft)c.",25,Net zero operations > Portfolio optimization,target,firm,25%,2019,2030,Scope 3; upstream,1.0,data/raw/bp/2022_sustainability_report.pdf,True,False,bp,2022,False,44,0.0,0.0455,0.0882,True,True,True,True,False,0.0,0.618,31.4,False,True,False,0,"[{""start"": 3, ""end"": 10, ""kind"": ""hedge"", ""term"": ""believe""}, {""start"": 112, ""end"": 116, ""kind"": ""baseline"", ""term"": ""2019""}, {""start"": 202, ""end"": 208, ""kind"": ""hedge"", ""term"": ""around""}, {""start"": 209, ""end"": 212, ""kind"": ""qty"", ""term"": ""25%""}, {""start"": 216, ""end"": 220, ""kind"": ""deadline"", ""term"": ""2030""}]"
Our aim 2 is to be net zero on an absolute basis across the carbon in our upstream oil and gas production by 2050 or sooner.,25,Net zero production,target,hedged,2,2050,2050,upstream,1.0,data/raw/bp/2022_sustainability_report.pdf,False,False,bp,2022,False,24,0.0,0.0,0.1033,True,True,True,True,False,0.0,0.8,62.6,False,False,False,0,"[{""start"": 8, ""end"": 9, ""kind"": ""qty"", ""term"": ""2""}, {""start"": 109, ""end"": 113, ""kind"": ""baseline"", ""term"": ""2050""}]"
Since 2019 our estimated Scope 3 emissions covered by aim 2 have reduced by 15% which is at the upper end of our revised 2025 target of a 10-15% reduction against our 2019 baseline.,26,Net zero production,target,hedged,15%,2019,,Scope 3,0.75,data/raw/bp/2022_sustainability_report.pdf,False,False,bp,2022,False,27,0.0,0.0741,0.0741,True,True,False,True,False,0.0,0.304,38.4,False,False,False,0,"[{""start"": 6, ""end"": 10, ""kind"": ""baseline"", ""term"": ""2019""}, {""start"": 15, ""end"": 24, ""kind"": ""hedge"", ""term"": ""estimated""}, {""start"": 76, ""end"": 79, ""kind"": ""qty"", ""term"": ""15%""}]"
"Our aim to reduce our oil and gas production from 2019 levels by around 25% by 2030, underpins our 2030 aim of a 20-30% reduction in Scope 3 emissions covered by aim 2 against a 2019 baseline.",26,Net zero production,target,hedged,25%,2019,2030,Scope 3,1.0,data/raw/bp/2022_sustainability_report.pdf,False,False,bp,2022,False,29,0.0,0.0345,0.1579,True,True,True,True,False,0.0,0.662,46.1,False,False,False,0,"[{""start"": 50, ""end"": 54, ""kind"": ""baseline"", ""term"": ""2019""}, {""start"": 65, ""end"": 71, ""kind"": ""hedge"", ""term"": ""around""}, {""start"": 72, ""end"": 75, ""kind"": ""qty"", ""term"": ""25%""}, {""start"": 79, ""end"": 83, ""kind"": ""deadline"", ""term"": ""2030""}]"
"Our destination is unchanged: we are aiming to be net zero for aim 2 by 2050, or sooner.",26,Net zero production > Our aim 2 pathway,target,hedged,2,,2050,,0.5,data/raw/bp/2022_sustainability_report.pdf,False,False,bp,2022,False,16,0.0,0.0,0.2075,True,False,True,False,False,0.0,0.4,63.7,True,False,False,0,"[{""start"": 67, ""end"": 68, ""kind"": ""qty"", ""term"": ""2""}, {""start"": 72, ""end"": 76, ""kind"": ""deadline"", ""term"": ""2050""}]"
"We expect our pathway to net zero to be finetuned over time, to reflect emerging opportunities and challenges as the world transitions to a better, and more balanced, energy system.",26,Net zero production > Our aim 2 pathway,attribute,,,,,,0.0,data/raw/bp/2022_sustainability_report.pdf,False,False,bp,2022,False,30,0.0333,0.0333,0.0,False,False,False,False,False,-0.0333,0.0,24.1,True,False,False,0,"[{""start"": 3, ""end"": 9, ""kind"": ""hedge"", ""term"": ""expect""}, {""start"": 140, ""end"": 146, ""kind"": ""vague"", ""term"": ""better""}]"
Our aim 3 is to reduce to net zero the carbon intensity of the energy products we sell by 2050 or sooner.,27,Net zero sales,target,hedged,3,,2050,,0.5,data/raw/bp/2022_sustainability_report.pdf,False,False,bp,2022,False,20,0.0,0.0,0.12,True,False,True,False,False,0.0,0.4,59.6,False,False,False,0,"[{""start"": 8, ""end"": 9, ""kind"": ""qty"", ""term"": ""3""}, {""start"": 90, ""end"": 94, ""kind"": ""deadline"", ""term"": ""2050""}]"
We are aiming for around 50% of our capital investment to be in our transition growth engines – which includes low carbon activity – in 2030.,27,Net zero sales > Our actions,other,hedged,50%,,,,0.5,data/raw/bp/2022_sustainability_report.pdf,False,False,bp,2022,False,22,0.0,0.0455,0.0455,True,False,False,False,False,0.0,0.018,38.4,False,False,False,0,"[{""start"": 18, ""end"": 24, ""kind"": ""hedge"", ""term"": ""around""}, {""start"": 25, ""end"": 28, ""kind"": ""qty"", ""term"": ""50%""}]"
"We anticipate this will primarily be green hydrogen (electrolysis of water using renewable power), while selectively pursuing blue hydrogen (generated from natural gas) opportunities where there is regulatory support and CCS access.",27,Net zero sales > Low carbon energy,attribute,firm,,,,,0.0,data/raw/bp/2022_sustainability_report.pdf,False,False,bp,2022,False,32,0.0,0.0312,0.0312,False,False,False,False,False,0.0,0.0,-13.4,True,True,False,0,"[{""start"": 3, ""end"": 13, ""kind"": ""hedge"", ""term"": ""anticipate""}]"
"As a result of these changes, the energy included under aim 3 for 2019 – our baseline year – has increased from 12.6EJ to 20.9EJ and the emissions have increased from 993MtCO2e to 1,638MtCO2e.",28,Aim 3 update,other,hedged,993MtCO2e,,,,0.5,data/raw/bp/2022_sustainability_report.pdf,False,False,bp,2022,False,32,0.0,0.0,0.0312,True,False,False,False,False,0.0,0.2,71.8,False,False,False,0,"[{""start"": 167, ""end"": 176, ""kind"": ""qty"", ""term"": ""993MtCO2e""}]"
"This represents a 2% decrease from our 2019 baseline, primarily driven by a reduction in the lifecycle emissions associated with the sold energy products.",28,Aim 3 update,other,,2%,2019,,,0.5,data/raw/bp/2022_sustainability_report.pdf,False,False,bp,2022,False,22,0.0,0.0,0.0,True,True,False,False,False,0.0,0.4,19.2,False,False,False,0,"[{""start"": 18, ""end"": 20, ""kind"": ""qty"", ""term"": ""2%""}, {""start"": 39, ""end"": 43, ""kind"": ""baseline"", ""term"": ""2019""}]"
We are also continuing to invest in activities that contribute to our transition and net zero aims.,28,Aim 3 update,attribute,hedged,,,,,0.0,data/raw/bp/2022_sustainability_report.pdf,False,False,bp,2022,False,17,0.0,0.0,0.0588,False,False,False,False,False,0.0,0.0,45.3,False,False,False,0,[]
"We are sometimes asked how our aim 3 relates to the Scope 1, 2 and 3 based approach we use for aim 1 (net zero operations) and aim 2 (net zero production).",28,Full value chain emissions for energy products,attribute,hedged,,,,Scope 1,0.5,data/raw/bp/2022_sustainability_report.pdf,False,False,bp,2022,False,26,0.0,0.0,0.1154,False,False,False,True,False,0.0,0.2,47.0,False,False,False,0,[]
Our methane intensity in 2022 was 0.05% – an improvement from 0.07% in 2021b.,29,Production Transportation Transportation and distribution End use Processing + + + +,other,,0.05%,,,,0.5,data/raw/bp/2022_sustainability_report.pdf,False,False,bp,2022,False,10,0.0,0.0,0.0,True,False,False,False,False,0.0,0.2,59.6,False,False,False,0,"[{""start"": 35, ""end"": 40, ""kind"": ""qty"", ""term"": ""0.05%""}]"
"Methane emissions from upstream operations, used to calculate our intensity, continued on the declining trend they have followed since 2016 (when we reported 111kt), decreasing by 35% to around 28kt, from 43kt in 2021.",29,Production Transportation Transportation and distribution End use Processing + + + +,other,,35%,2021,,upstream,1.0,data/raw/bp/2022_sustainability_report.pdf,False,False,bp,2022,False,31,0.0323,0.0323,0.0,True,True,False,True,False,0.0,0.342,25.3,False,False,False,0,"[{""start"": 77, ""end"": 86, ""kind"": ""vague"", ""term"": ""continued""}, {""start"": 180, ""end"": 183, ""kind"": ""qty"", ""term"": ""35%""}, {""start"": 187, ""end"": 193, ""kind"": ""hedge"", ""term"": ""around""}, {""start"": 213, ""end"": 217, ""kind"": ""baseline"", ""term"": ""2021""}]"
We continue to progress our work under the World Bank’s Zero Routine Flaring Initiative by 2030 (and by 2025 in our bpx energy operations).,29,Production Transportation Transportation and distribution End use Processing + + + +,target,,,,2030,,0.25,data/raw/bp/2022_sustainability_report.pdf,False,False,bp,2022,False,23,0.0,0.0,0.0635,False,False,True,False,False,0.0435,0.2,43.7,False,False,False,1,"[{""start"": 15, ""end"": 23, ""kind"": ""positive"", ""term"": ""progress""}, {""start"": 91, ""end"": 95, ""kind"": ""deadline"", ""term"": ""2030""}]"
"Our aim 4 is to install methane measurement at all our existing major oil and gas processing sites by 2023, publish the data, and then drive a 50% reduction in methane intensitya of our operations.",29,Reducing methane,target,hedged,50%,,2023,own operations,0.75,data/raw/bp/2022_sustainability_report.pdf,False,False,bp,2022,False,32,0.0,0.0,0.0512,True,False,True,True,False,0.0,0.6,31.6,False,False,False,0,"[{""start"": 102, ""end"": 106, ""kind"": ""deadline"", ""term"": ""2023""}, {""start"": 143, ""end"": 146, ""kind"": ""qty"", ""term"": ""50%""}]"
And we will work to influence our joint ventures to set their own methane intensity targets of 0.2%.,29,Reducing methane,other,firm,0.2%,,,,0.5,data/raw/bp/2022_sustainability_report.pdf,False,False,bp,2022,False,17,0.0,0.0,0.1176,True,False,False,False,False,0.0,0.2,73.8,False,True,False,0,"[{""start"": 95, ""end"": 99, ""kind"": ""qty"", ""term"": ""0.2%""}]"
"In October 2022 we announced a significant investment through our ~$3 billion deal to acquire Archaea Energy, a leading US producer of renewable natural gas (RNG).",30,More$ into transition,other,,3 billion,,,,0.5,data/raw/bp/2022_sustainability_report.pdf,False,False,bp,2022,False,24,0.0833,0.0,0.0,True,False,False,False,False,0.0417,0.0,23.9,False,False,False,1,"[{""start"": 31, ""end"": 42, ""kind"": ""vague"", ""term"": ""significant""}, {""start"": 68, ""end"": 77, ""kind"": ""qty"", ""term"": ""3 billion""}, {""start"": 112, ""end"": 119, ""kind"": ""vague"", ""term"": ""leading""}]"
"In addition to operating 50 RNG and landfill gas-to-energy facilities across the US, producing around 6,000boed of RNG today, it has a development pipeline of more than 80 projects with the potential to produce around five times more RNG by 2030.",30,More$ into transition,target,,50,,2030,,0.5,data/raw/bp/2022_sustainability_report.pdf,False,False,bp,2022,False,38,0.0,0.0526,0.0463,True,False,True,False,False,0.0,0.19,19.1,False,False,False,0,"[{""start"": 25, ""end"": 27, ""kind"": ""qty"", ""term"": ""50""}, {""start"": 95, ""end"": 101, ""kind"": ""hedge"", ""term"": ""around""}, {""start"": 211, ""end"": 217, ""kind"": ""hedge"", ""term"": ""around""}, {""start"": 241, ""end"": 245, ""kind"": ""deadline"", ""term"": ""2030""}]"
"As we pursue our net zero ambition, we see our annual transition growth investment reaching $6-8 billion in 2025 and are aiming for it to reach $7-9 billion in 2030.",30,More$ into transition,target,hedged,8 billion,2025,,,0.5,data/raw/bp/2022_sustainability_report.pdf,False,False,bp,2022,False,26,0.0,0.0,0.0769,True,True,False,False,False,0.0,0.4,53.5,False,False,False,0,"[{""start"": 95, ""end"": 104, ""kind"": ""qty"", ""term"": ""8 billion""}, {""start"": 108, ""end"": 112, ""kind"": ""baseline"", ""term"": ""2025""}]"
"As a result, the proportion of capital expenditure that counts towards our aim 5 2025 target has changed from $3-4 billion in low carbon activity investment, to transition growth investment of $6-8 billion, and our 2030 aim has changed from around $5 billion in low carbon investment, to $7-9 billion of transition growth investment.",30,More$ into transition > Changes to aim 5 reporting basis,target,hedged,4 billion,,,,0.25,data/raw/bp/2022_sustainability_report.pdf,False,False,bp,2022,False,47,0.0,0.0213,0.0638,True,False,False,False,False,0.0,0.115,13.3,False,False,False,0,"[{""start"": 113, ""end"": 122, ""kind"": ""qty"", ""term"": ""4 billion""}, {""start"": 241, ""end"": 247, ""kind"": ""hedge"", ""term"": ""around""}]"
"Going forward, we aim to build a portfolio, including a global position in offshore wind, in support of green hydrogen, e-fuels, EV charging and power trading, together with continued growth in Lightsource bp.",31,More$ into transition > Renewables and power,attribute,hedged,,,,,0.0,data/raw/bp/2022_sustainability_report.pdf,False,False,bp,2022,False,33,0.0303,0.0,0.0303,False,False,False,False,False,0.0,0.0,34.9,False,False,False,0,"[{""start"": 174, ""end"": 183, ""kind"": ""vague"", ""term"": ""continued""}]"
In 2022 we progressed the Net Zero Teesside and Northern Endurance Partnership projects through the define stage.,31,More$ into transition > Renewables and power,attribute,,,,,,0.0,data/raw/bp/2022_sustainability_report.pdf,False,False,bp,2022,False,16,0.0,0.0,0.0,False,False,False,False,False,0.0625,0.0,47.8,False,False,False,1,[]
"Both form part of the East Coast Cluster, which aims to remove nearly 50% of all UK industrial cluster CO2 emissions.",31,More$ into transition > Renewables and power,other,hedged,50%,,,,0.5,data/raw/bp/2022_sustainability_report.pdf,False,False,bp,2022,False,20,0.0,0.0,0.05,True,False,False,False,False,0.0,0.2,68.1,False,False,False,0,"[{""start"": 70, ""end"": 73, ""kind"": ""qty"", ""term"": ""50%""}]"
"In Western Australia we have acquired a 40.5% interest in the Australian Renwables Energy Hub (AREH), which we will operate.",31,More$ into transition > Renewables and power,other,firm,40.5%,,,,0.5,data/raw/bp/2022_sustainability_report.pdf,False,False,bp,2022,False,19,0.0,0.0,0.0526,True,False,False,False,False,0.0,0.2,41.4,False,True,False,0,"[{""start"": 40, ""end"": 45, ""kind"": ""qty"", ""term"": ""40.5%""}]"
AREH has the potential to be one of the world’s largest renewables and green hydrogen hubs.,31,More$ into transition > Renewables and power,attribute,,,,,,0.0,data/raw/bp/2022_sustainability_report.pdf,False,False,bp,2022,False,17,0.0,0.0,0.0,False,False,False,False,False,0.0,0.0,60.2,False,False,False,0,[]
"Once operational, the renewable power it generates at full scale could be used to produce around 1.6 million tonnes of green hydrogen or 9 million tonnes of green ammonia annually, for use locally and internationally in decarbonizing industries such as mining, shipping and steel.",31,More$ into transition > Renewables and power,attribute,hedged,1.6 million,,,,0.5,data/raw/bp/2022_sustainability_report.pdf,False,False,bp,2022,False,42,0.0,0.0476,0.0,True,False,False,False,False,0.0,0.01,24.4,True,False,True,0,"[{""start"": 65, ""end"": 70, ""kind"": ""hedge"", ""term"": ""could""}, {""start"": 90, ""end"": 96, ""kind"": ""hedge"", ""term"": ""around""}, {""start"": 97, ""end"": 108, ""kind"": ""qty"", ""term"": ""1.6 million""}]"
"In 2022 low carbon activity investment , a subset of our total transition growth investment , accounted for more than 80% of our total aim 5 investment.",31,More$ into transition > Low carbon activity capital expenditure,other,hedged,80%,,,,0.5,data/raw/bp/2022_sustainability_report.pdf,False,False,bp,2022,False,22,0.0,0.0,0.0455,True,False,False,False,False,0.0,0.2,34.5,False,False,False,0,"[{""start"": 118, ""end"": 121, ""kind"": ""qty"", ""term"": ""80%""}]"
We anticipate that in 2030 more than 80% of our aim 5 spend will be on low carbon activity .,31,More$ into transition > Low carbon activity capital expenditure,other,firm,80%,,,,0.5,data/raw/bp/2022_sustainability_report.pdf,False,False,bp,2022,False,16,0.0,0.0625,0.125,True,False,False,False,False,0.0,0.0,69.0,False,True,False,0,"[{""start"": 3, ""end"": 13, ""kind"": ""hedge"", ""term"": ""anticipate""}, {""start"": 37, ""end"": 40, ""kind"": ""qty"", ""term"": ""80%""}]"
"We have expanded the sustainability measures in our long-term incentive plan scorecard for group leaders, including linking performance to progress on our aim 1 (net zero operations).",32,Incentivizing employees,attribute,hedged,1,,,,0.5,data/raw/bp/2022_sustainability_report.pdf,False,False,bp,2022,False,26,0.0,0.0,0.0769,True,False,False,False,False,0.0769,0.2,14.5,False,False,False,2,"[{""start"": 139, ""end"": 147, ""kind"": ""positive"", ""term"": ""progress""}, {""start"": 159, ""end"": 160, ""kind"": ""qty"", ""term"": ""1""}]"
"We advocate for policies that support net zero, incentivize our workforce, assess our alignment with trade associations and help corporates achieve their decarbonization goals.",32,Five aims to help the world get to,attribute,hedged,,,,,0.0,data/raw/bp/2022_sustainability_report.pdf,False,False,bp,2022,False,24,0.0,0.0,0.0417,False,False,False,False,False,0.0,0.0,9.8,False,False,False,0,[]
"Our aim 6 is to more actively advocate for policies that support net zero, including carbon pricing.",33,Five aims to help the world get to,attribute,hedged,6,,,,0.5,data/raw/bp/2022_sustainability_report.pdf,False,False,bp,2022,False,16,0.0,0.0,0.0625,True,False,False,False,False,0.0,0.2,37.3,False,False,False,0,"[{""start"": 8, ""end"": 9, ""kind"": ""qty"", ""term"": ""6""}]"
"In the future, any corporate advertising will be to push for progressive climate policy, communicate our net zero ambition or support delivery of our strategy, invite ideas, or build collaborations.",33,Five aims to help the world get to,target,firm,,,,,0.0,data/raw/bp/2022_sustainability_report.pdf,False,False,bp,2022,False,30,0.0,0.0,0.1,False,False,False,False,False,0.0333,0.0,7.2,False,True,False,1,[]
The Climate Action 100+ Net Zero Company Benchmark assessed our Climate Policy Engagement as ‘Aligned’ – on the basis that we take up Paris Agreement-aligned climate lobbying positions.,33,Five aims to help the world get to,attribute,,100,,,,0.5,data/raw/bp/2022_sustainability_report.pdf,False,False,bp,2022,False,26,0.0,0.0,0.0,True,False,False,False,False,0.0,0.2,8.0,False,False,False,0,"[{""start"": 19, ""end"": 22, ""kind"": ""qty"", ""term"": ""100""}]"
Our aim 7 is to incentivize our global workforce to deliver on our aims and mobilize them to become advocates for net zero.,33,Incentivizing employees,attribute,hedged,7,,,,0.5,data/raw/bp/2022_sustainability_report.pdf,False,False,bp,2022,False,22,0.0,0.0,0.0909,True,False,False,False,False,0.0,0.2,46.1,False,False,False,0,"[{""start"": 8, ""end"": 9, ""kind"": ""qty"", ""term"": ""7""}]"
"To help our employees contribute to the delivery of our strategy and sustainability aims, we are educating them about the importance of net zero, incentivizing them to become advocates and providing the support they need to do so.",33,Incentivizing employees,attribute,hedged,,,,,0.0,data/raw/bp/2022_sustainability_report.pdf,False,False,bp,2022,False,38,0.0,0.0263,0.0263,False,False,False,False,False,0.0,0.0,14.6,False,False,False,0,"[{""start"": 112, ""end"": 117, ""kind"": ""hedge"", ""term"": ""about""}]"
"The bonus scorecard against which our eligible employees are measured was updated in 2021 to incentivize them through three themes: safety and sustainability (30%), including our sustainable emissions reductions which makes up 15%, operational performance (20%) and financial performance (50%).",33,Incentivizing employees,other,,30%,,,,0.5,data/raw/bp/2022_sustainability_report.pdf,False,False,bp,2022,False,35,0.0,0.0,0.0,True,False,False,False,False,0.0,0.2,-12.4,True,False,False,0,"[{""start"": 159, ""end"": 162, ""kind"": ""qty"", ""term"": ""30%""}]"
This included explicitly linking performance to progress on our net zero operations aim (aim 1).,33,Incentivizing employees,attribute,hedged,1,,,,0.5,data/raw/bp/2022_sustainability_report.pdf,False,False,bp,2022,False,14,0.0,0.0,0.1429,True,False,False,False,False,0.0714,0.2,29.5,False,False,False,1,"[{""start"": 48, ""end"": 56, ""kind"": ""positive"", ""term"": ""progress""}, {""start"": 93, ""end"": 94, ""kind"": ""qty"", ""term"": ""1""}]"
The summit gave employees the chance to build their advocacy skills and learn more about the importance of net zero.,33,Incentivizing employees > Employee advocacy,attribute,,,,,,0.0,data/raw/bp/2022_sustainability_report.pdf,False,False,bp,2022,False,20,0.0,0.05,0.0,False,False,False,False,False,0.0,0.0,63.9,False,False,False,0,"[{""start"": 83, ""end"": 88, ""kind"": ""hedge"", ""term"": ""about""}]"
We are committed to getting bp to net zero and we make the case for our views on climate change within the associations we belong to.,34,Aligning associations,attribute,firm,,,,,0.0,data/raw/bp/2022_sustainability_report.pdf,False,False,bp,2022,False,26,0.0,0.0,0.0385,False,False,False,False,False,0.0385,0.0,63.3,True,False,False,1,"[{""start"": 7, ""end"": 16, ""kind"": ""positive"", ""term"": ""committed""}]"
"Our voice is one among many, but we believe everyone needs to work together to achieve net zero.",34,Aligning associations,attribute,,,,,,0.0,data/raw/bp/2022_sustainability_report.pdf,False,False,bp,2022,False,18,0.0556,0.0556,0.0,False,False,False,False,False,0.0,0.0,61.7,False,False,False,0,"[{""start"": 23, ""end"": 27, ""kind"": ""vague"", ""term"": ""many""}, {""start"": 36, ""end"": 43, ""kind"": ""hedge"", ""term"": ""believe""}]"
We pushed for constructive engagement on climate policy proposals throughout 2022.,34,Aligning associations > Working with trade associations on climate issues,target,,,,2022,,0.25,data/raw/bp/2022_sustainability_report.pdf,False,False,bp,2022,False,10,0.0,0.0,0.0,False,False,True,False,False,0.0,0.2,10.6,False,False,False,0,"[{""start"": 77, ""end"": 81, ""kind"": ""deadline"", ""term"": ""2022""}]"
We believe electrification of transport is key to helping the world get to net zero and in 2022 we actively advocated for EV charging policies that will accelerate and simplify the roll-out of EV charging infrastructure.,34,Aligning associations > Working with trade associations on climate issues,attribute,firm,,,,,0.0,data/raw/bp/2022_sustainability_report.pdf,False,False,bp,2022,False,35,0.0,0.0286,0.0286,False,False,False,False,False,0.0286,0.0,19.0,False,True,False,1,"[{""start"": 3, ""end"": 10, ""kind"": ""hedge"", ""term"": ""believe""}, {""start"": 153, ""end"": 163, ""kind"": ""positive"", ""term"": ""accelerate""}]"
We have actively participated in the development of carbon and net zero standards and benchmarks.,35,Transparency leader,attribute,,,,,,0.0,data/raw/bp/2022_sustainability_report.pdf,False,False,bp,2022,False,15,0.0,0.0,0.0,False,False,False,False,False,0.0,0.0,28.1,False,False,False,0,[]
"Alongside some of our peers, we participated in a pilot of the new Net Zero Standard for Oil & Gas developed by the Institutional Investors Group for Climate Change.",35,Transparency leader,attribute,,,,,,0.0,data/raw/bp/2022_sustainability_report.pdf,False,False,bp,2022,False,28,0.0,0.0,0.0,False,False,False,False,False,0.0,0.0,36.4,False,False,False,0,[]
This standard is expected to be integrated into updates to the Climate Action 100+ (CA100+) Net Zero Company benchmark.,35,Transparency leader,attribute,,100,,,,0.5,data/raw/bp/2022_sustainability_report.pdf,False,False,bp,2022,False,18,0.0,0.1111,0.0,True,False,False,False,False,0.0,0.0,33.5,True,False,False,0,"[{""start"": 17, ""end"": 25, ""kind"": ""hedge"", ""term"": ""expected""}, {""start"": 78, ""end"": 81, ""kind"": ""qty"", ""term"": ""100""}]"
Our aim 10 is to provide integrated clean energy and mobility solutions.,36,Clean cities and corporates,attribute,hedged,10,,,,0.5,data/raw/bp/2022_sustainability_report.pdf,False,False,bp,2022,False,11,0.0,0.0,0.0909,True,False,False,False,False,0.0,0.2,26.5,False,False,False,0,"[{""start"": 8, ""end"": 10, ""kind"": ""qty"", ""term"": ""10""}]"
There is potential to store up to 23 million tonnes of CO2 emissions a year by 2035.,36,Clean cities and corporates > Integrated energy hubs,target,,23 million,,2035,,0.5,data/raw/bp/2022_sustainability_report.pdf,False,False,bp,2022,False,15,0.0,0.0667,0.02,True,False,True,False,False,0.0,0.133,73.2,False,False,False,0,"[{""start"": 28, ""end"": 33, ""kind"": ""hedge"", ""term"": ""up to""}, {""start"": 34, ""end"": 44, ""kind"": ""qty"", ""term"": ""23 million""}, {""start"": 79, ""end"": 83, ""kind"": ""deadline"", ""term"": ""2035""}]"
In October 2022 we submitted a bid to the UK government’s Hydrogen Business Model and Net Zero Hydrogen Fund.,36,Clean cities and corporates > Integrated energy hubs,attribute,,,,,,0.0,data/raw/bp/2022_sustainability_report.pdf,False,False,bp,2022,False,19,0.0,0.0,0.0,False,False,False,False,False,0.0,0.0,40.6,False,False,False,0,[]
"In addition, we signed four new memorandums of understanding with local industries for the potential use of green hydrogen by businesses and communities.",36,Clean cities and corporates > Integrated energy hubs,attribute,,,,,,0.0,data/raw/bp/2022_sustainability_report.pdf,False,False,bp,2022,False,23,0.0,0.0,0.0,False,False,False,False,False,0.0,0.0,18.0,False,False,False,0,[]
"It could generate up to 860MW of low carbon power. y H2Teesside aims to be one of the UK’s largest blue hydrogen production facilities, targeting 1GW of hydrogen production by 2030.",36,Clean cities and corporates > Integrated energy hubs,target,hedged,,2030,2030,,0.5,data/raw/bp/2022_sustainability_report.pdf,False,False,bp,2022,False,32,0.0,0.0625,0.1138,False,True,True,False,False,0.0,0.15,55.8,False,False,True,0,"[{""start"": 3, ""end"": 8, ""kind"": ""hedge"", ""term"": ""could""}, {""start"": 18, ""end"": 23, ""kind"": ""hedge"", ""term"": ""up to""}, {""start"": 177, ""end"": 181, ""kind"": ""baseline"", ""term"": ""2030""}]"
"In Australia we have taken a 40.5% stake and operatorship in the Australia Renewable Energy Hub (AREH), in the Pilbara region of Western Australia.",36,Clean cities and corporates > Integrated energy hubs,other,,40.5%,,,,0.5,data/raw/bp/2022_sustainability_report.pdf,False,False,bp,2022,False,23,0.0,0.0,0.0,True,False,False,False,False,0.0,0.2,37.0,False,False,False,0,"[{""start"": 29, ""end"": 34, ""kind"": ""qty"", ""term"": ""40.5%""}]"
We are aiming for a 20% share of global sustainable aviation fuel (SAF) supply by 2030.,37,Clean cities and corporates > Logistics and transport emissions,target,hedged,20%,,2030,,0.5,data/raw/bp/2022_sustainability_report.pdf,False,False,bp,2022,False,14,0.0,0.0,0.1629,True,False,True,False,False,0.0,0.4,65.7,False,False,False,0,"[{""start"": 20, ""end"": 23, ""kind"": ""qty"", ""term"": ""20%""}, {""start"": 82, ""end"": 86, ""kind"": ""deadline"", ""term"": ""2030""}]"
We are actively building relationships with organizations that share our priorities to help the world transition to net zero – with a focus on our priority sectors.,37,Clean cities and corporates > Building enduring relationships,attribute,,,,,,0.0,data/raw/bp/2022_sustainability_report.pdf,False,False,bp,2022,False,26,0.0,0.0,0.0,False,False,False,False,False,0.0,0.0,30.8,False,False,False,0,[]
We actively advocate for policies that support net zero and work with trade associations on key climate issues.,37,Clean cities and corporates > Building enduring relationships,attribute,hedged,,,,,0.0,data/raw/bp/2022_sustainability_report.pdf,False,False,bp,2022,False,18,0.0,0.0,0.0,False,False,False,False,False,0.0,0.0,38.2,False,False,False,0,[]
"We also intend to develop large-scale green hydrogen production hubs in Spain, Portugal and the UK.",37,Clean cities and corporates > Strategic partnerships in Iberia,attribute,hedged,,,,,0.0,data/raw/bp/2022_sustainability_report.pdf,False,False,bp,2022,False,16,0.0,0.0625,0.0625,False,False,False,False,False,0.0,0.0,42.5,False,False,False,0,"[{""start"": 8, ""end"": 14, ""kind"": ""hedge"", ""term"": ""intend""}]"
"Our H2Teesside and HyGreen projects, together with the proposed power and carbon capture project, Net Zero Teesside Power, are expected to support local economic and supply chain development.",38,Reimagining Teesside,attribute,hedged,,,,supply chain,0.5,data/raw/bp/2022_sustainability_report.pdf,False,False,bp,2022,False,29,0.0,0.069,0.0,False,False,False,True,False,0.0,0.0,19.9,True,False,False,0,"[{""start"": 127, ""end"": 135, ""kind"": ""hedge"", ""term"": ""expected""}]"
Our aim 11 is to develop enough clean energy to benefit more than 36 million people.,40,More clean energy,attribute,hedged,36 million,,,,0.5,data/raw/bp/2022_sustainability_report.pdf,False,False,bp,2022,False,14,0.0,0.0,0.0714,True,False,False,False,False,0.0,0.2,59.7,False,False,False,0,"[{""start"": 66, ""end"": 76, ""kind"": ""qty"", ""term"": ""36 million""}]"
"By 2030, we aim to have developed 50GW of renewable generating capacitya – broadly enough to meet the power needs of 36 million peopleb, including exploring ways to make clean energy accessible to those who need it most.",40,More clean energy,target,hedged,36 million,,2030,,0.5,data/raw/bp/2022_sustainability_report.pdf,False,False,bp,2022,False,35,0.0286,0.0,0.0771,True,False,True,False,False,0.0,0.286,28.7,False,False,False,0,"[{""start"": 3, ""end"": 7, ""kind"": ""deadline"", ""term"": ""2030""}, {""start"": 75, ""end"": 82, ""kind"": ""vague"", ""term"": ""broadly""}, {""start"": 117, ""end"": 127, ""kind"": ""qty"", ""term"": ""36 million""}]"
"We set a target to have developed 20GW of renewable energy generating capacity to FID by 2025, with an aim of 50GW by 2030.",40,More clean energy > Developing more renewable energy,target,hedged,"2025,",,2025,,0.5,data/raw/bp/2022_sustainability_report.pdf,False,False,bp,2022,False,22,0.0,0.0,0.1564,True,False,True,False,False,0.0,0.4,46.1,False,False,False,0,"[{""start"": 89, ""end"": 94, ""kind"": ""qty"", ""term"": ""2025,""}]"
"By the end of 2022 we had brought 5.8GW to FID, with 37.2GW in our renewables pipeline.",40,More clean energy > Developing more renewable energy,target,,,,2022,,0.25,data/raw/bp/2022_sustainability_report.pdf,False,False,bp,2022,False,16,0.0,0.0,0.0,False,False,True,False,False,0.0,0.2,90.4,False,False,False,0,"[{""start"": 14, ""end"": 18, ""kind"": ""deadline"", ""term"": ""2022""}]"
"This pipeline includes 10.3GW relating to the Australian Renewable Energy Hub renewable power, green hydrogen and ammonia project in Australia and 1.5GW relating to our Morven offshore wind project in Scotland.",40,More clean energy > Developing more renewable energy,attribute,,,,,,0.0,data/raw/bp/2022_sustainability_report.pdf,False,False,bp,2022,False,31,0.0,0.0,0.0,False,False,False,False,False,0.0,0.0,35.3,False,False,False,0,[]
The projects will play an important role in supporting the UK government’s target to produce sufficient offshore wind energy to power every UK home by 2030.,40,More clean energy > Developing more renewable energy,target,firm,,,2030,,0.25,data/raw/bp/2022_sustainability_report.pdf,False,False,bp,2022,False,26,0.0,0.0,0.1354,False,False,True,False,False,0.0,0.2,40.5,False,True,False,0,"[{""start"": 151, ""end"": 155, ""kind"": ""deadline"", ""term"": ""2030""}]"
"We reached an agreement with C-Quest Capital (CQC) to support the growth of its operations in India, where it is implementing projects focused on reducing carbon emissions and on giving Indian families access to sustainable energy services and clean energy technologies.",40,More clean energy > Access and affordability programmes,attribute,hedged,,,,,0.0,data/raw/bp/2022_sustainability_report.pdf,False,False,bp,2022,False,41,0.0,0.0,0.0,False,False,False,False,False,0.0,0.0,4.3,False,False,False,0,[]
One of the activities we are supporting through this partnership is a carbon offset project that aims to distribute up to 50 million efficient LED lightbulbs to Indian families living in poor rural areas.,40,More clean energy > Access and affordability programmes,other,hedged,50 million,,,,0.5,data/raw/bp/2022_sustainability_report.pdf,False,False,bp,2022,False,33,0.0,0.0303,0.0303,True,False,False,False,False,0.0,0.079,32.3,False,False,False,0,"[{""start"": 116, ""end"": 121, ""kind"": ""hedge"", ""term"": ""up to""}, {""start"": 122, ""end"": 132, ""kind"": ""qty"", ""term"": ""50 million""}]"
"These CQC projects are designed to support several UN Sustainable Development Goals, including improved health, gender equality and affordable and clean energy.",40,More clean energy > Access and affordability programmes,attribute,hedged,,,,,0.0,data/raw/bp/2022_sustainability_report.pdf,False,False,bp,2022,False,22,0.0909,0.0,0.0455,False,False,False,False,False,0.0,0.0,11.5,True,False,False,0,"[{""start"": 43, ""end"": 50, ""kind"": ""vague"", ""term"": ""several""}, {""start"": 95, ""end"": 103, ""kind"": ""vague"", ""term"": ""improved""}]"
"We are focused on supporting community regeneration and resilience, skills development for a just transition, and education about clean energy.",41,More clean energy > Just transition for local communities,attribute,,,,,,0.0,data/raw/bp/2022_sustainability_report.pdf,False,False,bp,2022,False,20,0.0,0.05,0.0,False,False,False,False,False,0.0,0.0,0.4,True,False,False,0,"[{""start"": 124, ""end"": 129, ""kind"": ""hedge"", ""term"": ""about""}]"
"We are also supporting skills development through the Aberdeen Hydrogen Hub, a joint venture with Aberdeen City Council to help achieve its vision of scalable green hydrogen production, storage and distribution infrastructure in the city, powered by renewable energy.",41,More clean energy > Just transition for local communities,attribute,,,,,,0.0,data/raw/bp/2022_sustainability_report.pdf,False,False,bp,2022,False,39,0.0,0.0,0.0,False,False,False,False,False,0.0,0.0,4.6,False,False,False,0,[]
"Outside the UK we have sponsored the training company Shams Global Solutions to develop Oman’s first solar training facility; and in the US we have launched a clean energy community grant programme with Equinor and other partners, to support workforce development linked to New York City’s emerging offshore wind ecosystem.",41,More clean energy > Just transition for local communities,attribute,hedged,,,,,0.0,data/raw/bp/2022_sustainability_report.pdf,False,False,bp,2022,False,52,0.0,0.0,0.0,False,False,False,False,False,0.0,0.0,2.8,False,False,False,0,[]
"Based on anticipated changes in the areas WRI identifies as water stressed, this number is set to increase by 2030 (assuming a business-as-usual scenario with no portfolio changes).",50,Enhancing biodiversity > Our water consumption in 2022,target,,,,2030,,0.25,data/raw/bp/2022_sustainability_report.pdf,False,False,bp,2022,False,27,0.0,0.037,0.057,False,False,True,False,False,0.0,0.052,13.4,False,False,False,0,"[{""start"": 110, ""end"": 114, ""kind"": ""deadline"", ""term"": ""2030""}]"
"At major operating sites, 0.1% of our total freshwater withdrawals and 0.6% of freshwater consumption were from regions with high or extremely high water stress in 2022 (2021 0.1% and 0.6% respectively).",50,Enhancing biodiversity > Our water consumption in 2022,other,,0.1%,,,,0.5,data/raw/bp/2022_sustainability_report.pdf,False,False,bp,2022,False,26,0.0,0.0,0.0,True,False,False,False,False,0.0,0.2,42.1,False,False,False,0,"[{""start"": 26, ""end"": 30, ""kind"": ""qty"", ""term"": ""0.1%""}]"
"Silvassa has achieved a 66% reduction in water use and is investigating the potential of other water stewardship activities, including rainwater harvesting and managed aquifer recharge.",50,Enhancing biodiversity > Improving water efficiency,achievement,achievement,66%,,,,0.33,data/raw/bp/2022_sustainability_report.pdf,False,False,bp,2022,False,25,0.0,0.0,0.0,True,False,False,False,False,0.0,0.2,-8.0,False,False,False,0,"[{""start"": 24, ""end"": 27, ""kind"": ""qty"", ""term"": ""66%""}]"
Our aim 17 is becoming water positive by 2035.,50,Water positive,target,hedged,17,,2035,,0.5,data/raw/bp/2022_sustainability_report.pdf,False,False,bp,2022,False,7,0.0,0.0,0.1629,True,False,True,False,False,0.1429,0.4,54.7,False,False,False,1,"[{""start"": 8, ""end"": 10, ""kind"": ""qty"", ""term"": ""17""}, {""start"": 29, ""end"": 37, ""kind"": ""positive"", ""term"": ""positive""}, {""start"": 41, ""end"": 45, ""kind"": ""deadline"", ""term"": ""2035""}]"
"We will also support the development of scalable markets for certified natural climate solutions that help the world reduce deforestation, get to net zero and deliver environmental and social benefits.",51,Championing nature-based solutions,attribute,firm,,,,,0.0,data/raw/bp/2022_sustainability_report.pdf,False,False,bp,2022,False,30,0.0,0.0,0.0333,False,False,False,False,False,0.0,0.0,10.0,False,True,False,0,[]
We continued growing our originated portfolio of verified carbon credits throughout 2022.,51,Championing nature-based solutions > Natural climate solutions,target,,,2022,2022,,0.5,data/raw/bp/2022_sustainability_report.pdf,False,False,bp,2022,False,11,0.0909,0.0,0.0,False,True,True,False,True,0.0,0.3,3.4,False,False,False,0,"[{""start"": 3, ""end"": 12, ""kind"": ""vague"", ""term"": ""continued""}, {""start"": 49, ""end"": 57, ""kind"": ""verify"", ""term"": ""verified""}, {""start"": 84, ""end"": 88, ""kind"": ""baseline"", ""term"": ""2022""}]"
"We built on the foundational work we completed in 2021, by finalizing our internal framework for circularity.",52,Unlock circularity > Increasing circularity across bp,achievement,achievement,"2021,",,,,0.33,data/raw/bp/2022_sustainability_report.pdf,False,False,bp,2022,False,16,0.0,0.0,0.0,True,False,False,False,False,0.0,0.2,21.4,False,False,False,0,"[{""start"": 50, ""end"": 55, ""kind"": ""qty"", ""term"": ""2021,""}]"
"The product is being packed in 100% post-consumer recycled bottles, made from reprocessed plastic waste instead of virgin plastic.",52,Unlock circularity > Our performance,attribute,,100%,,,,0.5,data/raw/bp/2022_sustainability_report.pdf,False,False,bp,2022,False,18,0.0,0.0,0.0,True,False,False,False,False,0.0,0.2,33.5,True,False,False,0,"[{""start"": 31, ""end"": 35, ""kind"": ""qty"", ""term"": ""100%""}]"
"This roll-out builds on Castrol’s global launch of lighter packaging in 2021, which reduced its plastics use by more than 2,000 tonnes year-on-year.",52,Unlock circularity > Our performance,achievement,achievement,"2021,",,,,0.33,data/raw/bp/2022_sustainability_report.pdf,False,False,bp,2022,False,22,0.0,0.0,0.0,True,False,False,False,False,0.0,0.2,53.8,False,False,False,0,"[{""start"": 72, ""end"": 77, ""kind"": ""qty"", ""term"": ""2021,""}]"
Castrol is also exploring the potential use of alternative materials as part of its aim to halve its plastic footprint by 2030a.,52,Unlock circularity > Our performance,target,hedged,,,2030,,0.25,data/raw/bp/2022_sustainability_report.pdf,False,False,bp,2022,False,22,0.0,0.0,0.0909,False,False,True,False,False,0.0,0.2,49.9,False,False,False,0,"[{""start"": 122, ""end"": 126, ""kind"": ""deadline"", ""term"": ""2030""}]"
Castrol has joined the Pulpex cross-industry consortium and is currently assessing the potential of using its sustainably sourced wood pulp bottle technology for its lubricants.,52,Unlock circularity > Our performance,attribute,,,,,,0.0,data/raw/bp/2022_sustainability_report.pdf,False,False,bp,2022,False,25,0.0,0.0,0.0,False,False,False,False,False,0.0,0.0,15.6,False,False,False,0,[]
SAF is made from sustainable feedstocks and produces up to 80% fewer lifecycle carbon emissions than any conventional jet fuel it replaces. y Appointing a local supplier in Trinidad and Tobago to provide the emergency response vessels we use.,53,Unlock circularity > Focusing on high-impact categories,other,,80%,,,,0.5,data/raw/bp/2022_sustainability_report.pdf,False,False,bp,2022,False,38,0.0,0.0263,0.0,True,False,False,False,False,0.0,0.095,33.9,False,False,False,0,"[{""start"": 53, ""end"": 58, ""kind"": ""hedge"", ""term"": ""up to""}, {""start"": 59, ""end"": 62, ""kind"": ""qty"", ""term"": ""80%""}]"
"For example, we are working with several to accelerate the transition to the use of green steel and are considering the possibility of bp providing clean energy to steel manufacturers.",53,Unlock circularity > Collaborating with suppliers,attribute,,,,,,0.0,data/raw/bp/2022_sustainability_report.pdf,False,False,bp,2022,False,30,0.0333,0.0,0.0,False,False,False,False,False,0.0333,0.0,24.1,False,False,False,1,"[{""start"": 33, ""end"": 40, ""kind"": ""vague"", ""term"": ""several""}, {""start"": 44, ""end"": 54, ""kind"": ""positive"", ""term"": ""accelerate""}]"
"To help achieve our aim 19, unlock circularity, which includes a 2025 recycled or recyclable packaging target for our European retail business, we started sourcing single-wall rather than double-wall coffee cups for use in our Wild Bean retail outlets in Europe.",53,Unlock circularity > Collaborating with suppliers,target,hedged,"19,",,,,0.25,data/raw/bp/2022_sustainability_report.pdf,False,False,bp,2022,False,39,0.0,0.0,0.0513,True,False,False,False,False,0.0,0.2,17.6,False,False,False,0,"[{""start"": 24, ""end"": 27, ""kind"": ""qty"", ""term"": ""19,""}]"
For example: Green hydrogen in Mauritania – We have signed a memorandum of understanding with the government of Mauritania to deliver a programme that will explore the potential for large-scale use of green hydrogen there.,55,Government and regulators $12.5bn > corporate income and production tax paid,attribute,firm,,,,,0.0,data/raw/bp/2022_sustainability_report.pdf,False,False,bp,2022,False,34,0.0,0.0,0.0294,False,False,False,False,False,0.0,0.0,18.1,False,True,False,0,[]
"Net zero consultation in the UK – We responded to the UK Government’s Net Zero Review consultation, one of the largest engagement exercises on net zero in the UK to date.",55,Government and regulators $12.5bn > corporate income and production tax paid,attribute,,,,,,0.0,data/raw/bp/2022_sustainability_report.pdf,False,False,bp,2022,False,31,0.0,0.0,0.0,False,False,False,False,False,0.0,0.0,33.5,False,False,False,0,[]
In 2022 our score improved in the CA100+ Net Zero Company Benchmark.,56,Investors and shareholders $4.4bn > total dividends distributed to bp shareholders,attribute,,,,,,0.0,data/raw/bp/2022_sustainability_report.pdf,False,False,bp,2022,False,11,0.0909,0.0,0.0,False,False,False,False,False,0.0,0.0,64.9,False,False,False,0,"[{""start"": 18, ""end"": 26, ""kind"": ""vague"", ""term"": ""improved""}]"
Institutional Investors Group for Climate Change (IIGCC) – In 2022 we helped pilot the IIGCC net zero standard for the oil and gas sector.,56,Investors and shareholders $4.4bn > total dividends distributed to bp shareholders,attribute,,,,,,0.0,data/raw/bp/2022_sustainability_report.pdf,False,False,bp,2022,False,22,0.0,0.0,0.0,False,False,False,False,False,0.0,0.0,53.8,False,False,False,0,[]
The outcome of this pilot is expected to be incorporated into the next version of the CA100+ Net Zero Company Benchmark.,56,Investors and shareholders $4.4bn > total dividends distributed to bp shareholders,attribute,,,,,,0.0,data/raw/bp/2022_sustainability_report.pdf,False,False,bp,2022,False,21,0.0,0.0952,0.0,False,False,False,False,False,0.0,0.0,44.5,True,False,False,0,"[{""start"": 29, ""end"": 37, ""kind"": ""hedge"", ""term"": ""expected""}]"
"Princeton’s Net-Zero America report, funded in part by CMI and published in 2021, was updated in 2022 for Australia, to include analysis off technological pathways for decarbonization.",57,Engaging with our stakeholders > Trade associations and industry initiatives,attribute,,"2021,",,,,0.5,data/raw/bp/2022_sustainability_report.pdf,False,False,bp,2022,False,26,0.0,0.0,0.0,True,False,False,False,False,0.0,0.2,1.5,True,False,False,0,"[{""start"": 76, ""end"": 81, ""kind"": ""qty"", ""term"": ""2021,""}]"
"In 2022, ICAM kicked off major strategic research. projects investigating catalysis for green hydrogen and catalysis for CO2 conversion.",57,Engaging with our stakeholders > Trade associations and industry initiatives,attribute,,"2022,",,,,0.5,data/raw/bp/2022_sustainability_report.pdf,False,False,bp,2022,False,18,0.0,0.0,0.0,True,False,False,False,False,0.0,0.2,14.4,False,False,False,0,"[{""start"": 3, ""end"": 8, ""kind"": ""qty"", ""term"": ""2022,""}]"
In 2022 we participated in a number of WBCSD initiatives and contributed to a pilot for its Roadmaps to Nature Positive action framework.,57,Engaging with our stakeholders > Partnering across sectors,attribute,,,,,,0.0,data/raw/bp/2022_sustainability_report.pdf,False,False,bp,2022,False,22,0.0,0.0,0.0,False,False,False,False,False,0.0455,0.0,23.0,False,False,False,1,"[{""start"": 111, ""end"": 119, ""kind"": ""positive"", ""term"": ""Positive""}]"
"We believe near-zero methane should be an industry-wide ambition, which is why we supported and contributed expertise to the Oil and Gas Decarbonization Charter announced at COP28.",3,"Go to an online reference  Definitions in the glossary, pages 59-61 > Focused on delivery",target,hedged,,,,,0.0,data/raw/bp/2023_sustainability_report.pdf,False,False,bp,2023,False,27,0.0,0.037,0.037,False,False,False,False,False,0.0,0.0,19.6,False,False,True,0,"[{""start"": 3, ""end"": 10, ""kind"": ""hedge"", ""term"": ""believe""}]"
"We continued to invest in our transition growth engines in 2023, adding 35% more EV charge points globally to bp pulse, growing our biogas supply volumes 80% year on year and expanding our renewables and hydrogen project pipelines.",3,"Go to an online reference  Definitions in the glossary, pages 59-61 > Focused on delivery",other,,35%,,,global,1.0,data/raw/bp/2023_sustainability_report.pdf,False,False,bp,2023,False,35,0.0286,0.0,0.0,True,False,False,True,False,0.0,0.286,23.9,False,False,False,0,"[{""start"": 3, ""end"": 12, ""kind"": ""vague"", ""term"": ""continued""}, {""start"": 72, ""end"": 75, ""kind"": ""qty"", ""term"": ""35%""}]"
"And although it was a challenging year in many respects, I am pleased with the work we have done in support of the aims we set ourselves for net zero, people and planet.",4,"Letter from our EVP strategy, sustainability & ventures",attribute,hedged,,,,,0.0,data/raw/bp/2023_sustainability_report.pdf,False,False,bp,2023,False,33,0.0303,0.0,0.0606,False,False,False,False,False,0.0,0.0,60.5,False,False,False,1,"[{""start"": 22, ""end"": 33, ""kind"": ""negative"", ""term"": ""challenging""}, {""start"": 42, ""end"": 46, ""kind"": ""vague"", ""term"": ""many""}, {""start"": 62, ""end"": 69, ""kind"": ""positive"", ""term"": ""pleased""}]"
This exceeds our 2025 target of a 20% emissions reduction although our operational emissions are expected to fluctuate as more new projects come online.,4,"Letter from our EVP strategy, sustainability & ventures > Progress on net zero",other,,20%,,,,0.5,data/raw/bp/2023_sustainability_report.pdf,False,False,bp,2023,False,22,0.0,0.0909,0.0455,True,False,False,False,False,0.0,0.0,30.7,True,False,False,0,"[{""start"": 34, ""end"": 37, ""kind"": ""qty"", ""term"": ""20%""}, {""start"": 97, ""end"": 105, ""kind"": ""hedge"", ""term"": ""expected""}]"
"While this adds to the challenge of reducing emissions, our work to do so continues. y On net zero sales (aim 3) – our target for 2025 is a 5% reduction in carbon intensity and we have now reached 3% compared with 2019. y On reducing methane (aim 4) – our first goal was to deploy our methane measurement approach across our operated upstream oil and gas assets by the end of 2023.",4,"Letter from our EVP strategy, sustainability & ventures > Progress on net zero",target,hedged,5%,2019,2023,upstream,1.0,data/raw/bp/2023_sustainability_report.pdf,False,False,bp,2023,False,64,0.0,0.0,0.0625,True,True,True,True,False,-0.0156,0.8,55.6,False,False,False,0,"[{""start"": 23, ""end"": 32, ""kind"": ""negative"", ""term"": ""challenge""}, {""start"": 141, ""end"": 143, ""kind"": ""qty"", ""term"": ""5%""}, {""start"": 215, ""end"": 219, ""kind"": ""baseline"", ""term"": ""2019""}, {""start"": 377, ""end"": 381, ""kind"": ""deadline"", ""term"": ""2023""}]"
"Our methane intensity in 2023 remained at 0.05%, based on our existing methodology.",4,"Letter from our EVP strategy, sustainability & ventures > Progress on net zero",other,,0.05%,,,,0.5,data/raw/bp/2023_sustainability_report.pdf,False,False,bp,2023,False,11,0.0,0.0,0.0,True,False,False,False,False,0.0,0.2,16.7,False,False,False,0,"[{""start"": 43, ""end"": 48, ""kind"": ""qty"", ""term"": ""0.05%""}]"
We believe that a just transition (aim 12) should be a key part of the world’s move towards net zero.,4,"Letter from our EVP strategy, sustainability & ventures > Focus on people",attribute,hedged,12,,,,0.5,data/raw/bp/2023_sustainability_report.pdf,False,False,bp,2023,False,20,0.0,0.05,0.05,True,False,False,False,False,0.0,0.0,80.8,False,False,True,0,"[{""start"": 3, ""end"": 10, ""kind"": ""hedge"", ""term"": ""believe""}, {""start"": 39, ""end"": 41, ""kind"": ""qty"", ""term"": ""12""}]"
"Since launching our net zero aims in 2020 and our people and planet aims in 2021, we have been in action to deliver them.",7,2023 sustainability progress,attribute,hedged,"2021,",,,,0.5,data/raw/bp/2023_sustainability_report.pdf,False,False,bp,2023,False,22,0.0,0.0,0.1364,True,False,False,False,False,0.0,0.2,76.8,False,False,False,0,"[{""start"": 76, ""end"": 81, ""kind"": ""qty"", ""term"": ""2021,""}]"
"Water assessments to improve efficiency Conducted assessments at four refineries, accounting for around 51% of our water consumption, to help identify areas where we can create efficiencies in water consumption.",7,2023 sustainability progress > Net zero operations,other,,51%,,,,0.5,data/raw/bp/2023_sustainability_report.pdf,False,False,bp,2023,False,29,0.0,0.0345,0.0,True,False,False,False,False,0.0,0.062,5.3,False,False,False,0,"[{""start"": 97, ""end"": 103, ""kind"": ""hedge"", ""term"": ""around""}, {""start"": 104, ""end"": 107, ""kind"": ""qty"", ""term"": ""51%""}]"
"Our approach to sustainability is targeted, systematic and collaborative – built on strong foundations that guide the way we work and support our net zero, people and planet aims.",8,In this section,attribute,hedged,,,,,0.0,data/raw/bp/2023_sustainability_report.pdf,False,False,bp,2023,False,28,0.0357,0.0,0.1071,False,False,False,False,False,0.0,0.0,33.4,True,False,False,0,"[{""start"": 84, ""end"": 90, ""kind"": ""vague"", ""term"": ""strong""}]"
"For example, in the UK the energy profits levy means in 2023 we paid 75% tax on our North Sea profits.",12,Our approach,other,,75%,,,,0.5,data/raw/bp/2023_sustainability_report.pdf,False,False,bp,2023,False,19,0.0,0.0,0.0,True,False,False,False,False,0.0,0.2,76.2,False,False,False,0,"[{""start"": 69, ""end"": 72, ""kind"": ""qty"", ""term"": ""75%""}]"
"In 2023 our total air emissions remained relatively flat compared to 2022. bpx energy contributed to these results by reducing its non-methane hydrocarbon emissions by 5% through various interventions including electrification, compressor optimization, base well tie-ins, new well designs and flaring reduction projects.",15,‘Who we are’ > Policies and practices,other,,5%,2022,,,0.5,data/raw/bp/2023_sustainability_report.pdf,False,False,bp,2023,False,40,0.025,0.0,0.0,True,True,False,False,False,0.0,0.3,-1.7,False,False,False,0,"[{""start"": 69, ""end"": 73, ""kind"": ""baseline"", ""term"": ""2022""}, {""start"": 168, ""end"": 170, ""kind"": ""qty"", ""term"": ""5%""}, {""start"": 179, ""end"": 186, ""kind"": ""vague"", ""term"": ""various""}]"
"It outlines objectives that align with our net zero, people and planet aims, along with core principles for achieving them, including prioritization, collaboration, industry action and capability building.",15,‘Who we are’ > Policies and practices,attribute,hedged,,,,,0.0,data/raw/bp/2023_sustainability_report.pdf,False,False,bp,2023,False,28,0.0,0.0,0.0714,False,False,False,False,False,0.0,0.0,0.2,False,False,False,0,[]
"In 2023 our engagements with selected NOJV partners were focused on net zero operations, biodiversity, water scarcity and human rights.",15,‘Who we are’ > Policies and practices,attribute,,,,,,0.0,data/raw/bp/2023_sustainability_report.pdf,False,False,bp,2023,False,19,0.0,0.0,0.0,False,False,False,False,False,0.0,0.0,13.9,True,False,False,0,[]
"The set includes a case’s potential impact on our net zero aims 1-3, along with any significant impacts on, or contributions to, certain of our people and planet aims.",16,Sustainability in our processes,attribute,hedged,1,,,,0.5,data/raw/bp/2023_sustainability_report.pdf,False,False,bp,2023,False,29,0.0345,0.0,0.1034,True,False,False,False,False,0.0,0.062,43.2,False,False,False,0,"[{""start"": 64, ""end"": 65, ""kind"": ""qty"", ""term"": ""1""}, {""start"": 84, ""end"": 95, ""kind"": ""vague"", ""term"": ""significant""}]"
"Our destination is unchanged — to be a net zero company by 2050 or sooner, and to help the world get to net zero.",17,In this section,target,,,,2050,,0.25,data/raw/bp/2023_sustainability_report.pdf,False,False,bp,2023,False,22,0.0,0.0,0.0655,False,False,True,False,False,0.0,0.2,61.5,True,False,False,0,"[{""start"": 60, ""end"": 64, ""kind"": ""deadline"", ""term"": ""2050""}]"
"We launched our five aims to get bp to net zero in February 2020, alongside five aims to help the world get to net zero.",18,Getting to net zero > See the glossary on pages 59-61,attribute,hedged,"2020,",,,,0.5,data/raw/bp/2023_sustainability_report.pdf,False,False,bp,2023,False,24,0.0,0.0,0.0833,True,False,False,False,False,0.0,0.2,73.2,False,False,False,0,"[{""start"": 60, ""end"": 65, ""kind"": ""qty"", ""term"": ""2020,""}]"
"The combination of near-term and longer-timeline opportunities is the basis of our biofuels strategy, giving us huge momentum on the pathway to net zero.",18,Getting to net zero > Net zero operations,attribute,,,,,,0.0,data/raw/bp/2023_sustainability_report.pdf,False,False,bp,2023,False,24,0.0,0.0,0.0,False,False,False,False,False,0.0,0.0,23.9,False,False,False,0,[]
We have worked consistently to deliver our 10 net zero aims since their launch in 2020.,19,More $ into transition $3.8bn,attribute,hedged,10,,,,0.5,data/raw/bp/2023_sustainability_report.pdf,False,False,bp,2023,False,14,0.0,0.0,0.0714,True,False,False,False,False,0.0,0.2,65.7,False,False,False,0,"[{""start"": 43, ""end"": 45, ""kind"": ""qty"", ""term"": ""10""}]"
"By setting a path that enables us to make a positive contribution, working to build and participate in many of the new net zero value chains the world will need, and by decarbonizing our own operations, our ambition and aims support the world’s progress towards the goals of the Paris Agreement.",19,More $ into transition $3.8bn > Our net zero targets and aims,target,firm,,,,own operations; value chain,0.25,data/raw/bp/2023_sustainability_report.pdf,False,False,bp,2023,False,52,0.0192,0.0,0.0769,False,False,False,True,False,0.0385,0.123,20.6,False,True,False,2,"[{""start"": 44, ""end"": 52, ""kind"": ""positive"", ""term"": ""positive""}, {""start"": 103, ""end"": 107, ""kind"": ""vague"", ""term"": ""many""}, {""start"": 245, ""end"": 253, ""kind"": ""positive"", ""term"": ""progress""}]"
"Our ambition is to be a net zero company by 2050 or sooner, and to help the world get to net zeroa.",19,More $ into transition $3.8bn > Our net zero targets and aims,target,hedged,,,2050,,0.25,data/raw/bp/2023_sustainability_report.pdf,False,False,bp,2023,False,21,0.0,0.0,0.1152,False,False,True,False,False,0.0,0.2,72.7,False,False,False,0,"[{""start"": 45, ""end"": 49, ""kind"": ""deadline"", ""term"": ""2050""}]"
"We are aiming to be net zero across our operations, production and sales.",19,More $ into transition $3.8bn > Our net zero targets and aims,attribute,hedged,,,,own operations,0.5,data/raw/bp/2023_sustainability_report.pdf,False,False,bp,2023,False,13,0.0,0.0,0.0769,False,False,False,True,False,0.0,0.2,50.5,False,False,False,0,[]
"In a world heading for net zero, we believe bp is best positioned for success if we also head for net zero – working to build and participate in net zero value chains, using our capabilities to integrate along and across them, and decarbonizing our own operations.",20,More $ into transition $3.8bn > Our net zero targets and aims,attribute,,,,,own operations; value chain,0.5,data/raw/bp/2023_sustainability_report.pdf,False,False,bp,2023,False,46,0.0,0.0217,0.0,False,False,False,True,False,0.0217,0.113,18.5,False,False,False,1,"[{""start"": 36, ""end"": 43, ""kind"": ""hedge"", ""term"": ""believe""}, {""start"": 70, ""end"": 77, ""kind"": ""positive"", ""term"": ""success""}]"
"We believe that our net zero ambition and aims, taken together, set out a path for bp that is consistent with the goals of the Paris Agreement.",20,More $ into transition $3.8bn > Our net zero targets and aims,target,hedged,,,,,0.0,data/raw/bp/2023_sustainability_report.pdf,False,False,bp,2023,False,27,0.0,0.037,0.1111,False,False,False,False,False,0.0,0.0,57.2,False,False,False,0,"[{""start"": 3, ""end"": 10, ""kind"": ""hedge"", ""term"": ""believe""}]"
When we refer to ‘consistency with Paris’ we consider this to mean consistency with the world meeting the temperature goal set out in Articles 2.1(a) and 4.1 of the Paris Agreement on Climate Change.,20,More $ into transition $3.8bn > Our net zero targets and aims,target,hedged,2.1,,,,0.25,data/raw/bp/2023_sustainability_report.pdf,False,False,bp,2023,False,33,0.0,0.0,0.0303,True,False,False,False,False,0.0,0.2,59.8,False,False,False,0,"[{""start"": 143, ""end"": 146, ""kind"": ""qty"", ""term"": ""2.1""}]"
We believe our ambition and our 10 net zero aims need to be considered as a package for consistency with the Paris goals.,20,More $ into transition $3.8bn > Our net zero targets and aims,target,hedged,10,,,,0.25,data/raw/bp/2023_sustainability_report.pdf,False,False,bp,2023,False,22,0.0,0.0455,0.1364,True,False,False,False,False,0.0,0.018,53.8,True,False,False,0,"[{""start"": 3, ""end"": 10, ""kind"": ""hedge"", ""term"": ""believe""}, {""start"": 32, ""end"": 34, ""kind"": ""qty"", ""term"": ""10""}]"
"This is because they combine to set bp’s direction for net zero, supporting society’s drive towards the Paris goals and enabling bp to succeed in a Parisconsistent world.",20,More $ into transition $3.8bn > Our net zero targets and aims,attribute,,,,,,0.0,data/raw/bp/2023_sustainability_report.pdf,False,False,bp,2023,False,30,0.0,0.0,0.0333,False,False,False,False,False,0.0,0.0,41.0,False,False,False,0,[]
It includes three main scenarios – two of which we regard as Paris-consistent (Accelerated and Net Zero scenarios) – which we use along with other sources to inform our strategy.,20,More $ into transition $3.8bn > Informed by Paris-consistent energy transition scenarios,attribute,,,,,,0.0,data/raw/bp/2023_sustainability_report.pdf,False,False,bp,2023,False,28,0.0,0.0,0.0,False,False,False,False,False,0.0357,0.0,27.3,False,False,False,1,[]
We believe our strategy enables us to make a positive contribution to the world achieving net zero GHG emissions and meeting the Paris goals – outcomes we believe to be in our best interests as well as beneficial to society generally.,20,Consistency of our ambition and aims with the Paris goals > Contributes to net zero,attribute,,,,,,0.0,data/raw/bp/2023_sustainability_report.pdf,False,False,bp,2023,False,40,0.0,0.05,0.025,False,False,False,False,False,0.025,0.0,18.2,False,False,False,1,"[{""start"": 3, ""end"": 10, ""kind"": ""hedge"", ""term"": ""believe""}, {""start"": 45, ""end"": 53, ""kind"": ""positive"", ""term"": ""positive""}, {""start"": 155, ""end"": 162, ""kind"": ""hedge"", ""term"": ""believe""}]"
In addition to investing in and scaling our own lower carbon businesses there are many ways a company at the heart of the energy sector can make a meaningful contribution to the world getting to net zero.,20,Consistency of our ambition and aims with the Paris goals > Contributes to net zero,attribute,,,,,,0.0,data/raw/bp/2023_sustainability_report.pdf,False,False,bp,2023,False,37,0.0541,0.0,0.0,False,False,False,False,False,0.0,0.0,32.1,False,False,False,0,"[{""start"": 82, ""end"": 86, ""kind"": ""vague"", ""term"": ""many""}, {""start"": 147, ""end"": 157, ""kind"": ""vague"", ""term"": ""meaningful""}]"
"We seek to advance these areas through our aims 1-5 in support of our ambition to be a net zero company by 2050, or sooner, and aims 6-10 which are focused on activities that can help the world get to net zero.",20,Consistency of our ambition and aims with the Paris goals > Contributes to net zero,target,hedged,1,,2050,,0.5,data/raw/bp/2023_sustainability_report.pdf,False,False,bp,2023,False,39,0.0,0.0256,0.1226,True,False,True,False,False,0.0256,0.298,50.1,True,False,False,1,"[{""start"": 3, ""end"": 7, ""kind"": ""hedge"", ""term"": ""seek""}, {""start"": 11, ""end"": 18, ""kind"": ""positive"", ""term"": ""advance""}, {""start"": 48, ""end"": 49, ""kind"": ""qty"", ""term"": ""1""}, {""start"": 107, ""end"": 111, ""kind"": ""deadline"", ""term"": ""2050""}]"
Methane intensity is currently calculated using our existing methodology. h The 50% reduction we are aiming for is against a new baseline which we plan to set based on the new measurement approach.,21,Aims 1-5 update,other,hedged,50%,,,,0.5,data/raw/bp/2023_sustainability_report.pdf,False,False,bp,2023,False,32,0.0,0.0,0.0625,True,False,False,False,False,0.0,0.2,34.6,True,False,False,0,"[{""start"": 80, ""end"": 83, ""kind"": ""qty"", ""term"": ""50%""}]"
"We also plan to increase the use of blue and green hydrogen at our refineries, reducing the emissions associated with the use of natural gas and grey hydrogen.",22,Our actions,attribute,hedged,,,,,0.0,data/raw/bp/2023_sustainability_report.pdf,False,False,bp,2023,False,28,0.0,0.0,0.0357,False,False,False,False,False,0.0,0.0,39.4,False,False,False,0,[]
"We continued on our path towards our operational emissions reduction target in 2023, although compared with 2022 (31.9MtCO2e), Scope 1 and 2 emissions remained broadly flat.",22,Our progress in 2023,other,,31.9MtCO2e,2023,,Scope 1,1.0,data/raw/bp/2023_sustainability_report.pdf,False,False,bp,2023,False,23,0.087,0.0,0.0435,True,True,False,True,False,0.0,0.3,37.0,False,False,False,0,"[{""start"": 3, ""end"": 12, ""kind"": ""vague"", ""term"": ""continued""}, {""start"": 79, ""end"": 83, ""kind"": ""baseline"", ""term"": ""2023""}, {""start"": 114, ""end"": 124, ""kind"": ""qty"", ""term"": ""31.9MtCO2e""}, {""start"": 160, ""end"": 167, ""kind"": ""vague"", ""term"": ""broadly""}]"
"Our combined Scope 1 and 2 emissions, covered by aim 1 were 32.1MtCO2e – a decrease of 41% from our 2019 baseline of 54.5MtCO2ec.",22,Our progress in 2023,other,hedged,32.1MtCO2e,2019,,Scope 1,1.0,data/raw/bp/2023_sustainability_report.pdf,False,False,bp,2023,False,20,0.0,0.0,0.05,True,True,False,True,False,0.0,0.6,77.4,False,False,False,0,"[{""start"": 60, ""end"": 70, ""kind"": ""qty"", ""term"": ""32.1MtCO2e""}, {""start"": 100, ""end"": 104, ""kind"": ""baseline"", ""term"": ""2019""}]"
The total decrease includes 17.9MtCO2e attributable to divestments and 5.0MtCO2e in sustainable emission reductions (SERs).,22,Our progress in 2023,other,,17.9MtCO2e,,,,0.5,data/raw/bp/2023_sustainability_report.pdf,False,False,bp,2023,False,17,0.0,0.0,0.0,True,False,False,False,False,0.0,0.2,41.8,False,False,False,0,"[{""start"": 28, ""end"": 38, ""kind"": ""qty"", ""term"": ""17.9MtCO2e""}]"
We have already exceeded our 2025 target of 20% emission reductions against our 2019 baseline.,22,Our progress in 2023,achievement,achievement,20%,2019,,,0.67,data/raw/bp/2023_sustainability_report.pdf,False,False,bp,2023,False,12,0.0,0.0,0.0833,True,True,False,False,False,0.0,0.4,25.5,False,False,False,0,"[{""start"": 44, ""end"": 47, ""kind"": ""qty"", ""term"": ""20%""}, {""start"": 80, ""end"": 84, ""kind"": ""baseline"", ""term"": ""2019""}]"
"They should not be taken to represent specific expectations of actual impacts of actions driving delivery. c Scope 2 emissions on a market basis. d Operational control data comprises 100% of emissions from activities operated by bp, going beyond the Ipieca guidelines by including emissions from certain other activities such as contracted drilling activities.",22,Our progress in 2023,other,hedged,100%,,,Scope 2,1.0,data/raw/bp/2023_sustainability_report.pdf,True,False,bp,2023,False,52,0.0,0.0192,0.0,True,False,False,True,False,0.0,0.323,15.2,True,False,True,0,"[{""start"": 183, ""end"": 187, ""kind"": ""qty"", ""term"": ""100%""}]"
Our aim 1 is to be net zero across our entire operations on an absolute basis by 2050 or sooner.,22,Net zero operations,target,hedged,1,,2050,,0.5,data/raw/bp/2023_sustainability_report.pdf,False,False,bp,2023,False,18,0.0,0.0,0.1311,True,False,True,False,False,0.0,0.4,57.0,False,False,False,0,"[{""start"": 8, ""end"": 9, ""kind"": ""qty"", ""term"": ""1""}, {""start"": 81, ""end"": 85, ""kind"": ""deadline"", ""term"": ""2050""}]"
These emissions were 54.5MtCO2e in 2019a.,22,Net zero operations,other,,54.5MtCO2e,,,,0.5,data/raw/bp/2023_sustainability_report.pdf,False,False,bp,2023,False,7,0.0,0.0,0.0,True,False,False,False,False,0.0,0.2,94.5,False,False,False,0,"[{""start"": 21, ""end"": 31, ""kind"": ""qty"", ""term"": ""54.5MtCO2e""}]"
We are targeting a 20% reduction in our aim 1 operational emissions by 2025 and will aim for a 50% reduction by 2030 against our 2019 baseline.,22,Net zero operations,target,firm,20%,2019,2025,,0.75,data/raw/bp/2023_sustainability_report.pdf,False,False,bp,2023,False,21,0.0,0.0,0.2581,True,True,True,False,False,0.0,0.6,40.5,False,True,False,0,"[{""start"": 19, ""end"": 22, ""kind"": ""qty"", ""term"": ""20%""}, {""start"": 71, ""end"": 75, ""kind"": ""deadline"", ""term"": ""2025""}, {""start"": 129, ""end"": 133, ""kind"": ""baseline"", ""term"": ""2019""}]"
"In 2023 our Scope 1 (direct) emissions, covered by aim 1, were 31.1MtCO2e – an overall increase from 30.4MtCO2e in 2022.",23,Net zero operations,other,hedged,31.1MtCO2e,,,Scope 1,1.0,data/raw/bp/2023_sustainability_report.pdf,False,False,bp,2023,False,18,0.0,0.0,0.0556,True,False,False,True,False,0.0,0.4,78.5,False,False,False,0,"[{""start"": 63, ""end"": 73, ""kind"": ""qty"", ""term"": ""31.1MtCO2e""}]"
"Of these Scope 1 emissions, 30.2MtCO2e were carbon dioxide and 1.0MtCO2e methanea.",23,Net zero operations,other,,30.2MtCO2e,,,Scope 1,1.0,data/raw/bp/2023_sustainability_report.pdf,False,False,bp,2023,False,13,0.0,0.0,0.0,True,False,False,True,False,0.0,0.4,78.8,False,False,False,0,"[{""start"": 28, ""end"": 38, ""kind"": ""qty"", ""term"": ""30.2MtCO2e""}]"
"In 2023 our Scope 2b (indirect) emissions, covered by aim 1, decreased by 0.4MtCO2e, to 1.0MtCO2e, compared with 2022.",23,Net zero operations,other,hedged,0.4MtCO2e,2022,,Scope 2,1.0,data/raw/bp/2023_sustainability_report.pdf,False,False,bp,2023,False,18,0.0,0.0,0.0556,True,True,False,True,False,0.0,0.6,69.1,False,False,False,0,"[{""start"": 74, ""end"": 83, ""kind"": ""qty"", ""term"": ""0.4MtCO2e""}, {""start"": 113, ""end"": 117, ""kind"": ""baseline"", ""term"": ""2022""}]"
Operational control boundary covers bp-operated assetsc. bp equity share covers 100% of emissions from subsidiaries and the percentage of emissions equivalent to our share of joint arrangements and associatesd.,23,Net zero operations,other,,100%,,,,0.5,data/raw/bp/2023_sustainability_report.pdf,False,False,bp,2023,False,28,0.0,0.0,0.0,True,False,False,False,False,0.0,0.2,8.3,False,False,False,0,"[{""start"": 80, ""end"": 84, ""kind"": ""qty"", ""term"": ""100%""}]"
"This does not affect the underlying values. b Scope 2 emissions on a market basis. c Operational control data comprises 100% of emissions from activities operated by bp, going beyond the Ipieca guidelines by including emissions from certain other activities such as contracted drilling activities.",23,Net zero operations,other,,100%,,,Scope 2,1.0,data/raw/bp/2023_sustainability_report.pdf,False,False,bp,2023,False,43,0.0,0.0,0.0,True,False,False,True,False,0.0,0.4,21.1,False,False,False,0,"[{""start"": 120, ""end"": 124, ""kind"": ""qty"", ""term"": ""100%""}]"
Portfolio optimization Becoming net zero on an absolute basis across the carbon in our upstream oil and gas production is partly linked to reducing that production.,23,Net zero operations > Our actions,attribute,,,,,upstream,0.5,data/raw/bp/2023_sustainability_report.pdf,False,False,bp,2023,False,26,0.0,0.0,0.0,False,False,False,True,False,0.0,0.2,21.0,True,False,False,0,[]
"Since 2019 our estimated Scope 3 emissions covered by aim 2 have reduced by 13%, which is around the mid-range of our 2025 target of a 10-15% reduction against our 2019 baseline.",23,Net zero operations > Our progress in 2023,target,hedged,13%,2019,,Scope 3,0.75,data/raw/bp/2023_sustainability_report.pdf,False,False,bp,2023,False,25,0.0,0.12,0.08,True,True,False,True,False,0.0,0.3,39.3,False,False,False,0,"[{""start"": 6, ""end"": 10, ""kind"": ""baseline"", ""term"": ""2019""}, {""start"": 15, ""end"": 24, ""kind"": ""hedge"", ""term"": ""estimated""}, {""start"": 76, ""end"": 79, ""kind"": ""qty"", ""term"": ""13%""}, {""start"": 90, ""end"": 96, ""kind"": ""hedge"", ""term"": ""around""}]"
Our aim 2 is to be net zero on an absolute basis across the carbon in our upstream oil and gas production by 2050 or sooner.,23,Net zero production,target,hedged,2,2050,2050,upstream,1.0,data/raw/bp/2023_sustainability_report.pdf,False,False,bp,2023,False,24,0.0,0.0,0.1033,True,True,True,True,False,0.0,0.8,62.6,False,False,False,0,"[{""start"": 8, ""end"": 9, ""kind"": ""qty"", ""term"": ""2""}, {""start"": 109, ""end"": 113, ""kind"": ""baseline"", ""term"": ""2050""}]"
"Our methodology is aligned with the Oil and Gas Climate Initiative’s (OGCI). b Methane intensity is currently calculated using our existing methodology and, while it reflects progress in reducing methane emissions, will not directly correlate with progress towards delivering the 2025 target under aim 4. c The 0.20% methane intensity target is based on our new measurement approach.",26,Product lifecycle > Our actions,target,firm,0.20%,,,,0.25,data/raw/bp/2023_sustainability_report.pdf,True,False,bp,2023,False,56,0.0,0.0,0.0714,True,False,False,False,False,0.0357,0.2,24.9,True,True,False,2,"[{""start"": 175, ""end"": 183, ""kind"": ""positive"", ""term"": ""progress""}, {""start"": 248, ""end"": 256, ""kind"": ""positive"", ""term"": ""progress""}, {""start"": 311, ""end"": 316, ""kind"": ""qty"", ""term"": ""0.20%""}]"
Methane intensity is currently calculated using our existing methodology. d The 50% reduction we are aiming for is against a new baseline which we plan to set based on the new measurement approach.,26,Product lifecycle > Our actions,other,hedged,50%,,,,0.5,data/raw/bp/2023_sustainability_report.pdf,False,False,bp,2023,False,32,0.0,0.0,0.0625,True,False,False,False,False,0.0,0.2,34.6,True,False,False,0,"[{""start"": 80, ""end"": 83, ""kind"": ""qty"", ""term"": ""50%""}]"
"Our aim 4 is to install methane measurement at all our existing major oil and gas processing sites by 2023, publish the data, and then drive a 50% reduction in methane intensity of our operations.",26,Reducing methane,target,hedged,50%,,2023,own operations,0.75,data/raw/bp/2023_sustainability_report.pdf,False,False,bp,2023,False,32,0.0,0.0,0.0512,True,False,True,True,False,0.0,0.6,31.6,False,False,False,0,"[{""start"": 102, ""end"": 106, ""kind"": ""deadline"", ""term"": ""2023""}, {""start"": 143, ""end"": 146, ""kind"": ""qty"", ""term"": ""50%""}]"
And we will work to influence our joint ventures to set their own methane intensity targets of 0.2%.,26,Reducing methane,other,firm,0.2%,,,,0.5,data/raw/bp/2023_sustainability_report.pdf,False,False,bp,2023,False,17,0.0,0.0,0.1176,True,False,False,False,False,0.0,0.2,73.8,False,True,False,0,"[{""start"": 96, ""end"": 100, ""kind"": ""qty"", ""term"": ""0.2%""}]"
"Our methodology is aligned with the Oil and Gas Climate Initiative’s (OGCI). b Methane intensity is currently calculated using our existing methodology and, while it reflects progress in reducing methane emissions, will not directly correlate with progress towards delivering the 2025 target under aim 4.",27,Reducing methane,target,firm,,,,,0.0,data/raw/bp/2023_sustainability_report.pdf,True,False,bp,2023,False,44,0.0,0.0,0.0682,False,False,False,False,False,0.0455,0.0,13.4,True,True,False,2,"[{""start"": 175, ""end"": 183, ""kind"": ""positive"", ""term"": ""progress""}, {""start"": 248, ""end"": 256, ""kind"": ""positive"", ""term"": ""progress""}]"
"We are part of a group of more than 50 companies that have signed the Oil & Gas Decarbonization Charter, launched at COP28 in December 2023.",27,Reducing methane > Oil & Gas Decarbonization Charter,achievement,achievement,50,,,,0.33,data/raw/bp/2023_sustainability_report.pdf,False,False,bp,2023,False,23,0.0,0.0,0.0,True,False,False,False,False,0.0,0.2,54.8,False,False,False,0,"[{""start"": 36, ""end"": 38, ""kind"": ""qty"", ""term"": ""50""}]"
"The Charter includes aims to achieve net zero operations by or before 2050, and zero routine flaring and near-zero methane emissions by 2030.",27,Reducing methane > Oil & Gas Decarbonization Charter,target,hedged,"2050,",,2050,,0.5,data/raw/bp/2023_sustainability_report.pdf,False,False,bp,2023,False,21,0.0,0.0,0.1152,True,False,True,False,False,0.0,0.4,32.4,False,False,False,0,"[{""start"": 70, ""end"": 75, ""kind"": ""qty"", ""term"": ""2050,""}]"
We also intend to donate $25 million to the Global Flaring and Methane Reduction trust fund – a World Bank initiative to boost financing mechanisms and technical solutions that enable methane emissions reduction.,27,Reducing methane > Oil & Gas Decarbonization Charter,other,hedged,25 million,,,,0.5,data/raw/bp/2023_sustainability_report.pdf,False,False,bp,2023,False,31,0.0,0.0323,0.0323,True,False,False,False,False,0.0,0.071,19.8,False,False,False,0,"[{""start"": 8, ""end"": 14, ""kind"": ""hedge"", ""term"": ""intend""}, {""start"": 26, ""end"": 36, ""kind"": ""qty"", ""term"": ""25 million""}]"
We maintained our methane intensity at 0.05% in 2023b.,27,Reducing methane > Our progress in 2023,other,,0.05%,,,,0.5,data/raw/bp/2023_sustainability_report.pdf,False,False,bp,2023,False,8,0.0,0.0,0.0,True,False,False,False,False,0.0,0.2,54.7,False,False,False,0,"[{""start"": 39, ""end"": 44, ""kind"": ""qty"", ""term"": ""0.05%""}]"
"Methane emissions from upstream operations, used to calculate our intensity, increased by around 10% from 28kt in 2022 to 31kt in 2023.",27,Reducing methane > Our progress in 2023,other,,10%,2022,,upstream,1.0,data/raw/bp/2023_sustainability_report.pdf,False,False,bp,2023,False,19,0.0,0.0526,0.0,True,True,False,True,False,0.0,0.39,31.7,False,False,False,0,"[{""start"": 91, ""end"": 97, ""kind"": ""hedge"", ""term"": ""around""}, {""start"": 98, ""end"": 101, ""kind"": ""qty"", ""term"": ""10%""}, {""start"": 115, ""end"": 119, ""kind"": ""baseline"", ""term"": ""2022""}]"
"In 2022 we acquired Archaea Energy, which continued its growth throughout 2023.",28,Our actions,target,,,,2023,,0.25,data/raw/bp/2023_sustainability_report.pdf,False,False,bp,2023,False,10,0.1,0.0,0.0,False,False,True,False,False,0.0,0.0,44.4,False,False,False,0,"[{""start"": 42, ""end"": 51, ""kind"": ""vague"", ""term"": ""continued""}, {""start"": 74, ""end"": 78, ""kind"": ""deadline"", ""term"": ""2023""}]"
"Archaea Energy has a development pipeline of around 80 projects, and expects to start up 15-20 new plants per year through 2025.",28,Our actions,target,,80,,2025,,0.5,data/raw/bp/2023_sustainability_report.pdf,False,False,bp,2023,False,19,0.0,0.1579,0.0526,True,False,True,False,False,0.0,0.1,54.0,False,False,False,0,"[{""start"": 45, ""end"": 51, ""kind"": ""hedge"", ""term"": ""around""}, {""start"": 52, ""end"": 54, ""kind"": ""qty"", ""term"": ""80""}, {""start"": 69, ""end"": 76, ""kind"": ""hedge"", ""term"": ""expects""}, {""start"": 123, ""end"": 127, ""kind"": ""deadline"", ""term"": ""2025""}]"
"This portfolio will support the development of our green hydrogen, e-fuels, EV charging and power trading businesses.",29,More$ into transition > In 2023 we continued to grow our EV charging network:,attribute,firm,,,,,0.0,data/raw/bp/2023_sustainability_report.pdf,False,False,bp,2023,False,17,0.0,0.0,0.0588,False,False,False,False,False,0.0,0.0,30.3,False,True,False,0,[]
"As part of this agreement, we have acquired a 55% stake in Deep Wind Offshore’s early-stage offshore wind portfolio, which includes four projects across the Korean peninsula with a combined potential generating capacity of up to 6GW. y In the US, Lightsource bp started construction work on the Arche solar project in Ohio, secured by a power-purchase agreement with Meta.",29,More$ into transition > In 2023 we continued to grow our EV charging network:,other,,55%,,,,0.5,data/raw/bp/2023_sustainability_report.pdf,False,False,bp,2023,False,60,0.0,0.0167,0.0,True,False,False,False,False,0.0,0.133,31.2,False,False,False,0,"[{""start"": 46, ""end"": 49, ""kind"": ""qty"", ""term"": ""55%""}, {""start"": 223, ""end"": 228, ""kind"": ""hedge"", ""term"": ""up to""}]"
"This technology is expected to help reduce the cost of, and electricity requirements for, green hydrogen production.",29,More$ into transition > In 2023 we continued to grow our EV charging network:,attribute,,,,,,0.0,data/raw/bp/2023_sustainability_report.pdf,False,False,bp,2023,False,17,0.0,0.1176,0.0,False,False,False,False,False,0.0,0.0,20.4,True,False,False,0,"[{""start"": 19, ""end"": 27, ""kind"": ""hedge"", ""term"": ""expected""}]"
"In Spain, we announced plans for a low carbon green hydrogen cluster (HyVal) in Spain’s Valencia region.",29,More$ into transition > In 2023 we continued to grow our EV charging network:,attribute,,,,,,0.0,data/raw/bp/2023_sustainability_report.pdf,False,False,bp,2023,False,18,0.0,0.0,0.0556,False,False,False,False,False,0.0,0.0,57.0,False,False,False,0,[]
This planned initiative is set to be based around the phased development of electrolysis capacity to produce green hydrogen at our Castellón refinery.,29,More$ into transition > In 2023 we continued to grow our EV charging network:,attribute,,,,,,0.0,data/raw/bp/2023_sustainability_report.pdf,False,False,bp,2023,False,24,0.0,0.0417,0.0417,False,False,False,False,False,0.0,0.0,13.3,True,False,False,0,"[{""start"": 43, ""end"": 49, ""kind"": ""hedge"", ""term"": ""around""}]"
We also plan to triple the refinery’s production of biofuels to help meet the growing demand for low carbon fuels such as sustainable aviation fuel.,29,More$ into transition > In 2023 we continued to grow our EV charging network:,attribute,hedged,,,,,0.0,data/raw/bp/2023_sustainability_report.pdf,False,False,bp,2023,False,26,0.0,0.0,0.0385,False,False,False,False,False,0.0,0.0,50.3,False,False,False,0,[]
"Low carbon activity capital expenditure In 2023 low carbon activity investment, a subset of our total transition growth investment, accounted for 67% of our total aim 5 investment.",29,More$ into transition > Read more in the bp Annual Report 2023 page 30,other,hedged,67%,,,,0.5,data/raw/bp/2023_sustainability_report.pdf,False,False,bp,2023,False,25,0.0,0.0,0.04,True,False,False,False,False,0.0,0.2,8.9,False,False,False,0,"[{""start"": 147, ""end"": 150, ""kind"": ""qty"", ""term"": ""67%""}]"
It decreased from more than $4 billion in 2022 to more than $2.5 billion reflecting the impact of large low carbon acquisitions in 2022.,29,More$ into transition > Read more in the bp Annual Report 2023 page 30,other,,4 billion,2022,,,0.5,data/raw/bp/2023_sustainability_report.pdf,False,False,bp,2023,False,20,0.0,0.0,0.0,True,True,False,False,False,0.0,0.4,65.6,False,False,False,0,"[{""start"": 29, ""end"": 38, ""kind"": ""qty"", ""term"": ""4 billion""}, {""start"": 42, ""end"": 46, ""kind"": ""baseline"", ""term"": ""2022""}]"
Our current business plans see low carbon activity comprising more than 80% of our aim 5 spend by 2030.,29,More$ into transition > Read more in the bp Annual Report 2023 page 30,target,hedged,80%,,2030,,0.5,data/raw/bp/2023_sustainability_report.pdf,False,False,bp,2023,False,16,0.0,0.0,0.2075,True,False,True,False,False,0.0,0.4,58.4,False,False,False,0,"[{""start"": 72, ""end"": 75, ""kind"": ""qty"", ""term"": ""80%""}, {""start"": 98, ""end"": 102, ""kind"": ""deadline"", ""term"": ""2030""}]"
"Our aim 6 is to more actively advocate for policies that support net zero, including carbon pricing.",30,More$ into transition > Read more in the bp Annual Report 2023 page 30,attribute,hedged,6,,,,0.5,data/raw/bp/2023_sustainability_report.pdf,False,False,bp,2023,False,16,0.0,0.0,0.0625,True,False,False,False,False,0.0,0.2,37.3,False,False,False,0,"[{""start"": 8, ""end"": 9, ""kind"": ""qty"", ""term"": ""6""}]"
"In the future, any corporate advertising will be to push for progressive climate policy, communicate our net zero ambition or support delivery of our strategy, invite ideas, or build collaborations.",30,More$ into transition > Read more in the bp Annual Report 2023 page 30,target,firm,,,,,0.0,data/raw/bp/2023_sustainability_report.pdf,False,False,bp,2023,False,30,0.0,0.0,0.1,False,False,False,False,False,0.0333,0.0,7.2,False,True,False,1,[]
"These include pathways for advanced leak detection technologies and limitations on routine flaring. y Continuing our support of the US Inflation Reduction Act, including its role in backing opportunities for hydrogen and sustainable aviation fuel (SAF). y Advocating for legislation in Washington state, US, that provides incentives for the production and use of SAF.",30,More$ into transition > Our progress in 2023,attribute,hedged,,,,,0.0,data/raw/bp/2023_sustainability_report.pdf,False,False,bp,2023,False,54,0.0,0.0,0.0,False,False,False,False,False,0.0185,0.0,27.2,False,False,False,1,[]
Our aim 7 is to incentivize our global workforce to deliver on our aims and mobilize them to become advocates for net zero.,30,Incentivizing employees,attribute,hedged,7,,,,0.5,data/raw/bp/2023_sustainability_report.pdf,False,False,bp,2023,False,22,0.0,0.0,0.0909,True,False,False,False,False,0.0,0.2,46.1,False,False,False,0,"[{""start"": 8, ""end"": 9, ""kind"": ""qty"", ""term"": ""7""}]"
"To help our employees contribute to the delivery of our strategy and sustainability aims, we are educating them about the importance of net zero and supporting them to become advocates for net zero.",30,Incentivizing employees > Our progress in 2023,attribute,hedged,,,,,0.0,data/raw/bp/2023_sustainability_report.pdf,False,False,bp,2023,False,33,0.0,0.0303,0.0303,False,False,False,False,False,0.0,0.0,19.5,False,False,False,0,"[{""start"": 112, ""end"": 117, ""kind"": ""hedge"", ""term"": ""about""}]"
This measure covers the same Scope 1 and 2 emissions reported under aim 1 (net zero operations).,31,Incentivizing employees > Our progress in 2023,attribute,hedged,,,,Scope 1,0.5,data/raw/bp/2023_sustainability_report.pdf,False,False,bp,2023,False,14,0.0,0.0,0.0714,False,False,False,True,False,0.0,0.2,41.6,False,False,False,0,[]
Throughout 2023 we made a case for action in support of our position on climate with these 10 ‘partially aligned’ groups.,31,Incentivizing employees > Read more in the bp Annual Report 2023 pages 105-132,target,hedged,10,,2023,,0.5,data/raw/bp/2023_sustainability_report.pdf,False,False,bp,2023,False,19,0.0,0.0,0.0,True,False,True,False,False,0.0,0.4,58.4,False,False,False,0,"[{""start"": 11, ""end"": 15, ""kind"": ""deadline"", ""term"": ""2023""}, {""start"": 91, ""end"": 93, ""kind"": ""qty"", ""term"": ""10""}]"
"Updates to our climate policy positions As the world continues working towards net zero, our policy positions and expectations of the trade associations we belong to will naturally evolve.",31,Incentivizing employees > Read more in the bp Annual Report 2023 pages 105-132,attribute,firm,,,,,0.0,data/raw/bp/2023_sustainability_report.pdf,False,False,bp,2023,False,29,0.0,0.0345,0.0345,False,False,False,False,False,0.0,0.0,14.0,False,True,False,0,[]
"Our voice is one among many, but we believe everyone needs to work together to achieve net zero.",31,Aligning associations > Our progress in 2023,attribute,,,,,,0.0,data/raw/bp/2023_sustainability_report.pdf,False,False,bp,2023,False,18,0.0556,0.0556,0.0,False,False,False,False,False,0.0,0.0,61.7,False,False,False,0,"[{""start"": 23, ""end"": 27, ""kind"": ""vague"", ""term"": ""many""}, {""start"": 36, ""end"": 43, ""kind"": ""hedge"", ""term"": ""believe""}]"
We have actively participated in the development of carbon and net zero standards and benchmarks.,32,Transparency leader > Our progress in 2023,attribute,,,,,,0.0,data/raw/bp/2023_sustainability_report.pdf,False,False,bp,2023,False,15,0.0,0.0,0.0,False,False,False,False,False,0.0,0.0,28.1,False,False,False,0,[]
"Alongside some of our peers, we participated in the new Net Zero Standard for Oil & Gas developed by the Institutional Investors Group for Climate Change.",32,Transparency leader > Our progress in 2023,attribute,,,,,,0.0,data/raw/bp/2023_sustainability_report.pdf,False,False,bp,2023,False,25,0.0,0.0,0.0,False,False,False,False,False,0.0,0.0,35.9,False,False,False,0,[]
Our aim 10 is to provide integrated clean energy and mobility solutions.,33,Clean cities and corporates,attribute,hedged,10,,,,0.5,data/raw/bp/2023_sustainability_report.pdf,False,False,bp,2023,False,11,0.0,0.0,0.0909,True,False,False,False,False,0.0,0.2,26.5,False,False,False,0,"[{""start"": 8, ""end"": 10, ""kind"": ""qty"", ""term"": ""10""}]"
"There is potential to store up to 23 million tonnes of carbon dioxide a year in the Southern North Sea, by 2035. y Remediation work on the former Redcar steelworks commenced, with plans to locate Net Zero Teesside Power there.",33,Clean cities and corporates > Our progress in 2023,target,,23 million,,2035,,0.5,data/raw/bp/2023_sustainability_report.pdf,False,False,bp,2023,False,38,0.0,0.0263,0.0463,True,False,True,False,False,0.0,0.295,60.7,False,False,False,0,"[{""start"": 28, ""end"": 33, ""kind"": ""hedge"", ""term"": ""up to""}, {""start"": 34, ""end"": 44, ""kind"": ""qty"", ""term"": ""23 million""}, {""start"": 107, ""end"": 111, ""kind"": ""deadline"", ""term"": ""2035""}]"
"We launched plans for a low carbon green hydrogen cluster called HyVal, at our Castellón refinery in the Valencia region of Spain.",33,Clean cities and corporates > Our progress in 2023,attribute,achievement,,,,,0.0,data/raw/bp/2023_sustainability_report.pdf,False,False,bp,2023,False,23,0.0,0.0,0.0435,False,False,False,False,False,0.0,0.0,47.4,False,False,False,0,[]
"Led by bp, this planned public-private collaborative initiative is set to be based around the phased development of electrolysis capacity for producing green hydrogen.",33,Clean cities and corporates > Our progress in 2023,attribute,,,,,,0.0,data/raw/bp/2023_sustainability_report.pdf,False,False,bp,2023,False,24,0.0,0.0417,0.0417,False,False,False,False,False,0.0,0.0,-0.8,True,False,False,0,"[{""start"": 83, ""end"": 89, ""kind"": ""hedge"", ""term"": ""around""}]"
"We also signed a global mobility agreement with Uber to help accelerate their commitment to become a zero-tailpipe emissions mobility platform in the US, Canada and Europe by 2030 and globally by 2040.",33,Clean cities and corporates > Our progress in 2023,target,firm,,,2030,global,0.5,data/raw/bp/2023_sustainability_report.pdf,False,False,bp,2023,False,31,0.0,0.0,0.1168,False,False,True,True,False,0.0323,0.4,11.6,False,False,False,1,"[{""start"": 61, ""end"": 71, ""kind"": ""positive"", ""term"": ""accelerate""}, {""start"": 175, ""end"": 179, ""kind"": ""deadline"", ""term"": ""2030""}]"
We are aiming to be a leading supplier of sustainable aviation fuel (SAF).,33,Clean cities and corporates > Our progress in 2023,attribute,hedged,,,,,0.0,data/raw/bp/2023_sustainability_report.pdf,False,False,bp,2023,False,13,0.0769,0.0,0.0769,False,False,False,False,False,0.0769,0.0,63.5,False,False,False,1,"[{""start"": 22, ""end"": 29, ""kind"": ""vague"", ""term"": ""leading""}]"
"Preparing for jobs in low carbon industries In Teesside, UK we are funding the Teesside Clean Energy Technician Scholarship to help people from diverse backgrounds prepare for employment in low carbon industries.",35,"Early careers employees, Gelsenkirchen refinery, Germany Improving people’s lives > In this section",attribute,,,,,,0.0,data/raw/bp/2023_sustainability_report.pdf,False,False,bp,2023,False,32,0.0,0.0,0.0,False,False,False,False,False,0.0,0.0,31.6,False,False,False,0,[]
Our aim 11 is to develop enough clean energy to benefit more than 36 million people.,36,More clean energy,attribute,hedged,36 million,,,,0.5,data/raw/bp/2023_sustainability_report.pdf,False,False,bp,2023,False,14,0.0,0.0,0.0714,True,False,False,False,False,0.0,0.2,59.7,False,False,False,0,"[{""start"": 66, ""end"": 76, ""kind"": ""qty"", ""term"": ""36 million""}]"
"By 2030 we aim to have developed 50GW of renewable generating capacitya – broadly enough to meet the power needs of 36 million peopleb, including exploring ways to make clean energy accessible to those who need it most.",36,More clean energy,target,hedged,36 million,,2030,,0.5,data/raw/bp/2023_sustainability_report.pdf,False,False,bp,2023,False,35,0.0286,0.0,0.0771,True,False,True,False,False,0.0,0.286,28.7,False,False,False,0,"[{""start"": 3, ""end"": 7, ""kind"": ""deadline"", ""term"": ""2030""}, {""start"": 74, ""end"": 81, ""kind"": ""vague"", ""term"": ""broadly""}, {""start"": 116, ""end"": 126, ""kind"": ""qty"", ""term"": ""36 million""}]"
"We have set a target to develop 20GW of renewable energy generating capacity to FID by 2025, with an aim of developing 50GW by 2030.",36,More clean energy > Developing more renewable energy,target,hedged,"2025,",,2025,,0.5,data/raw/bp/2023_sustainability_report.pdf,False,False,bp,2023,False,23,0.0,0.0,0.1504,True,False,True,False,False,0.0,0.4,40.0,False,False,False,0,"[{""start"": 87, ""end"": 92, ""kind"": ""qty"", ""term"": ""2025,""}]"
"CQC projects are designed to support several UN Sustainable Development Goals, including improved health, gender equality and affordable and clean energy.",36,More clean energy > Access and affordability programmes,attribute,hedged,,,,,0.0,data/raw/bp/2023_sustainability_report.pdf,False,False,bp,2023,False,21,0.0952,0.0,0.0476,False,False,False,False,False,0.0,0.0,8.3,True,False,False,0,"[{""start"": 37, ""end"": 44, ""kind"": ""vague"", ""term"": ""several""}, {""start"": 89, ""end"": 97, ""kind"": ""vague"", ""term"": ""improved""}]"
"These include the Teesside Clean Energy Technician scholarships, with around 40 students expected to be enrolled by the end of 2024.",37,More clean energy > Enabling a just transition,target,,40,,2024,,0.5,data/raw/bp/2023_sustainability_report.pdf,False,False,bp,2023,False,19,0.0,0.1579,0.0,True,False,True,False,False,0.0,0.1,40.6,True,False,False,0,"[{""start"": 70, ""end"": 76, ""kind"": ""hedge"", ""term"": ""around""}, {""start"": 77, ""end"": 79, ""kind"": ""qty"", ""term"": ""40""}, {""start"": 89, ""end"": 97, ""kind"": ""hedge"", ""term"": ""expected""}, {""start"": 127, ""end"": 131, ""kind"": ""deadline"", ""term"": ""2024""}]"
"Water assessments to improve efficiency We conducted assessments at four refineries, which account for around 51% of our water consumption, to help identify areas where we can create efficiencies in water consumption.",46,In this section,other,,51%,,,,0.5,data/raw/bp/2023_sustainability_report.pdf,False,False,bp,2023,False,31,0.0,0.0323,0.0,True,False,False,False,False,0.0,0.071,11.6,False,False,False,0,"[{""start"": 103, ""end"": 109, ""kind"": ""hedge"", ""term"": ""around""}, {""start"": 110, ""end"": 113, ""kind"": ""qty"", ""term"": ""51%""}]"
"Based on anticipated changes in the areas WRI identifies as water stressed, this number is expected to remain largely unchanged by 2030, assuming a business as-usual scenario with no portfolio changes.",48,Enhancing biodiversity > Our water consumption in 2023,target,,"2030,",,2030,,0.5,data/raw/bp/2023_sustainability_report.pdf,False,False,bp,2023,False,30,0.0333,0.1,0.0533,True,False,True,False,False,0.0,0.1,4.4,True,False,False,0,"[{""start"": 91, ""end"": 99, ""kind"": ""hedge"", ""term"": ""expected""}, {""start"": 110, ""end"": 117, ""kind"": ""vague"", ""term"": ""largely""}, {""start"": 131, ""end"": 136, ""kind"": ""qty"", ""term"": ""2030,""}]"
"At major operating sites, 73% of our total freshwater withdrawals and 36% of freshwater consumption were from regions with high or extremely high water stress in 2023.",48,Enhancing biodiversity > Our water consumption in 2023,other,,73%,,,,0.5,data/raw/bp/2023_sustainability_report.pdf,False,False,bp,2023,False,24,0.0,0.0,0.0,True,False,False,False,False,0.0,0.2,30.9,False,False,False,0,"[{""start"": 26, ""end"": 29, ""kind"": ""qty"", ""term"": ""73%""}]"
"In 2023 we continued detailed, site-based water assessments at four refineries – Rotterdam in the Netherlands, Lingen in Germany and Cherry Point and Whiting in the US – representing approximately 51% of our total consumption in 2023.",48,Enhancing biodiversity > Improving water efficiency,other,,51%,2023,,,0.5,data/raw/bp/2023_sustainability_report.pdf,False,False,bp,2023,False,32,0.0312,0.0312,0.0,True,True,False,False,False,0.0,0.15,2.5,False,False,False,0,"[{""start"": 3, ""end"": 7, ""kind"": ""baseline"", ""term"": ""2023""}, {""start"": 11, ""end"": 20, ""kind"": ""vague"", ""term"": ""continued""}, {""start"": 183, ""end"": 196, ""kind"": ""hedge"", ""term"": ""approximately""}, {""start"": 197, ""end"": 200, ""kind"": ""qty"", ""term"": ""51%""}]"
Our aim 17 is becoming water positive by 2035.,48,Water positive,target,hedged,17,,2035,,0.5,data/raw/bp/2023_sustainability_report.pdf,False,False,bp,2023,False,7,0.0,0.0,0.1629,True,False,True,False,False,0.1429,0.4,54.7,False,False,False,1,"[{""start"": 8, ""end"": 10, ""kind"": ""qty"", ""term"": ""17""}, {""start"": 29, ""end"": 37, ""kind"": ""positive"", ""term"": ""positive""}, {""start"": 41, ""end"": 45, ""kind"": ""deadline"", ""term"": ""2035""}]"
"Together, these resulted in the loss of over 36 million litres of potable water at a cost of NZ$85,000 to the bp business.",48,Water positive > Tackling water leaks in Australia and New Zealand,other,,36 million,,,,0.5,data/raw/bp/2023_sustainability_report.pdf,False,False,bp,2023,False,22,0.0,0.0,0.0,True,False,False,False,False,0.0,0.2,57.6,False,False,False,0,"[{""start"": 45, ""end"": 55, ""kind"": ""qty"", ""term"": ""36 million""}]"
This contributed to a 25% decrease in monthly network water use in New Zealand from January to September 2023 and an associated 28% reduction in invoiced spend.,48,Water positive > Tackling water leaks in Australia and New Zealand,other,,25%,,,,0.5,data/raw/bp/2023_sustainability_report.pdf,False,False,bp,2023,False,24,0.0,0.0,0.0,True,False,False,False,False,0.0,0.2,30.9,False,False,False,0,"[{""start"": 22, ""end"": 25, ""kind"": ""qty"", ""term"": ""25%""}]"
"We will also support the development of scalable markets for certified natural climate solutions that help the world reduce deforestation, get to net zero and deliver environmental and social benefits.",50,Championing nature-based solutions,attribute,firm,,,,,0.0,data/raw/bp/2023_sustainability_report.pdf,False,False,bp,2023,False,30,0.0,0.0,0.0333,False,False,False,False,False,0.0,0.0,10.0,False,True,False,0,[]
"At Warm Spring Ponds, Montana, an environmental remediation site is managed to provide over 1,300 acres of wildlife habitat that supports a large rainbow trout population and attracts thousands of migratory waterfowl that stop at the ponds.",50,Championing nature-based solutions > Nature-based solutions in action,other,,"1,300 acres",,,,0.5,data/raw/bp/2023_sustainability_report.pdf,False,False,bp,2023,False,36,0.0,0.0,0.0,True,False,False,False,False,0.0,0.2,17.5,True,False,False,0,"[{""start"": 92, ""end"": 103, ""kind"": ""qty"", ""term"": ""1,300 acres""}]"
"For example, the five-litre bottle uses up to 20% less plastic by weight compared to the previous packaging. y Our high-density polyethylene bottles in India now include 30% post-consumer recycled content.",51,Unlock circularity > Increasing circularity across bp,attribute,,20%,,,,0.5,data/raw/bp/2023_sustainability_report.pdf,False,False,bp,2023,False,29,0.0,0.0345,0.0,True,False,False,False,False,0.0,0.062,34.6,False,False,False,0,"[{""start"": 40, ""end"": 45, ""kind"": ""hedge"", ""term"": ""up to""}, {""start"": 46, ""end"": 49, ""kind"": ""qty"", ""term"": ""20%""}]"
"In 2023 we have diverted more than one million kilograms of surplus food from waste. y In Australia, together with OzHarvest, we avoided food waste and supported local communities by delivering around 54,000 meals to those in need instead of disposing of the food.",51,Unlock circularity > Increasing circularity across bp,achievement,achievement,"54,000",,,,0.33,data/raw/bp/2023_sustainability_report.pdf,False,False,bp,2023,False,42,0.0,0.0238,0.0,True,False,False,False,False,0.0,0.105,46.5,False,False,False,0,"[{""start"": 194, ""end"": 200, ""kind"": ""hedge"", ""term"": ""around""}, {""start"": 201, ""end"": 207, ""kind"": ""qty"", ""term"": ""54,000""}]"
"For example, we responded to the EU’s open consultation on the development of the EU 2040 Climate Target – expressing our support for a dedicated target for carbon removals and highlighting the importance of including nature-based removals, which can play an important role in meeting the EU’s climate ambitions.",51,Unlock circularity > Increasing circularity across bp,target,hedged,,,,,0.0,data/raw/bp/2023_sustainability_report.pdf,False,False,bp,2023,False,49,0.0,0.0,0.0612,False,False,False,False,False,0.0,0.0,3.4,False,False,False,0,[]
"We are making progress towards our target for all bp own-brand food packaging in Europe to be reusable, recyclable or biodegradable by 2025.",52,Unlock circularity > Increasing circularity across bp,target,,,,2025,,0.25,data/raw/bp/2023_sustainability_report.pdf,False,False,bp,2023,False,22,0.0,0.0,0.0655,False,False,True,False,False,0.0455,0.2,46.1,False,False,False,1,"[{""start"": 14, ""end"": 22, ""kind"": ""positive"", ""term"": ""progress""}, {""start"": 135, ""end"": 139, ""kind"": ""deadline"", ""term"": ""2025""}]"
"The blades and nacelles, which house power generation equipment and transformers at the top of the wind towers, were replaced on 40 turbines, which are consequently expected to generate up to 40% more energy from the same wind resource.",52,Circularity in action at Fowler Ridge,other,,40%,,,,0.5,data/raw/bp/2023_sustainability_report.pdf,False,False,bp,2023,False,37,0.0,0.0811,0.0,True,False,False,False,False,0.0,0.0,25.2,True,False,False,0,"[{""start"": 165, ""end"": 173, ""kind"": ""hedge"", ""term"": ""expected""}, {""start"": 186, ""end"": 191, ""kind"": ""hedge"", ""term"": ""up to""}, {""start"": 192, ""end"": 195, ""kind"": ""qty"", ""term"": ""40%""}]"
"In line with our new endeavour to send zero blades to landfill, the business anticipates sending all metal resulting from future repower projects to a disposal yard to be repurposed or recycled.",52,Circularity in action at Fowler Ridge,attribute,,,,,,0.0,data/raw/bp/2023_sustainability_report.pdf,False,False,bp,2023,False,32,0.0,0.0312,0.0312,False,False,False,False,False,0.0,0.0,21.0,True,False,False,0,[]
"Waste data for 2023 We disposed of around 240kt of hazardous and non-hazardous waste in 2023, a 21% decrease from 2022 (2022 305kt) and we recycled or recovered around 250kt of waste, a 4% increase from 2022.",52,Circularity in action at Fowler Ridge,attribute,,21%,2022,,,0.5,data/raw/bp/2023_sustainability_report.pdf,False,False,bp,2023,False,30,0.0,0.0667,0.0,True,True,False,False,False,0.0,0.133,43.8,False,False,False,0,"[{""start"": 35, ""end"": 41, ""kind"": ""hedge"", ""term"": ""around""}, {""start"": 96, ""end"": 99, ""kind"": ""qty"", ""term"": ""21%""}, {""start"": 114, ""end"": 118, ""kind"": ""baseline"", ""term"": ""2022""}, {""start"": 161, ""end"": 167, ""kind"": ""hedge"", ""term"": ""around""}]"
Our recycling and recovery ratea was 51%.,52,Circularity in action at Fowler Ridge,other,,51%,,,,0.5,data/raw/bp/2023_sustainability_report.pdf,False,False,bp,2023,False,6,0.0,0.0,0.0,True,False,False,False,False,0.0,0.2,31.5,False,False,False,0,"[{""start"": 37, ""end"": 40, ""kind"": ""qty"", ""term"": ""51%""}]"
"The position comprises two parts: our objectives across decarbonization, social sustainability and environmental sustainability – aligning with our net zero, people and planet aims; and our core principles for achieving our objectives, including prioritization, collaboration, industry action, and capability building.",53,Sustainable purchasing > Sustainable purchasing position,attribute,hedged,,,,,0.0,data/raw/bp/2023_sustainability_report.pdf,False,False,bp,2023,False,39,0.0,0.0,0.0513,False,False,False,False,False,0.0,0.0,-41.0,False,False,False,0,[]
"For example, our procurement activities support the delivery of aim 19 – unlock circularity and aim 1 – net zero operations, because we source goods and services that support efforts towards our operational decarbonization.",53,Sustainable purchasing > Supporting our sustainability aims,attribute,hedged,19,,,,0.5,data/raw/bp/2023_sustainability_report.pdf,False,False,bp,2023,False,30,0.0,0.0,0.0667,True,False,False,False,False,0.0,0.2,-6.9,False,False,False,0,"[{""start"": 68, ""end"": 70, ""kind"": ""qty"", ""term"": ""19""}]"
Decarbonizing the future of aviation: Our senior asset director from Air bp discusses the potential to scale up sustainable aviation fuel during a keynote panel event at Dubai Airshow.,54,Sustainable purchasing > Supporting our sustainability aims,attribute,,,,,,0.0,data/raw/bp/2023_sustainability_report.pdf,False,False,bp,2023,False,29,0.0,0.0,0.0345,False,False,False,False,False,0.0,0.0,19.9,False,False,False,0,[]
"Environmental Defense Fund (EDF) – Through our memorandum of understanding with EDF, which runs until 2025, we are working together to drive the reduction of global methane emissions across the oil and gas value chain.",56,Local communities $117m,target,,"2025,",,2025,value chain,0.75,data/raw/bp/2023_sustainability_report.pdf,False,False,bp,2023,False,33,0.0,0.0,0.0,True,False,True,True,False,0.0,0.6,29.8,False,False,False,0,"[{""start"": 102, ""end"": 107, ""kind"": ""qty"", ""term"": ""2025,""}]"
"Breakout sessions provided an update to investors on safety and delivery against our net zero aims, in particular aim 1– net zero operations and aim 4 – reducing methane.",56,Investors and shareholders $4.8bn,attribute,hedged,1,,,,0.5,data/raw/bp/2023_sustainability_report.pdf,False,False,bp,2023,False,26,0.0,0.0,0.1154,True,False,False,False,False,0.0,0.2,17.8,False,False,False,0,"[{""start"": 118, ""end"": 119, ""kind"": ""qty"", ""term"": ""1""}]"
Climate Action 100+ (CA100+) – Our score improved in the CA100+ Net Zero Company Benchmark in 2023.,56,Investors and shareholders $4.8bn,attribute,,100,,,,0.5,data/raw/bp/2023_sustainability_report.pdf,False,False,bp,2023,False,14,0.0714,0.0,0.0,True,False,False,False,False,0.0,0.0,59.7,False,False,False,0,"[{""start"": 15, ""end"": 18, ""kind"": ""qty"", ""term"": ""100""}, {""start"": 41, ""end"": 49, ""kind"": ""vague"", ""term"": ""improved""}]"
Academic partnerships in China – In 2023 we celebrated the 20th anniversaries of two major partnerships in China: the Tsinghua-bp Clean Energy Research and Education Center (CEC) and the bp-DICP Energy Innovation Laboratory (EIL).,57,Partners and suppliers $151.7bn,attribute,,,,,,0.0,data/raw/bp/2023_sustainability_report.pdf,False,False,bp,2023,False,32,0.0,0.0,0.0,False,False,False,False,False,0.0,0.0,-0.1,False,False,False,0,[]
"The EIL, located at the Dalian Institute of Chemical Physics, has successfully completed more than 50 projects and made several technological breakthroughs in low carbon energy research.",57,Partners and suppliers $151.7bn,achievement,achievement,50,,,,0.33,data/raw/bp/2023_sustainability_report.pdf,False,False,bp,2023,False,26,0.0385,0.0,0.0,True,False,False,False,False,0.0769,0.046,14.5,False,False,False,2,"[{""start"": 99, ""end"": 101, ""kind"": ""qty"", ""term"": ""50""}, {""start"": 120, ""end"": 127, ""kind"": ""vague"", ""term"": ""several""}]"
"We are now concentrating them on the five areas we believe are most relevant to the long-term success of our businesses: net zero operations, net zero sales, people, biodiversity and water.",3,Simplifying and focusing,attribute,,,,,,0.0,data/raw/bp/2024_sustainability_report.pdf,False,False,bp,2024,True,31,0.0323,0.0323,0.0,False,False,False,False,False,0.0323,0.0,28.0,False,False,False,1,"[{""start"": 51, ""end"": 58, ""kind"": ""hedge"", ""term"": ""believe""}, {""start"": 68, ""end"": 76, ""kind"": ""vague"", ""term"": ""relevant""}, {""start"": 94, ""end"": 101, ""kind"": ""positive"", ""term"": ""success""}]"
"In 2024 our operational Scope 1 and 2 emissions were 38% lower compared with 2019 levels, including reductions from divestments and emissions reduction activities.",3,Introduction from our chief executive officer > Sustainability in 2024,other,,38%,2019,,Scope 1,1.0,data/raw/bp/2024_sustainability_report.pdf,False,False,bp,2024,True,19,0.0,0.0,0.0,True,True,False,True,False,0.0,0.6,0.5,False,False,False,0,"[{""start"": 53, ""end"": 56, ""kind"": ""qty"", ""term"": ""38%""}, {""start"": 77, ""end"": 81, ""kind"": ""baseline"", ""term"": ""2019""}]"
"We continued to optimize our portfolio, giving the go-ahead to two green hydrogen projects linked to our refineries.",3,Introduction from our chief executive officer > Sustainability in 2024,attribute,,,,,,0.0,data/raw/bp/2024_sustainability_report.pdf,False,False,bp,2024,True,18,0.0556,0.0,0.0,False,False,False,False,False,0.0,0.0,28.8,False,False,False,0,"[{""start"": 3, ""end"": 12, ""kind"": ""vague"", ""term"": ""continued""}]"
"And with our partners, we reached financial close on two major projects in Teesside, UK: the Northern Endurance Partnership carbon capture and storage cluster, and the Net Zero Teesside Power project.",3,Introduction from our chief executive officer > Sustainability in 2024,attribute,achievement,,,,,0.0,data/raw/bp/2024_sustainability_report.pdf,False,False,bp,2024,True,31,0.0,0.0,0.0,False,False,False,False,False,0.0,0.0,36.2,False,False,False,0,[]
"Our net zero, people and planet aims stretched an organization already in action and helped to change how we operate.",4,"Introduction from our EVP strategy, sustainability & ventures > Progress in 2024",attribute,hedged,,,,,0.0,data/raw/bp/2024_sustainability_report.pdf,False,False,bp,2024,True,20,0.0,0.0,0.1,False,False,False,False,False,0.0,0.0,46.9,False,False,False,0,[]
"Our aim is to reduce to net zero the average lifecycle carbon intensity of the energy products we sell by 2050 or sooner, enabled by supportive government policies and the decarbonization of energy demand.",4,"Introduction from our EVP strategy, sustainability & ventures > Net zero sales",target,hedged,,,2050,,0.25,data/raw/bp/2024_sustainability_report.pdf,False,False,bp,2024,True,33,0.0,0.0,0.0806,False,False,True,False,False,0.0,0.2,11.8,False,False,False,0,"[{""start"": 107, ""end"": 111, ""kind"": ""deadline"", ""term"": ""2050""}]"
"Our aim is to reach net zero by 2050 or sooner for Scope 1 and 2 emissions within bp’s operational controla including by maintaining ‘near-zero’ methane intensity across our operated producing assets, enabled by supportive government policies.",4,"Introduction from our EVP strategy, sustainability & ventures > Net zero operations",target,hedged,,,2050,Scope 1,0.5,data/raw/bp/2024_sustainability_report.pdf,False,False,bp,2024,True,35,0.0,0.0,0.0771,False,False,True,True,False,0.0,0.4,-0.3,False,False,False,0,"[{""start"": 32, ""end"": 36, ""kind"": ""deadline"", ""term"": ""2050""}]"
"It is more apparent now than ever before that our progress towards our net zero ambition depends on how fast and how far society moves on policy, demand and lower carbon investment – and our updated net zero aims reflect this.",4,"Introduction from our EVP strategy, sustainability & ventures > Looking ahead – Focused aims",target,hedged,,,,,0.0,data/raw/bp/2024_sustainability_report.pdf,False,False,bp,2024,True,40,0.0,0.0,0.05,False,False,False,False,False,0.025,0.0,30.9,False,False,False,1,"[{""start"": 50, ""end"": 58, ""kind"": ""positive"", ""term"": ""progress""}]"
"At Redcar & Cleveland College, 41 students have now enrolled in the bp-supported Clean Energy Technician Scholarship programme.",6,Getting to net zero Improving people's lives Caring for our planet > Just transition,attribute,,41,,,,0.5,data/raw/bp/2024_sustainability_report.pdf,False,False,bp,2024,True,16,0.0,0.0,0.0,True,False,False,False,False,0.0,0.2,21.4,False,False,False,0,"[{""start"": 31, ""end"": 33, ""kind"": ""qty"", ""term"": ""41""}]"
We are trying to preserve and enhance this native biodiversity by creating more than 470 acres of new wetland just outside the refinery perimeter.,6,Getting to net zero Improving people's lives Caring for our planet > Enhancing biodiversity at Cherry Point refinery,other,,470 acres,,,,0.5,data/raw/bp/2024_sustainability_report.pdf,False,False,bp,2024,True,23,0.0,0.0,0.0,True,False,False,False,False,0.0,0.2,36.4,False,False,False,0,"[{""start"": 85, ""end"": 94, ""kind"": ""qty"", ""term"": ""470 acres""}]"
"Our approach to sustainability is built on strong foundations, which guide the way we work and support our sustainability frame and net zero, people and planet aims.",7,Our approach,attribute,hedged,,,,,0.0,data/raw/bp/2024_sustainability_report.pdf,False,False,bp,2024,True,27,0.037,0.0,0.0741,False,False,False,False,False,0.0,0.0,44.7,False,False,False,0,"[{""start"": 43, ""end"": 49, ""kind"": ""vague"", ""term"": ""strong""}]"
The use of this technology helped bpx energy reduce driver distraction events by 89% and tailgating events by 75% between December 2023 and December 2024.,9,Advancing safety through AI,other,,89%,,,,0.5,data/raw/bp/2024_sustainability_report.pdf,False,False,bp,2024,True,21,0.0,0.0,0.0,True,False,False,False,False,0.0,0.2,24.4,False,False,False,0,"[{""start"": 81, ""end"": 84, ""kind"": ""qty"", ""term"": ""89%""}]"
"For example, in the UK the energy profits levy means that we pay 75% tax (78% from 1 November 2024) on our North Sea profits.",11,Our approach > Taxes paid to governmentsb,other,,75%,2024,,,0.5,data/raw/bp/2024_sustainability_report.pdf,False,False,bp,2024,True,21,0.0,0.0,0.0,True,True,False,False,False,0.0,0.4,68.7,False,False,False,0,"[{""start"": 65, ""end"": 68, ""kind"": ""qty"", ""term"": ""75%""}, {""start"": 94, ""end"": 98, ""kind"": ""baseline"", ""term"": ""2024""}]"
This measure covers the same Scope 1 and 2 emissions reported as part of our net zero operations aim.,12,Our approach > Linking remuneration to sustainabilitya,attribute,hedged,,,,Scope 1,0.5,data/raw/bp/2024_sustainability_report.pdf,False,False,bp,2024,True,17,0.0,0.0,0.0588,False,False,False,True,False,0.0,0.2,55.2,False,False,False,0,[]
"As with the bonus scorecard, for 2025-27 we are using an absolute percentage reduction in operational emissions against our 2019 baseline as the basis for measuring progress against our net zero operations aim in our long-term scorecard.",13,Our approach > Linking remuneration to sustainabilitya,attribute,hedged,27,2019,,,0.5,data/raw/bp/2024_sustainability_report.pdf,False,False,bp,2024,True,35,0.0,0.0,0.0286,True,True,False,False,False,0.0286,0.4,11.8,False,False,False,1,"[{""start"": 38, ""end"": 40, ""kind"": ""qty"", ""term"": ""27""}, {""start"": 124, ""end"": 128, ""kind"": ""baseline"", ""term"": ""2019""}, {""start"": 165, ""end"": 173, ""kind"": ""positive"", ""term"": ""progress""}]"
"We disposed of around 280kt of hazardous and non-hazardous waste from our operated businesses in 2024, a 17% increase from 2023 (2023 240kt) and we recycled or recovered around 250kt of waste, a 15% increase from 2023.",15,Our approach > Establishing community engagement around the Australian Renewable Energy Hub,attribute,,17%,2023,,,0.5,data/raw/bp/2024_sustainability_report.pdf,False,False,bp,2024,True,31,0.0,0.0645,0.0,True,True,False,False,False,0.0,0.142,30.7,False,False,False,0,"[{""start"": 15, ""end"": 21, ""kind"": ""hedge"", ""term"": ""around""}, {""start"": 105, ""end"": 108, ""kind"": ""qty"", ""term"": ""17%""}, {""start"": 123, ""end"": 127, ""kind"": ""baseline"", ""term"": ""2023""}, {""start"": 170, ""end"": 176, ""kind"": ""hedge"", ""term"": ""around""}]"
Our recycling and recovery rateb was 47%.,15,Our approach > Establishing community engagement around the Australian Renewable Energy Hub,other,,47%,,,,0.5,data/raw/bp/2024_sustainability_report.pdf,False,False,bp,2024,True,6,0.0,0.0,0.0,True,False,False,False,False,0.0,0.2,31.5,False,False,False,0,"[{""start"": 37, ""end"": 40, ""kind"": ""qty"", ""term"": ""47%""}]"
In 2024 our total air emissions were 9% lower than in 2023.,16,Our approach > Find more environmental and social data: bp.com/ESGdata,other,,9%,,,,0.5,data/raw/bp/2024_sustainability_report.pdf,False,False,bp,2024,True,9,0.0,0.0,0.0,True,False,False,False,False,0.0,0.2,75.5,False,False,False,0,"[{""start"": 37, ""end"": 39, ""kind"": ""qty"", ""term"": ""9%""}]"
"Our 2024 engagement with selected NOJV partners included focus on net zero operations, biodiversity and water scarcity.",16,Our approach > Read more about operational emissions reductions on page 18,attribute,,,,,,0.0,data/raw/bp/2024_sustainability_report.pdf,False,False,bp,2024,True,16,0.0,0.0,0.0,False,False,False,False,False,0.0,0.0,0.2,False,False,False,0,[]
"For example, sustainability is one criterion in the balanced set of investment criteria against which all investment cases meeting our resource commitment meeting (RCM) threshold are tested; our net zero aims are included in group planning processes; and we have embedded sustainability considerations into our risk management process as a part of the ongoing group management of risk.",16,Sustainability in our processes,attribute,firm,,,,,0.0,data/raw/bp/2024_sustainability_report.pdf,False,False,bp,2024,True,58,0.0172,0.0,0.0517,False,False,False,False,False,-0.0345,0.0,-11.0,True,False,False,0,"[{""start"": 312, ""end"": 316, ""kind"": ""negative"", ""term"": ""risk""}, {""start"": 353, ""end"": 360, ""kind"": ""vague"", ""term"": ""ongoing""}, {""start"": 381, ""end"": 385, ""kind"": ""negative"", ""term"": ""risk""}]"
We continued to consider some of our net zero aims in certain key group planning processes.,17,Sustainability in our processes,attribute,hedged,,,,,0.0,data/raw/bp/2024_sustainability_report.pdf,False,False,bp,2024,True,16,0.0625,0.0,0.125,False,False,False,False,False,0.0,0.0,58.4,False,False,False,0,"[{""start"": 3, ""end"": 12, ""kind"": ""vague"", ""term"": ""continued""}]"
"Our ambition is to be a net zero company by 2050 or sooner, and to help the world get to net zero.",18,In this section,target,hedged,,,2050,,0.25,data/raw/bp/2024_sustainability_report.pdf,False,False,bp,2024,True,21,0.0,0.0,0.1152,False,False,True,False,False,0.0,0.2,72.7,False,False,False,0,"[{""start"": 44, ""end"": 48, ""kind"": ""deadline"", ""term"": ""2050""}]"
We have two net zero aims: for our operations and for the energy products we sell.,19,In this section,attribute,hedged,,,,own operations,0.5,data/raw/bp/2024_sustainability_report.pdf,False,False,bp,2024,True,16,0.0,0.0,0.0625,False,False,False,True,False,0.0,0.2,69.0,False,False,False,0,[]
As part of our strategy reset announced in February 2025 we have retired some of our previous aimsa and are focusing our net zero aims on the two areas that we believe are most relevant to our long-term success and to achieving our overall net zero ambition.,19,In this section,target,hedged,,,,,0.0,data/raw/bp/2024_sustainability_report.pdf,False,False,bp,2024,True,46,0.0217,0.0217,0.0652,False,False,False,False,False,0.0217,0.0,25.9,False,False,False,1,"[{""start"": 160, ""end"": 167, ""kind"": ""hedge"", ""term"": ""believe""}, {""start"": 177, ""end"": 185, ""kind"": ""vague"", ""term"": ""relevant""}, {""start"": 203, ""end"": 210, ""kind"": ""positive"", ""term"": ""success""}]"
These two areas are net zero operationsb and net zero sales.,19,In this section,attribute,,,,,,0.0,data/raw/bp/2024_sustainability_report.pdf,False,False,bp,2024,True,11,0.0,0.0,0.0,False,False,False,False,False,0.0,0.0,57.2,False,False,False,0,[]
Net zero operations This aim now combines our previous operational emissions reduction aim and our methane reduction aim.,19,In this section,attribute,hedged,,,,,0.0,data/raw/bp/2024_sustainability_report.pdf,False,False,bp,2024,True,18,0.0,0.0,0.1667,False,False,False,False,False,0.0,0.0,19.4,False,False,False,0,[]
"Our interim target is a 20% reduction in Scope 1 and 2 emissions by the end of 2025, against the 2019 baseline.",19,In this section,target,,20%,2019,2025,Scope 1,1.0,data/raw/bp/2024_sustainability_report.pdf,False,False,bp,2024,True,17,0.0,0.0,0.0588,True,True,True,True,False,0.0,0.8,55.2,False,False,False,0,"[{""start"": 24, ""end"": 27, ""kind"": ""qty"", ""term"": ""20%""}, {""start"": 79, ""end"": 83, ""kind"": ""deadline"", ""term"": ""2025""}, {""start"": 97, ""end"": 101, ""kind"": ""baseline"", ""term"": ""2019""}]"
Our methane intensity target remains 0.20% by the end of 2025.,19,In this section,target,,0.20%,,2025,,0.5,data/raw/bp/2024_sustainability_report.pdf,False,False,bp,2024,True,9,0.0,0.0,0.1111,True,False,True,False,False,0.0,0.4,61.3,False,False,False,0,"[{""start"": 37, ""end"": 42, ""kind"": ""qty"", ""term"": ""0.20%""}, {""start"": 57, ""end"": 61, ""kind"": ""deadline"", ""term"": ""2025""}]"
Net zero sales Our interim target is a 5% reduction by the end of 2025 for the average lifecycle carbon intensity of our sold energy products.,19,In this section,target,,5%,,2025,,0.5,data/raw/bp/2024_sustainability_report.pdf,False,False,bp,2024,True,24,0.0,0.0,0.0417,True,False,True,False,False,0.0,0.4,34.4,False,False,False,0,"[{""start"": 39, ""end"": 41, ""kind"": ""qty"", ""term"": ""5%""}, {""start"": 66, ""end"": 70, ""kind"": ""deadline"", ""term"": ""2025""}]"
We have retired our previous aims on net zero production and on investment into transition.,19,In this section,attribute,hedged,,,,,0.0,data/raw/bp/2024_sustainability_report.pdf,False,False,bp,2024,True,15,0.0,0.0,0.0667,False,False,False,False,False,0.0,0.0,45.0,False,False,False,0,[]
"Consistency of our net zero ambition and aims with the Paris goals We believe our net zero ambition and aims, taken together, are consistent with the goals of the Paris Agreement.",19,In this section,target,hedged,,,,,0.0,data/raw/bp/2024_sustainability_report.pdf,False,False,bp,2024,True,31,0.0,0.0323,0.1935,False,False,False,False,False,0.0,0.0,38.9,False,False,False,0,"[{""start"": 70, ""end"": 77, ""kind"": ""hedge"", ""term"": ""believe""}]"
"Our aim is to reach net zero by 2050 or sooner for Scope 1 and 2 emissions within bp’s operational control (on a CO2e basis), including by maintaining ‘near-zero’ methane intensity across our operated producing assets, enabled by supportive government policies.",19,Net zero operations,target,hedged,,,2050,Scope 1,0.5,data/raw/bp/2024_sustainability_report.pdf,False,False,bp,2024,True,40,0.0,0.0,0.07,False,False,True,True,False,0.0,0.4,5.5,False,False,False,0,"[{""start"": 33, ""end"": 37, ""kind"": ""deadline"", ""term"": ""2050""}]"
"Our aim is to reduce to net zero the average lifecycle carbon intensity of the energy products we sell by 2050 or sooner, enabled by supportive government policies and the decarbonization of energy demand.",19,Net zero sales,target,hedged,,,2050,,0.25,data/raw/bp/2024_sustainability_report.pdf,False,False,bp,2024,True,33,0.0,0.0,0.0806,False,False,True,False,False,0.0,0.2,11.8,False,False,False,0,"[{""start"": 107, ""end"": 111, ""kind"": ""deadline"", ""term"": ""2050""}]"
These emissions were 54.5MtCO2e in 2019c.,20,Our aim for net zero operations > Progress and targets/aims,other,,54.5MtCO2e,,,,0.5,data/raw/bp/2024_sustainability_report.pdf,False,False,bp,2024,True,7,0.0,0.0,0.0,True,False,False,False,False,0.0,0.2,94.5,False,False,False,0,"[{""start"": 21, ""end"": 31, ""kind"": ""qty"", ""term"": ""54.5MtCO2e""}]"
We are targeting a 20% reduction in our operational emissions by the end of 2025 and aiming for a 45-50% reduction by the end of 2030 against our 2019 baseline.,20,Our aim for net zero operations > Progress and targets/aims,target,hedged,20%,2019,2025,,0.75,data/raw/bp/2024_sustainability_report.pdf,False,False,bp,2024,True,25,0.0,0.0,0.08,True,True,True,False,False,0.0,0.6,42.7,False,False,False,0,"[{""start"": 19, ""end"": 22, ""kind"": ""qty"", ""term"": ""20%""}, {""start"": 76, ""end"": 80, ""kind"": ""deadline"", ""term"": ""2025""}, {""start"": 146, ""end"": 150, ""kind"": ""baseline"", ""term"": ""2019""}]"
Our net zero operations aim combines our previous Scope 1 and 2 aim and methane aim.,20,Our aim for net zero operations > Progress and targets/aims,attribute,hedged,,,,Scope 1,0.5,data/raw/bp/2024_sustainability_report.pdf,False,False,bp,2024,True,14,0.0,0.0,0.2143,False,False,False,True,False,0.0,0.2,59.7,False,False,False,0,[]
"Our Scope 1 and Scope 2 emissions have already reduced by 38% in 2024 – more than our 2025 target of a 20% reduction, against our 2019 baseline.",20,Our aim for net zero operations > Progress and targets/aims,achievement,achievement,38%,2019,,Scope 1; Scope 2,1.0,data/raw/bp/2024_sustainability_report.pdf,False,False,bp,2024,True,20,0.0,0.0,0.05,True,True,False,True,False,0.0,0.6,51.2,False,False,False,0,"[{""start"": 58, ""end"": 61, ""kind"": ""qty"", ""term"": ""38%""}, {""start"": 130, ""end"": 134, ""kind"": ""baseline"", ""term"": ""2019""}]"
"Our methane intensity for 2024b was 0.07%, compared with 0.05% in 2023.",20,Our aim for net zero operations > Progress and targets/aims,other,,0.07%,,,,0.5,data/raw/bp/2024_sustainability_report.pdf,False,False,bp,2024,True,9,0.0,0.0,0.0,True,False,False,False,False,0.0,0.2,62.8,False,False,False,0,"[{""start"": 36, ""end"": 41, ""kind"": ""qty"", ""term"": ""0.07%""}]"
"Our combined Scope 1 and 2 emissions, covered by this aim were 33.6MtCO2e – a decrease of 38% from our 2019 baseline.",20,Our progress and actions on Scope 1 and 2 emissions in 2024,other,hedged,33.6MtCO2e,2019,,Scope 1,1.0,data/raw/bp/2024_sustainability_report.pdf,False,False,bp,2024,True,18,0.0,0.0,0.0556,True,True,False,True,False,0.0,0.6,70.8,False,False,False,0,"[{""start"": 63, ""end"": 73, ""kind"": ""qty"", ""term"": ""33.6MtCO2e""}, {""start"": 103, ""end"": 107, ""kind"": ""baseline"", ""term"": ""2019""}]"
The total reduction includes 18MtCO2e attributable to divestments and 5.4MtCO2e in emissions reduction activities.,20,Our progress and actions on Scope 1 and 2 emissions in 2024,other,,18MtCO2e,,,,0.5,data/raw/bp/2024_sustainability_report.pdf,False,False,bp,2024,True,16,0.0,0.0,0.0,True,False,False,False,False,0.0,0.2,24.2,False,False,False,0,"[{""start"": 29, ""end"": 37, ""kind"": ""qty"", ""term"": ""18MtCO2e""}]"
"Compared with 2023 (32.1MtCO2e), Scope 1 and 2 emissions increased in 2024 due to growth in our portfolio, project start ups and operational issues at Tangguh, Indonesia.",20,Our progress and actions on Scope 1 and 2 emissions in 2024,other,,32.1MtCO2e,2023,,Scope 1,1.0,data/raw/bp/2024_sustainability_report.pdf,False,False,bp,2024,True,24,0.0,0.0,0.0,True,True,False,True,False,0.0,0.6,46.6,False,False,False,0,"[{""start"": 14, ""end"": 18, ""kind"": ""baseline"", ""term"": ""2023""}, {""start"": 20, ""end"": 30, ""kind"": ""qty"", ""term"": ""32.1MtCO2e""}]"
In 2024 our Scope 1 (direct) emissions were 32.8MtCO2e – an overall increase from 31.1MtCO2e in 2023.,20,Our progress and actions on Scope 1 and 2 emissions in 2024,other,,32.8MtCO2e,,,Scope 1,1.0,data/raw/bp/2024_sustainability_report.pdf,False,False,bp,2024,True,15,0.0,0.0,0.0,True,False,False,True,False,0.0,0.4,83.3,False,False,False,0,"[{""start"": 44, ""end"": 54, ""kind"": ""qty"", ""term"": ""32.8MtCO2e""}]"
"Of these Scope 1 emissions, 31.4MtCO2e were carbon dioxide and 1.5MtCO2e were from methaned.",20,Our progress and actions on Scope 1 and 2 emissions in 2024,other,,31.4MtCO2e,,,Scope 1,1.0,data/raw/bp/2024_sustainability_report.pdf,False,False,bp,2024,True,15,0.0,0.0,0.0,True,False,False,True,False,0.0,0.4,83.3,False,False,False,0,"[{""start"": 28, ""end"": 38, ""kind"": ""qty"", ""term"": ""31.4MtCO2e""}]"
Any opportunities identified are screened through existing business processes and plans that support our net zero ambition.,21,"Our progress and actions on Scope 1 and 2 emissions in 2024 > Scope 1 (direct) and Scope 2 (indirect) GHG emissions (operational control boundary)c,d,e",target,hedged,,,,,0.0,data/raw/bp/2024_sustainability_report.pdf,False,False,bp,2024,True,17,0.0,0.0,0.1176,False,False,False,False,False,0.0,0.0,10.4,True,False,False,0,[]
"The carbon capture component of the project aims to sequester up to 15 million tonnes of CO2 in its initial phase and potentially more in future, given the large CO2 storage capacity of the area.",21,"Our progress and actions on Scope 1 and 2 emissions in 2024 > Emission reduction projects implemented by our businesses in 2024 totalled 0.42MtCO2e, including:",other,hedged,15 million,,,,0.5,data/raw/bp/2024_sustainability_report.pdf,False,False,bp,2024,True,34,0.0,0.0588,0.0588,True,False,False,False,False,0.0,0.0,35.5,False,False,False,0,"[{""start"": 62, ""end"": 67, ""kind"": ""hedge"", ""term"": ""up to""}, {""start"": 68, ""end"": 78, ""kind"": ""qty"", ""term"": ""15 million""}, {""start"": 118, ""end"": 129, ""kind"": ""hedge"", ""term"": ""potentially""}]"
Our aggregate bp equity share Scope 1 and 2 emissions increased by 0.1MtCO2e in 2024.,21,"Our progress and actions on Scope 1 and 2 emissions in 2024 > Emission reduction projects implemented by our businesses in 2024 totalled 0.42MtCO2e, including:",other,,0.1MtCO2e,,,Scope 1,1.0,data/raw/bp/2024_sustainability_report.pdf,False,False,bp,2024,True,13,0.0,0.0,0.0,True,False,False,True,False,0.0,0.4,63.6,False,False,False,0,"[{""start"": 67, ""end"": 76, ""kind"": ""qty"", ""term"": ""0.1MtCO2e""}]"
"We remain on track to reach zero routine flaring by 2030 in line with our aim under the World Bank’s Zero Routine Flaring Initiative. bpx energy has achieved zero routine flaring, ahead of its 2025 goal.",21,Our progress and actions on methane emissions,target,hedged,,,2030,,0.25,data/raw/bp/2024_sustainability_report.pdf,False,False,bp,2024,True,35,0.0,0.0,0.1057,False,False,True,False,False,0.0,0.2,58.5,False,False,False,0,"[{""start"": 52, ""end"": 56, ""kind"": ""deadline"", ""term"": ""2030""}]"
We are targeting a reduction in intensity of 5% by the end of 2025 and aiming for an 8-10% reduction by the end of 2030 compared to our 2019 baseline.,23,Our aim for net zero sales,target,hedged,5%,2019,2025,,0.75,data/raw/bp/2024_sustainability_report.pdf,False,False,bp,2024,True,25,0.0,0.0,0.08,True,True,True,False,False,0.0,0.6,49.5,False,False,False,0,"[{""start"": 45, ""end"": 47, ""kind"": ""qty"", ""term"": ""5%""}, {""start"": 62, ""end"": 66, ""kind"": ""deadline"", ""term"": ""2025""}, {""start"": 136, ""end"": 140, ""kind"": ""baseline"", ""term"": ""2019""}]"
Further details of our net zero sales methodology are described in the bp Basis of Reporting 2024.,23,Our aim for net zero sales > Methodology update,attribute,,,,,,0.0,data/raw/bp/2024_sustainability_report.pdf,False,False,bp,2024,True,16,0.0,0.0,0.0,False,False,False,False,False,0.0,0.0,37.3,True,False,False,0,[]
"This represents a 6%d reduction from our 2019 baseline, driven by improvements in the well-to-tank emissions of sold products and changes in the sold product mix, which have included strategic investment activities such as the addition of significant retail power volumes as a result of the EDF Energy Services acquisition in 2022 in the US.",23,Our aim for net zero sales > Our progress and actions on our net zero sales aim in 2024,other,,6%,2019,,,0.5,data/raw/bp/2024_sustainability_report.pdf,False,False,bp,2024,True,53,0.0189,0.0,0.0,True,True,False,False,False,0.0,0.324,-0.2,False,False,False,0,"[{""start"": 18, ""end"": 20, ""kind"": ""qty"", ""term"": ""6%""}, {""start"": 41, ""end"": 45, ""kind"": ""baseline"", ""term"": ""2019""}, {""start"": 239, ""end"": 250, ""kind"": ""vague"", ""term"": ""significant""}]"
Energy included under net zero sales for 2019 (our baseline year) has been restated to 7.9EJ and the associated lifecycle emissions to 671MtCO2e.,23,Our aim for net zero sales > Our progress and actions on our net zero sales aim in 2024,attribute,,671MtCO2e,,,,0.5,data/raw/bp/2024_sustainability_report.pdf,False,False,bp,2024,True,23,0.0,0.0,0.0,True,False,False,False,False,0.0,0.2,44.4,True,False,False,0,"[{""start"": 135, ""end"": 144, ""kind"": ""qty"", ""term"": ""671MtCO2e""}]"
"Examples of actions supporting delivery of our net zero sales aim Given that specific lower carbon activities drive a reduction in carbon intensity of sold energy products, the chart below shows an outlook of potential relative scale of contribution of several specific low carbon activities towards the 2030 aim compared to each other.",24,"Our aim for net zero sales > Average carbon intensity of sold energy productsa,c",attribute,hedged,,,,,0.0,data/raw/bp/2024_sustainability_report.pdf,False,False,bp,2024,True,52,0.0192,0.0,0.0385,False,False,False,False,False,0.0,0.0,-8.6,False,False,False,0,"[{""start"": 253, ""end"": 260, ""kind"": ""vague"", ""term"": ""several""}]"
It is not intended to indicate actual impacts or contributions to delivery of the net zero sales aim.,24,"Our aim for net zero sales > Average carbon intensity of sold energy productsa,c",attribute,hedged,,,,,0.0,data/raw/bp/2024_sustainability_report.pdf,True,False,bp,2024,True,18,0.0,0.0556,0.1111,False,False,False,False,False,0.0,0.0,38.2,False,False,False,0,[]
Full value chain emissions for energy products Net zero sales is estimated on a lifecycle basis covering the full value chain of well-to-wheel or well-to-wire emissions associated with the energy products we sell.,24,"Our aim for net zero sales > Average carbon intensity of sold energy productsa,c",attribute,,,,,value chain,0.5,data/raw/bp/2024_sustainability_report.pdf,False,False,bp,2024,True,33,0.0,0.0606,0.0,False,False,False,True,False,0.0,0.0,14.4,True,False,False,0,"[{""start"": 65, ""end"": 74, ""kind"": ""hedge"", ""term"": ""estimated""}]"
Strategic progress Our net zero sales progress and reductions in the average carbon intensity of sold energy products are directly linked to the implementation of our strategy.,24,"Product lifecycle > Average carbon intensity of sold energy productsa,c",attribute,,,,,,0.0,data/raw/bp/2024_sustainability_report.pdf,False,False,bp,2024,True,27,0.0,0.0,0.0,False,False,False,False,False,0.0741,0.0,13.4,True,False,False,2,"[{""start"": 10, ""end"": 18, ""kind"": ""positive"", ""term"": ""progress""}, {""start"": 38, ""end"": 46, ""kind"": ""positive"", ""term"": ""progress""}]"
In 2024 we were granted funding to help support the development of a green hydrogen project next to our Lingen refinery in Germany.,25,"Product lifecycle > Average carbon intensity of sold energy productsa,c",attribute,hedged,,,,,0.0,data/raw/bp/2024_sustainability_report.pdf,False,False,bp,2024,True,22,0.0,0.0,0.0,False,False,False,False,False,0.0,0.0,42.2,True,False,False,0,[]
The project is expected to install a 100MW electrolyser capacity capable of producing an average of 10-11kt of green hydrogen per year from 2027.,25,"Product lifecycle > Average carbon intensity of sold energy productsa,c",attribute,,10,2027,,,0.5,data/raw/bp/2024_sustainability_report.pdf,False,False,bp,2024,True,23,0.0,0.087,0.0,True,True,False,False,False,0.0,0.1,32.7,True,False,False,0,"[{""start"": 15, ""end"": 23, ""kind"": ""hedge"", ""term"": ""expected""}, {""start"": 37, ""end"": 39, ""kind"": ""qty"", ""term"": ""10""}, {""start"": 140, ""end"": 144, ""kind"": ""baseline"", ""term"": ""2027""}]"
"In working towards our net zero sales aim, we recognize that benefits arise over the longer term – for example, as offshore wind projects that we have invested in through this decade come into operation after 2030; or as utilization rates for EV charge points increase in future as EV uptake grows.",25,"Product lifecycle > Average carbon intensity of sold energy productsa,c",attribute,hedged,,2030,,,0.0,data/raw/bp/2024_sustainability_report.pdf,False,False,bp,2024,True,50,0.0,0.0,0.04,False,True,False,False,False,0.0,0.2,20.7,False,False,False,0,"[{""start"": 209, ""end"": 213, ""kind"": ""baseline"", ""term"": ""2030""}]"
"Our biogas operation, Archaea Energy, continued its growth throughout 2024.",25,Product lifecycle > Examples of our investment:,target,,,,2024,,0.25,data/raw/bp/2024_sustainability_report.pdf,False,False,bp,2024,True,9,0.1111,0.0,0.0,False,False,True,False,False,0.0,0.0,19.1,False,False,False,0,"[{""start"": 38, ""end"": 47, ""kind"": ""vague"", ""term"": ""continued""}, {""start"": 70, ""end"": 74, ""kind"": ""deadline"", ""term"": ""2024""}]"
"We reached the milestone of one terawatt-hour (TWh) of energy sold and we increased EV charge points to around 39,100 globally – an increase of 35% compared to 2023.",25,Product lifecycle > Examples of our investment:,achievement,achievement,35%,2023,,global,1.0,data/raw/bp/2024_sustainability_report.pdf,False,False,bp,2024,True,25,0.0,0.04,0.0,True,True,False,True,False,0.04,0.44,42.7,False,False,False,1,"[{""start"": 15, ""end"": 24, ""kind"": ""positive"", ""term"": ""milestone""}, {""start"": 105, ""end"": 111, ""kind"": ""hedge"", ""term"": ""around""}, {""start"": 145, ""end"": 148, ""kind"": ""qty"", ""term"": ""35%""}, {""start"": 161, ""end"": 165, ""kind"": ""baseline"", ""term"": ""2023""}]"
"In September 2024 with our 50:50 joint venture partner Iberdrola, we took the final investment decision to develop a 25MW green hydrogen project that aims to support emissions reductions in our refinery operations in Castellón, Spain.",25,Product lifecycle > Examples of our investment:,attribute,hedged,50,,,,0.5,data/raw/bp/2024_sustainability_report.pdf,False,False,bp,2024,True,35,0.0,0.0,0.0286,True,False,False,False,False,0.0,0.2,16.6,False,False,False,0,"[{""start"": 27, ""end"": 29, ""kind"": ""qty"", ""term"": ""50""}]"
The estimated Scope 3 emissions from the carbon in our upstream oil and gas production were 322MtCO2 in 2024 – an 11% reduction relative to our 2019 baseline and a slight increase from 315MtCO2 in 2023.,26,Product lifecycle > Carbon in our upstream oil and gas production,other,,11%,2019,,Scope 3; upstream,1.0,data/raw/bp/2024_sustainability_report.pdf,False,False,bp,2024,True,30,0.0,0.0667,0.0,True,True,False,True,False,0.0,0.333,46.7,False,False,False,0,"[{""start"": 4, ""end"": 13, ""kind"": ""hedge"", ""term"": ""estimated""}, {""start"": 114, ""end"": 117, ""kind"": ""qty"", ""term"": ""11%""}, {""start"": 144, ""end"": 148, ""kind"": ""baseline"", ""term"": ""2019""}]"
"Low carbon activity capital expenditure In 2024 low carbon activity investment, a subset of our total transition growth investment, accounted for 80% of our total investment.",26,Product lifecycle > Read more on page 23,other,,80%,,,,0.5,data/raw/bp/2024_sustainability_report.pdf,False,False,bp,2024,True,24,0.0,0.0,0.0,True,False,False,False,False,0.0,0.2,6.2,False,False,False,0,"[{""start"": 147, ""end"": 150, ""kind"": ""qty"", ""term"": ""80%""}]"
"It increased from $2.5bn (67%) in 2023 to $3.0bn, reflecting higher investment in bioenergy, EV charging and wind businesses.",26,Product lifecycle > Read more on page 23,other,,67%,,,,0.5,data/raw/bp/2024_sustainability_report.pdf,False,False,bp,2024,True,17,0.0,0.0,0.0,True,False,False,False,False,0.0,0.2,51.8,False,False,False,0,"[{""start"": 26, ""end"": 29, ""kind"": ""qty"", ""term"": ""67%""}]"
We have retained our net zero ambition and long term GHG reduction aims – to achieve net zero across our operations and sales by 2050 or sooner – which means we intend to phase out expenditure in unabated carbon intensive assetsc and products by 2050 or sooner.,26,Product lifecycle > Read more on page 23,target,hedged,,,2050,own operations,0.5,data/raw/bp/2024_sustainability_report.pdf,False,False,bp,2024,True,43,0.0,0.0233,0.1363,False,False,True,True,False,0.0,0.307,23.5,False,False,False,0,"[{""start"": 129, ""end"": 133, ""kind"": ""deadline"", ""term"": ""2050""}, {""start"": 161, ""end"": 167, ""kind"": ""hedge"", ""term"": ""intend""}]"
"The retirement of our aim 11, ‘more clean energy’, is in line with our strategy reset in February 2025.",29,In this section > Inclusive culture,attribute,hedged,"11,",,,,0.5,data/raw/bp/2024_sustainability_report.pdf,False,False,bp,2024,True,17,0.0,0.0,0.0588,True,False,False,False,False,0.0,0.2,55.2,False,False,False,0,"[{""start"": 26, ""end"": 29, ""kind"": ""qty"", ""term"": ""11,""}]"
"This is a joint venture with Aberdeen City Council to develop a green hydrogen production and distribution facility in the city, which will help stimulate skills development and new supply chains in the region.",29,In this section > Just transition,attribute,firm,,,,supply chain,0.5,data/raw/bp/2024_sustainability_report.pdf,False,False,bp,2024,True,34,0.0,0.0,0.0294,False,False,False,True,False,0.0,0.2,25.5,False,True,False,0,[]
"For example, we are supporting Redcar & Cleveland College’s Clean Energy Technician scholarship programme – a bespoke two-year engineering course designed to give participants the skills needed for a career in low carbon energy, including those required to access apprenticeship opportunities.",30,In this section > Just transition,attribute,,,,,,0.0,data/raw/bp/2024_sustainability_report.pdf,False,False,bp,2024,True,40,0.0,0.0,0.0,False,False,False,False,False,0.0,0.0,-7.2,False,False,False,0,[]
"These are focused on a range of activities, including measures to use water more sustainably, provide access to clean water, restore biodiversity by working with local partners, and support decarbonization and access to clean energy.",33,Social investment in local communities > Supporting refugee employability,attribute,hedged,,,,,0.0,data/raw/bp/2024_sustainability_report.pdf,False,False,bp,2024,True,35,0.0,0.0,0.0,False,False,False,False,False,0.0,0.0,6.9,True,False,False,0,[]
"Our 20-year collaboration has successfully added more than 5,000 hectares of new or restored native woodland, enriching Scotland’s biodiversity.",33,Social investment in local communities > Supporting refugee employability,other,,"5,000 hectares",,,,0.5,data/raw/bp/2024_sustainability_report.pdf,False,False,bp,2024,True,19,0.0,0.0,0.0,True,False,False,False,False,0.1053,0.2,9.4,False,False,False,2,"[{""start"": 59, ""end"": 73, ""kind"": ""qty"", ""term"": ""5,000 hectares""}]"
"Together with Equinor, Shell and TotalEnergies, in November 2024 we announced a commitment to jointly invest $500 million, aiming to help millions of people in under-served communities, in sub-Saharan Africa, South Asia and Southeast Asia, access electricity and improved cooking facilities.",33,Social investment in local communities > Improving access to clean energy,other,firm,500 million,,,,0.5,data/raw/bp/2024_sustainability_report.pdf,False,False,bp,2024,True,39,0.0256,0.0,0.0513,True,False,False,False,False,0.0,0.098,-12.8,False,False,False,0,"[{""start"": 110, ""end"": 121, ""kind"": ""qty"", ""term"": ""500 million""}, {""start"": 263, ""end"": 271, ""kind"": ""vague"", ""term"": ""improved""}]"
"They will support a range of renewable and clean energy solutions, including solar home systems, mini and metro electricity grids, clean cooking solutions and enabling technologies such as e-mobility, energy storage and management solutions.",33,Social investment in local communities > Improving access to clean energy,attribute,firm,,,,,0.0,data/raw/bp/2024_sustainability_report.pdf,False,False,bp,2024,True,34,0.0,0.0,0.0294,False,False,False,False,True,0.0,0.2,-4.3,False,True,False,0,[]
"We are actively monitoring the development of metrics, including the work of the Nature Positive Initiative, and will continue to review our approach to biodiversity metrics in the context of this and other initiatives and disclosure requirements.",36,In this section > Monitoring biodiversity and setting a baseline to measure progress,attribute,firm,,,,,0.0,data/raw/bp/2024_sustainability_report.pdf,False,False,bp,2024,True,37,0.0,0.0,0.027,False,False,False,False,False,0.027,0.0,-2.2,False,True,False,1,"[{""start"": 88, ""end"": 96, ""kind"": ""positive"", ""term"": ""Positive""}]"
Progress towards water positive Our target is to be 20% towards water positive by the end of 2025.,37,In this section > Monitoring biodiversity and setting a baseline to measure progress,target,,20%,,2025,,0.5,data/raw/bp/2024_sustainability_report.pdf,False,False,bp,2024,True,16,0.0,0.0,0.0625,True,False,True,False,False,0.1875,0.4,53.1,False,False,False,3,"[{""start"": 0, ""end"": 8, ""kind"": ""positive"", ""term"": ""Progress""}, {""start"": 23, ""end"": 31, ""kind"": ""positive"", ""term"": ""positive""}, {""start"": 52, ""end"": 55, ""kind"": ""qty"", ""term"": ""20%""}, {""start"": 70, ""end"": 78, ""kind"": ""positive"", ""term"": ""positive""}, {""start"": 93, ""end"": 97, ""kind"": ""deadline"", ""term"": ""2025""}]"
In 2024 we worked on the implementation of water stewardship initiatives that will help contribute to this target.,37,In this section > Monitoring biodiversity and setting a baseline to measure progress,target,firm,,,,,0.0,data/raw/bp/2024_sustainability_report.pdf,False,False,bp,2024,True,17,0.0,0.0,0.1176,False,False,False,False,False,0.0,0.0,30.3,False,True,False,0,[]
"Our water consumption in 2024 We saw a 15% fall in freshwater withdrawals (excluding once through cooling water) and a 17% fall in freshwater consumption, compared with our 2020 baselineb.",37,In this section > Monitoring biodiversity and setting a baseline to measure progress,other,,15%,2020,,,0.5,data/raw/bp/2024_sustainability_report.pdf,False,False,bp,2024,True,26,0.0,0.0,0.0,True,True,False,False,False,0.0,0.4,30.8,False,False,False,0,"[{""start"": 39, ""end"": 42, ""kind"": ""qty"", ""term"": ""15%""}, {""start"": 173, ""end"": 177, ""kind"": ""baseline"", ""term"": ""2020""}]"
"At our major operating sites, 11% (2023 73%) of our total freshwater withdrawals and 20% (2023 36%) of freshwater consumption, were from regions with high or extremely high water stress in 2024.",37,In this section > Monitoring biodiversity and setting a baseline to measure progress,other,,11%,,,,0.5,data/raw/bp/2024_sustainability_report.pdf,False,False,bp,2024,True,25,0.0,0.0,0.0,True,False,False,False,False,0.0,0.2,32.6,False,False,False,0,"[{""start"": 30, ""end"": 33, ""kind"": ""qty"", ""term"": ""11%""}]"
"The project has also reduced water costs to the community by 80%, helping to alleviate residents’ financial burdens and enhance their economic stability.",38,In this section > Improving access to clean water in Azerbaijan,achievement,achievement,80%,,,,0.33,data/raw/bp/2024_sustainability_report.pdf,False,False,bp,2024,True,22,0.0,0.0,0.0,True,False,False,False,False,0.0,0.2,11.5,False,False,False,0,"[{""start"": 61, ""end"": 64, ""kind"": ""qty"", ""term"": ""80%""}]"
"By the end of 2024 across Continental Europe, we offered recyclable coffee cups with less than 5% polyethylene content with plans to introduce further recyclable packaging, such as moulded fibre lids, in 2025. y Continued to reduce food waste through a partnership with Too Good To Go in Europe, with more than one million Too Good To Go magic bags sold across our retail network.",39,In this section > Embedding circularity across bp,target,,5%,,2024,,0.5,data/raw/bp/2024_sustainability_report.pdf,False,False,bp,2024,True,62,0.0161,0.0,0.0161,True,False,True,False,False,0.0,0.336,47.1,False,False,False,0,"[{""start"": 14, ""end"": 18, ""kind"": ""deadline"", ""term"": ""2024""}, {""start"": 95, ""end"": 97, ""kind"": ""qty"", ""term"": ""5%""}, {""start"": 212, ""end"": 221, ""kind"": ""vague"", ""term"": ""Continued""}]"
"This increase resulted from three main factors: the continuing growth of Archaea Energy, our renewable natural gas company in the US; our full ownership of bp bioenergy, which produces sugar and ethanol from sugar cane; and an increase in the amount of waste we convert to sustainable aviation fuel and hydrotreated vegetable oil.",39,In this section > Embedding circularity across bp,attribute,,,,,,0.0,data/raw/bp/2024_sustainability_report.pdf,False,False,bp,2024,True,53,0.0,0.0,0.0,False,False,False,False,False,0.0,0.0,9.4,False,False,False,0,[]
"In Spain we signed a 10-year agreement with MIGASA for the supply of 40,000 tonnes annually of non-food industrial waste from vegetable oil, which can support production of bio-based fuels at our Castellón Refinery.",39,In this section > Embedding circularity across bp,other,hedged,"40,000 tonnes",,,,0.5,data/raw/bp/2024_sustainability_report.pdf,False,False,bp,2024,True,34,0.0,0.0,0.0,True,False,False,False,False,0.0,0.2,30.5,False,False,False,0,"[{""start"": 69, ""end"": 82, ""kind"": ""qty"", ""term"": ""40,000 tonnes""}]"
Climate Action 100+ (CA100+) – We maintained our score in the 2024 CA100+ Net Zero Company Benchmark.,41,Investors $5bn total dividends distributed to bp shareholders,attribute,,100,,,,0.5,data/raw/bp/2024_sustainability_report.pdf,False,False,bp,2024,True,14,0.0,0.0,0.0,True,False,False,False,False,0.0,0.2,59.7,False,False,False,0,"[{""start"": 15, ""end"": 18, ""kind"": ""qty"", ""term"": ""100""}]"
"We were assessed as ‘fully aligned’ against five metrics (net zero ambition by 2050, long-term emissions targets, capital allocation, climate governance and TCFD alignment) and ‘partially aligned’ on all other metrics.",41,Investors $5bn total dividends distributed to bp shareholders,target,hedged,"2050,",2050,2050,,0.75,data/raw/bp/2024_sustainability_report.pdf,False,False,bp,2024,True,30,0.0,0.0,0.12,True,True,True,False,False,0.0,0.6,7.2,True,False,False,0,"[{""start"": 79, ""end"": 84, ""kind"": ""qty"", ""term"": ""2050,""}]"
"While we have retired our previous advocacy aima, our work in 2024 focused on several themes in support of our net zero ambition, including carbon pricing, and on policy frameworks that support growth in hydrogen, carbon capture and storage (CCS), renewables, decarbonizing transport (including EV charging) and bioenergy.",42,Government and regulators $10.6bn > Our advocacy work related to net zero in 2024,target,hedged,,,,,0.0,data/raw/bp/2024_sustainability_report.pdf,False,False,bp,2024,True,47,0.0213,0.0,0.0426,False,False,False,False,False,0.0,0.0,-2.9,False,False,False,0,"[{""start"": 78, ""end"": 85, ""kind"": ""vague"", ""term"": ""several""}]"
"Environmental Defense Fund (EDF) – Under our memorandum of understanding with EDF, which runs until the end of 2025, we plan to work together to help drive the reduction of global methane emissions across the oil and gas value chain.",42,Government and regulators $10.6bn > Our advocacy work related to net zero in 2024,target,hedged,"2025,",,2025,value chain,0.75,data/raw/bp/2024_sustainability_report.pdf,False,False,bp,2024,True,38,0.0,0.0,0.0263,True,False,True,True,False,0.0,0.6,32.5,False,False,False,0,"[{""start"": 111, ""end"": 116, ""kind"": ""qty"", ""term"": ""2025,""}]"
"The OGDC aims for net zero operations by 2050, zero routine flaring and near-zero methane emissions by 2030.",43,Government and regulators $10.6bn > Oil and Gas Decarbonization Charter (OGDC),target,hedged,"2050,",,2050,,0.5,data/raw/bp/2024_sustainability_report.pdf,False,False,bp,2024,True,16,0.0,0.0,0.2075,True,False,True,False,False,0.0,0.4,42.5,False,False,False,0,"[{""start"": 42, ""end"": 47, ""kind"": ""qty"", ""term"": ""2050,""}]"
"We also supported Newcastle University in its successful application for a grant from the Engineering and Physical Sciences Research Council, to investigate the efficacy of electromagnetic field technology as a potential non-invasive and environmentally friendly alternative to biocides for microbial control.",44,Partners and suppliers $146.6bn in payments to suppliers for goods and services > Read more about supplier diversity on page 29,attribute,,,,,,0.0,data/raw/bp/2024_sustainability_report.pdf,False,False,bp,2024,True,41,0.0,0.0,0.0,False,False,False,False,False,0.0488,0.0,-30.8,False,False,False,2,"[{""start"": 46, ""end"": 56, ""kind"": ""positive"", ""term"": ""successful""}]"
"Climate-related benchmarks CA100+ In the latest Climate Action 100+ net zero company benchmarkc, published October 2024, our score was unchanged compared with 2023.",47,About our reporting > Transparency in our reportinga,attribute,,100,2023,,,0.5,data/raw/bp/2024_sustainability_report.pdf,False,False,bp,2024,True,20,0.0,0.0,0.0,True,True,False,False,False,0.0,0.4,13.1,True,False,False,0,"[{""start"": 29, ""end"": 32, ""kind"": ""qty"", ""term"": ""100""}, {""start"": 159, ""end"": 163, ""kind"": ""baseline"", ""term"": ""2023""}]"
Energy products For the purposes of our 2024 disclosures relating to net zero sales we consider an energy product to be one that is emissive or provides energy in its end use case.,48,About our reporting > Our reporting centre,attribute,hedged,,,,,0.0,data/raw/bp/2024_sustainability_report.pdf,False,False,bp,2024,True,32,0.0,0.0,0.0,False,False,False,False,False,0.0,0.0,28.9,False,False,False,0,[]
For further information on products included in bp’s 2024 net zero sales aim reporting see the Basis of Reporting.,48,About our reporting > Our reporting centre,attribute,hedged,,,,,0.0,data/raw/bp/2024_sustainability_report.pdf,False,False,bp,2024,True,19,0.0,0.0,0.0526,False,False,False,False,False,0.0,0.0,40.6,False,False,False,0,[]
Green hydrogen Hydrogen produced by electrolysis of water using renewable power.,48,About our reporting > Our reporting centre,attribute,,,,,,0.0,data/raw/bp/2024_sustainability_report.pdf,False,False,bp,2024,True,11,0.0,0.0,0.0,False,False,False,False,False,0.0,0.0,-4.3,False,False,False,0,[]
"Low carbon activity For the purposes of FY24 and FY23 reporting an activity relating to low carbon including: renewable electricity; bioenergy; electric vehicles and other future mobility solutions; trading and marketing low carbon products; blue or green hydrogen and carbon capture, use and storage (CCUS).",48,About our reporting > Our reporting centre,attribute,,,,,,0.0,data/raw/bp/2024_sustainability_report.pdf,False,False,bp,2024,True,45,0.0,0.0,0.0222,False,False,False,False,False,0.0,0.0,-8.0,False,False,False,0,[]
"Net zero References to global net zero in the phrase, ‘to help the world get to net zero’, means achieving ‘...a balance between anthropogenic emissions by sources and removals by sinks of greenhouse gases...on the basis of equity, and in the context of sustainable development and efforts to eradicate poverty’, as set out in Article 4(1) of the Paris Agreement.",49,About our reporting > Our reporting centre,attribute,,4,,,,0.5,data/raw/bp/2024_sustainability_report.pdf,False,False,bp,2024,True,60,0.0,0.0,0.0,True,False,False,False,False,0.0,0.2,55.7,False,False,False,0,"[{""start"": 335, ""end"": 336, ""kind"": ""qty"", ""term"": ""4""}]"
References to net zero for bp in the context of our ambition and net zero operations and net zero sales aims mean achieving a balance between (a) the relevant Scope 1 and 2 emissions (for net zero operations) and product lifecycle emissions (for net zero sales) and (b) the aggregate of applicable deductions from qualifying activities such as sinks under our methodology at the applicable time.,49,About our reporting > Our reporting centre,target,hedged,,,,Scope 1,0.25,data/raw/bp/2024_sustainability_report.pdf,False,False,bp,2024,True,64,0.0156,0.0,0.0312,False,False,False,True,False,0.0,0.138,-8.8,False,False,False,0,"[{""start"": 150, ""end"": 158, ""kind"": ""vague"", ""term"": ""relevant""}]"
"Net zero operations bp’s aim to reach net zero operational greenhouse gas (CO2 and methane) emissions by 2050 or sooner, on a gross operational control basis, in accordance with bp’s net zero operations aim, which relates to our reported Scope 1 and 2 emissions.",49,About our reporting > Our reporting centre,target,hedged,,,2050,Scope 1,0.5,data/raw/bp/2024_sustainability_report.pdf,False,False,bp,2024,True,43,0.0,0.0,0.0898,False,False,True,True,False,0.0,0.4,15.6,False,False,False,0,"[{""start"": 105, ""end"": 109, ""kind"": ""deadline"", ""term"": ""2050""}]"
Any interim target or aim in respect of bp’s net zero operations aim is defined in terms of absolute reductions relative to the baseline year of 2019.,49,About our reporting > Our reporting centre,target,hedged,,,,,0.0,data/raw/bp/2024_sustainability_report.pdf,False,False,bp,2024,True,27,0.0,0.0,0.1111,False,False,False,False,False,0.0,0.0,35.3,True,False,False,0,[]
Net zero sales bp’s aim to reach net zero for the carbon intensity of sold energy products.,49,About our reporting > Our reporting centre,attribute,hedged,,,,,0.0,data/raw/bp/2024_sustainability_report.pdf,False,False,bp,2024,True,18,0.0,0.0,0.0556,False,False,False,False,False,0.0,0.0,57.0,False,False,False,0,[]
Any interim target or aim in respect of bp’s net zero sales aim is defined in terms of reductions in the carbon intensity of the energy products we sell (in grams CO2e/MJ) relative to the baseline year of 2019.,49,About our reporting > Our reporting centre,target,hedged,,,,,0.0,data/raw/bp/2024_sustainability_report.pdf,False,False,bp,2024,True,41,0.0,0.0,0.0732,False,False,False,False,False,0.0,0.0,35.2,True,False,False,0,[]
"Sold energy products For the purposes of bp’s net zero sales aim, sold energy products represent sales by a bp group subsidiary, joint operation or bp equity accounted entity (EAE).",49,About our reporting > Our reporting centre,attribute,hedged,,,,,0.0,data/raw/bp/2024_sustainability_report.pdf,False,False,bp,2024,True,31,0.0,0.0,0.0323,False,False,False,False,False,0.0,0.0,22.5,False,False,False,0,[]
"Net zero operations« – By the end of 2025, we reduced operational emissions by 37% against the 2019 baseline.",3,Caring for our planet > Performance in 2025,target,achievement,37%,2019,2025,,0.75,data/raw/bp/2025_sustainability_report.pdf,False,False,bp,2025,True,15,0.0,0.0,0.0,True,True,True,False,False,0.0,0.6,22.4,False,False,False,0,"[{""start"": 37, ""end"": 41, ""kind"": ""deadline"", ""term"": ""2025""}, {""start"": 79, ""end"": 82, ""kind"": ""qty"", ""term"": ""37%""}, {""start"": 95, ""end"": 99, ""kind"": ""baseline"", ""term"": ""2019""}]"
"This is well in excess of our target of 20%, even though in 2025 absolute emissions increased, largely due to bp’s overall increase in production and changes to our portfolio.",3,Caring for our planet > Performance in 2025,other,,20%,,,,0.5,data/raw/bp/2025_sustainability_report.pdf,False,False,bp,2025,True,29,0.0345,0.0,0.0345,True,False,False,False,False,0.0,0.062,37.4,False,False,False,0,"[{""start"": 40, ""end"": 43, ""kind"": ""qty"", ""term"": ""20%""}, {""start"": 95, ""end"": 102, ""kind"": ""vague"", ""term"": ""largely""}]"
"Net zero sales« – In 2025 the average carbon intensity of the energy products« sold was 79gCO2e/MJ, meaning we achieved our target to reduce the average lifecycle intensity by 5% by the end of 2025 (against the 2019 baseline).",3,Caring for our planet > Performance in 2025,target,achievement,5%,2019,2025,,0.75,data/raw/bp/2025_sustainability_report.pdf,False,False,bp,2025,True,36,0.0,0.0,0.0278,True,True,True,False,False,0.0,0.6,24.6,False,False,False,0,"[{""start"": 21, ""end"": 25, ""kind"": ""deadline"", ""term"": ""2025""}, {""start"": 176, ""end"": 178, ""kind"": ""qty"", ""term"": ""5%""}, {""start"": 211, ""end"": 215, ""kind"": ""baseline"", ""term"": ""2019""}]"
"Outside of our net zero aims, we continue to invest with discipline in the energy transition, in ways that are capital-light for bp, and which can leverage bp’s core capabilities for competitive returns and growth.",3,Caring for our planet > Performance in 2025,attribute,hedged,,,,,0.0,data/raw/bp/2025_sustainability_report.pdf,False,False,bp,2025,True,36,0.0,0.0,0.0278,False,False,False,False,False,0.0,0.0,29.3,False,False,False,0,[]
"Biodiversity – We achieved all three targets for 2025, with all new in-scope projects implementing net positive impact plans; biodiversity enhancement plans in place at 100% of our major operating sites in sensitive areas; and funding provided for eight restoration projects in the UK, Trinidad and Tobago, Brazil, Azerbaijan, Georgia, Türkiye and the US.",3,Caring for our planet > Performance in 2025,achievement,achievement,100%,,,,0.33,data/raw/bp/2025_sustainability_report.pdf,False,False,bp,2025,True,52,0.0,0.0,0.0577,True,False,False,False,False,0.0192,0.2,-5.4,False,False,False,1,"[{""start"": 103, ""end"": 111, ""kind"": ""positive"", ""term"": ""positive""}, {""start"": 169, ""end"": 173, ""kind"": ""qty"", ""term"": ""100%""}]"
"They guide the way we work, underpin our focus on safety and support our sustainability frame and net zero«, people and planet aims.",5,Our approach,attribute,hedged,,,,,0.0,data/raw/bp/2025_sustainability_report.pdf,False,False,bp,2025,True,23,0.0,0.0,0.087,False,False,False,False,False,0.0,0.0,51.1,False,False,False,0,[]
"Our 2025 engagement with selected NOJV partners focused on the topics of net zero operations«, biodiversity and human rights.",11,Sustainability in our processes > Influencing non-operated joint ventures,attribute,,,,,,0.0,data/raw/bp/2025_sustainability_report.pdf,False,False,bp,2025,True,18,0.0,0.0,0.0,False,False,False,False,False,0.0,0.0,19.4,False,False,False,0,[]
"Our ambition is to be a net zero« company by 2050 or sooner, and to help the world get to net zero.",12,Getting to net zero,target,hedged,,,2050,,0.25,data/raw/bp/2025_sustainability_report.pdf,False,False,bp,2025,True,21,0.0,0.0,0.1152,False,False,True,False,False,0.0,0.2,72.7,False,False,False,0,"[{""start"": 45, ""end"": 49, ""kind"": ""deadline"", ""term"": ""2050""}]"
We have two net zero aims: for our operations and the energy products« we sell.,13,Our net zero aims,attribute,hedged,,,,own operations,0.5,data/raw/bp/2025_sustainability_report.pdf,False,False,bp,2025,True,15,0.0,0.0,0.0667,False,False,False,True,False,0.0,0.2,67.5,False,False,False,0,[]
"Our aim is to reach net zero« by 2050 or sooner for Scope 1 and 2 emissions within bp’s operational control (on a CO2e basis), including by maintaining ‘near-zero’ methane intensity« across our operated producing assets, enabled by supportive government policies.",13,Our net zero aims > Net zero operations,target,hedged,,,2050,Scope 1,0.5,data/raw/bp/2025_sustainability_report.pdf,False,False,bp,2025,True,40,0.0,0.0,0.07,False,False,True,True,False,0.0,0.4,5.5,False,False,False,0,"[{""start"": 33, ""end"": 37, ""kind"": ""deadline"", ""term"": ""2050""}]"
"Our aim is to reduce to net zero the average lifecycle carbon intensity« of the energy products we sell by 2050 or sooner, enabled by supportive government policies and the decarbonization of energy demand.",13,Our net zero aims > Net zero sales,target,hedged,,,2050,,0.25,data/raw/bp/2025_sustainability_report.pdf,False,False,bp,2025,True,33,0.0,0.0,0.0806,False,False,True,False,False,0.0,0.2,11.8,False,False,False,0,"[{""start"": 107, ""end"": 111, ""kind"": ""deadline"", ""term"": ""2050""}]"
Both of our net zero aims make explicit what is needed to enable their delivery – and delivery of the associated interim targets and aims.,13,Our net zero aims > Net zero sales,attribute,hedged,,,,,0.0,data/raw/bp/2025_sustainability_report.pdf,False,False,bp,2025,True,24,0.0,0.0,0.125,False,False,False,False,False,0.0,0.0,38.0,True,False,False,0,[]
"We believe our net zero ambition and aims, taken together, are consistent with the goals of the Paris Agreement.",13,Our net zero aims > Consistency of our net zero ambition and aims with the Paris goals,target,hedged,,,,,0.0,data/raw/bp/2025_sustainability_report.pdf,False,False,bp,2025,True,19,0.0,0.0526,0.1579,False,False,False,False,False,0.0,0.0,49.5,False,False,False,0,"[{""start"": 3, ""end"": 10, ""kind"": ""hedge"", ""term"": ""believe""}]"
This change has a less than 1% impact on reported operational emissions.,13,Our net zero aims > Investment into transition businesses«,other,,1%,,,,0.5,data/raw/bp/2025_sustainability_report.pdf,False,False,bp,2025,True,11,0.0,0.0,0.0,True,False,False,False,False,0.0,0.2,41.9,False,False,False,0,"[{""start"": 28, ""end"": 30, ""kind"": ""qty"", ""term"": ""1%""}]"
"The percentage change is calculated from the source data instead of the rounded carbon intensity number. e We see abatement as including netting by means of offsets as necessary, in order to achieve net zero for the value chains in which we participate, in line with our ambition and aims.",13,Our net zero aims > Investment into transition businesses«,target,hedged,,,,value chain,0.25,data/raw/bp/2025_sustainability_report.pdf,False,False,bp,2025,True,50,0.0,0.0,0.04,False,False,False,True,False,0.0,0.2,42.7,True,False,False,0,[]
"33.2 30.4 31.1 32.8 33.7 Our aim is to reach net zero« by 2050 or sooner for Scope 1 and 2 emissions within bp’s operational control (on a CO2e basis), including by maintaining ‘near-zero’a methane intensity« across our operated producing assets, enabled by supportive government policies.",14,Our net zero aims > Investment into transition businesses«,target,hedged,33.2,,2050,Scope 1,0.75,data/raw/bp/2025_sustainability_report.pdf,False,False,bp,2025,True,41,0.0,0.0,0.0688,True,False,True,True,False,0.0,0.6,41.0,False,False,False,0,"[{""start"": 0, ""end"": 4, ""kind"": ""qty"", ""term"": ""33.2""}, {""start"": 58, ""end"": 62, ""kind"": ""deadline"", ""term"": ""2050""}]"
"These emissions were 54.5MtCO2e in 2019c, our baseline year.",14,Our net zero aims > Progress and targets/aims,other,,54.5MtCO2e,,,,0.5,data/raw/bp/2025_sustainability_report.pdf,False,False,bp,2025,True,10,0.0,0.0,0.0,True,False,False,False,False,0.0,0.2,83.3,False,False,False,0,"[{""start"": 21, ""end"": 31, ""kind"": ""qty"", ""term"": ""54.5MtCO2e""}]"
"We achieved a reduction of 37%c against a targeted 20% reduction in our operational emissions by the end of 2025 and we are aiming for a 45-50% reduction by the end of 2030, both against our 2019 baseline.",14,Our net zero aims > Performance and actions in 2025,target,hedged,37%,2019,2025,,0.75,data/raw/bp/2025_sustainability_report.pdf,False,False,bp,2025,True,33,0.0,0.0,0.0606,True,True,True,False,False,0.0,0.6,34.9,False,False,False,0,"[{""start"": 27, ""end"": 30, ""kind"": ""qty"", ""term"": ""37%""}, {""start"": 108, ""end"": 112, ""kind"": ""deadline"", ""term"": ""2025""}, {""start"": 191, ""end"": 195, ""kind"": ""baseline"", ""term"": ""2019""}]"
We also achieved our 2025 target for methane intensity of 0.20%.,14,Our net zero aims > Performance and actions in 2025,achievement,achievement,0.20%,,,,0.33,data/raw/bp/2025_sustainability_report.pdf,False,False,bp,2025,True,9,0.0,0.0,0.1111,True,False,False,False,False,0.0,0.2,42.5,False,False,False,0,"[{""start"": 58, ""end"": 63, ""kind"": ""qty"", ""term"": ""0.20%""}]"
"Our methane intensity for 2025 was 0.04%, compared with 0.07% in 2024.",14,Our net zero aims > Performance and actions in 2025,other,,0.04%,,,,0.5,data/raw/bp/2025_sustainability_report.pdf,False,False,bp,2025,True,8,0.0,0.0,0.0,True,False,False,False,False,0.0,0.2,56.1,False,False,False,0,"[{""start"": 35, ""end"": 40, ""kind"": ""qty"", ""term"": ""0.04%""}]"
"Our combined Scope 1 and 2 emissions covered by this aim were 34.3MtCO2ec,d – a decrease of 37% from our 2019 baseline.",14,Our net zero aims > Performance and actions in 2025,other,hedged,34.3MtCO2e,2019,,Scope 1,1.0,data/raw/bp/2025_sustainability_report.pdf,False,False,bp,2025,True,19,0.0,0.0,0.0526,True,True,False,True,False,0.0,0.6,72.5,False,False,False,0,"[{""start"": 62, ""end"": 72, ""kind"": ""qty"", ""term"": ""34.3MtCO2e""}, {""start"": 105, ""end"": 109, ""kind"": ""baseline"", ""term"": ""2019""}]"
The total to 2025 includes 18MtCO2e attributable to divestments and 5.7MtCO2e in emissions reduction activities.,14,Our net zero aims > Performance and actions in 2025,other,,18MtCO2e,,,,0.5,data/raw/bp/2025_sustainability_report.pdf,False,False,bp,2025,True,16,0.0,0.0,0.0,True,False,False,False,False,0.0,0.2,34.8,False,False,False,0,"[{""start"": 27, ""end"": 35, ""kind"": ""qty"", ""term"": ""18MtCO2e""}]"
"Compared with 2024 (33.6MtCO2e), Scope 1 and 2 emissions increased in 2025 due to growth in our portfolio and seven major project« start-ups.",14,Our net zero aims > Performance and actions in 2025,other,,33.6MtCO2e,2024,,Scope 1,1.0,data/raw/bp/2025_sustainability_report.pdf,False,False,bp,2025,True,20,0.0,0.0,0.0,True,True,False,True,False,0.0,0.6,61.3,False,False,False,0,"[{""start"": 14, ""end"": 18, ""kind"": ""baseline"", ""term"": ""2024""}, {""start"": 20, ""end"": 30, ""kind"": ""qty"", ""term"": ""33.6MtCO2e""}]"
In 2025 our Scope 1 (direct) emissions were 33.7MtCO2e – an overall increase from 32.8MtCO2e in 2024.,14,Our net zero aims > Performance and actions in 2025,other,,33.7MtCO2e,,,Scope 1,1.0,data/raw/bp/2025_sustainability_report.pdf,False,False,bp,2025,True,15,0.0,0.0,0.0,True,False,False,True,False,0.0,0.4,83.3,False,False,False,0,"[{""start"": 44, ""end"": 54, ""kind"": ""qty"", ""term"": ""33.7MtCO2e""}]"
"Of these Scope 1 emissions, 32.8MtCO2e were carbon dioxide and 0.9MtCO2e were from methane.",14,Our net zero aims > Performance and actions in 2025,other,,32.8MtCO2e,,,Scope 1,1.0,data/raw/bp/2025_sustainability_report.pdf,False,False,bp,2025,True,15,0.0,0.0,0.0,True,False,False,True,False,0.0,0.4,89.0,False,False,False,0,"[{""start"": 28, ""end"": 38, ""kind"": ""qty"", ""term"": ""32.8MtCO2e""}]"
Any opportunities identified are screened through existing business processes and plans that support our net zero ambition.,14,Our net zero aims > Operational efficiency in 2025,target,hedged,,,,,0.0,data/raw/bp/2025_sustainability_report.pdf,False,False,bp,2025,True,17,0.0,0.0,0.1176,False,False,False,False,False,0.0,0.0,10.4,True,False,False,0,[]
This change has a less than 1% impact on reported operational emissions.,14,Our net zero aims > Operational efficiency in 2025,other,,1%,,,,0.5,data/raw/bp/2025_sustainability_report.pdf,False,False,bp,2025,True,11,0.0,0.0,0.0,True,False,False,False,False,0.0,0.2,41.9,False,False,False,0,"[{""start"": 28, ""end"": 30, ""kind"": ""qty"", ""term"": ""1%""}]"
Emissions reduction projects and actions implemented by our businesses in 2025 totalled 0.27MtCO2e.,15,Our aim for net zero operations«,other,,0.27MtCO2e,,,,0.5,data/raw/bp/2025_sustainability_report.pdf,False,False,bp,2025,True,13,0.0,0.0,0.0,True,False,False,False,False,0.0,0.2,24.5,False,False,False,0,"[{""start"": 88, ""end"": 98, ""kind"": ""qty"", ""term"": ""0.27MtCO2e""}]"
"We report operational (Scope 1 and 2) GHG emissions in the bp ESG Datasheet 2025, with reference to two boundaries – operational controla and bp equity share. bp equity share covers 100% of emissions from subsidiaries« and the percentage of emissions equivalent to our share of joint arrangements and associatesb.",15,Our aim for net zero operations« > bp equity share emissions,other,,100%,,,Scope 1,1.0,data/raw/bp/2025_sustainability_report.pdf,False,False,bp,2025,True,45,0.0,0.0,0.0,True,False,False,True,False,0.0,0.4,20.4,False,False,False,0,"[{""start"": 182, ""end"": 186, ""kind"": ""qty"", ""term"": ""100%""}]"
Our investments and activities in CCS and hydrogen can be expected to contribute towards delivery of our net zero operations aim.,15,Our aim for net zero operations« > Carbon capture and storage (CCS) and hydrogen,attribute,hedged,,,,,0.0,data/raw/bp/2025_sustainability_report.pdf,False,False,bp,2025,True,21,0.0,0.0952,0.0476,False,False,False,False,False,0.0,0.0,24.4,True,False,False,0,"[{""start"": 58, ""end"": 66, ""kind"": ""hedge"", ""term"": ""expected""}]"
"This included the green hydrogen« project adjacent to our refinery in Lingen, Germany, which will help decarbonize our own operations.",15,Our aim for net zero operations« > Carbon capture and storage (CCS) and hydrogen,attribute,firm,,,,own operations,0.5,data/raw/bp/2025_sustainability_report.pdf,False,False,bp,2025,True,20,0.0,0.0,0.05,False,False,False,True,False,0.0,0.2,21.6,False,True,False,0,[]
"Examples of actions supporting delivery of our net zero operations aim As different activities drive a reduction in the absolute emissions from our operations, the chart below shows an outlook of the potential relative scale of contribution of several specific activities towards our 2030 aim, compared to each other.",15,Our aim for net zero operations« > Portfolio optimization,attribute,hedged,,,,own operations,0.5,data/raw/bp/2025_sustainability_report.pdf,False,False,bp,2025,True,48,0.0208,0.0,0.0417,False,False,False,True,False,0.0,0.117,-7.6,False,False,False,0,"[{""start"": 244, ""end"": 251, ""kind"": ""vague"", ""term"": ""several""}]"
"It is not intended to indicate actual impacts or contributions to delivery of our net zero operations aim, which is enabled by supportive government policies.",15,Our aim for net zero operations« > Portfolio optimization,attribute,hedged,,,,,0.0,data/raw/bp/2025_sustainability_report.pdf,True,False,bp,2025,True,25,0.0,0.04,0.08,False,False,False,False,False,0.0,0.0,15.6,True,False,False,0,[]
"Using this approach, methane intensity was 0.04% in 2025 (2024 0.07%a) and the methane emissions from our upstream operations used to calculate this intensity were 25kt (2024 46kt).",16,Our aim for net zero operations« > Our progress and actions on methane emissions,other,,0.04%,,,upstream,1.0,data/raw/bp/2025_sustainability_report.pdf,False,False,bp,2025,True,24,0.0,0.0,0.0,True,False,False,True,False,0.0,0.4,47.1,False,False,False,0,"[{""start"": 43, ""end"": 48, ""kind"": ""qty"", ""term"": ""0.04%""}]"
"Our aim is to reduce to net zero the average lifecycle carbon intensity« of the energy products we sella by 2050 or sooner, enabled by supportive government policies and the decarbonization of energy demand.",17,Our aim for net zero operations« > Collaborating with NOJVs,target,hedged,,,2050,,0.25,data/raw/bp/2025_sustainability_report.pdf,False,False,bp,2025,True,33,0.0,0.0,0.0806,False,False,True,False,False,0.0,0.2,9.3,False,False,False,0,"[{""start"": 108, ""end"": 112, ""kind"": ""deadline"", ""term"": ""2050""}]"
Our target for net zero sales was a reduction in intensity of 5% by the end of 2025.,17,Our aim for net zero operations« > Collaborating with NOJVs,target,,5%,,2025,,0.5,data/raw/bp/2025_sustainability_report.pdf,False,False,bp,2025,True,16,0.0,0.0,0.0625,True,False,True,False,False,0.0,0.4,63.7,False,False,False,0,"[{""start"": 62, ""end"": 64, ""kind"": ""qty"", ""term"": ""5%""}, {""start"": 79, ""end"": 83, ""kind"": ""deadline"", ""term"": ""2025""}]"
We have exceeded our 2025 target to reduce carbon intensity by 5%.,17,Our aim for net zero operations« > Our progress in 2025,achievement,achievement,5%,,,,0.33,data/raw/bp/2025_sustainability_report.pdf,False,False,bp,2025,True,10,0.0,0.0,0.1,True,False,False,False,False,0.0,0.2,44.4,False,False,False,0,"[{""start"": 63, ""end"": 65, ""kind"": ""qty"", ""term"": ""5%""}]"
Energy included under our net zero sales aim was 7.9EJ and the associated lifecycle emissions were 621MtCO2e.,17,Our aim for net zero operations« > Our progress in 2025,attribute,hedged,621MtCO2e,,,,0.5,data/raw/bp/2025_sustainability_report.pdf,False,False,bp,2025,True,18,0.0,0.0,0.0556,True,False,False,False,False,0.0,0.2,47.3,False,False,False,0,"[{""start"": 99, ""end"": 108, ""kind"": ""qty"", ""term"": ""621MtCO2e""}]"
Further details of our net zero sales methodology are described in the bp Basis of Reporting 2025.,17,Our aim for net zero operations« > Net volume accounting figures for 2025 reporting,attribute,,,,,,0.0,data/raw/bp/2025_sustainability_report.pdf,False,False,bp,2025,True,16,0.0,0.0,0.0,False,False,False,False,False,0.0,0.0,37.3,True,False,False,0,[]
"Consistent with net volume accounting principles, this volume has been included within the 2025 calculation of the lifecycle carbon intensity of our sold energy products. • Volumes in this table are collected for use solely for the purpose of the net zero sales metric and as such may not be directly reconcilable with disclosures of volumes made for different purposes.",17,Our aim for net zero operations« > Gas and NGL production 1.1mmboe/d,attribute,hedged,,,,,0.0,data/raw/bp/2025_sustainability_report.pdf,True,False,bp,2025,True,58,0.0,0.0172,0.0,False,False,False,False,False,0.0,0.0,24.2,True,False,True,0,"[{""start"": 281, ""end"": 284, ""kind"": ""hedge"", ""term"": ""may""}]"
"See the bp Basis of Reporting 2025 for further information. b At the point of net zero, our net zero carbon intensity aim also means we will be net zero on an absolute basis. c The percentage change is calculated from the source data instead of the rounded carbon intensity number. d Estimated based on available customer information.",17,Our aim for net zero operations« > Gas and NGL production 1.1mmboe/d,attribute,firm,,,,,0.0,data/raw/bp/2025_sustainability_report.pdf,False,False,bp,2025,True,57,0.0,0.0351,0.0351,False,False,False,False,False,0.0,0.0,45.4,True,True,False,0,"[{""start"": 284, ""end"": 293, ""kind"": ""hedge"", ""term"": ""Estimated""}]"
"Our net zero sales progress and reductions in the average carbon intensity of sold energy products are directly linked to the implementation of our strategy, including our efforts to decarbonize the products we currently sell and our investments in EV charging, bioenergy, renewables, power and hydrogen in line with the decarbonization of our activities and global demand over time.",18,Our aim for net zero sales« > Examples of actions supporting delivery of our net zero sales aim,attribute,,,,,,0.0,data/raw/bp/2025_sustainability_report.pdf,False,False,bp,2025,True,59,0.0,0.0,0.0,False,False,False,False,False,0.0169,0.0,-15.1,True,False,False,1,"[{""start"": 19, ""end"": 27, ""kind"": ""positive"", ""term"": ""progress""}]"
The chart is not intended to indicate actual impacts or contributions to delivery of our net zero sales aim.,18,Our aim for net zero sales« > Examples of actions supporting delivery of our net zero sales aim,attribute,hedged,,,,,0.0,data/raw/bp/2025_sustainability_report.pdf,True,False,bp,2025,True,19,0.0,0.0526,0.1053,False,False,False,False,False,0.0,0.0,40.6,False,False,False,0,[]
"In working towards our net zero sales aim, we recognize that benefits arise over the longer term – for example, as the bioenergy market develops or as utilization rates for EV charge points« increase in future as EV uptake grows.",19,Our aim for net zero sales« > Examples of actions supporting delivery of our net zero sales aim,attribute,hedged,,,,,0.0,data/raw/bp/2025_sustainability_report.pdf,False,False,bp,2025,True,39,0.0,0.0,0.0513,False,False,False,False,False,0.0,0.0,28.4,False,False,False,0,[]
"Our renewable natural gas (RNG)« business, Archaea Energy, continued its growth throughout 2025.",19,Our aim for net zero sales« > Examples of actions supporting delivery of our net zero sales aim,target,,,,2025,,0.25,data/raw/bp/2025_sustainability_report.pdf,False,False,bp,2025,True,12,0.0833,0.0,0.0,False,False,True,False,False,0.0,0.0,25.5,False,False,False,0,"[{""start"": 59, ""end"": 68, ""kind"": ""vague"", ""term"": ""continued""}, {""start"": 91, ""end"": 95, ""kind"": ""deadline"", ""term"": ""2025""}]"
We improved biogas supply volumes« by around 5% year on year reflecting the growth from Archaea Energy.,19,Our aim for net zero sales« > Examples of actions supporting delivery of our net zero sales aim,other,,5%,,,,0.5,data/raw/bp/2025_sustainability_report.pdf,False,False,bp,2025,True,16,0.0625,0.0625,0.0,True,False,False,False,False,0.0,0.0,42.5,False,False,False,0,"[{""start"": 3, ""end"": 11, ""kind"": ""vague"", ""term"": ""improved""}, {""start"": 38, ""end"": 44, ""kind"": ""hedge"", ""term"": ""around""}, {""start"": 45, ""end"": 47, ""kind"": ""qty"", ""term"": ""5%""}]"
We continue to increase the volumes of sustainable aviation fuel (SAF) we sell and have delivered SAF to over 60 locations across 22 countries in support of customer demand and our obligations to meet UK and EU SAF mandates.,19,Our aim for net zero sales« > Examples of actions supporting delivery of our net zero sales aim,attribute,hedged,60,,,,0.5,data/raw/bp/2025_sustainability_report.pdf,False,False,bp,2025,True,37,0.0,0.0,0.0,True,False,False,False,False,0.0,0.2,25.2,False,False,False,0,"[{""start"": 110, ""end"": 112, ""kind"": ""qty"", ""term"": ""60""}]"
"In January 2026 we launched Etlas, a 50:50 joint venture« (JV) with Corteva Inc, to develop crop-based feedstocks for biofuels such as sustainable aviation fuel and renewable diesel.",19,bp launches biofuels joint venture with Corteva,achievement,achievement,50,,,,0.33,data/raw/bp/2025_sustainability_report.pdf,False,False,bp,2025,True,26,0.0,0.0,0.0,True,False,False,False,False,0.0,0.2,30.8,False,False,False,0,"[{""start"": 37, ""end"": 39, ""kind"": ""qty"", ""term"": ""50""}]"
"In 2025 we focused on delivering two green hydrogen« projects sanctioned in 2024: our 50:50 JV with Iberdrola at our Castellón refinery in Spain, and next to our refinery in Lingen, Germany.",19,bp launches biofuels joint venture with Corteva,attribute,,50,,,,0.5,data/raw/bp/2025_sustainability_report.pdf,False,False,bp,2025,True,30,0.0,0.0,0.0,True,False,False,False,False,0.0,0.2,26.9,False,False,False,0,"[{""start"": 86, ""end"": 88, ""kind"": ""qty"", ""term"": ""50""}]"
"In Teesside, alongside our partners, we continued to work with government and regulators to progress two projects: the Northern Endurance Partnership, which will provide CO2 transport and storage, and Net Zero Teesside Power, which could become the world’s first gas-fired power station with carbon capture technology.",19,bp launches biofuels joint venture with Corteva,attribute,firm,,,,,0.0,data/raw/bp/2025_sustainability_report.pdf,False,False,bp,2025,True,47,0.0213,0.0213,0.0213,False,False,False,False,False,0.0213,0.0,13.3,False,True,True,1,"[{""start"": 40, ""end"": 49, ""kind"": ""vague"", ""term"": ""continued""}, {""start"": 92, ""end"": 100, ""kind"": ""positive"", ""term"": ""progress""}, {""start"": 232, ""end"": 237, ""kind"": ""hedge"", ""term"": ""could""}]"
"Sustainability training and development Our sustainability-related training supports our three focus areas – getting to net zero, improving people’s lives and caring for our planet.",23,Our people > Training and development,attribute,,,,,,0.0,data/raw/bp/2025_sustainability_report.pdf,False,False,bp,2025,True,25,0.0,0.0,0.04,False,False,False,False,False,0.0,0.0,2.1,False,False,False,0,[]
This measure covers Scope 1 and 2 emissions based on our net zero operations« aim.,23,Our people > Linking remuneration to sustainability,attribute,hedged,,,,Scope 1,0.5,data/raw/bp/2025_sustainability_report.pdf,False,False,bp,2025,True,13,0.0,0.0,0.0769,False,False,False,True,False,0.0,0.2,50.5,False,False,False,0,[]
Our 2023-25 long-term incentive plan scorecard was linked to emissions reductions against our 2019 baseline (15%).,23,Our people > Linking remuneration to sustainability,other,,15%,2019,,,0.5,data/raw/bp/2025_sustainability_report.pdf,False,False,bp,2025,True,13,0.0,0.0,0.0769,True,True,False,False,False,0.0,0.4,24.4,True,False,False,0,"[{""start"": 94, ""end"": 98, ""kind"": ""baseline"", ""term"": ""2019""}, {""start"": 109, ""end"": 112, ""kind"": ""qty"", ""term"": ""15%""}]"
For 2026 progress towards our aim to achieve net zero operations by 2050 or sooner will continue to be rewarded through our long-term performance share plans rather than the annual bonus.,23,Our people > Linking remuneration to sustainability,target,firm,,,2050,,0.25,data/raw/bp/2025_sustainability_report.pdf,False,False,bp,2025,True,29,0.0,0.0,0.1579,False,False,True,False,False,0.0345,0.2,40.3,True,True,False,1,"[{""start"": 9, ""end"": 17, ""kind"": ""positive"", ""term"": ""progress""}, {""start"": 68, ""end"": 72, ""kind"": ""deadline"", ""term"": ""2050""}]"
For 2026-28 the scorecard measure will focus on reducing Scope 1 and 2 operational emissions (20%).,23,Our people > Linking remuneration to sustainability,other,firm,20%,,,Scope 1,1.0,data/raw/bp/2025_sustainability_report.pdf,False,False,bp,2025,True,12,0.0,0.0,0.0833,True,False,False,True,False,0.0,0.4,25.5,False,True,False,0,"[{""start"": 94, ""end"": 97, ""kind"": ""qty"", ""term"": ""20%""}]"
"We also track the development of metrics and targets, including the work of the Nature Positive Initiative and the Science Based Targets Network for Nature.",31,A biodiversity enhancement plan in action > International policy and external engagement,attribute,,,,,,0.0,data/raw/bp/2025_sustainability_report.pdf,False,False,bp,2025,True,25,0.0,0.0,0.08,False,False,False,False,True,0.04,0.2,35.9,False,False,False,1,"[{""start"": 87, ""end"": 95, ""kind"": ""positive"", ""term"": ""Positive""}, {""start"": 115, ""end"": 136, ""kind"": ""verify"", ""term"": ""Science Based Targets""}]"
Target description • All new in-scope bp projects have NPI plans in place prior to final project approval. • 100% of major operating sites (MOS) in sensitive areas have developed or started to implement biodiversity enhancement plans. • Five biodiversity restoration projects supported to deliver measurable benefits for biodiversity and people.,31,A biodiversity enhancement plan in action > Our 2025 targets for biodiversity,other,,100%,,,,0.5,data/raw/bp/2025_sustainability_report.pdf,False,False,bp,2025,True,47,0.0,0.0,0.0638,True,False,False,False,False,0.0,0.2,16.3,False,False,False,0,"[{""start"": 109, ""end"": 113, ""kind"": ""qty"", ""term"": ""100%""}]"
Since 2020 we have reduced freshwater withdrawals (excluding once through cooling water) by 15% and freshwater consumption by 15% against the baselineb.,32,A biodiversity enhancement plan in action > Our water consumption in 2025,achievement,achievement,15%,,,,0.33,data/raw/bp/2025_sustainability_report.pdf,False,False,bp,2025,True,19,0.0,0.0,0.0,True,False,False,False,False,0.0,0.2,22.8,False,False,False,0,"[{""start"": 92, ""end"": 95, ""kind"": ""qty"", ""term"": ""15%""}]"
"At our major operating sites, 13% (2024 11%) of our total freshwater withdrawals and 22% (2024 20%) of freshwater consumption, were from regions with high or extremely high water stress in 2025.",32,A biodiversity enhancement plan in action > Our water consumption in 2025,other,,13%,,,,0.5,data/raw/bp/2025_sustainability_report.pdf,False,False,bp,2025,True,25,0.0,0.0,0.0,True,False,False,False,False,0.0,0.2,32.6,False,False,False,0,"[{""start"": 30, ""end"": 33, ""kind"": ""qty"", ""term"": ""13%""}]"
"From 2018-24 the plant achieved a 69% reduction in freshwater use, thanks to several key actions, including the installation of digital water meters, reuse of treated wastewater for on-site irrigation, installation of a rooftop rainwater harvesting system, and awareness campaigns to engage employees.",32,Water management in India,achievement,achievement,69%,2018,,,0.67,data/raw/bp/2025_sustainability_report.pdf,False,False,bp,2025,True,41,0.0244,0.0,0.0244,True,True,False,False,False,0.0,0.302,-4.0,False,False,False,0,"[{""start"": 5, ""end"": 9, ""kind"": ""baseline"", ""term"": ""2018""}, {""start"": 34, ""end"": 37, ""kind"": ""qty"", ""term"": ""69%""}, {""start"": 77, ""end"": 84, ""kind"": ""vague"", ""term"": ""several""}]"
Target description To be 20% towards water positive by 2025c.,32,Water management in India > Our 2025 water target,target,,20%,,2025,,0.5,data/raw/bp/2025_sustainability_report.pdf,False,False,bp,2025,True,9,0.0,0.0,0.1111,True,False,True,False,False,0.1111,0.4,47.3,False,False,False,1,"[{""start"": 25, ""end"": 28, ""kind"": ""qty"", ""term"": ""20%""}, {""start"": 43, ""end"": 51, ""kind"": ""positive"", ""term"": ""positive""}, {""start"": 55, ""end"": 59, ""kind"": ""deadline"", ""term"": ""2025""}]"
"Update In 2025 we achieved 26% towards water positive, primarily with contributions from catchment collaboration projects (10.95Mm³) and operational water efficiency initiatives (4.48Mm³).",32,Water management in India > Our 2025 water target,achievement,achievement,26%,,,,0.33,data/raw/bp/2025_sustainability_report.pdf,False,False,bp,2025,True,21,0.0,0.0,0.0,True,False,False,False,False,0.0476,0.2,-9.8,False,False,False,1,"[{""start"": 27, ""end"": 30, ""kind"": ""qty"", ""term"": ""26%""}, {""start"": 45, ""end"": 53, ""kind"": ""positive"", ""term"": ""positive""}]"
"Thanks to advanced irrigation systems and new water storage facilities the project delivered more than 1.04Mm3 of clean water to irrigate 85 hectares of land planted with fruit trees provided by the government, early in 2025.",33,Water management in India > Collaborating to replenish freshwater,achievement,achievement,85 hectares,,,,0.33,data/raw/bp/2025_sustainability_report.pdf,False,False,bp,2025,True,34,0.0,0.0,0.0294,True,False,False,False,False,0.0294,0.2,40.3,False,False,False,1,"[{""start"": 138, ""end"": 149, ""kind"": ""qty"", ""term"": ""85 hectares""}]"
"In 2025 it delivered approximately 18,220m3 of clean water along with associated health and economic benefits.",33,Water management in India > Collaborating to replenish freshwater,achievement,achievement,18,,,,0.33,data/raw/bp/2025_sustainability_report.pdf,False,False,bp,2025,True,15,0.0,0.0667,0.0,True,False,False,False,False,0.0,0.0,5.5,False,False,False,0,"[{""start"": 21, ""end"": 34, ""kind"": ""hedge"", ""term"": ""approximately""}, {""start"": 35, ""end"": 37, ""kind"": ""qty"", ""term"": ""18""}]"
"Using this approach, we have recycled 20,000 barrels of drilling fluids since 2023, achieved cost savings of around $3 million and reduced the time vessels wait in dock while fluids are being tested.",34,Water management in India > Oil and gas,achievement,achievement,3 million,,,,0.33,data/raw/bp/2025_sustainability_report.pdf,False,False,bp,2025,True,30,0.0,0.0333,0.0,True,False,False,False,False,0.0,0.067,49.5,True,False,False,0,"[{""start"": 109, ""end"": 115, ""kind"": ""hedge"", ""term"": ""around""}, {""start"": 117, ""end"": 126, ""kind"": ""qty"", ""term"": ""3 million""}]"
"We are also supporting our partner, Green Era, with its work to turn a vacant site in Chicago into a $35 million renewable energy facility and urban farming campus. bp trading already purchases and resells RNG derived from Green Era’s biodigestor.",34,Water management in India > Oil and gas,other,,35 million,,,,0.5,data/raw/bp/2025_sustainability_report.pdf,False,False,bp,2025,True,41,0.0,0.0,0.0,True,False,False,False,False,0.0,0.2,35.4,False,False,False,0,"[{""start"": 102, ""end"": 112, ""kind"": ""qty"", ""term"": ""35 million""}]"
"Target description All bp-owned food brand packaging in Europe to be reusable, recyclable or biodegradable by 2025.",34,"Water management in India > Our 2025 reusable, recyclable or biodegradable packaging target",target,,,,2025,,0.25,data/raw/bp/2025_sustainability_report.pdf,False,False,bp,2025,True,16,0.0,0.0,0.0825,False,False,True,False,False,0.0,0.2,37.3,False,False,False,0,"[{""start"": 110, ""end"": 114, ""kind"": ""deadline"", ""term"": ""2025""}]"
"Update We made progress towards this target and, by the end of 2025, over half of in-scope packaging was recyclable.",34,"Water management in India > Our 2025 reusable, recyclable or biodegradable packaging target",target,,"2025,",,2025,,0.5,data/raw/bp/2025_sustainability_report.pdf,False,False,bp,2025,True,19,0.0,0.0,0.0526,True,False,True,False,False,0.0526,0.4,58.4,False,False,False,1,"[{""start"": 15, ""end"": 23, ""kind"": ""positive"", ""term"": ""progress""}, {""start"": 63, ""end"": 68, ""kind"": ""qty"", ""term"": ""2025,""}]"
"For example, in some markets we now offer recyclable cups (with less than 5% polyethylene content).",34,"Water management in India > Our 2025 reusable, recyclable or biodegradable packaging target",attribute,,5%,,,,0.5,data/raw/bp/2025_sustainability_report.pdf,False,False,bp,2025,True,15,0.0,0.0,0.0,True,False,False,False,False,0.0,0.2,56.3,False,False,False,0,"[{""start"": 74, ""end"": 76, ""kind"": ""qty"", ""term"": ""5%""}]"
"We disposed of 323kt of hazardous and nonhazardous waste from our operated businesses in 2025, a 17% increase from 2024 (2024 276kt) and we recycled or recovered 213kt of waste, a 14% decrease from 2024 (2024 247kt).",35,Circularity and waste > Waste disposed(kt),attribute,,17%,2024,,,0.5,data/raw/bp/2025_sustainability_report.pdf,False,False,bp,2025,True,30,0.0,0.0,0.0,True,True,False,False,False,0.0,0.4,35.4,False,False,False,0,"[{""start"": 97, ""end"": 100, ""kind"": ""qty"", ""term"": ""17%""}, {""start"": 115, ""end"": 119, ""kind"": ""baseline"", ""term"": ""2024""}]"
Our recycling and recovery ratea was 40%.,35,Circularity and waste > Waste disposed(kt),other,,40%,,,,0.5,data/raw/bp/2025_sustainability_report.pdf,False,False,bp,2025,True,6,0.0,0.0,0.0,True,False,False,False,False,0.0,0.2,31.5,False,False,False,0,"[{""start"": 37, ""end"": 40, ""kind"": ""qty"", ""term"": ""40%""}]"
In Germany – We worked with the Federal Ministry for Economic Affairs and Climate Action to secure EU funding for a green hydrogen« project at Lingen refinery.,38,Government and regulators $8.3bn corporate income and production tax paid,attribute,,,,,,0.0,data/raw/bp/2025_sustainability_report.pdf,False,False,bp,2025,True,26,0.0,0.0,0.0,False,False,False,False,False,0.0,0.0,24.3,False,False,False,0,[]
This resulted in savings in excess of $2 million and enhanced circularity.,39,Partners and suppliers $142.5bn in payments to suppliers for goods and services > Supply chain partners,other,,2 million,,,,0.5,data/raw/bp/2025_sustainability_report.pdf,False,False,bp,2025,True,11,0.0909,0.0,0.0,True,False,False,False,False,0.0,0.0,26.5,False,False,False,0,"[{""start"": 39, ""end"": 48, ""kind"": ""qty"", ""term"": ""2 million""}, {""start"": 53, ""end"": 61, ""kind"": ""vague"", ""term"": ""enhanced""}]"
"Throughout 2025 we continued our active engagement with the OGDC, focusing on accelerating emissions reductions across our sector.",39,Partners and suppliers $142.5bn in payments to suppliers for goods and services > Oil & Gas Decarbonization Charter (OGDC),target,,,,2025,,0.25,data/raw/bp/2025_sustainability_report.pdf,False,False,bp,2025,True,17,0.0588,0.0,0.0,False,False,True,False,False,0.0,0.0,10.4,False,False,False,0,"[{""start"": 11, ""end"": 15, ""kind"": ""deadline"", ""term"": ""2025""}, {""start"": 19, ""end"": 28, ""kind"": ""vague"", ""term"": ""continued""}]"
"Cardiff University and the University of Manchester – Together with Johnson Matthey, we are working with researchers at both universities to advance catalyst technologies and chemical processes that support the transition to net zero«.",40,Partners and suppliers $142.5bn in payments to suppliers for goods and services > Non-governmental organizations (NGOs) and civil society,attribute,hedged,,,,,0.0,data/raw/bp/2025_sustainability_report.pdf,False,False,bp,2025,True,33,0.0,0.0,0.0,False,False,False,False,False,0.0303,0.0,-3.6,False,False,False,1,"[{""start"": 141, ""end"": 148, ""kind"": ""positive"", ""term"": ""advance""}]"
"In the latest Climate Action 100+ net zero company benchmarkb, published October 2025, we were assessed to be aligned on four indicators covering our ambition, long-term goals, climate governance and TCFD disclosures.",43,Caring for our planet > TCFD disclosures,target,hedged,100,,,,0.25,data/raw/bp/2025_sustainability_report.pdf,False,False,bp,2025,True,30,0.0,0.0,0.0667,True,False,False,False,False,0.0,0.2,10.0,True,False,False,0,"[{""start"": 29, ""end"": 32, ""kind"": ""qty"", ""term"": ""100""}]"
For the purposes of our 2025 disclosures relating to net zero sales« we consider an energy product to be one that is emissive or provides energy in its end-use case.,44,About our reporting > Energy products,attribute,hedged,,,,,0.0,data/raw/bp/2025_sustainability_report.pdf,False,False,bp,2025,True,29,0.0,0.0,0.0,False,False,False,False,False,0.0,0.0,31.5,False,False,False,0,[]
For further information on products included in bp’s 2025 net zero sales aim reporting see the bp Basis of Reporting 2025.,44,About our reporting > Energy products,attribute,hedged,,,,,0.0,data/raw/bp/2025_sustainability_report.pdf,False,False,bp,2025,True,20,0.0,0.0,0.05,False,False,False,False,False,0.0,0.0,42.7,False,False,False,0,[]
"References to global net zero in the phrase, ‘to help the world get to net zero’, means achieving ‘...a balance between anthropogenic emissions by sources and removals by sinks of greenhouse gases...on the basis of equity, and in the context of sustainable development and efforts to eradicate poverty’, as set out in Article 4(1) of the Paris Agreement.",44,About our reporting > Net zero,attribute,,4,,,,0.5,data/raw/bp/2025_sustainability_report.pdf,False,False,bp,2025,True,58,0.0,0.0,0.0,True,False,False,False,False,0.0,0.2,55.5,False,False,False,0,"[{""start"": 326, ""end"": 327, ""kind"": ""qty"", ""term"": ""4""}]"
References to net zero for bp in the context of our ambition and net zero operations and net zero sales aims mean achieving a balance between (a) the relevant Scope 1 and 2 emissions (for net zero operations) and product lifecycle emissions (for net zero sales) and (b) the aggregate of applicable deductions from qualifying activities such as sinks under our methodology at the applicable time.,44,About our reporting > Net zero,target,hedged,,,,Scope 1,0.25,data/raw/bp/2025_sustainability_report.pdf,False,False,bp,2025,True,64,0.0156,0.0,0.0312,False,False,False,True,False,0.0,0.138,-8.8,False,False,False,0,"[{""start"": 150, ""end"": 158, ""kind"": ""vague"", ""term"": ""relevant""}]"
Any interim target or aim in respect of bp’s net zero operations aim is defined in terms of absolute reductions relative to the baseline year of 2019.,44,About our reporting > Net zero operations,target,hedged,,,,,0.0,data/raw/bp/2025_sustainability_report.pdf,False,False,bp,2025,True,27,0.0,0.0,0.1111,False,False,False,False,False,0.0,0.0,35.3,True,False,False,0,[]
Any interim target or aim in respect of bp’s net zero sales aim is defined in terms of reductions in the carbon intensity of the energy products we sell (in grams CO2e/MJ) relative to the baseline year of 2019.,44,About our reporting > Net zero sales,target,hedged,,,,,0.0,data/raw/bp/2025_sustainability_report.pdf,False,False,bp,2025,True,41,0.0,0.0,0.0732,False,False,False,False,False,0.0,0.0,35.2,True,False,False,0,[]
"For the purposes of bp’s net zero sales aim, sold energy products represent sales by a bp group subsidiary, joint operation or bp equity accounted entity (EAE).",45,About our reporting > Sold energy products,attribute,hedged,,,,,0.0,data/raw/bp/2025_sustainability_report.pdf,False,False,bp,2025,True,28,0.0,0.0,0.0357,False,False,False,False,False,0.0,0.0,27.3,False,False,False,0,[]
