sentence,page,section_path,claim_type,strength,quantity,baseline,deadline,scope,slot_fill_score,source_file,company,publish_year,n_words,vague_ratio,hedging_ratio,future_ratio,quantification_present,baseline_present,date_present,scope_present,verification_present,specificity_score,readability,passive_voice,modal_firm,modal_soft,positive_tone_words
"At the end of 2021 sales were back at the same level as before the pandemic and profitability was better than for several years, despite supply chain disruption and other geopolitical challenges.",3,How we report > 2021 – a strong recovery,achievement,achievement,2021,,,supply chain,0.67,data/raw/hm/2021_sustainability_report.pdf,hm,2021,31,0.0645,0.0,0.0,True,False,False,True,False,0.142,25.3,False,False,False,0
Integrated sustainability In 2021 we took further steps to improve sustainability in all parts of the business.,4,CEO letter > CEO letter,other,,2021,,,,0.5,data/raw/hm/2021_sustainability_report.pdf,hm,2021,16,0.0,0.0,0.0,True,False,False,False,False,0.2,16.1,False,False,False,0
"Our sustainability efforts were recognised on various occasions during the year, including being ranked second in the Fashion Transparency Index of 250 fashion brands.",4,CEO letter > CEO letter,achievement,achievement,250,,,,0.33,data/raw/hm/2021_sustainability_report.pdf,hm,2021,23,0.0435,0.0,0.0,True,False,False,False,False,0.026,14.3,True,False,False,0
"Through our investment arm Co:lab we have around 20 investments in new companies – such as Re:newcell, Ambercycle and Infinited Fiber, which is developing new techniques within textiles recycling.",4,CEO letter > CEO letter,other,,20,,,,0.5,data/raw/hm/2021_sustainability_report.pdf,hm,2021,29,0.0,0.0345,0.0,True,False,False,False,False,0.062,22.8,False,False,False,0
"These companies’ solutions are now being scaled up and by investing early, we have secured access to these innovative sustainable materials.",4,CEO letter > CEO letter,attribute,,,,,,0.0,data/raw/hm/2021_sustainability_report.pdf,hm,2021,21,0.0,0.0,0.0,False,False,False,False,False,0.0,28.4,True,False,False,1
Tripled the share of recycled materials used in our garments from 5.8 percent to 17.9 percent towards our goal 30 percent recycled materials by 2025.,6,H&M Group at a glance,target,,5.8 percent,,2025,,0.5,data/raw/hm/2021_sustainability_report.pdf,hm,2021,21,0.0,0.0,0.0676,True,False,True,False,False,0.4,54.7,False,False,False,0
"Change in absolute in scope 1, 2 and 3 CO₂e emissions compared with 2019 baseline.",6,H&M Group at a glance,other,,"1,",2019,,Scope 1,1.0,data/raw/hm/2021_sustainability_report.pdf,hm,2021,12,0.0,0.0,0.0,True,True,False,True,False,0.6,53.7,False,False,False,0
"United by our values, we have an ambition to lead the change towards a circular and climate positive fashion industry, while being a fair and equal company.",7,billion SEK in cash flow from operating activities. 45,target,hedged,,,,,0.0,data/raw/hm/2021_sustainability_report.pdf,hm,2021,27,0.0,0.0,0.037,False,False,False,False,False,0.0,41.6,False,False,False,1
"As in 2020, the pandemic, the consequences of climate change and the increasing digitalisation of society had the greatest impact on 2021.",13,Sales and stores per segment,other,,"2020,",2021,,,0.5,data/raw/hm/2021_sustainability_report.pdf,hm,2021,20,0.0,0.0,0.0,True,True,False,False,False,0.4,30.0,False,False,False,0
"We were the second highest scoring brand in the Fashion Transparency Index 2021, which ranks multiple companies according to how much information they disclose about suppliers, supply chain policies and practices, as well as their social and environmental impact.",13,Sales and stores per segment,achievement,achievement,"2021,",2021,,supply chain,1.0,data/raw/hm/2021_sustainability_report.pdf,hm,2021,38,0.0,0.0263,0.0,True,True,False,True,False,0.495,16.9,False,False,False,0
"We joined the 2025 Recycled Polyester ­Challenge, a UN and Textile Exchange initiative for climate action.",13,Sales and stores per segment,attribute,,2025,,,,0.5,data/raw/hm/2021_sustainability_report.pdf,hm,2021,15,0.0,0.0,0.0,True,False,False,False,False,0.2,33.7,False,False,False,0
We have set a leading individual goal to only use recycled polyester by 2025 and to further scale up textile-to-textile recycling.,13,Sales and stores per segment,target,,2025,,2025,,0.5,data/raw/hm/2021_sustainability_report.pdf,hm,2021,20,0.05,0.0,0.07,True,False,True,False,False,0.2,30.0,False,False,False,1
"In 2021 the group was included in the Dow Jones Sustainability World Index for the tenth year running, scoring well above the industry average.",13,Sales and stores per segment,achievement,achievement,2021,,,,0.33,data/raw/hm/2021_sustainability_report.pdf,hm,2021,23,0.0,0.0,0.0,True,False,False,False,False,0.2,40.0,True,False,False,0
Textile Exchange named H&M Group as a leading company within fibre and material sourcing in its report Material Change which is one of the most extensive analyses of how the textile industry is progressing in its transition to more sustainable materials and a circular economy.,14,Sales and stores per segment > Leading company within fibre,attribute,,,,,,0.0,data/raw/hm/2021_sustainability_report.pdf,hm,2021,46,0.0217,0.0,0.0,False,False,False,False,False,0.0,13.0,False,False,False,2
"The Looop machine transforms old clothes into new garments, thereby showing customers how old textiles can be recycled without using water or chemicals.",14,Sales and stores per segment > Looop machine,attribute,,,,,,0.0,data/raw/hm/2021_sustainability_report.pdf,hm,2021,23,0.0,0.0,0.0,False,False,False,False,False,0.0,29.0,True,False,False,0
The H&M Foundation broadened its commitment and announced a new direction for tackling the world’s most urgent challenges in order to ­accelerate progress on achieving the UN ­Sustainable Development Goals for 2030.,14,Sales and stores per segment > The H&M Foundation,other,firm,,,,,0.0,data/raw/hm/2021_sustainability_report.pdf,hm,2021,33,0.0,0.0,0.0606,False,False,False,False,False,0.0,22.1,False,False,False,2
"Our EUR 500 million sustainability-linked bond (SLB) was amongst other things launched to contribute to our goal to reduce carbon emissions (scope 1,2 and 3) in absolute figures by 56 percent by 2030 (baseline 2019).",14,Sales and stores per segment > Sustainability-linked bond,target,hedged,500 million,,2030,Scope 1,0.75,data/raw/hm/2021_sustainability_report.pdf,hm,2021,29,0.0,0.0,0.089,True,False,True,True,False,0.6,22.8,False,False,False,0
The bond’s interest rate is tied to how well we succeed at using recycled materials and reducing greenhouse gas ­emissions.,14,Sales and stores per segment > Sustainability-linked bond,attribute,,,,,,0.0,data/raw/hm/2021_sustainability_report.pdf,hm,2021,21,0.0,0.0,0.0,False,False,False,False,False,0.0,48.5,True,False,False,0
"Diverse backgrounds, perspectives and skills within design, materials, craftsmanship, circularity, sustainability within for example material and circularity, customer needs and buying processes are enhanced by technology such as 3D design applications and AI capabilities to get the right product to the right point of sale at the right time.",17,Customer in focus > Our fashion and design,other,,,,,,0.0,data/raw/hm/2021_sustainability_report.pdf,hm,2021,49,0.0204,0.0,0.0,False,False,False,False,False,0.0,-6.9,True,False,False,0
In late 2021 we launched the innovative circular design tool “Circulator” to underline our ambition to design all our products for circularity by 2025.,17,Customer in focus > Our fashion and design,target,hedged,2021,,2025,,0.5,data/raw/hm/2021_sustainability_report.pdf,hm,2021,22,0.0,0.0,0.0655,True,False,True,False,False,0.4,23.0,False,False,False,1
Monki is a purpose-driven fashion brand that believes in sisterhood and the power of community and in contributing to a more sustainable fashion industry.,22,& Other Stories,attribute,,,,,,0.0,data/raw/hm/2021_sustainability_report.pdf,hm,2021,24,0.0,0.0833,0.0,False,False,False,False,False,0.0,20.3,False,False,False,0
Treadler is a B2B service that enables clients to utilise the group’s supply chain.,23,Our business ventures,other,,,,,supply chain,0.5,data/raw/hm/2021_sustainability_report.pdf,hm,2021,16,0.0,0.0,0.0,False,False,False,True,False,0.2,69.0,False,False,False,0
"Through our work to lead the change towards circular and climate positive fashion, we are increasing the share of recycled and more sustainably sourced materials and we are ­developing new revenue streams.",24,Our omni-model elevates the customer experience,attribute,,,,,,0.0,data/raw/hm/2021_sustainability_report.pdf,hm,2021,32,0.0,0.0,0.0,False,False,False,False,False,0.0,31.6,False,False,False,1
First Hand: Our brands offer customers garments that are made from recycled and more sustainably sourced materials and are designed using a circular design and product development process.,25,Our omni-model elevates the customer experience,attribute,,,,,,0.0,data/raw/hm/2021_sustainability_report.pdf,hm,2021,28,0.0,0.0,0.0,False,False,False,False,False,0.0,24.3,True,False,False,0
The textiles can then be recycled to create new fibres and garments.,25,Our omni-model elevates the customer experience,attribute,,,,,,0.0,data/raw/hm/2021_sustainability_report.pdf,hm,2021,12,0.0,0.0,0.0,False,False,False,False,False,0.0,67.8,True,False,False,0
"It requires us to design and build stores based on circular principles — reduce, reuse, repair and recycle — and to use only recycled or other more sustainably sourced materials.",26,Second Chance,attribute,,,,,,0.0,data/raw/hm/2021_sustainability_report.pdf,hm,2021,28,0.0,0.0,0.0,False,False,False,False,False,0.0,27.3,False,False,False,0
"Customers are also rewarded for contributing to a circular lifestyle through H&M’s garment collecting, climate smart delivery options, bringing their own bag and choosing products made from more sustainably sourced materials.",28,Second Chance,attribute,,,,,,0.0,data/raw/hm/2021_sustainability_report.pdf,hm,2021,33,0.0,0.0,0.0,False,False,False,False,False,0.0,14.4,False,False,False,0
"Moving from virgin materials with a high environmental impact to recycled, regenerated and more sustainably sourced ones is therefore important for our long-term sustainable growth.",31,"Production, logistics and distribution",attribute,,,,,,0.0,data/raw/hm/2021_sustainability_report.pdf,hm,2021,25,0.0,0.0,0.0,False,False,False,False,False,0.0,5.5,False,False,False,0
Our goal is for 100 percent of our materials to come from recycled or other more sustainable sources by 2030.,31,"Production, logistics and distribution",target,,100 percent,,2030,,0.5,data/raw/hm/2021_sustainability_report.pdf,hm,2021,18,0.0,0.0,0.1311,True,False,True,False,False,0.4,61.7,False,False,False,0
An important step towards achieving 30 percent recycled materials by 2025 is that some of our collections are made of materials using new garment recycling technology – a new ground breaking technology.,31,"Production, logistics and distribution",target,,30 percent,,2025,,0.5,data/raw/hm/2021_sustainability_report.pdf,hm,2021,29,0.0,0.0,0.02,True,False,True,False,False,0.4,19.9,False,False,False,0
"The material Circulose®, made from recycled cotton waste, was developed by Renewcell, a textile recycling company.",31,"Production, logistics and distribution",attribute,achievement,,,,,0.0,data/raw/hm/2021_sustainability_report.pdf,hm,2021,16,0.0,0.0,0.0,False,False,False,False,False,0.0,16.1,True,False,False,0
We work with suppliers that share our sustainability vision for a more sustainable fashion industry.,31,"Recycled, regenerated and more sustainably sourced materials",attribute,,,,,,0.0,data/raw/hm/2021_sustainability_report.pdf,hm,2021,15,0.0,0.0,0.0,False,False,False,False,False,0.0,39.3,False,False,False,0
H&M Group’s goal is to reduce its greenhouse gas emissions in absolute figures by 56 percent by 2030 (baseline 2019)1.,31,Renewable energy,target,,56 percent,,2030,,0.5,data/raw/hm/2021_sustainability_report.pdf,hm,2021,19,0.0,0.0,0.1253,True,False,True,False,False,0.4,54.0,False,False,False,0
As one part of this we are working to source 100 percent renewable ­electricity in our own operations and to increase the use of renewable electricity among our partners and suppliers.,31,Renewable energy,other,,100 percent,,,own operations,1.0,data/raw/hm/2021_sustainability_report.pdf,hm,2021,30,0.0,0.0,0.0,True,False,False,True,False,0.4,32.6,False,False,False,0
"To achieve our 100 percent goal we will continue to work towards a balanced portfolio of Energy Attribute Certificates, power purchase agreements on large-scale renewables projects, and rooftop solar photovoltaics.",31,Renewable energy,target,firm,100 percent,,,,0.25,data/raw/hm/2021_sustainability_report.pdf,hm,2021,29,0.0,0.0,0.069,True,False,False,False,False,0.2,-0.6,False,True,False,0
Our tier 1 and 2 production supply chains alone contributes to the employment of around one and a half million people.,32,Fair jobs and positive social impacts,other,,1,,,supply chain; supply chain (tier 1),1.0,data/raw/hm/2021_sustainability_report.pdf,hm,2021,19,0.0,0.0526,0.0,True,False,False,True,False,0.19,54.0,False,False,False,0
"As part of this, we assess not only our salient human rights issues on an annual basis, but also the long-term risks and impacts – such as what a shift to a more digital, circular and climate positive value chain could mean for future work.",32,Fair jobs and positive social impacts,attribute,hedged,,,,value chain,0.5,data/raw/hm/2021_sustainability_report.pdf,hm,2021,44,0.0,0.0227,0.0227,False,False,False,True,False,0.109,41.0,False,False,True,1
For 2025 one of our goals is to design 100 percent of our packaging to be reusable and/or recyclable.,32,"Reusable, plastic-free packaging",attribute,,100 percent,,,,0.5,data/raw/hm/2021_sustainability_report.pdf,hm,2021,18,0.0,0.0,0.0556,True,False,False,False,False,0.2,71.1,False,False,False,0
Our sustainability vision H&M Group wants to lead the change towards a circular and climate positive fashion industry while being a fair and equal company.,35,Sustainable fashion and design for everyone,attribute,,,,,,0.0,data/raw/hm/2021_sustainability_report.pdf,hm,2021,26,0.0,0.0,0.0,False,False,False,False,False,0.0,37.3,False,False,False,1
"2022: From January 1, 2022, we will not onboard any new suppliers or supplier factories into our supply chain if they have on-site coal boilers in their factories — as part of a longer term aim to phase out coal from our supply chain.",36,Our sustainability strategy,other,firm,2022,,,supply chain,1.0,data/raw/hm/2021_sustainability_report.pdf,hm,2021,40,0.0,0.0,0.05,True,False,False,True,False,0.4,47.8,False,True,False,0
Achievement 2021: -22 percent within scope 1 and 2 and -9 percent within scope 3.,36,Our sustainability strategy,other,,22 percent,,,Scope 1; Scope 3,1.0,data/raw/hm/2021_sustainability_report.pdf,hm,2021,9,0.0,0.0,0.0,True,False,False,True,False,0.4,47.3,False,False,False,1
"Use 100 percent renewable electricity in own operations, raising the bar on our energy sourcing criteria.",36,Our sustainability strategy,other,,100 percent,,,own operations,1.0,data/raw/hm/2021_sustainability_report.pdf,hm,2021,15,0.0,0.0,0.0,True,False,False,True,False,0.4,16.8,False,False,False,0
Source 30 percent recycled materials.,36,Materials and resources,attribute,,30 percent,,,,0.5,data/raw/hm/2021_sustainability_report.pdf,hm,2021,4,0.0,0.0,0.0,True,False,False,False,False,0.2,12.4,False,False,False,0
"2030: Make 100 percent of packaging from recycled or other more sustainably sourced ­materials, with a preference for post-consumer recycled materials.",36,Materials and resources,attribute,,100 percent,,,,0.5,data/raw/hm/2021_sustainability_report.pdf,hm,2021,19,0.0,0.0,0.0,True,False,False,False,False,0.2,9.4,False,False,False,0
"Maintaining strong relationships with our stakeholders helps us identify innovative ways to create fashion for our customers, drive innovation, and develop more sustainable materials and new business models.",37,Key sustainability goals,attribute,,,,,,0.0,data/raw/hm/2021_sustainability_report.pdf,hm,2021,28,0.0357,0.0,0.0,False,False,False,False,False,0.0,6.2,False,False,False,1
95 percent of electricity sourced for our own operations was renewable (90 percent in 2020).,37,Collaboration and innovation are key,achievement,achievement,95 percent,,,own operations,0.67,data/raw/hm/2021_sustainability_report.pdf,hm,2021,12,0.0,0.0,0.0,True,False,False,True,False,0.4,25.5,False,False,False,0
"To achieve our 100 percent goal we will continue to work towards a balanced portfolio of Energy Attribute Certificates, power purchase agreements on largescale renewables projects, and rooftop solar photovoltaics.",37,Collaboration and innovation are key,target,firm,100 percent,,,,0.25,data/raw/hm/2021_sustainability_report.pdf,hm,2021,29,0.0,0.0,0.069,True,False,False,False,False,0.2,-0.6,False,True,False,0
"As in 2020, the external factors that had the greatest impact on 2021 were the Covid-19 pandemic and the consequences of climate change as well as the increasing digitalisation of society.",47,Corporate governance report 2021 H & M Hennes & Mauritz AB > H&M’s corporate governance structure,achievement,achievement,"2020,",2021,,,0.67,data/raw/hm/2021_sustainability_report.pdf,hm,2021,29,0.0,0.0,0.0,True,True,False,False,False,0.4,31.5,False,False,False,0
Primary occupation Partner at the law firm Mannheimer Swartling since 2009 and chair of Mannheimer Swartling’s Corporate Sustainability & Risk Management practice group.,52,The board of directors > ERICA WIKING HÄGER,other,,2009,,,,0.5,data/raw/hm/2021_sustainability_report.pdf,hm,2021,22,0.0,0.0,0.0,True,False,False,False,False,0.2,11.5,False,False,False,0
The brands offer various products and services based on circular business models and in the collections the percentage of recycled and other more sustainably sourced materials is increasing.,55,Administration report,attribute,,,,,,0.0,data/raw/hm/2021_sustainability_report.pdf,hm,2021,28,0.0357,0.0,0.0,False,False,False,False,False,0.0,15.3,False,False,False,0
"In parallel with managing the Covid-19 situation the company continued to work according to its business plan, which aims to deliver long-term ­sustainable and profitable growth.",56,Administration report > FIVE YEAR SUMMARY,other,hedged,19,,,,0.5,data/raw/hm/2021_sustainability_report.pdf,hm,2021,26,0.0385,0.0,0.0769,True,False,False,False,False,0.046,24.3,False,False,False,0
By 2030 at latest the H&M group is to double sales while at the same time halving its carbon footprint.,56,Administration report > FIVE YEAR SUMMARY,target,,2030,,2030,,0.5,data/raw/hm/2021_sustainability_report.pdf,hm,2021,20,0.0,0.0,0.07,True,False,True,False,False,0.4,80.8,False,False,False,0
"The Covid-19 pandemic in 2020 and 2021 has made the group’s brands and functions work hard to manage challenges within cost levels, supply chain and the customer experience, while still delivering without compromising on the business idea of the group’s brands: Fashion and quality at the best price in a sustainable way.",57,Administration report > FIVE YEAR SUMMARY,other,,19,,,supply chain,1.0,data/raw/hm/2021_sustainability_report.pdf,hm,2021,52,0.0,0.0,0.0,True,False,False,True,False,0.4,22.3,False,False,False,0
"More specifically, we support and aspire to the EMF vision for a circular fashion industry, where products are designed to be used more, made to be made again, and made from safe and recycled or renewable inputs.",4,Some words and phrases used in this report,attribute,hedged,,,,,0.0,data/raw/hm/2022_sustainability_report.pdf,hm,2022,37,0.0,0.0,0.0,False,False,False,False,False,0.0,34.4,True,False,False,0
"More sustainably sourced, sourced in a more sustainable way or more sustainable describes materials or raw material production, processes, our overall operational activity, or that of our suppliers that have a reduced negative environmental impact compared to conventional alternatives.",4,Some words and phrases used in this report,attribute,achievement,,,,,0.0,data/raw/hm/2022_sustainability_report.pdf,hm,2022,39,0.0,0.0,0.0,False,False,False,False,False,0.0,-19.3,False,False,False,0
"We further define more sustainably sourced for different materials in our Material Categorisation, Responsible Raw Material Sourcing Policy and Animal Welfare Policy.",4,Some words and phrases used in this report,attribute,,,,,,0.0,data/raw/hm/2022_sustainability_report.pdf,hm,2022,22,0.0455,0.0,0.0,False,False,False,False,False,0.0,-11.6,False,False,False,1
"Preferred transport options refers to modes of transport including 100% biofuel, electric and zero emissions vehicles1.",5,Some words and phrases used in this report,attribute,,100%,,,,0.5,data/raw/hm/2022_sustainability_report.pdf,hm,2022,15,0.0,0.0,0.0,True,False,False,False,False,0.2,11.1,False,False,False,0
In this context it means sourcing materials with the overall aim to respect human rights and reduce environmental impact while contributing to sustainable development in the countries where we source2.,5,Some words and phrases used in this report,other,hedged,,,,,0.0,data/raw/hm/2022_sustainability_report.pdf,hm,2022,30,0.0,0.0,0.0333,False,False,False,False,False,0.0,26.9,False,False,False,0
"Reverse supply chain is a term for a system that brings used products, materials and production waste back into circulation either as second-hand products, or to be reused or recycled and diverted back into the production system as valuable resources.",5,Some words and phrases used in this report,attribute,,,,,supply chain,0.5,data/raw/hm/2022_sustainability_report.pdf,hm,2022,40,0.0,0.0,0.0,False,False,False,True,False,0.2,20.3,True,False,False,0
1) A zero-emissions vehicle is one that does not emit exhaust gas or other pollutants when operational.,5,Some words and phrases used in this report,attribute,,,,,,0.0,data/raw/hm/2022_sustainability_report.pdf,hm,2022,16,0.0,0.0,0.0,False,False,False,False,False,0.0,32.0,False,False,False,0
"This is underlined by our 2030 goal, which combine targets for company growth and profit with reductions in greenhouse gas emissions.",7,CEO letter,other,,2030,,,,0.5,data/raw/hm/2022_sustainability_report.pdf,hm,2022,20,0.0,0.0,0.1,True,False,False,False,False,0.2,46.9,True,False,False,0
"To reach our ambitious climate goals of halving the group’s greenhouse gas emissions by 2030 and achieving net-zero by 2040, we invest in projects to reduce greenhouse gas emissions throughout our whole value chain.",7,CEO letter,target,,2030,,2030,value chain,0.75,data/raw/hm/2022_sustainability_report.pdf,hm,2022,33,0.0303,0.0,0.1109,True,False,True,True,False,0.479,40.0,False,False,False,1
"Our sustainability work was recognised by, among others, the Dow Jones Sustainability World Index for the 11th consecutive year.",8,CEO letter,other,achievement,,,,,0.0,data/raw/hm/2022_sustainability_report.pdf,hm,2022,19,0.0,0.0,0.0,False,False,False,False,False,0.0,13.9,True,False,False,0
"As one of only 12 global retail companies in the index, we are assessed as a leader in environmental, social and governance performance.",8,CEO letter,other,,12,,,,0.5,data/raw/hm/2022_sustainability_report.pdf,hm,2022,22,0.0,0.0,0.0,True,False,False,False,False,0.2,30.7,True,False,False,1
"Our investments have in a short time created significant value, for example by improving the customer experience and enabling scaling and commercialisation of recycled and more sustainably sourced materials.",8,CEO letter,attribute,,,,,,0.0,data/raw/hm/2022_sustainability_report.pdf,hm,2022,29,0.0345,0.0,0.0,False,False,False,False,False,0.0,5.3,False,False,False,0
"This is all thanks to the commitment from colleagues all around the world, who continue to build our company, stand true to our values and ensure we always realise the business idea that our founder laid the ground for 75 years ago — to deliver our customers unbeatable value with the best combination of fashion, quality, price and sustainability.",8,CEO letter,other,firm,75,,,,0.5,data/raw/hm/2022_sustainability_report.pdf,hm,2022,57,0.0,0.0175,0.0175,True,False,False,False,False,0.13,10.9,False,False,False,0
RECYCLED OR OTHER MORE SUSTAINABLY SOURCED MATERIALS IN OUR COMMERCIAL GOODS.,11,H&M Group at a glance,attribute,,,,,,0.0,data/raw/hm/2022_sustainability_report.pdf,hm,2022,11,0.0,0.0,0.0,False,False,False,False,False,0.0,26.5,False,False,False,0
"4) In 2022, we changed the reporting year for energy data and greenhouse gas (GHG) emissions to align with our financial year.",12,Key figures,other,,"2022,",,,,0.5,data/raw/hm/2022_sustainability_report.pdf,hm,2022,20,0.0,0.0,0.0,True,False,False,False,False,0.2,51.2,False,False,False,0
"Climate: % absolute reduction in GHG emissions (scope 1, 2 and 33) compared with 2019 baseline4.",12,Key figures,other,,"1,",2019,,Scope 1,1.0,data/raw/hm/2022_sustainability_report.pdf,hm,2022,11,0.0,0.0,0.0,True,True,False,True,False,0.6,26.5,False,False,False,0
H&M Group was included in the Dow Jones Sustainability World Index for the 11th year running.,14,Sales and stores per region > Dow Jones Sustainability Index,other,achievement,,,,,0.0,data/raw/hm/2022_sustainability_report.pdf,hm,2022,17,0.0,0.0,0.0,False,False,False,False,False,0.0,55.2,True,False,False,0
"As one of only 12 global retail companies in the index, the score put H&M Group in the list of global companies recognised as leaders in environmental, social and governance performance.",14,Sales and stores per region > Dow Jones Sustainability Index,other,,12,,,,0.5,data/raw/hm/2022_sustainability_report.pdf,hm,2022,31,0.0,0.0,0.0,True,False,False,False,False,0.2,30.7,False,False,False,1
"As of January 2023, we have 17 approved projects with a potential annual reduction of 50,000 tonnes CO2e in our supply chain, and a potential additional reduction of approximately 140,000 tonnes beyond our own value chain.",14,Sales and stores per region > Green Fashion Initiative,other,,"50,000 tonnes",,,value chain; supply chain,1.0,data/raw/hm/2022_sustainability_report.pdf,hm,2022,33,0.0,0.0303,0.0,True,False,False,True,False,0.279,22.1,False,False,False,0
"The ambition is to achieve net-zero greenhouse gas (GHG) emissions by 2040 and to reduce absolute scope 1, 2 and 31 GHG emissions by 56 percent by 20302.",14,Sales and stores per region > Climate Goals SBTi approved,target,hedged,56 percent,,2040,Scope 1,0.75,data/raw/hm/2022_sustainability_report.pdf,hm,2022,22,0.0,0.0,0.1564,True,False,True,True,False,0.6,46.1,False,False,False,0
"As part of having signed Sweden’s largest VPPA, the construction of a solar park will commence in 2023, which will supply H&M Group with renewable electricity at a fixed price.",14,Sales and stores per region > New partnerships for renewable solar energy,other,firm,"2023,",,,,0.5,data/raw/hm/2022_sustainability_report.pdf,hm,2022,31,0.0,0.0,0.0645,True,False,False,False,False,0.2,47.1,False,True,False,0
"We reduced relative water consumption in our supply chain by 38 percent, compared to a 2017 baseline.",15,Sales and stores per region > New Water Strategy 2030,achievement,achievement,38 percent,2017,,supply chain,1.0,data/raw/hm/2022_sustainability_report.pdf,hm,2022,15,0.0,0.0,0.0,True,True,False,True,False,0.6,33.7,False,False,False,0
"Building on this achievement, we launched our Water Strategy 2030, which focuses on absolute water use reduction rather than measuring relative water efficiency, to clearly decouple growth from resource use.",15,Sales and stores per region > New Water Strategy 2030,achievement,achievement,"2030,",,,,0.33,data/raw/hm/2022_sustainability_report.pdf,hm,2022,29,0.0,0.0,0.0,True,False,False,False,False,0.2,14.0,False,False,False,1
Our 2020 Sustainability Performance Report was second runner-up for the Best Report and winner for Relevance & Materiality.,15,Sales and stores per region > Corporate Responsibility Reporting Awards,achievement,achievement,2020,,,,0.33,data/raw/hm/2022_sustainability_report.pdf,hm,2022,16,0.0,0.0,0.0,True,False,False,False,False,0.2,5.5,False,False,False,0
"1) The baseline for the sales goal is 2021, while the baseline for reducing greenhouse gas emissions is 2019, in accordance with the Science Based Target initiative.",16,Sales and stores per region > Fashion Transparency Index,other,,"2021,",,,,0.5,data/raw/hm/2022_sustainability_report.pdf,hm,2022,24,0.0,0.0,0.0833,True,False,False,False,False,0.2,38.0,False,False,False,0
"The year 2022 marked 75 years since our founder Erling Persson was inspired to build the foundation for a customer-focused, creative, valuedriven and responsible fashion and design company, offering customers all around the world the best combination of fashion, quality, price and sustainability.",16,Our overall business idea,achievement,achievement,2022,,,,0.33,data/raw/hm/2022_sustainability_report.pdf,hm,2022,41,0.0244,0.0244,0.0,True,False,False,False,False,0.005,0.1,True,False,False,2
"In early 2022, we strengthened this ambition by introducing a goal to double our sales while halving our greenhouse gas (GHG) emissions by 20301.",16,Our overall business idea,target,hedged,"2022,",,2030,,0.5,data/raw/hm/2022_sustainability_report.pdf,hm,2022,22,0.0,0.0,0.1364,True,False,True,False,False,0.4,49.9,False,False,False,1
"United by our values, we have an ambition to lead the change towards achieving a circular fashion industry with net-zero climate impact, while being a fair and equal company.",16,Our overall business idea,target,hedged,,,,,0.0,data/raw/hm/2022_sustainability_report.pdf,hm,2022,29,0.0,0.0,0.0345,False,False,False,False,False,0.0,34.5,False,False,False,0
Our brands and business ventures want to enable people all around the world to express themselves through more sustainable fashion and design.,21,Fashion and design,attribute,,,,,,0.0,data/raw/hm/2022_sustainability_report.pdf,hm,2022,22,0.0,0.0455,0.0,False,False,False,False,False,0.0,49.9,False,False,False,0
"Their work is enhanced by technologies such as 3D design and virtual showrooms, decreasing the need to make and ship physical samples, which can save time, resources and reduce environmental impact.",21,Fashion and design,other,,,,,,0.0,data/raw/hm/2022_sustainability_report.pdf,hm,2022,31,0.0323,0.0,0.0,False,False,False,False,False,0.0,33.5,True,False,False,0
"The jeans are designed to be used more, made to be made again, and made from safe and recycled or renewable materials.",21,Fashion and design,attribute,,,,,,0.0,data/raw/hm/2022_sustainability_report.pdf,hm,2022,22,0.0,0.0,0.0,False,False,False,False,False,0.0,61.5,True,False,False,0
"In 2022, we scaled our traceability programme with TextileGenesis™ to several pilots using blockchain technology, such as rolling out a project for all man-made cellulosic fibres and recycled polyester.",22,Fashion and design,attribute,,"2022,",,,,0.5,data/raw/hm/2022_sustainability_report.pdf,hm,2022,28,0.0357,0.0,0.0,True,False,False,False,False,0.057,3.2,False,False,False,0
"1) TextileGenesis™ creates article-level traceability from fibre to product using digital tokens (Fibercoins), ensuring there is no “double-counting” of materials.",22,Fashion and design,other,,,,,,0.0,data/raw/hm/2022_sustainability_report.pdf,hm,2022,19,0.0,0.0,0.0,False,False,False,False,False,0.0,-21.7,False,False,False,0
All our brands and business ventures share the same passion for making great and more sustainable fashion and design available to everyone.,24,Our brands and business ventures,attribute,,,,,,0.0,data/raw/hm/2022_sustainability_report.pdf,hm,2022,22,0.0,0.0,0.0,False,False,False,False,False,0.0,46.1,False,False,False,0
"Monki is a purpose-driven fashion brand that believes in sisterhood, the power of community and in contributing to a more sustainable fashion industry.",26,Our brands and business ventures > H&M Move,attribute,,,,,,0.0,data/raw/hm/2022_sustainability_report.pdf,hm,2022,23,0.0,0.087,0.0,False,False,False,False,False,0.0,18.0,False,False,False,0
"We test and invest in innovative services that span the whole product lifecycle, including garment rental, second-hand, remake, repairs, alterations, garment collecting for textile reuse and recycling and preferred delivery options1 — all to help customers make wellinformed choices, while creating new revenue streams and supporting the shift to a circular, net-zero fashion industry.",31,Circular customer journeys,attribute,,,,,,0.0,data/raw/hm/2022_sustainability_report.pdf,hm,2022,53,0.0,0.0,0.0,False,False,False,False,False,0.0,-11.4,False,False,False,1
"1) Delivery options emitting less greenhouse gas emissions compared to conventional delivery options, including 100% biofuel, electric and zero emissions vehicles.",31,We focus on three areas within our customer-facing circular business models:,attribute,,100%,,,,0.5,data/raw/hm/2022_sustainability_report.pdf,hm,2022,19,0.0,0.0,0.0,True,False,False,False,False,0.2,-21.7,False,False,False,0
"We also focus on smart design and build, using circular principles to carefully decide on the stores’ interiors — elevating the shopping experience while working to reduce, reuse, repair, recycle and utilise recycled or more sustainably sourced materials.",32,We focus on three areas within our customer-facing circular business models:,attribute,,,,,,0.0,data/raw/hm/2022_sustainability_report.pdf,hm,2022,37,0.0,0.0,0.0,False,False,False,False,False,0.0,4.7,False,False,False,0
"In 2022, we launched our Water Strategy 2030, developed with input from brands, NGOs, water experts and key suppliers in each region.",38,Customer demand-driven production,achievement,achievement,"2022,",,,,0.33,data/raw/hm/2022_sustainability_report.pdf,hm,2022,20,0.0,0.0,0.0,True,False,False,False,False,0.2,51.2,False,False,False,0
"Our Circular Innovation Lab worked with Materra to set up a pilot in India, with the first crop yield harvested at the end of 2022 for use in collections by COS.",40,Customer demand-driven production,other,,2022,,,,0.5,data/raw/hm/2022_sustainability_report.pdf,hm,2022,30,0.0,0.0,0.0,True,False,False,False,False,0.2,52.3,False,False,False,0
Our goal is for 100 percent of our materials to be either recycled or sourced in a more sustainable way by 2030 (in 2022 we achieved 84 percent).,40,"Towards recycled, regenerative and responsibly sourced materials",target,achievement,100 percent,,2030,,0.5,data/raw/hm/2022_sustainability_report.pdf,hm,2022,24,0.0,0.0,0.1033,True,False,True,False,False,0.4,55.6,False,False,False,0
A milestone toward this goal is to achieve 30 percent recycled materials by 2025.,40,"Towards recycled, regenerative and responsibly sourced materials",target,,30 percent,,2025,,0.5,data/raw/hm/2022_sustainability_report.pdf,hm,2022,12,0.0,0.0,0.1033,True,False,True,False,False,0.4,46.6,False,False,False,1
"This is why supporting new recycling technologies is a strategic continuation of our in-store collecting initiative for used garments and home textiles, from any brand and in any condition, to be reused and recycled.",41,"Towards recycled, regenerative and responsibly sourced materials",attribute,,,,,,0.0,data/raw/hm/2022_sustainability_report.pdf,hm,2022,34,0.0,0.0,0.0,False,False,False,False,False,0.0,15.6,True,False,False,0
H&M Group was recognised as one of 47 leading companies out of 292 analysed in the Textile Exchange 2021 Material Change Leaderboard.,41,"Towards recycled, regenerative and responsibly sourced materials",achievement,achievement,47,,,,0.33,data/raw/hm/2022_sustainability_report.pdf,hm,2022,20,0.05,0.0,0.0,True,False,False,False,False,0.0,38.5,True,False,False,2
We were one of 16 companies identified as leading on circularity and one of 17 companies identified as leading on progress against the Sustainable Development Goals.,41,"Towards recycled, regenerative and responsibly sourced materials",achievement,achievement,16,,,,0.33,data/raw/hm/2022_sustainability_report.pdf,hm,2022,24,0.0833,0.0,0.0417,True,False,False,False,False,0.0,16.8,False,False,False,3
"Our sustainability-linked bond, which was issued in 2021, continues to provide an opportunity for investors to support, among other things, an accelerated transition to recycled materials and reduction of GHG emissions (scope 1, 2 and 3) in our supply chain.",42,"Towards recycled, regenerative and responsibly sourced materials",attribute,hedged,"2021,",,,Scope 1; supply chain,1.0,data/raw/hm/2022_sustainability_report.pdf,hm,2022,36,0.0,0.0,0.0,True,False,False,True,False,0.4,3.4,True,False,False,1
"Our climate goal is to reduce our absolute scope 1, 2 and 31 greenhouse gas emissions (GHG) by 56 percent by 2030, against a 2019 baseline.",42,Reducing greenhouse gas emissions,target,,56 percent,2019,2030,Scope 1,1.0,data/raw/hm/2022_sustainability_report.pdf,hm,2022,20,0.0,0.0,0.12,True,True,True,True,False,0.8,55.4,False,False,False,0
Our long-term goal is to reach net-zero by 2040.,42,Reducing greenhouse gas emissions,target,,,,2040,,0.25,data/raw/hm/2022_sustainability_report.pdf,hm,2022,8,0.0,0.0,0.27,False,False,True,False,False,0.2,82.4,False,False,False,0
"So far, we have invested in more than 20 projects focusing on increasing our share of more sustainable materials and renewable energy, phasing out coal, advancing energy efficiency and enabling carbon removals, where return on investment is measured by GHG emission reductions, not financial gain.",42,Reducing greenhouse gas emissions,attribute,,20,,,,0.5,data/raw/hm/2022_sustainability_report.pdf,hm,2022,44,0.0,0.0,0.0,True,False,False,False,False,0.2,2.6,True,False,False,0
"In January 2022, we stopped onboarding new supplier factories with on-site coal boilers.",42,Reducing greenhouse gas emissions,achievement,achievement,"2022,",,,,0.33,data/raw/hm/2022_sustainability_report.pdf,hm,2022,12,0.0,0.0,0.0,True,False,False,False,False,0.2,39.6,False,False,False,0
"In support of our overall climate goals, we aim to source 100 percent renewable electricity in both our own operations and our supply chain by 2030.",42,Reducing greenhouse gas emissions,target,hedged,100 percent,,2030,own operations; supply chain,0.75,data/raw/hm/2022_sustainability_report.pdf,hm,2022,24,0.0,0.0,0.145,True,False,True,True,False,0.6,45.0,False,False,False,0
"In 2022, we signed a multi-year carbon removal agreement with Climeworks, which covers the removal of 10,000 tons of carbon dioxide via direct air capture and storage technology.",42,Reducing greenhouse gas emissions,other,,"2022,",,,,0.5,data/raw/hm/2022_sustainability_report.pdf,hm,2022,26,0.0,0.0,0.0,True,False,False,False,False,0.2,27.5,False,False,False,0
Our tier 1 and 2 production supply chains alone contribute to the employment of around 1.3 million people.,43,Reducing greenhouse gas emissions,other,hedged,1.3 million,,,supply chain; supply chain (tier 1),1.0,data/raw/hm/2022_sustainability_report.pdf,hm,2022,15,0.0,0.0667,0.0,True,False,False,True,False,0.133,58.2,False,False,False,0
"As part of this, we assess not only our salient human rights issues on an annual basis, but also the long-term risks and impacts for different parts of our operations and value chain — such as what a shift to a net-zero and circular fashion industry could mean for future work across our value chain.",43,Reducing greenhouse gas emissions,attribute,hedged,,,,own operations; value chain,0.5,data/raw/hm/2022_sustainability_report.pdf,hm,2022,54,0.0,0.0185,0.0185,False,False,False,True,False,0.126,26.7,False,False,True,0
"Our work on wages in our supply chain was assessed as “advanced”, the second highest category, in the Platform Living Wage Financials 2022 Annual Report.",43,Fair jobs and positive social impacts,achievement,achievement,2022,,,supply chain,0.67,data/raw/hm/2022_sustainability_report.pdf,hm,2022,24,0.0,0.0,0.0,True,False,False,True,False,0.4,38.0,True,False,False,1
"Air freight makes up less than one percent of our inbound volumes, and we are active members of BSR’s Sustainable Air Freight Alliance, which drives the environmental agenda to reduce GHG emissions and promote responsible transports.",44,Logistics and distribution,other,,,,,,0.0,data/raw/hm/2022_sustainability_report.pdf,hm,2022,37,0.027,0.0,0.0,False,False,False,False,False,0.0,29.8,False,False,False,1
"One of our goals is to make 100 percent of packaging from recycled or more sustainably sourced materials, with a preference for post-consumer recycled materials.",45,Logistics and distribution,attribute,,100 percent,,,,0.5,data/raw/hm/2022_sustainability_report.pdf,hm,2022,24,0.0,0.0,0.0417,True,False,False,False,False,0.2,27.4,False,False,False,0
"In 2022, we worked to optimise the size and weight of the FSC-certified paper online packaging bags that replaced single-use plastic bags for all our brands and markets.",45,Logistics and distribution,other,,"2022,",,,,0.5,data/raw/hm/2022_sustainability_report.pdf,hm,2022,27,0.0,0.0,0.0,True,False,False,False,False,0.2,47.8,False,False,False,0
"This goes back to our majority owners, the Persson family, having a long-term perspective and genuine interest in how we as a company can contribute to a more sustainable fashion industry.",47,Sustainability – integrated in our business,attribute,hedged,,,,,0.0,data/raw/hm/2022_sustainability_report.pdf,hm,2022,31,0.0,0.0,0.0,False,False,False,False,False,0.0,28.0,False,False,False,0
"The importance and value of our sustainability work for our business is further underlined in our 2030 goal, which combine targets for company growth and profit with greenhouse gas emissions reduction.",47,Sustainability – integrated in our business,other,,2030,,,,0.5,data/raw/hm/2022_sustainability_report.pdf,hm,2022,30,0.0,0.0,0.0667,True,False,False,False,False,0.2,24.1,False,False,False,0
"By building strategic partnerships with key stakeholders and growing in different innovative ways such as circular business models, we can continue to offer our customers unbeatable value and access to a more sustainable lifestyle, while supporting the transition towards a circular, net-zero fashion industry.",47,Sustainability – integrated in our business,attribute,,,,,,0.0,data/raw/hm/2022_sustainability_report.pdf,hm,2022,44,0.0,0.0,0.0,False,False,False,False,False,0.0,-7.0,False,False,False,1
"Our vision is to lead the change towards achieving a circular fashion industry with net-zero climate impact, while being a fair and equal company.",47,Sustainability – integrated in our business,attribute,,,,,,0.0,data/raw/hm/2022_sustainability_report.pdf,hm,2022,24,0.0,0.0,0.0,False,False,False,False,False,0.0,41.5,False,False,False,0
"Reduce absolute scope 1, 2 and 31 greenhouse gas (GHG) emissions by 56 percent (baseline 2019).",49,Key sustainability goals,other,,56 percent,,,Scope 1,1.0,data/raw/hm/2022_sustainability_report.pdf,hm,2022,11,0.0,0.0,0.0,True,False,False,True,False,0.4,41.9,False,False,False,0
Achievement 2022: 8 percent reduction in scope 1 and 2 emissions and 7 percent reduction in scope 3 emissions (from 2019 baseline).,49,Key sustainability goals,other,,8 percent,2019,,Scope 1; Scope 3,1.0,data/raw/hm/2022_sustainability_report.pdf,hm,2022,15,0.0,0.0,0.0,True,True,False,True,False,0.6,22.4,False,False,False,1
2030: 100 percent of our materials in commercial goods to be either recycled or other more sustainably sourced materials.,49,Key sustainability goals > Materials and resources,attribute,,100 percent,,,,0.5,data/raw/hm/2022_sustainability_report.pdf,hm,2022,17,0.0,0.0,0.0,True,False,False,False,False,0.2,30.3,False,False,False,0
2025: 30 percent of our materials in commercial goods to be certified recycled.,49,Key sustainability goals > Materials and resources,attribute,,30 percent,,,,0.5,data/raw/hm/2022_sustainability_report.pdf,hm,2022,11,0.0,0.0,0.0,True,False,False,False,False,0.2,41.9,True,False,False,0
"2030: Make 100 percent of packaging from recycled or other more sustainably sourced materials, with a preference for post-consumer recycled materials.",49,Key sustainability goals > Materials and resources,attribute,,100 percent,,,,0.5,data/raw/hm/2022_sustainability_report.pdf,hm,2022,19,0.0,0.0,0.0,True,False,False,False,False,0.2,9.4,False,False,False,0
Above goals for 2025 and 2030 are part of our new water strategy.,49,Key sustainability goals > Materials and resources,other,,2025,,,,0.5,data/raw/hm/2022_sustainability_report.pdf,hm,2022,11,0.0,0.0,0.0909,True,False,False,False,False,0.2,80.3,False,False,False,0
"We reduced the relative production water usage by 38 percent, compared to 2017 baseline (driven by a 21% water recycling rate and 21% improvement in relative water efficiency).",49,Key sustainability goals > Materials and resources,achievement,achievement,38 percent,2017,,,0.67,data/raw/hm/2022_sustainability_report.pdf,hm,2022,24,0.0,0.0,0.0,True,True,False,False,False,0.4,6.2,False,False,False,0
"All this will further improve the resilience of our business and supply chain and is crucial for the journey towards a net-zero, circular fashion industry.",51,Innovation and collaboration,attribute,firm,,,,supply chain,0.5,data/raw/hm/2022_sustainability_report.pdf,hm,2022,25,0.0,0.0,0.04,False,False,False,True,False,0.2,39.3,False,True,False,0
"Although all our investments are long-term, they have in a short time created significant value both financially and operationally — for example by improving customer experience and enabling scaling and commercialisation of recycled and more sustainably sourced materials.",51,Innovation and collaboration,attribute,,,,,,0.0,data/raw/hm/2022_sustainability_report.pdf,hm,2022,37,0.027,0.0,0.0,False,False,False,False,False,0.0,-6.8,False,False,False,0
"By engaging with policymakers, we also help shape a legislative environment that will support a more sustainable fashion sector of the future.",52,Innovation and collaboration,attribute,firm,,,,,0.0,data/raw/hm/2022_sustainability_report.pdf,hm,2022,22,0.0,0.0,0.0909,False,False,False,False,False,0.0,26.8,False,True,False,0
This document is H&M Group’s Annual and Sustainability Report detailing our financial and non-financial performance in the year from 1 December 2022 to 30 November 2023 (the 2023 financial year).,3,How we report,other,,1,2022,,,0.5,data/raw/hm/2023_sustainability_report.pdf,hm,2023,27,0.0,0.0,0.0,True,True,False,False,False,0.4,19.6,False,False,False,0
"We are continually working to develop our business model in order to add profitable growth while at the same time reducing our energy consumption, increasing the percentage of renewable energy and reducing our climate footprint, so that we can contribute to a more sustainable fashion industry.",4,How we report,attribute,hedged,,,,,0.0,data/raw/hm/2023_sustainability_report.pdf,hm,2023,46,0.0,0.0,0.0,False,False,False,False,False,0.0,7.5,False,False,False,0
"For example, we continued to increase the percentage of recycled or sustainably sourced materials in the collections, reaching a level of 85 percent in 2023.",4,How we report,attribute,,85 percent,,,,0.5,data/raw/hm/2023_sustainability_report.pdf,hm,2023,23,0.0435,0.0,0.0,True,False,False,False,False,0.026,29.0,False,False,False,0
Our goal is for 100 percent of our materials to be made from recycled or sustainably sourced materials by 2030.,4,How we report,target,,100 percent,,2030,,0.5,data/raw/hm/2023_sustainability_report.pdf,hm,2023,18,0.0,0.0,0.1311,True,False,True,False,False,0.4,52.3,False,False,False,0
Our climate goals are set high and results show that we reduced greenhouse gas emissions by 22 percent in 2023.,4,How we report,achievement,achievement,22 percent,,,,0.33,data/raw/hm/2023_sustainability_report.pdf,hm,2023,18,0.0,0.0,0.0556,True,False,False,False,False,0.2,66.4,False,False,False,0
This takes us even closer to our science-based targets that include a 56 percent reduction1 in greenhouse gas emissions by 2030 – being among the most ambitious in our industry.,4,How we report,target,,56 percent,,2030,,0.5,data/raw/hm/2023_sustainability_report.pdf,hm,2023,27,0.037,0.0,0.0941,True,False,True,False,True,0.452,35.3,False,False,False,1
1) Refers to science-based targets for own operations (scope 1 and 2) and for the company’s entire value chain (scope 3) and excludes the use of sold products.,4,How we report,other,,1,,,Scope 1; Scope 3; own operations; value chain,1.0,data/raw/hm/2023_sustainability_report.pdf,hm,2023,25,0.0,0.0,0.04,True,False,False,True,True,0.6,46.1,False,False,False,0
"With a strong customer focus, committed colleagues and an increased pace of investment we see good conditions for continued profitable and sustainable growth in 2024.",4,How we report,other,firm,,,,,0.0,data/raw/hm/2023_sustainability_report.pdf,hm,2023,24,0.0833,0.0,0.0417,False,False,False,False,False,0.0,30.9,False,False,False,1
Climate: % absolute reduction in GHG emissions (scope 1 and 2) compared with 2019 baseline.,7,Key figures,other,,1,2019,,Scope 1,1.0,data/raw/hm/2023_sustainability_report.pdf,hm,2023,11,0.0,0.0,0.0,True,True,False,True,False,0.6,26.5,False,False,False,0
Climate: % absolute reduction in GHG emissions (scope 3)3 compared with 2019 baseline.,7,Key figures,other,,3,2019,,Scope 3,1.0,data/raw/hm/2023_sustainability_report.pdf,hm,2023,10,0.0,0.0,0.0,True,True,False,True,False,0.6,19.0,False,False,False,0
"H&M Group was identified as one of six overall leaders of 130 participating companies in the 2023 Material Change Index, based on the company’s submitted data to the Materials Benchmark programme.",8,Key figures > Textile Exchange Material Change Index,achievement,achievement,130,,,,0.33,data/raw/hm/2023_sustainability_report.pdf,hm,2023,31,0.0,0.0,0.0,True,False,False,False,False,0.2,22.5,True,False,False,1
"H&M Group was one of two companies that received a level 4 (leading) score on all three sections — Business Integration, Circular Economy, and Impact Areas.",8,Key figures > Textile Exchange Material Change Index,achievement,achievement,4,,,,0.33,data/raw/hm/2023_sustainability_report.pdf,hm,2023,25,0.04,0.0,0.0,True,False,False,False,False,0.04,32.6,False,False,False,1
H&M Group achieved a 22 percent reduction in scope 3 emissions from a 2019 baseline.,8,Key figures > Climate impact,achievement,achievement,22 percent,2019,,Scope 3,1.0,data/raw/hm/2023_sustainability_report.pdf,hm,2023,13,0.0,0.0,0.0,True,True,False,True,False,0.6,50.5,False,False,False,0
"In addition, a 29 percent reduction in electricity intensity in H&M Group stores from a 2016 baseline exceeded the group’s 25 percent goal seven years early, contributing to the reduction in scope 1 and 2 emissions.",8,Key figures > Climate impact,achievement,achievement,29 percent,2016,,Scope 1,1.0,data/raw/hm/2023_sustainability_report.pdf,hm,2023,33,0.0,0.0,0.0303,True,True,False,True,False,0.6,19.5,False,False,False,0
H&M Group was included in the Dow Jones Sustainability World Index for the 12th year running.,8,Key figures > Dow Jones Sustainability Indices,other,achievement,,,,,0.0,data/raw/hm/2023_sustainability_report.pdf,hm,2023,17,0.0,0.0,0.0,False,False,False,False,False,0.0,55.2,True,False,False,0
"In 2023, the group reached a score of 58/100, with highest possible or best-in-class scores in climate-related management strategies and human rights assessment.",8,Key figures > Dow Jones Sustainability Indices,achievement,achievement,"2023,",,,,0.33,data/raw/hm/2023_sustainability_report.pdf,hm,2023,21,0.0476,0.0,0.0,True,False,False,False,False,0.01,24.4,False,False,False,1
"1) The baseline for the sales goal is 2021, while the baseline for reducing greenhouse gas emissions is 2019.",9,Our business idea,other,,"2021,",,,,0.5,data/raw/hm/2023_sustainability_report.pdf,hm,2023,16,0.0,0.0,0.0625,True,False,False,False,False,0.2,53.1,False,False,False,0
H&M Group’s goal is to reduce its greenhouse gas (GHG) emissions in absolute figures by 56 percent by 2030 (baseline 2019) in accordance with the Science Based Targets initiative (SBTi).,9,Our business idea,target,,56 percent,,2030,,0.5,data/raw/hm/2023_sustainability_report.pdf,hm,2023,29,0.0,0.0,0.1234,True,False,True,False,True,0.6,40.3,False,False,False,0
"This includes scope 1, 2 and 3 GHG emissions, and is excluding indirect emissions from use of sold products.",9,Our business idea,other,,"1,",,,Scope 1,1.0,data/raw/hm/2023_sustainability_report.pdf,hm,2023,16,0.0,0.0,0.0,True,False,False,True,False,0.4,47.8,False,False,False,0
"The store design focuses on circularity in both materials and design and encompasses materials such as bamboo wardrobes, recycled plastic display cases and a rail system made with recycled aluminium.",10,Our culture and values,attribute,,,,,,0.0,data/raw/hm/2023_sustainability_report.pdf,hm,2023,30,0.0,0.0,0.0,False,False,False,False,False,0.0,10.0,False,False,False,0
"The majority of our stores (91 percent) are equipped with LED lighting, which contributes to the reduction of electricity use per square meter with 29 percent compared to the base year 2016, surpassing our target of a 25 percent reduction seven years early.",10,Our culture and values,other,,91 percent,2016,,,0.5,data/raw/hm/2023_sustainability_report.pdf,hm,2023,39,0.0,0.0,0.0256,True,True,False,False,False,0.4,19.7,True,False,False,0
"The decisions we make at this stage determine the materials and processes we use, the expected lifetime of products we create for each assortment, and the potential for those products to be repaired, reused or recycled.",12,Circular customer journeys,attribute,,,,,,0.0,data/raw/hm/2023_sustainability_report.pdf,hm,2023,36,0.0,0.0556,0.0,False,False,False,False,False,0.0,31.6,True,False,False,0
"These include garment rental, second-hand, remake, repairs, alterations, garment collecting for textile reuse and recycling, and preferred delivery options1 — all to help customers make well-informed choices, while creating new revenue streams and supporting our sustainability goals.",12,Circular customer journeys,other,,,,,,0.0,data/raw/hm/2023_sustainability_report.pdf,hm,2023,36,0.0,0.0,0.0278,False,False,False,False,False,0.0,-3.6,False,False,False,0
A zero-emissions vehicle is one that does not emit exhaust gas or other pollutants when operational.,12,Circular customer journeys,attribute,,,,,,0.0,data/raw/hm/2023_sustainability_report.pdf,hm,2023,16,0.0,0.0,0.0,False,False,False,False,False,0.0,32.0,False,False,False,0
Systemic change is essential to achieve the transformation required for a more sustainable fashion industry.,16,Our brands,attribute,,,,,,0.0,data/raw/hm/2023_sustainability_report.pdf,hm,2023,15,0.0,0.0,0.0,False,False,False,False,False,0.0,22.4,False,False,False,0
"We invested in Rubi, a former H&M Foundation Global Change Award winner that creates man-made cellulosic fibres from industrial CO2 emissions.",16,Our brands,other,,,,,,0.0,data/raw/hm/2023_sustainability_report.pdf,hm,2023,22,0.0,0.0,0.0,False,False,False,False,False,0.0,26.8,False,False,False,0
Recycled leather from leather scraps.,16,Our brands,attribute,,,,,,0.0,data/raw/hm/2023_sustainability_report.pdf,hm,2023,5,0.0,0.0,0.0,False,False,False,False,False,0.0,49.5,False,False,False,0
"In 2023, we launched Looper Textile Co. , an independent joint venture with Remondis that provides local municipalities and retailers with solutions to extend the useful life of unwanted garments via reuse and recycling.",16,Looper Textile,achievement,achievement,"2023,",,,,0.33,data/raw/hm/2023_sustainability_report.pdf,hm,2023,32,0.0,0.0,0.0,True,False,False,False,True,0.4,29.3,False,False,False,0
"We joined Frontier, an advanced market commitment for permanent carbon removal, to support the scaling of this emerging sector — which we need to balance out the maximum residual 10 percent of our emissions after we have achieved our 2040 emission reduction target.",19,Reducing greenhouse gas emissions,target,firm,10 percent,,,,0.25,data/raw/hm/2023_sustainability_report.pdf,hm,2023,40,0.0,0.0,0.05,True,False,False,False,False,0.2,11.8,False,False,False,1
"To catalyse wider change, we advocate for policy that aims to limit global temperature rise to 1. 5°C and support legislation that accelerates the decarbonisation of our value chain.",19,Renewable electricity in Bangladesh,other,hedged,5,,,value chain,1.0,data/raw/hm/2023_sustainability_report.pdf,hm,2023,28,0.0,0.0,0.0357,True,False,False,True,False,0.4,29.5,False,False,False,1
1) Excluding indirect GHG emissions from use of sold products.,19,Renewable electricity in Bangladesh,other,,,,,,0.0,data/raw/hm/2023_sustainability_report.pdf,hm,2023,9,0.0,0.0,0.0,False,False,False,False,False,0.0,47.3,False,False,False,0
"The engagement has not yet resulted in a way forward, but will be renewed once the current revision of the GHG Protocol is finalised (likely in 2025).",19,Renewable electricity in Bangladesh,other,firm,2025,,,,0.5,data/raw/hm/2023_sustainability_report.pdf,hm,2023,26,0.0,0.0385,0.0385,True,False,False,False,True,0.246,37.3,True,True,False,0
"2) Target boundary includes 100% of scope 1 and 2 emissions, and 100% of minimum boundary scope 3 emissions (which excludes indirect emissions from use of sold products).",19,Renewable electricity in Bangladesh,other,,100%,,,Scope 1; Scope 3,1.0,data/raw/hm/2023_sustainability_report.pdf,hm,2023,22,0.0,0.0,0.0455,True,False,False,True,False,0.4,23.0,False,False,False,0
"Our goal is for 100 percent of our materials to be either recycled or sustainably sourced by 2030 (in 2023 we achieved 85 percent), including 30 percent recycled materials by 2025 and a new ambition for 50 percent recycled materials by 2030.",19,"Towards recycled, regenerative and responsibly sourced materials",target,hedged,100 percent,,2030,,0.5,data/raw/hm/2023_sustainability_report.pdf,hm,2023,34,0.0,0.0,0.1376,True,False,True,False,False,0.4,20.5,False,False,False,0
Its Infinna™ solution — man-made cellulosic fibres (MMCF) produced from recycled cotton waste — will help reduce our dependence on virgin cotton.,19,"Towards recycled, regenerative and responsibly sourced materials",attribute,firm,,,,,0.0,data/raw/hm/2023_sustainability_report.pdf,hm,2023,20,0.0,0.0,0.05,False,False,False,False,False,0.0,21.6,False,True,False,0
"Currently, our packaging is made from 79 percent recycled or sustainably sourced materials and we have reduced plastic packaging volume by 55 percent from our 2018 baseline.",21,Social impact across our value chain,achievement,achievement,79 percent,2018,,,0.67,data/raw/hm/2023_sustainability_report.pdf,hm,2023,24,0.0,0.0,0.0,True,True,False,False,False,0.4,20.3,False,False,False,0
"We focus on reducing our environmental footprint caused by packaging by optimising the overall packaging used, tackling plastic pollution, and increasing the share of recycled and sustainably sourced materials.",21,Social impact across our value chain,attribute,,,,,,0.0,data/raw/hm/2023_sustainability_report.pdf,hm,2023,29,0.0,0.0,0.0,False,False,False,False,False,0.0,-3.5,False,False,False,0
1) Includes all shell materials of commercial goods.,21,Key sustainability goals > Social impact,other,,,,,,0.0,data/raw/hm/2023_sustainability_report.pdf,hm,2023,7,0.0,0.0,0.0,False,False,False,False,False,0.0,42.6,False,False,False,0
We also engage with policymakers to help shape a legislative environment that will support a more sustainable fashion sector.,22,Collaboration and partnership,attribute,firm,,,,,0.0,data/raw/hm/2023_sustainability_report.pdf,hm,2023,19,0.0,0.0,0.0526,False,False,False,False,False,0.0,27.3,False,True,False,0
"This is creating opportunities to test new business models and new solutions faster, as well as enabling the scale-up and commercialisation of recycled and sustainably sourced materials.",23,Administration report including Corporate Governance report and sustainability,attribute,,,,,,0.0,data/raw/hm/2023_sustainability_report.pdf,hm,2023,27,0.0,0.0,0.0,False,False,False,False,False,0.0,7.1,False,False,False,0
The brands are working to shift to more circular business models for their products and services and are increasing the percentage of recycled and sustainably sourced materials in their collections.,23,Administration report including Corporate Governance report and sustainability,attribute,,,,,,0.0,data/raw/hm/2023_sustainability_report.pdf,hm,2023,30,0.0,0.0,0.0,False,False,False,False,False,0.0,26.9,False,False,False,0
"Creator Studio is a B2B service offering on-demand print services, enabling external brands and content creators to use H&M Group’s supply chain to produce their own merchandise for sale.",23,Administration report,other,,,,,supply chain,0.5,data/raw/hm/2023_sustainability_report.pdf,hm,2023,32,0.0,0.0,0.0,False,False,False,True,False,0.2,39.5,False,False,False,0
"On 18 July 2022, H&M Group announced that it had decided to begin winding down the business in Russia in a responsible manner.",23,Administration report,other,,18,2022,,,0.5,data/raw/hm/2023_sustainability_report.pdf,hm,2023,22,0.0455,0.0,0.0,True,True,False,False,False,0.218,49.9,False,False,False,1
"In the fourth quarter 2023, cash flow was not impacted by the winding down of the business and cumulative payments in 2023 amounted to around SEK 1.0 billion.",23,Administration report,achievement,achievement,1.0 billion,,,,0.33,data/raw/hm/2023_sustainability_report.pdf,hm,2023,25,0.0,0.04,0.0,True,False,False,False,False,0.04,62.2,False,False,False,0
"Direction and targets In 2023, H&M Group continued to implement its business plan, which aims to deliver long-term profitable growth in a more sustainable way.",24,Administration report,other,hedged,"2023,",,,,0.5,data/raw/hm/2023_sustainability_report.pdf,hm,2023,25,0.04,0.0,0.12,True,False,False,False,False,0.04,42.7,False,False,False,0
H&M Group’s goal is that by 2030 at the latest it will double sales while at the same time halving its greenhouse gas emissions.,24,Administration report,target,firm,2030,,2030,,0.5,data/raw/hm/2023_sustainability_report.pdf,hm,2023,25,0.0,0.0,0.14,True,False,True,False,False,0.4,76.6,False,True,False,0
"The baseline for the sales goal is 2021, while the baseline for reducing greenhouse gas emissions is 2019.",24,Administration report,other,,"2021,",,,,0.5,data/raw/hm/2023_sustainability_report.pdf,hm,2023,16,0.0,0.0,0.0625,True,False,False,False,False,0.2,53.1,False,False,False,0
"On 6 March 2024 it was announced that the H&M group and Vargas Holding launch Syre, a new venture to scale textile-totextile recycled polyester.",24,Administration report,achievement,achievement,6,2024,,,0.67,data/raw/hm/2023_sustainability_report.pdf,hm,2023,23,0.0,0.0,0.0,True,True,False,False,False,0.4,47.4,True,False,False,0
"The H&M group has secured an offtake agreement with Syre worth a total of USD 600 million over seven years, covering a significant share of the H&M group’s long-term need for recycled polyester, which is currently primarily sourced from rPET bottle-to-textile.",24,Administration report,attribute,,600 million,,,,0.5,data/raw/hm/2023_sustainability_report.pdf,hm,2023,43,0.0233,0.0,0.0,True,False,False,False,False,0.107,21.5,False,False,False,0
H&M Group’s goal is to reduce its greenhouse gas emissions in absolute figures by 56 percent by 2030 (baseline 2019) in accordance with the Science Base Targets initiative (SBTi).,24,Administration report > Five year summary,target,,56 percent,,2030,,0.5,data/raw/hm/2023_sustainability_report.pdf,hm,2023,28,0.0,0.0,0.1271,True,False,True,False,True,0.6,42.5,False,False,False,0
The fees invoiced by the auditors over the past two financial years are reported in note 11 of the Annual and Sustainability Report for 2023.,29,Corporate governance report,other,,11,,,,0.5,data/raw/hm/2023_sustainability_report.pdf,hm,2023,23,0.0,0.0,0.0,True,False,False,False,False,0.2,40.0,True,False,False,0
"In 2024, as part of the ongoing development of the company’s process to prepare for CSRD, the company will further refine the process in order to work towards including a financial materiality assessment based on input from internal experts and other external stakeholders.",36,Employee representative profiles > Material topics,other,firm,"2024,",,,,0.5,data/raw/hm/2023_sustainability_report.pdf,hm,2023,43,0.0233,0.0,0.0233,True,False,False,False,False,0.107,7.8,False,True,False,0
The findings from the 2023 materiality assessment informed the company’s update to its 2022 GRI-based materiality matrix.,36,Employee representative profiles > Material topics,other,,2023,2023,,,0.5,data/raw/hm/2023_sustainability_report.pdf,hm,2023,16,0.0,0.0,0.0,True,True,False,False,True,0.6,5.5,False,False,False,0
"Operational risks During 2023, the majority of risks related to external events, such as geopolitical uncertainty, increased regulatory demands, inflation, and high energy costs in Europe, rather than to internal business risks.",37,Employee representative profiles > Material topics,achievement,achievement,"2023,",,,,0.33,data/raw/hm/2023_sustainability_report.pdf,hm,2023,31,0.0,0.0,0.0,True,False,False,False,False,0.2,-10.2,False,False,False,0
Sustainability risks For many years H&M Group has been taking a leading role in driving change towards a more sustainable fashion future and in setting ambitious sustainability targets and strategies.,37,Employee representative profiles > Material topics,attribute,achievement,,,,,0.0,data/raw/hm/2023_sustainability_report.pdf,hm,2023,31,0.0968,0.0,0.0645,False,False,False,False,False,0.0,22.5,False,False,False,2
"Strategy In 2019, H&M Group performed its first risk analysis following the Task Force on Climate-related Financial Disclosures (TCFD) recommendations.",38,Employee representative profiles > Material topics,other,,"2019,",,,,0.5,data/raw/hm/2023_sustainability_report.pdf,hm,2023,20,0.0,0.0,0.0,True,False,False,False,False,0.2,4.6,False,False,False,0
1) RCP or Representative Concentration Pathway is an indication of the future concentration of greenhouse gases in the atmosphere as a result of human activity.,38,Employee representative profiles > Material topics,other,,,,,,0.0,data/raw/hm/2023_sustainability_report.pdf,hm,2023,24,0.0,0.0,0.0417,False,False,False,False,False,0.0,13.3,False,False,False,0
"H&M Group also aims to become a more circular business which, for example, means sourcing raw materials that are recycled or sustainably sourced and scaling up customer-facing circular business models.",38,TCFD climate risk analysis > Changes in customer attitudes and purchasing patterns,attribute,hedged,,,,,0.0,data/raw/hm/2023_sustainability_report.pdf,hm,2023,31,0.0,0.0,0.0323,False,False,False,False,False,0.0,19.8,True,False,False,0
Investments would also be needed to develop sustainably sourced materials for use in our garments.,39,TCFD climate risk analysis > Transition to lower-carbon footprint production and/ or lowemission technologies,attribute,,,,,,0.0,data/raw/hm/2023_sustainability_report.pdf,hm,2023,15,0.0,0.0667,0.0,False,False,False,False,False,0.0,33.7,True,False,True,0
"In 2023, the total spend on recycled and sustainably sourced materials and decarbonisation (e.g. energy efficiency investments in our stores and supporting its suppliers to phase out coal) was approximately SEK 2.1 billion.",39,TCFD climate risk analysis > Transition to lower-carbon footprint production and/ or lowemission technologies,achievement,achievement,2.1 billion,,,,0.33,data/raw/hm/2023_sustainability_report.pdf,hm,2023,32,0.0,0.0312,0.0,True,False,False,False,False,0.075,32.2,False,False,False,0
An innovative solution that is now under pilot is a supercritical CO2 dyeing process that will remove water entirely.,39,TCFD climate risk analysis > Increased energy and water cost,other,firm,,,,,0.0,data/raw/hm/2023_sustainability_report.pdf,hm,2023,19,0.0,0.0,0.0526,False,False,False,False,False,0.0,27.3,False,True,False,1
"By increasing the share of recycled materials, the company’s dependence on virgin raw materials is reduced.",39,TCFD climate risk analysis > Raw material availability and price,attribute,achievement,,,,,0.0,data/raw/hm/2023_sustainability_report.pdf,hm,2023,17,0.0,0.0,0.0,False,False,False,False,False,0.0,30.3,True,False,False,0
An innovative solution that is now under pilot is a supercritical CO2 dyeing process that will remove water entirely.,39,TCFD climate risk analysis > Water scarcity or extreme weather events that influence production and logistics,other,firm,,,,,0.0,data/raw/hm/2023_sustainability_report.pdf,hm,2023,19,0.0,0.0,0.0526,False,False,False,False,False,0.0,27.3,False,True,False,1
"Furthermore, the company focuses on innovative solutions aimed at increasing use of recycled materials.",40,TCFD climate risk analysis > Creation of new business-tobusiness revenue streams,attribute,,,,,,0.0,data/raw/hm/2023_sustainability_report.pdf,hm,2023,14,0.0,0.0,0.0714,False,False,False,False,False,0.0,-0.7,False,False,False,1
H&M Group also has a EUR 500 million sustainability-linked bond outstanding since 2021 focused on increasing recycled material in commercial goods and GHG emission reduction.,40,TCFD climate risk analysis > Creation of new business-tobusiness revenue streams,attribute,,500 million,,,,0.5,data/raw/hm/2023_sustainability_report.pdf,hm,2023,24,0.0,0.0,0.0,True,False,False,False,False,0.2,9.8,False,False,False,1
Scaling recycled materials and transitioning to regenerative agriculture for key virgin materials like cotton and wool can reduce the company’s material vulnerability and improve the climate resilience of both farmers and its business.,40,TCFD climate risk analysis > Creation of new business-tobusiness revenue streams,attribute,,,,,,0.0,data/raw/hm/2023_sustainability_report.pdf,hm,2023,34,0.0,0.0,0.0,False,False,False,False,False,0.0,-1.9,False,False,False,0
Our ambition is to double our revenue (from a 2021 baseline) while halving our greenhouse gas emissions1 (from a 2019 baseline) by 2030.,41,Internal audit,target,hedged,2021,2021,2030,,0.75,data/raw/hm/2023_sustainability_report.pdf,hm,2023,20,0.0,0.0,0.12,True,True,True,False,False,0.6,51.2,False,False,False,0
"Through our strategy, we support progress towards the UN Sustainable Development Goals and Agenda 2030, alongside other global commitments such as the Paris Agreement on Climate Change and the UN Declaration of Human Rights.",41,Internal audit,other,hedged,"2030,",,,,0.5,data/raw/hm/2023_sustainability_report.pdf,hm,2023,33,0.0,0.0,0.0606,True,False,False,False,False,0.2,22.1,False,False,False,1
"1) Includes scope 1, 2 and 3 GHG emissions, excluding indirect emissions from use of sold products.",41,Internal audit,other,,"1,",,,Scope 1,1.0,data/raw/hm/2023_sustainability_report.pdf,hm,2023,13,0.0,0.0,0.0,True,False,False,True,False,0.4,37.5,False,False,False,0
1) Higg Facility Environmental Module.,41,Sustainability impact areas and performance > FSLM (Higg Facility Social and Labor Module),other,,,,,,0.0,data/raw/hm/2023_sustainability_report.pdf,hm,2023,4,0.0,0.0,0.0,False,False,False,False,False,0.0,-51.0,False,False,False,0
"3) Figure corrected from the 2022 Annual and Sustainability Report, where this figure was reported as 43.",41,Sustainability impact areas and performance > FSLM (Higg Facility Social and Labor Module),achievement,achievement,2022,2022,,,0.67,data/raw/hm/2023_sustainability_report.pdf,hm,2023,14,0.0,0.0,0.0,True,True,False,False,False,0.4,29.5,True,False,False,0
"Net zero, as defined by the Science Based Targets initiative (SBTi), focuses on reducing emissions as far as possible before removing emissions that cannot be avoided.",42,Sustainability impact areas and performance > FSLM (Higg Facility Social and Labor Module),attribute,achievement,,,,,0.0,data/raw/hm/2023_sustainability_report.pdf,hm,2023,26,0.0385,0.0,0.0385,False,False,False,False,True,0.046,21.0,True,False,False,0
"By aiming for net zero we focus on reducing our absolute climate impact, supported by our public affairs work and collaboration to effect wider climate progress.",42,Sustainability impact areas and performance > FSLM (Higg Facility Social and Labor Module),attribute,hedged,,,,,0.0,data/raw/hm/2023_sustainability_report.pdf,hm,2023,26,0.0,0.0,0.0385,False,False,False,False,False,0.0,27.5,False,False,False,1
"Compared to last year, this is a decrease of 9,794 tonnes CO2e — primarily due to a relative increase in our procurement of renewable energy certificates following closure of our operations in Russia.",42,Sustainability impact areas and performance > FSLM (Higg Facility Social and Labor Module),other,,"9,794 tonnes",,,own operations,1.0,data/raw/hm/2023_sustainability_report.pdf,hm,2023,32,0.0,0.0,0.0,True,False,False,True,False,0.4,15.7,False,False,False,0
"This positive trend is primarily attributed to our ongoing efforts, including investments in recycled and sustainably sourced materials for garments and packaging, energy efficiency improvements and a shift to cleaner energy sources in our supply chain as well as decreased stock-in-trade.",42,Sustainability impact areas and performance > FSLM (Higg Facility Social and Labor Module),attribute,achievement,,,,supply chain,0.5,data/raw/hm/2023_sustainability_report.pdf,hm,2023,41,0.0244,0.0,0.0,False,False,False,True,False,0.102,-6.0,True,False,False,1
"While emissions are still linked to resource use, the development of these emission per revenue is also positive, with a 23 percent decrease in tonnes of CO2e/ SEK million compared to 2019, and 13 percent decrease compared to 2022.",42,Sustainability impact areas and performance > FSLM (Higg Facility Social and Labor Module),other,,23 percent,2019,,,0.5,data/raw/hm/2023_sustainability_report.pdf,hm,2023,36,0.0,0.0,0.0,True,True,False,False,False,0.4,29.3,False,False,False,1
"Within this programme, our energy efficiency experts have identified possible improvements that could lead to around 200,000 tonnes CO2e of annual reductions.",42,Sustainability impact areas and performance > FSLM (Higg Facility Social and Labor Module),other,hedged,"200,000 tonnes",,,,0.5,data/raw/hm/2023_sustainability_report.pdf,hm,2023,22,0.0,0.0909,0.0,True,False,False,False,False,0.0,23.0,False,False,True,0
"The project, developed by Copenhagen Infrastructure Partners (CIP), is expected to contribute to substantial job creation, stabilise energy supply, and reduce emissions by approximately 725,000 tonnes annually.",42,Sustainability impact areas and performance > FSLM (Higg Facility Social and Labor Module),other,hedged,"725,000 tonnes",,,,0.5,data/raw/hm/2023_sustainability_report.pdf,hm,2023,26,0.0385,0.1154,0.0,True,False,False,False,False,0.0,-14.8,True,False,False,0
Freshwater share in H&M Group’s supply chain reduced to 84 percent compared to 87 percent in 2022.,42,Sustainability impact areas and performance > FSLM (Higg Facility Social and Labor Module),achievement,achievement,84 percent,,,supply chain,0.67,data/raw/hm/2023_sustainability_report.pdf,hm,2023,16,0.0,0.0,0.0,True,False,False,True,False,0.4,58.4,False,False,False,0
2) Our GHG emissions accounting and reporting are aligned with the GHG Protocol.,42,Sustainability impact areas and performance > FSLM (Higg Facility Social and Labor Module),other,,,,,,0.0,data/raw/hm/2023_sustainability_report.pdf,hm,2023,12,0.0,0.0,0.0,False,False,False,False,True,0.2,39.6,True,False,False,0
"Scope 2 emissions under the market-based approach are equal to 38,451 tonnes CO2e.",42,Sustainability impact areas and performance > FSLM (Higg Facility Social and Labor Module),other,,"38,451 tonnes",,,Scope 2,1.0,data/raw/hm/2023_sustainability_report.pdf,hm,2023,12,0.0,0.0,0.0,True,False,False,True,False,0.4,46.6,False,False,False,0
"Under the location-based approach (using grid average emission factors), scope 2 emissions were 377,307 tonnes.",42,Sustainability impact areas and performance > FSLM (Higg Facility Social and Labor Module),achievement,achievement,"377,307 tonnes",,,Scope 2,0.67,data/raw/hm/2023_sustainability_report.pdf,hm,2023,13,0.0,0.0,0.0,True,False,False,True,True,0.6,11.4,False,False,False,0
"GHG emissions include carbon dioxide (CO2), methane (CH4), nitrous oxide (N2O), hydrofluorocarbons (HFCs), perfluorocarbons (PFCs) and sulphur hexafluoride (SF6).",42,Sustainability impact areas and performance > FSLM (Higg Facility Social and Labor Module),other,,,,,,0.0,data/raw/hm/2023_sustainability_report.pdf,hm,2023,20,0.0,0.0,0.0,False,False,False,False,False,0.0,13.1,False,False,False,0
"Scope 1 and 2 limitations and comments: only stores open for the full quarter are included; electricity consumption for HVAC operated by landlord not included; electricity consumption includes both actual data and estimates, where estimates are made if actual data are not received within the reporting deadline.",42,Sustainability impact areas and performance > FSLM (Higg Facility Social and Labor Module),other,,1,,,Scope 1,1.0,data/raw/hm/2023_sustainability_report.pdf,hm,2023,45,0.0,0.0444,0.0,True,False,False,True,False,0.222,-9.9,True,False,False,0
"Not all sustainably sourced materials can be naturally grown or cultivated, i.e. minerals or stones.",42,Sustainability impact areas and performance > FSLM (Higg Facility Social and Labor Module),attribute,,,,,,0.0,data/raw/hm/2023_sustainability_report.pdf,hm,2023,16,0.0,0.0,0.0,False,False,False,False,False,0.0,37.5,False,False,False,0
"We achieved 85 percent recycled or sustainably sourced materials in our commercial goods in 2023 (84 percent in 2022), including 25 percent recycled materials (23 percent in 2022).",43,Sustainability impact areas and performance > FSLM (Higg Facility Social and Labor Module),achievement,achievement,85 percent,,,,0.33,data/raw/hm/2023_sustainability_report.pdf,hm,2023,21,0.0,0.0,0.0,True,False,False,False,False,0.2,12.3,False,False,False,0
Progress was largely due to scaling use of recycled polyester and Responsible Wool Standard compliant wool.,43,Sustainability impact areas and performance > FSLM (Higg Facility Social and Labor Module),attribute,achievement,,,,,0.0,data/raw/hm/2023_sustainability_report.pdf,hm,2023,16,0.125,0.0,0.0,False,False,False,False,False,0.0,42.5,False,False,False,2
69 percent of our remaining plastic is from recycled sources and 79 percent of our packaging is now made from recycled or sustainably sourced materials.,43,Sustainability impact areas and performance > FSLM (Higg Facility Social and Labor Module),attribute,,69 percent,,,,0.5,data/raw/hm/2023_sustainability_report.pdf,hm,2023,23,0.0,0.0,0.0,True,False,False,False,False,0.2,32.7,False,False,False,0
"By exploring the social implications and opportunities of a future fashion sector, we can enable the transition to a circular, net-zero industry, alongside supporting communities, supply chains and our business to be more resilient against the effects of climate change.",43,Sustainability impact areas and performance > FSLM (Higg Facility Social and Labor Module),attribute,,,,,supply chain,0.5,data/raw/hm/2023_sustainability_report.pdf,hm,2023,40,0.0,0.0,0.025,False,False,False,True,False,0.2,3.4,False,False,False,0
6) Increasing the share of female supervisors and worker representatives is an ambition in the group’s Women’s Empowerment Strategy for the production supply chain.,43,Sustainability impact areas and performance > FSLM (Higg Facility Social and Labor Module),target,hedged,,,,supply chain,0.25,data/raw/hm/2023_sustainability_report.pdf,hm,2023,25,0.0,0.0,0.04,False,False,False,True,False,0.2,19.0,False,False,False,1
The description of economic activity 5.4 under the circular economy delegated act states that only second-hand goods used for intended purpose by customers shall be included.,45,Sustainability impact areas and performance > FSLM (Higg Facility Social and Labor Module),other,firm,5.4,,,,0.5,data/raw/hm/2023_sustainability_report.pdf,hm,2023,25,0.0,0.04,0.04,True,False,False,False,False,0.04,11.4,True,True,False,0
"7.3 Installation, maintenance and repair of energy efficient equipment H&M Group is undertaking various energy efficiency projects, many of which are immaterial or of a financial support, rather than of an investment, nature.",45,Sustainability impact areas and performance > FSLM (Higg Facility Social and Labor Module),other,hedged,7.3,,,,0.5,data/raw/hm/2023_sustainability_report.pdf,hm,2023,33,0.0606,0.0,0.0,True,False,False,False,False,0.0,20.9,False,False,False,0
"This project falls under the EU Taxonomy economic activity 7.3 installation, maintenance and repair of energy efficient equipment under climate change mitigation delegated act and is therefore included in our taxonomy reporting.",45,Sustainability impact areas and performance > FSLM (Higg Facility Social and Labor Module),other,,7.3,,,,0.5,data/raw/hm/2023_sustainability_report.pdf,hm,2023,31,0.0,0.0,0.0,True,False,False,False,False,0.2,-2.7,False,False,False,0
All of H&M Group’s new or renegotiated right of use assets fall under the EU Taxonomy economic activity 7.7 acquisition and ownership of building under climate change mitigation delegated act and are therefore included in our taxonomy reporting.,45,Sustainability impact areas and performance > FSLM (Higg Facility Social and Labor Module),other,,7.7,,,,0.5,data/raw/hm/2023_sustainability_report.pdf,hm,2023,39,0.0,0.0,0.0,True,False,False,False,False,0.2,20.0,False,False,False,0
Compliance with the technical screening criteria of not causing significant harm (DNSH) Climate change adaptation H&M Group performed its first risk analysis following the Task Force on Climate-related Disclosures (TCFD) recommendations during 2019.,45,Sustainability impact areas and performance > FSLM (Higg Facility Social and Labor Module),other,,,,,,0.0,data/raw/hm/2023_sustainability_report.pdf,hm,2023,33,0.0303,0.0,0.0,False,False,False,False,False,0.0,1.6,False,False,False,0
"In 2022 results were impacted by one-time costs of SEK 2,591 m for winding down the Russian operations and for the cost and efficiency programme.",48,"Sustainability impact areas and performance > TOTAL COMPREHENSIVE INCOME FOR THE YEAR 8,433 4,426",achievement,achievement,2022,,,,0.33,data/raw/hm/2023_sustainability_report.pdf,hm,2023,23,0.0,0.0,0.0,True,False,False,False,False,0.2,47.4,True,False,False,0
"In accordance with RFR 2, the parent company does not apply IFRS 9 with the exception of the principles in IFRS 9 regarding the time of recognition and removal of financial instruments in the balance sheet and the principles for impairment testing and recognition of expected credit losses.",54,Notes to the financial statements,other,,"2,",,,,0.5,data/raw/hm/2023_sustainability_report.pdf,hm,2023,45,0.0,0.0444,0.0,True,False,False,False,False,0.022,12.6,False,False,False,0
"For 2023, the spend on recycled and sustainably sourced materials and decarbonisation amounted to a total of SEK 2.1 billion, which has been accounted for as cost of goods sold, equipment, tools, fixture and fittings, long-term loans to suppliers, prepaid expenses, selling expenses, and administrative expenses.",54,Notes to the financial statements,achievement,achievement,2.1 billion,,,,0.33,data/raw/hm/2023_sustainability_report.pdf,hm,2023,44,0.0,0.0,0.0,True,False,False,False,False,0.2,28.8,True,False,False,0
Prepaid expenses or costs related to carbon removals do not amount to significant amounts for 2023.,54,Notes to the financial statements,other,,,,,,0.0,data/raw/hm/2023_sustainability_report.pdf,hm,2023,15,0.0667,0.0,0.0,False,False,False,False,False,0.0,33.7,False,False,False,0
"For 2023, climate change has not been assessed to have a significant impact on the financial statements nor on the estimates and assumptions made when preparing the annual report and consolidated accounts.",54,Notes to the financial statements,other,,"2023,",,,,0.5,data/raw/hm/2023_sustainability_report.pdf,hm,2023,31,0.0323,0.0323,0.0,True,False,False,False,False,0.0,22.5,True,False,False,0
"Currently 89 percent of the materials we use are recycled or sustainably sourced, with a goal of 100 percent by 20301.",4,Financial information,target,,89 percent,,2030,,0.5,data/raw/hm/2024_sustainability_report.pdf,hm,2024,18,0.0,0.0,0.1111,True,False,True,False,False,0.4,47.6,True,False,False,0
1. Refers to science-based targets for own operations (scope 1 & 2) and for the company’s entire value chain (scope 3) and excludes the use of sold products.,5,2024 Key figures,other,,1,,,Scope 1; Scope 3; own operations; value chain,1.0,data/raw/hm/2024_sustainability_report.pdf,hm,2024,24,0.0,0.0,0.0417,True,False,False,True,True,0.6,57.2,False,False,False,0
"We are also a member of Fashion Pact, an initiative that aims to speed up progress towards a net zero future for the fashion industry.",6,"Connecting fashion, music and culture",attribute,hedged,,,,,0.0,data/raw/hm/2024_sustainability_report.pdf,hm,2024,25,0.0,0.0,0.08,False,False,False,False,False,0.0,52.9,False,False,False,1
"Raising the bar with recycled material ambition As we are moving closer to achieving the target of 30 percent recycled materials by 2025, the ambition is to now aim for using 50 percent recycled by 2030.",6,"Connecting fashion, music and culture",target,hedged,30 percent,,2025,,0.5,data/raw/hm/2024_sustainability_report.pdf,hm,2024,32,0.0,0.0,0.1762,True,False,True,False,False,0.4,28.9,False,False,False,0
We are committed to inspiring ­people to express themselves by offering a wide assortment of sustainable fashion with great value for money in an inspiring shopping environment.,7,Building a foundation for continued profitable and sustainable growth,attribute,firm,,,,,0.0,data/raw/hm/2024_sustainability_report.pdf,hm,2024,27,0.0,0.0,0.037,False,False,False,False,False,0.0,25.9,True,False,False,1
"By investing in and streamlining our brands and supply chain, paired with maintained cost control, our cash flow from operating activities amounted to SEK 32 billion and an improved operating margin, although we didn’t reach our ambition of 10 percent.",7,Building a foundation for continued profitable and sustainable growth,target,hedged,32 billion,,,supply chain,0.5,data/raw/hm/2024_sustainability_report.pdf,hm,2024,39,0.0256,0.0,0.0256,True,False,False,True,False,0.298,21.9,False,False,False,0
"These investments complement our customer offering and include new business models, direct-to-consumer brands and new recycled materials.",7,Building a foundation for continued profitable and sustainable growth,attribute,,,,,,0.0,data/raw/hm/2024_sustainability_report.pdf,hm,2024,17,0.0,0.0,0.0,False,False,False,False,False,0.0,0.5,False,False,False,0
"We have identified four areas where we have the greatest potential: Decarbonising our supply chain, shifting towards recycled or sustainably sourced materials, optimising production to match demand and scaling circular business models to keep materials in use and extend product life.",8,Creating fashion that excites,attribute,,,,,supply chain,0.5,data/raw/hm/2024_sustainability_report.pdf,hm,2024,41,0.0,0.0,0.0,False,False,False,True,False,0.2,2.2,False,False,False,0
"In 2024 we integrated sustainability even further into our business, for example in our design and product development processes.",8,Creating fashion that excites,other,,2024,,,,0.5,data/raw/hm/2024_sustainability_report.pdf,hm,2024,18,0.0,0.0,0.0,True,False,False,False,False,0.2,5.3,False,False,False,0
"In 2024, our scope 3 greenhouse gas emissions decreased by 24 percent compared to our 2019 baseline.",8,Creating fashion that excites,achievement,achievement,24 percent,2019,,Scope 3,1.0,data/raw/hm/2024_sustainability_report.pdf,hm,2024,13,0.0,0.0,0.0,True,True,False,True,False,0.6,44.0,False,False,False,0
This sets us up well to reach our long-term goal of reducing greenhouse gas emissions by 56 percent by 2030.,8,Creating fashion that excites,target,,56 percent,,2030,,0.5,data/raw/hm/2024_sustainability_report.pdf,hm,2024,18,0.0,0.0,0.1311,True,False,True,False,False,0.4,71.1,False,False,False,0
"Currently, 85 percent of the materials we use are recycled or sustainably sourced, and we aim to make that 100 percent by 2030.",8,Creating fashion that excites,target,hedged,85 percent,,2030,,0.5,data/raw/hm/2024_sustainability_report.pdf,hm,2024,20,0.0,0.0,0.12,True,False,True,False,False,0.4,51.2,True,False,False,0
We will take significant steps forward in 2025 and keep working to build the foundation for ­continued profitable and sustainable growth.,8,Creating fashion that excites,other,firm,2025,,,,0.5,data/raw/hm/2024_sustainability_report.pdf,hm,2024,20,0.1,0.0,0.05,True,False,False,False,False,0.0,46.9,False,True,False,0
"We believe fashion should be accessible to everyone and that our products should be made in a responsible way, and designed to be used, re­used and recycled.",10,Our ­ business > Our integrated sustainability focus,attribute,hedged,,,,,0.0,data/raw/hm/2024_sustainability_report.pdf,hm,2024,28,0.0357,0.0357,0.0,False,False,False,False,False,0.0,48.5,True,False,True,1
"Therefore, we focus on optimising our production and resource use, decarbonising our value chain, shifting to recycled and sustainably sourced materials, and scaling circular business models while respecting human rights.",10,Our ­ business > Our integrated sustainability focus,attribute,,,,,value chain,0.5,data/raw/hm/2024_sustainability_report.pdf,hm,2024,30,0.0,0.0,0.0,False,False,False,True,False,0.2,1.5,False,False,False,0
"Ambitious long-term targets We have three ambitious long-term targets: ­long-term sales growth of at least 10 percent per year, an operating margin that exceeds 10 percent and a 56 ­percent reduction in greenhouse gas (GHG) emissions no later than 2030, with 2019 as a baseline2.",10,Shared operational enablers – foundations for success,target,,10 percent,,2030,,0.5,data/raw/hm/2024_sustainability_report.pdf,hm,2024,40,0.05,0.0,0.05,True,False,True,False,False,0.2,26.6,False,False,False,2
"Key initiatives Circular design principles Our design process prioritises responsibly sourced, durable materials and methods, supporting repair, reuse and recycling, all aimed at prolonging product lifespan and minimising negative environmental impact.",14,Customer in focus,attribute,,,,,,0.0,data/raw/hm/2024_sustainability_report.pdf,hm,2024,31,0.0,0.0,0.0323,False,False,False,False,False,0.0,-26.6,False,False,False,0
"In 2024, 89 percent of the materials were either recycled or sustainably sourced, of which 29.5 percent were recycled.",14,Circular customer journeys,achievement,achievement,89 percent,,,,0.33,data/raw/hm/2024_sustainability_report.pdf,hm,2024,16,0.0,0.0,0.0,True,False,False,False,False,0.2,45.4,True,False,False,0
We have also launched a new ambition for 50 percent recycled materials by 20301.,14,Circular customer journeys,target,hedged,50 percent,,2030,,0.5,data/raw/hm/2024_sustainability_report.pdf,hm,2024,12,0.0,0.0,0.1667,True,False,True,False,False,0.4,46.6,False,False,False,0
"The investments are complementing H&M Group’s customer offering, including business models, enablers, direct-to-consumer brands and new recycled materials.",18,Singular Society Welcome to the next generation of retail,attribute,,,,,,0.0,data/raw/hm/2024_sustainability_report.pdf,hm,2024,20,0.0,0.0,0.0,False,False,False,False,False,0.0,-3.8,False,False,False,0
"Looper Textile In 2023, we launched Looper Textile Co., an independent joint venture with Remondis that provides local municipalities and retailers with collecting and sorting solutions to extend the useful life of no longer used garments via reuse and recycling.",18,Driving entrepreneurship and innovation,achievement,achievement,"2023,",,,,0.33,data/raw/hm/2024_sustainability_report.pdf,hm,2024,39,0.0,0.0,0.0,True,False,False,False,True,0.4,28.7,False,False,False,0
"To complement these efforts, new growth & ventures invests in pioneering startups that share our vision of sustainable fashion and retail technology.",18,Driving entrepreneurship and innovation,attribute,,,,,,0.0,data/raw/hm/2024_sustainability_report.pdf,hm,2024,21,0.0,0.0,0.0,False,False,False,False,False,0.0,32.4,False,False,False,1
"In 2024, the Foundation has sharpened its focus on climate solutions that ­promote fairness and justice.",18,Innovation initiatives > H&M Foundation,other,,"2024,",,,,0.5,data/raw/hm/2024_sustainability_report.pdf,hm,2024,15,0.0,0.0,0.0,True,False,False,False,False,0.2,45.0,False,False,False,0
"This year’s Global Change Award Summit ­gathered changemakers, systems thinkers, suppliers, brands, industry experts, investors and more in ­Mumbai, India, under the theme ‘How can we accelerate innovation and what actions can we take today to create the net zero industry of tomorrow?’.",18,Innovation initiatives > H&M Foundation,attribute,,,,,,0.0,data/raw/hm/2024_sustainability_report.pdf,hm,2024,44,0.0,0.0,0.0,False,False,False,False,False,0.0,38.4,False,False,False,1
"Recycled and sustainably sourced ­materials As we are very reliant on materials, our commitment to investing in startups focused on new innovative materials remains steadfast.",19,Building an even more ­ responsive and responsible value chain,attribute,firm,,,,,0.0,data/raw/hm/2024_sustainability_report.pdf,hm,2024,25,0.0,0.0,0.04,False,False,False,False,False,0.0,8.9,False,False,False,1
"Our long-term ambition is to only use recycled or sustainably sourced materials and in 2024 we took decisive steps to increase use of recycled and sustain­ably sourced materials, such as organic cotton, recycled polyester and innovative fibres made from re­­ newable sources.",19,Building an even more ­ responsive and responsible value chain,target,hedged,2024,,,,0.25,data/raw/hm/2024_sustainability_report.pdf,hm,2024,42,0.0,0.0,0.0238,True,False,False,False,False,0.2,9.1,False,False,False,1
The fees invoiced by the auditors over the past two financial years are reported in note 11 of the annual and sustainability report for 2024.,22,H&M Group’s governance structure > Votes and capital represented at the H&M group’s annual general meeting,other,,11,,,,0.5,data/raw/hm/2024_sustainability_report.pdf,hm,2024,23,0.0,0.0,0.0,True,False,False,False,False,0.2,40.0,True,False,False,0
"This has primarily concerned accounting, IFRS 16 effects, audit, tax, customs duties, internal control, risk, and various new regulations, legislations and directives, including the EU’s new Corporate Sustainability Reporting Directive (CSRD).",23,H&M Group’s governance structure > Votes and capital represented at the H&M group’s annual general meeting,other,,16,,,,0.5,data/raw/hm/2024_sustainability_report.pdf,hm,2024,31,0.0323,0.0,0.0,True,False,False,False,False,0.071,-10.2,False,False,False,0
The company’s first Task Force on Climate-related Financial Disclosures (TCFD) analysis was conducted in 2019.,26,Employee representative profiles > SOFIA ALMBRANDT,other,achievement,,,,,0.0,data/raw/hm/2024_sustainability_report.pdf,hm,2024,15,0.0,0.0,0.0,False,False,False,False,False,0.0,11.1,True,False,False,0
"The company’s focus recycled and sustainably sourced materials, use of innovative materials, further improved planning accuracy, and growth in new and circular business models will improve the resilience of H&M Group’s business and supply chain by reducing dependence on limited natural resources.",27,Employee representative profiles > SOFIA ALMBRANDT,attribute,firm,,,,supply chain,0.5,data/raw/hm/2024_sustainability_report.pdf,hm,2024,45,0.0222,0.0,0.0444,False,False,False,True,False,0.111,-6.2,False,True,False,1
"The company’s focus is to further accelerating investments in shifting towards circular design principles, recycled and sustainably sourced materials, optimising production and resource use, and scaling circular business models and solutions across our value chain.",27,Employee representative profiles > SOFIA ALMBRANDT,attribute,,,,,value chain,0.5,data/raw/hm/2024_sustainability_report.pdf,hm,2024,36,0.0,0.0,0.0,False,False,False,True,False,0.2,-10.7,False,False,False,0
"Our customers are at the heart of everything we do and for almost 30 years, we have been working with sustainability to meet their expectations and build a resilient business.",29,Our approach to sustainability,achievement,achievement,30,,,,0.33,data/raw/hm/2024_sustainability_report.pdf,hm,2024,29,0.0,0.0345,0.0,True,False,False,False,False,0.062,37.4,False,False,False,0
"We aim to support the transition towards a sustainable design and ­fashion industry by offering our ­customers responsibly made products, designed to be used, reused and recycled.",29,Our approach to sustainability,attribute,hedged,,,,,0.0,data/raw/hm/2024_sustainability_report.pdf,hm,2024,27,0.0,0.0,0.037,False,False,False,False,False,0.0,19.6,True,False,False,0
"In 2023, we began developing our materiality analysis process to align our approach with the Corporate Sustainability Reporting Directive (CSRD) and the European Sustainability Reporting Standards (ESRS), along with EFRAG’s Implementation Guidance for Double Materiality.",29,Our approach to sustainability,other,,"2023,",,,,0.5,data/raw/hm/2024_sustainability_report.pdf,hm,2024,35,0.0,0.0,0.0,True,False,False,False,False,0.2,-24.5,False,False,False,0
The annual and sustaina­bility report 2024 and our impact materiality analysis has been prepared to align with the format of the upcoming reporting requirements but does not claim any compliance with the CSRD or the ESRS.,29,Our approach to sustainability,achievement,achievement,2024,,,,0.33,data/raw/hm/2024_sustainability_report.pdf,hm,2024,36,0.0,0.0,0.0,True,False,False,False,False,0.2,22.2,True,False,False,0
"Product quality, design and durability, ­product transparency and traceability, ­sustainably sourced materials, garment ­collecting and ­recycling, overall impacts of products and business models on ­people and the ­environment.",29,Our approach to sustainability,attribute,,,,,,0.0,data/raw/hm/2024_sustainability_report.pdf,hm,2024,28,0.0,0.0,0.0,False,False,False,False,False,0.0,-18.0,False,False,False,0
"Therefore, we aim to build a resilient ­business and value chain that supports the transition towards a sustainable fashion industry.",30,Our value chain,attribute,hedged,,,,value chain,0.5,data/raw/hm/2024_sustainability_report.pdf,hm,2024,20,0.0,0.0,0.05,False,False,False,True,False,0.2,34.3,False,False,False,0
Transitioning to a net zero value chain Our climate transition plan functions as a strategic action plan for our organisation to reach our 2030 climate targets.,31,Our value chain > • Monitoring and reporting prioritised sustainability matters. Relevant,attribute,,2030,,,value chain,1.0,data/raw/hm/2024_sustainability_report.pdf,hm,2024,25,0.0,0.0,0.12,True,False,False,True,False,0.4,35.9,False,False,False,0
"While climate change poses a risk to our current business model, it also creates opportunities for us to accelerate the transition towards a sustainable fashion industry and adapt our strategy by decoupling our growth from resource use and extraction.",31,Our value chain > • Monitoring and reporting prioritised sustainability matters. Relevant,attribute,,,,,,0.0,data/raw/hm/2024_sustainability_report.pdf,hm,2024,39,0.0,0.0,0.0,False,False,False,False,False,0.0,15.4,False,False,False,1
"Policies and procedures Our work is guided by our environmental policy, which states that we are committed to reducing our climate impact in line with the Paris Agreement to limit global warming to 1.5°C.",31,Our value chain > • Monitoring and reporting prioritised sustainability matters. Relevant,other,firm,1.5,,,,0.5,data/raw/hm/2024_sustainability_report.pdf,hm,2024,34,0.0,0.0,0.0294,True,False,False,False,False,0.2,42.8,True,False,False,1
Targets and actions To reach our ambition and limit global warming to 1.5°C we have set targets related to our GHG emissions and energy consumption across our value chain.,32,Our climate action framework,target,hedged,1.5,,,value chain,0.5,data/raw/hm/2024_sustainability_report.pdf,hm,2024,29,0.0,0.0,0.1034,True,False,False,True,False,0.4,55.0,False,False,False,0
"Reducing absolute GHG emssions H&M Group has set targets to reduce absolute scope 1 and 2 GHG emissions by 56 percent by 2030, against a 2019 baseline, and to reduce absolute scope 3 GHG emissions by 56 percent by 2030, against a 2019 baseline.",32,Our climate action framework,target,,56 percent,2019,2030,Scope 1; Scope 3,1.0,data/raw/hm/2024_sustainability_report.pdf,hm,2024,36,0.0,0.0,0.1033,True,True,True,True,False,0.8,29.3,False,False,False,0
"In addition, we have set targets to reduce absolute scope 1 and 2 GHG ­emissions by 90 percent by 2040, and to reduce absolute scope 3 GHG ­emissions by 90 percent by 2040, against a 2019 baseline.",32,Our climate action framework,target,,90 percent,2019,2040,Scope 1; Scope 3,1.0,data/raw/hm/2024_sustainability_report.pdf,hm,2024,29,0.0,0.0,0.1234,True,True,True,True,False,0.8,40.3,False,False,False,0
"In 2040, our ­overall target is to reach net zero by balancing out any remaining emissions through the use of permanent carbon dioxide removal.",32,Our climate action framework,attribute,,"2040,",,,,0.5,data/raw/hm/2024_sustainability_report.pdf,hm,2024,23,0.0,0.0,0.0435,True,False,False,False,False,0.2,36.4,False,False,False,0
These targets have been validated against Science Based Targets initiative (SBTi) net zero standard and were formally approved by the SBTi during 2022 as being in line with what the latest climate science regards as necessary to limit global warming to 1.5°C above pre-industrial levels.,32,Our climate action framework,achievement,achievement,2022,,,,0.33,data/raw/hm/2024_sustainability_report.pdf,hm,2024,44,0.0,0.0,0.0455,True,False,False,False,True,0.4,40.3,True,False,False,0
"For our stores, we have set a target to achieve a 36 percent reduction in electricity consumption per square metre and opening hour by 2030, against a 2016 baseline.",32,Our climate action framework,target,,36 percent,2016,2030,,0.75,data/raw/hm/2024_sustainability_report.pdf,hm,2024,26,0.0,0.0,0.0969,True,True,True,False,False,0.6,40.5,False,False,False,0
"For our own operations as a whole, we have set a target to source 100 percent renewable electricity, including at least 50 percent from power purchase agreements with new renewable electricity generation by 2030.",32,Our climate action framework,target,,100 percent,2030,2030,own operations,1.0,data/raw/hm/2024_sustainability_report.pdf,hm,2024,31,0.0,0.0,0.0845,True,True,True,True,False,0.8,17.1,False,False,False,0
We have also set a target to completely phase out coal from our garment supply chain by 2026.,32,Our climate action framework,target,,,,2026,supply chain,0.5,data/raw/hm/2024_sustainability_report.pdf,hm,2024,17,0.0,0.0,0.0788,False,False,True,True,False,0.4,70.1,False,False,False,0
"Key actions and decarbonisation levers Current levers towards reaching our 2030 climate targets, in line with limiting global warming to 1.5°C, mainly focus on implemented regulations and public policies, currently available technology and prevailing market conditions.",32,Our climate action framework,other,,2030,,,,0.5,data/raw/hm/2024_sustainability_report.pdf,hm,2024,35,0.0,0.0,0.0286,True,False,False,False,False,0.2,7.8,False,False,False,0
"To date, we have signed ten PPAs with solar parks in the UK (1), Spain (3), the US (1), Poland (1) and Sweden (4).",32,Our climate action framework,other,,1,,,,0.5,data/raw/hm/2024_sustainability_report.pdf,hm,2024,19,0.0,0.0,0.0,True,False,False,False,False,0.2,85.1,False,False,False,0
"At the end of 2024, five PPAs were operational and covered 20 percent of our total electricity consumption, up from 10 percent last year.",32,Our climate action framework,achievement,achievement,20 percent,,,,0.33,data/raw/hm/2024_sustainability_report.pdf,hm,2024,21,0.0,0.0,0.0,True,False,False,False,False,0.2,40.5,False,False,False,0
"The total capacity secured through the signed PPAs is 380 MW, and is expected to generate 600 GWh of renewable electricity annually when operational.",32,Our climate action framework,other,,600 GWh,,,,0.5,data/raw/hm/2024_sustainability_report.pdf,hm,2024,22,0.0,0.0909,0.0,True,False,False,False,False,0.0,11.5,True,False,False,0
"In 2024, we sourced renewable electricity equal to 96 percent of the group’s total electricity use.",32,Our climate action framework,other,,96 percent,,,,0.5,data/raw/hm/2024_sustainability_report.pdf,hm,2024,15,0.0,0.0,0.0,True,False,False,False,False,0.2,28.1,False,False,False,0
The engagement has not yet resulted in a way ­forward but will be renewed once the current revision of the GHG Protocol is finalised (likely in 2026).,32,Our climate action framework > H&M Group’s GHG emission reduction targets,other,firm,2026,,,,0.5,data/raw/hm/2024_sustainability_report.pdf,hm,2024,26,0.0,0.0385,0.0385,True,False,False,False,True,0.246,37.3,True,True,False,0
100 percent of minimum boundary scope 3 emissions (which excludes ­indirect emissions from use of sold products).,32,Our climate action framework > H&M Group’s GHG emission reduction targets,other,,100 percent,,,Scope 3,1.0,data/raw/hm/2024_sustainability_report.pdf,hm,2024,15,0.0,0.0,0.0,True,False,False,True,False,0.4,28.1,False,False,False,0
"Production of goods and materials in the supply chain In 2024, the production of goods in tier 1, 2 and 3 accounted for about 48 percent of H&M Group’s total GHG emissions.",32,Our climate action framework > Our supply chain,other,,48 percent,,,supply chain; supply chain (tier 1),1.0,data/raw/hm/2024_sustainability_report.pdf,hm,2024,29,0.0,0.0345,0.0,True,False,False,True,False,0.262,52.0,False,False,False,0
"In 2024, the energy efficiency programme enrolled 78 new facilities, identifying potential reductions of more than 656,000 tonnes CO2e throughout the year.",32,Our climate action framework > • Energy efficiency. Our team of energy experts provides suppliers with free,other,,"656,000 tonnes",,,,0.5,data/raw/hm/2024_sustainability_report.pdf,hm,2024,20,0.0,0.0,0.0,True,False,False,False,False,0.2,17.3,False,False,False,0
"Since its launch in 2021, the programme has initiated 1027 projects, which have been or are being implemented by suppliers, resulting in total expected annual reductions of 350,000 tonnes CO2e.",32,Our climate action framework > • Energy efficiency. Our team of energy experts provides suppliers with free,achievement,achievement,"350,000 tonnes",,,,0.33,data/raw/hm/2024_sustainability_report.pdf,hm,2024,28,0.0,0.0714,0.0,True,False,False,False,False,0.0,39.4,True,False,False,0
"Since the start, we have funded a total of 23 projects with the potential emission reduction of 148,000 tonnes Co2e annually, of which 67,000 tonnes CO2e can be attributed to H&M Group’s efforts.",32,Our climate action framework > • Energy efficiency. Our team of energy experts provides suppliers with free,other,,"148,000 tonnes",,,,0.5,data/raw/hm/2024_sustainability_report.pdf,hm,2024,34,0.0,0.0,0.0,True,False,False,False,False,0.2,45.4,True,False,False,0
"During 2024, the operational projects resulted in a reduction of 98,000 tonnes CO2e, of which 45,000 tonnes CO2e can be attributed to H&M Group, as specified in note 1.",32,Our climate action framework > • Energy efficiency. Our team of energy experts provides suppliers with free,other,,"98,000 tonnes",,,,0.5,data/raw/hm/2024_sustainability_report.pdf,hm,2024,28,0.0,0.0,0.0,True,False,False,False,False,0.2,42.5,True,False,False,0
"As most of our emissions are in scope 3, we have a dedicated programme to decarbonise our supply chain by providing finance to suppliers.",32,Our climate action framework > • Low-emissions transport alternatives. We are actively expanding the use,other,,"3,",,,Scope 3; supply chain,1.0,data/raw/hm/2024_sustainability_report.pdf,hm,2024,23,0.0,0.0,0.0,True,False,False,True,False,0.4,47.4,False,False,False,0
Our scope 3 emissions decrease only in proportion to our share of a facility’s production.,33,Green investment initiatives > • Driving innovation. Driving innovation to enhance resource efficiency,other,,3,,,Scope 3,1.0,data/raw/hm/2024_sustainability_report.pdf,hm,2024,15,0.0,0.0,0.0,True,False,False,True,False,0.4,45.0,False,False,False,0
This highlights the need for collaborative financing to accelerate the transition towards net zero.,33,Green investment initiatives > • Driving innovation. Driving innovation to enhance resource efficiency,attribute,,,,,,0.0,data/raw/hm/2024_sustainability_report.pdf,hm,2024,14,0.0,0.0,0.0,False,False,False,False,False,0.0,23.4,False,False,False,1
"In 2024, our total spend on decarbonisation activities across the value chain was approximately SEK 1.7 billion.",33,Green investment initiatives > • Driving innovation. Driving innovation to enhance resource efficiency,achievement,achievement,1.7 billion,,,value chain,0.67,data/raw/hm/2024_sustainability_report.pdf,hm,2024,15,0.0,0.0667,0.0,True,False,False,True,False,0.133,18.7,False,False,False,0
"This includes various initiatives aimed at phasing out fossil fuels, supporting energy efficiency, and replacing conventional materials with recycled or sustainably sourced alternatives.",33,Green investment initiatives > • Driving innovation. Driving innovation to enhance resource efficiency,attribute,,,,,,0.0,data/raw/hm/2024_sustainability_report.pdf,hm,2024,23,0.0435,0.0,0.0435,False,False,False,False,False,0.0,-26.2,False,False,False,0
"Advocating for systemic change We engage directly with national and regional policymakers across our main retail and production markets, and indirectly through participation in stakeholder platforms and partnerships, including the UN Framework Convention on Climate Change Fashion Charter, WWF, World Economic Forum (WEF) and RE100.",33,Green investment initiatives > • Supply chain projects. Financing projects that enable factories to invest in,other,,,,,,0.0,data/raw/hm/2024_sustainability_report.pdf,hm,2024,45,0.0,0.0,0.0,False,False,False,False,False,0.0,-11.8,False,False,False,0
With CLG Europe we had the opportunity to meet the Executive Vice President of the European Commission to discuss setting an EU climate target of at least a 90 percent reduction by 2040.,33,Green investment initiatives > • Supply chain projects. Financing projects that enable factories to invest in,target,,90 percent,2040,2040,,0.75,data/raw/hm/2024_sustainability_report.pdf,hm,2024,31,0.0,0.0,0.0845,True,True,True,False,False,0.6,33.5,False,False,False,0
"Internal carbon pricing scheme Our internal carbon pricing supports our work to reduce GHG emissions from raw materials, production processes and transports, covering about 66 percent of our total scope 3 emissions in 2024.",33,Green investment initiatives > • Supply chain projects. Financing projects that enable factories to invest in,other,,66 percent,,,Scope 3,1.0,data/raw/hm/2024_sustainability_report.pdf,hm,2024,31,0.0,0.0323,0.0,True,False,False,True,False,0.271,19.8,False,False,False,0
Our scope 1 and 2 emissions are not covered by the carbon price.,33,Green investment initiatives > • Supply chain projects. Financing projects that enable factories to invest in,other,,1,,,Scope 1,1.0,data/raw/hm/2024_sustainability_report.pdf,hm,2024,11,0.0,0.0,0.0,True,False,False,True,False,0.4,72.6,False,False,False,0
Preparing for net zero Permanent carbon dioxide removal methods are designed to remove and store carbon dioxide durably.,33,Green investment initiatives > • Supply chain projects. Financing projects that enable factories to invest in,attribute,,,,,,0.0,data/raw/hm/2024_sustainability_report.pdf,hm,2024,18,0.0,0.0,0.0,False,False,False,False,False,0.0,24.1,True,False,False,0
"To achieve global net zero emissions by midcentury, this technology must be expanded.",33,Green investment initiatives > • Supply chain projects. Financing projects that enable factories to invest in,attribute,firm,,,,,0.0,data/raw/hm/2024_sustainability_report.pdf,hm,2024,13,0.0,0.0,0.0,False,False,False,False,False,0.0,24.4,True,True,False,0
We need carbon dioxide removal to achieve our 2040 net zero target to balance out any GHG emissions that remain after we have achieved at least 90 percent absolute reductions.,33,Green investment initiatives > • Supply chain projects. Financing projects that enable factories to invest in,achievement,achievement,90 percent,,,,0.33,data/raw/hm/2024_sustainability_report.pdf,hm,2024,28,0.0,0.0,0.0357,True,False,False,False,False,0.2,33.4,False,False,False,0
"In 2022, we signed our first contract for permanent carbon dioxide removal using direct air capture and storage via a multi-year agreement with Climeworks.",33,Green investment initiatives > • Supply chain projects. Financing projects that enable factories to invest in,other,,"2022,",,,,0.5,data/raw/hm/2024_sustainability_report.pdf,hm,2024,23,0.0,0.0,0.0,True,False,False,False,False,0.2,32.7,False,False,False,0
"In 2023, we joined Frontier and made an advance market commitment for carbon removal along with other members.",33,Green investment initiatives > • Supply chain projects. Financing projects that enable factories to invest in,other,firm,"2023,",,,,0.5,data/raw/hm/2024_sustainability_report.pdf,hm,2024,17,0.0,0.0,0.0588,True,False,False,False,False,0.2,45.3,False,False,False,1
Progress towards targets in 2024 Our absolute scope 1 and 2 emissions decreased by 41 percent compared with our 2019 baseline.,33,Green investment initiatives > • Supply chain projects. Financing projects that enable factories to invest in,achievement,achievement,41 percent,2019,,Scope 1,1.0,data/raw/hm/2024_sustainability_report.pdf,hm,2024,16,0.0,0.0,0.0625,True,True,False,True,False,0.6,32.0,False,False,False,1
"Compared to last year, this is a decrease of 25 percent or 13,607 tonnes CO2e.",33,Green investment initiatives > • Supply chain projects. Financing projects that enable factories to invest in,other,,25 percent,,,,0.5,data/raw/hm/2024_sustainability_report.pdf,hm,2024,14,0.0,0.0,0.0,True,False,False,False,False,0.2,77.8,False,False,False,0
"During 2024, we added the Philippines and Colombia to the countries we source renewable electricity for, bringing the total to 96 percent.",33,Green investment initiatives > • Supply chain projects. Financing projects that enable factories to invest in,other,,96 percent,,,,0.5,data/raw/hm/2024_sustainability_report.pdf,hm,2024,20,0.0,0.0,0.0,True,False,False,False,False,0.2,30.0,False,False,False,0
"Our absolute scope 3 emissions (excluding use-phase emissions) decreased by 23.7 percent compared with our 2019 baseline, a reduction of 2,160,000 tonnes CO2e.",33,Green investment initiatives > • Supply chain projects. Financing projects that enable factories to invest in,achievement,achievement,23.7 percent,2019,,Scope 3,1.0,data/raw/hm/2024_sustainability_report.pdf,hm,2024,20,0.0,0.0,0.0,True,True,False,True,False,0.6,27.5,False,False,False,0
"Compared to 2023, emissions increased by 201,000 tonnes CO2e, or about 3 percent.",33,Green investment initiatives > • Supply chain projects. Financing projects that enable factories to invest in,achievement,achievement,"201,000 tonnes",2023,,,0.67,data/raw/hm/2024_sustainability_report.pdf,hm,2024,11,0.0,0.0909,0.0,True,True,False,False,False,0.1,41.9,False,False,False,0
Our ongoing efforts to shift to cleaner energy in our supply chain is showing results as emissions from fabric production increased less (3 percent) than the total garment material weight (8 percent) all compared to 2023.,33,Green investment initiatives > • Supply chain projects. Financing projects that enable factories to invest in,achievement,achievement,3 percent,2023,,supply chain,1.0,data/raw/hm/2024_sustainability_report.pdf,hm,2024,33,0.0303,0.0,0.0,True,True,False,True,False,0.479,29.8,False,False,False,0
"Reductions since the base year have primarily been driven by an increased share of recycled and sustainably sourced ­materials for garments and packaging, and the shift to cleaner energy and energy efficiency improvements in our supply chain.",33,Green investment initiatives > • Supply chain projects. Financing projects that enable factories to invest in,attribute,achievement,,,,supply chain,0.5,data/raw/hm/2024_sustainability_report.pdf,hm,2024,37,0.0,0.0,0.0,False,False,False,True,False,0.2,13.8,True,False,False,0
"In addition, while emissions are still linked to resource use, total scope 3 emissions per revenue (tonnes of CO2e/ SEK million) has decreased by 24 percent compared to 2019 and increased by 4 percent compared to 2023.",33,Green investment initiatives > • Supply chain projects. Financing projects that enable factories to invest in,achievement,achievement,24 percent,2019,,Scope 3,1.0,data/raw/hm/2024_sustainability_report.pdf,hm,2024,33,0.0,0.0,0.0,True,True,False,True,False,0.6,29.8,False,False,False,0
Actions beyond value chain mitigation In 2022 we joined the Lowering Emissions by Accelerating Forest Finance (LEAF) Coalition as a corporate partner.,33,Green investment initiatives > • Supply chain projects. Financing projects that enable factories to invest in,other,,2022,2022,,value chain,1.0,data/raw/hm/2024_sustainability_report.pdf,hm,2024,21,0.0,0.0,0.0,True,True,False,True,False,0.6,16.3,False,False,False,0
"Under the agreement, LEAF Coalition buyers, including H&M Group, have committed to purchasing over 4 million emissions reduction credits.",33,Green investment initiatives > • Supply chain projects. Financing projects that enable factories to invest in,other,firm,4 million,,,,0.5,data/raw/hm/2024_sustainability_report.pdf,hm,2024,19,0.0,0.0,0.0526,True,False,False,False,False,0.2,22.8,False,False,False,1
"Scope 1 and 2 limitations and comments: only stores open for the full quarter are included; electricity consumption includes both actual data and estimates, where estimates are made if actual data is not received or not available within the reporting deadline.",34,Green investment initiatives > Total scope 1 and scope 2 market based emissions (tonnes CO2e),other,,1,,,Scope 1,1.0,data/raw/hm/2024_sustainability_report.pdf,hm,2024,39,0.0,0.0513,0.0,True,False,False,True,False,0.195,4.6,True,False,False,0
Scope 3 emissions data are rounded to the nearest thousand.,34,Green investment initiatives > Total scope 1 and scope 2 market based emissions (tonnes CO2e),other,,3,,,Scope 3,1.0,data/raw/hm/2024_sustainability_report.pdf,hm,2024,9,0.0,0.0,0.0,True,False,False,True,False,0.4,56.7,True,False,False,0
2. Emissions data are rounded to the nearest thousand.,34,Green investment initiatives > Not included in Science based targets,other,,,,,,0.0,data/raw/hm/2024_sustainability_report.pdf,hm,2024,8,0.0,0.0,0.0,False,False,False,False,False,0.0,54.7,True,False,False,0
"The charts show scope 3 emissions split by category as share of total scope 3 emissions (on the right) and our progress in reducing scope 1, 2 and 3 emissions in the different areas of our value chain against a 2019 baseline (below).",34,Total GHG emissions (tonnes CO2e),other,,3,2019,,Scope 1; Scope 3; value chain,1.0,data/raw/hm/2024_sustainability_report.pdf,hm,2024,37,0.0,0.0,0.0,True,True,False,True,False,0.6,36.7,False,False,False,1
Progress towards targets in 2024 We have achieved a 32 percent reduction in electricity intensity in our stores (measured per square metre and opening hour) compared with our 2016 baseline.,35,Total GHG emissions (tonnes CO2e),achievement,achievement,32 percent,2016,,,0.67,data/raw/hm/2024_sustainability_report.pdf,hm,2024,27,0.0,0.0,0.037,True,True,False,False,False,0.4,19.6,False,False,False,1
"96 percent of the electricity purchased for our operations was ­re­newable (94 percent in 2023), including 20 percent from power ­purchase agreements with new renewable electricity generation, which supply us with long-term renewable energy at a fixed price and increase the amount of renewable electricity on electrical grids.",35,Total GHG emissions (tonnes CO2e),achievement,achievement,96 percent,,,own operations,0.67,data/raw/hm/2024_sustainability_report.pdf,hm,2024,45,0.0,0.0,0.0,True,False,False,True,True,0.6,-9.9,False,False,False,0
"These changes led to a decrease in emissions from end-of-life treatment by 30 percent or 26,613 tonnes CO2e for 2023, compared to what was reported in our 2023 sustainability disclosure.",35,Total GHG emissions (tonnes CO2e),achievement,achievement,30 percent,,,,0.33,data/raw/hm/2024_sustainability_report.pdf,hm,2024,27,0.0,0.0,0.0,True,False,False,False,False,0.2,32.2,True,False,False,0
"These changes led to a combined increase in emissions within other expenditures by 25 percent or 119,792 tonnes CO2e for 2023, compared to what was reported in our last year report.",35,Total GHG emissions (tonnes CO2e),achievement,achievement,25 percent,,,,0.33,data/raw/hm/2024_sustainability_report.pdf,hm,2024,29,0.0,0.0,0.0,True,False,False,False,False,0.2,37.4,True,False,False,0
"This led to a decrease in emissions from these activities of 5 percent or 188,290 tonnes of CO2e for 2023.",35,Total GHG emissions (tonnes CO2e),other,,5 percent,,,,0.5,data/raw/hm/2024_sustainability_report.pdf,hm,2024,18,0.0,0.0,0.0,True,False,False,False,False,0.2,66.4,False,False,False,0
"This led to an increase of emissions from these activities by 1 percent or by 42,546 tonnes CO2e for 2023, ­compared to what was reported in our 2023 sustainability disclosure.",35,Total GHG emissions (tonnes CO2e),achievement,achievement,1 percent,,,,0.33,data/raw/hm/2024_sustainability_report.pdf,hm,2024,27,0.0,0.0,0.0,True,False,False,False,False,0.2,35.3,True,False,False,0
"During 2024 we have increased traceability and energy reporting ­coverage, to also include tier 3 in the garment supply chain.",35,Total GHG emissions (tonnes CO2e),achievement,achievement,2024,,,supply chain,0.67,data/raw/hm/2024_sustainability_report.pdf,hm,2024,18,0.0,0.0,0.0,True,False,False,True,False,0.4,24.1,False,False,False,0
"With this increased scope we have identified 12 tier 3 facilities using coal, in­­ creasing the total number of units to 39.",35,Total GHG emissions (tonnes CO2e),achievement,achievement,12,,,,0.33,data/raw/hm/2024_sustainability_report.pdf,hm,2024,19,0.0,0.0,0.0,True,False,False,False,False,0.2,45.1,False,False,False,0
"We will include these in the reporting scope in the future, as well as in our target to phase out on-site coal entirely from all garment suppliers, in tiers 1, 2 and 3.",35,Total GHG emissions (tonnes CO2e),target,firm,"1,",,,,0.25,data/raw/hm/2024_sustainability_report.pdf,hm,2024,30,0.0,0.0,0.1,True,False,False,False,False,0.2,60.8,False,True,False,0
"The current dataset covers all tier 1 and most tier 2 and 3 suppliers, meaning we do not expect to find significant number of additional units using on-site coal across tiers.",35,Total GHG emissions (tonnes CO2e),other,,1,,,supply chain (tier 1),1.0,data/raw/hm/2024_sustainability_report.pdf,hm,2024,28,0.0357,0.0357,0.0,True,False,False,True,False,0.114,39.4,False,False,False,0
"For our full scope 3 emissions, including the use-phase all these changes corresponds to a decrease of 1 percent or 119,159 tonnes CO2e for 2023 and a 2 percent or 275,732 tonnes CO2e increase for 2019, and an additional absolute decrease between 2019 and 2023 of 394,890 tonnes CO2e compared to what was reported in our 2023 sustainability disclosure.",35,Total GHG emissions (tonnes CO2e),achievement,achievement,1 percent,,,Scope 3,0.67,data/raw/hm/2024_sustainability_report.pdf,hm,2024,51,0.0,0.0,0.0,True,False,False,True,False,0.4,14.1,True,False,False,0
"Within scope 1 & 2, we have updated the 2023 figures, replacing some estimates with actual data and including a distribution center in Poland mainly used by Sellpy.",35,Total GHG emissions (tonnes CO2e),other,,1,,,Scope 1,1.0,data/raw/hm/2024_sustainability_report.pdf,hm,2024,24,0.0,0.0417,0.0,True,False,False,True,False,0.233,20.3,False,False,False,0
This update results in an increase in scope 1 & 2 emissions by 1 percent or 457 tonnes CO2e for 2023 compared to what was reported in our 2023 sustainability disclosure.,35,Total GHG emissions (tonnes CO2e),achievement,achievement,1 percent,,,Scope 1,0.67,data/raw/hm/2024_sustainability_report.pdf,hm,2024,25,0.0,0.0,0.0,True,False,False,True,False,0.4,35.9,True,False,False,0
"For the baseline year, we have adjusted refrigerants data due to incorrect square meter data used for stores in 2019, resulting in a decrease of 2 percent or 1,458 tonnes CO2e in scope 1 and 2 for that year compared to what was reported in 2023.",35,Total GHG emissions (tonnes CO2e),achievement,achievement,2 percent,,,Scope 1,0.67,data/raw/hm/2024_sustainability_report.pdf,hm,2024,41,0.0,0.0,0.0,True,False,False,True,False,0.4,33.2,True,False,False,0
"1. Energy data related to building diesel, natural gas, oil, and others includes energy data for company cars and has been retroactively adjusted for previous years.",35,Total GHG emissions (tonnes CO2e) > Energy consumption and mix in own operations,other,achievement,,,,,0.0,data/raw/hm/2024_sustainability_report.pdf,hm,2024,25,0.0,0.0,0.0,False,False,False,False,False,0.0,28.3,True,False,False,0
Safe products free from harmful chemicals We aim for 100 percent compliance with ZDHC MRSL across all chemical inputs and wastewater.,35,Chemicals and water pollution,other,hedged,100 percent,,,,0.5,data/raw/hm/2024_sustainability_report.pdf,hm,2024,20,0.0,0.0,0.05,True,False,False,False,False,0.2,46.9,False,False,False,0
Progress towards targets in 2024 We made continued progress in reducing water pollution in our supply chain.,36,Our chemical roadmap > • Best available chemistries promoting innovation and,other,,2024,,,supply chain,1.0,data/raw/hm/2024_sustainability_report.pdf,hm,2024,16,0.0625,0.0,0.0625,True,False,False,True,False,0.15,42.5,False,False,False,2
"In addition, we have maintained steady progress toward our target of 100 percent MRSL compliance for chemical inputs and wastewater in tier 1 and 2 production factories, where we have similar results as last year.",36,Our chemical roadmap > • Best available chemistries promoting innovation and,other,,100 percent,,,supply chain (tier 1),1.0,data/raw/hm/2024_sustainability_report.pdf,hm,2024,32,0.0,0.0,0.0312,True,False,False,True,False,0.4,28.9,False,False,False,1
"Investment We invest in innovations to improve water management, introduce new recycled materials and regenerative landscape projects.",36,Our chemical roadmap > • Development of roadmaps. We assist our key suppliers in creating cus­,attribute,,,,,,0.0,data/raw/hm/2024_sustainability_report.pdf,hm,2024,17,0.0,0.0,0.0,False,False,False,False,False,0.0,-9.5,False,False,False,0
This new calculation method will be applied to water results from 2022 onwards to maintain consistency when reporting our progress compared with the baseline year of 2022.,37,Our focus areas for water,other,firm,2022,2022,,,0.5,data/raw/hm/2024_sustainability_report.pdf,hm,2024,25,0.0,0.0,0.04,True,True,False,False,False,0.4,32.6,True,True,False,1
"Compared to 2023, freshwater consumption de­­ creased by 0.4 percentage points even as total material weight increased during the year.",37,Our focus areas for water,achievement,achievement,0.4 percent,2023,,,0.67,data/raw/hm/2024_sustainability_report.pdf,hm,2024,18,0.0,0.0,0.0,True,True,False,False,False,0.4,37.9,False,False,False,0
"Water recycling in our supply chain ramped up to 19.6 percent in 2024, compared to 12.2 percent in 2022.",37,Our focus areas for water,other,,19.6 percent,,,supply chain,1.0,data/raw/hm/2024_sustainability_report.pdf,hm,2024,15,0.0,0.0667,0.0,True,False,False,True,False,0.133,66.4,False,False,False,0
"Set to complete in 2025, this initiative will offer key insights into the business case for water recycling in high freshwater consumption regions such as ­Bangladesh.",37,"Our focus areas for water > • Water recycling projects. To reduce freshwater dependency, H&M Group",other,firm,"2025,",,,,0.5,data/raw/hm/2024_sustainability_report.pdf,hm,2024,25,0.0,0.0,0.04,True,False,False,False,False,0.2,32.6,False,True,False,0
"1. By water consumption, we refer to the total volume of water used during production.",37,Our focus areas for water > Water consumption1,other,,,,,,0.0,data/raw/hm/2024_sustainability_report.pdf,hm,2024,14,0.0,0.0,0.0,False,False,False,False,False,0.0,48.7,False,False,False,0
Reduce We are reducing our impact by increasing the recycled content of our products and using greater amounts of certified materials such as responsible wool and wood from FSC certified forests.,37,"Biodiversity, ecosystems and land-use",attribute,firm,,,,,0.0,data/raw/hm/2024_sustainability_report.pdf,hm,2024,31,0.0323,0.0,0.0,False,False,False,False,False,0.0,30.7,False,False,False,1
"Identification and management of material matters In 2023, H&M Group joined the Science Based Targets for Nature (SBTN) pilot study alongside 16 other companies, which aims to reduce negative impacts and enhance positive outcomes for nature and people across ­companies.",37,Our biodiversity focus areas and the ARRRT framework,other,hedged,"2023,",,,,0.5,data/raw/hm/2024_sustainability_report.pdf,hm,2024,39,0.0,0.0,0.0513,True,False,False,False,True,0.4,6.7,False,False,False,1
Our actions related to ­minimising land conversion therefore include efforts to increase the use of sustainably sourced and recycled materials when planning our collections.,37,Our biodiversity focus areas and the ARRRT framework,attribute,,,,,,0.0,data/raw/hm/2024_sustainability_report.pdf,hm,2024,24,0.0,0.0,0.0417,False,False,False,False,False,0.0,13.3,False,False,False,0
Re-Down (recycled down and feathers) collection from ARKET.,38,Our biodiversity focus areas and the ARRRT framework,attribute,,,,,,0.0,data/raw/hm/2024_sustainability_report.pdf,hm,2024,8,0.0,0.0,0.0,False,False,False,False,False,0.0,40.1,False,False,False,0
"We aim to achieve this by shifting towards recycled or sustainably sourced materials, and by optimising our production and resource use, and scaling circular business models and solutions across our value chain.",38,Resource use and circularity,attribute,hedged,,,,value chain,0.5,data/raw/hm/2024_sustainability_report.pdf,hm,2024,32,0.0,0.0,0.0312,False,False,False,True,False,0.2,18.4,False,False,False,0
"In 2024, we strengthened our due diligence procedures in raw material ­sourcing and partnered with standard owners and other stakeholders on due diligence.",38,Resource use and circularity,other,,"2024,",,,,0.5,data/raw/hm/2024_sustainability_report.pdf,hm,2024,22,0.0,0.0,0.0,True,False,False,False,False,0.2,23.0,False,False,False,1
"Increase the share of recycled or sustainably sourced materials Our material targets are set by evaluating the risk, impact and availability of recycled or sustainably sourced material alternatives and by considering the sustainability criteria set by external organisations such as Textile Exchange.",38,Resource use and circularity,attribute,,,,,,0.0,data/raw/hm/2024_sustainability_report.pdf,hm,2024,42,0.0,0.0,0.0238,False,False,False,False,False,0.0,-23.1,False,False,False,0
"Some of our detailed material targets are also part of an external commitment, for example the 2025 Recycled Polyester Challenge ­(Textile Exchange).",38,Resource use and circularity,attribute,firm,2025,,,,0.5,data/raw/hm/2024_sustainability_report.pdf,hm,2024,21,0.0,0.0,0.0952,True,False,False,False,False,0.2,28.4,False,False,False,0
"Our target is to use 100 percent recycled or sustainably sourced materials in our commercial products by 2030, ideally with at least half coming from ­recycled sources.",38,Resource use and circularity,target,,100 percent,,2030,,0.5,data/raw/hm/2024_sustainability_report.pdf,hm,2024,25,0.0,0.0,0.1,True,False,True,False,False,0.4,32.6,False,False,False,0
"We have set targets to reduce our plastic packaging volume by 25 percent by 2025, against a 2018 baseline, and use 100 percent recycled or sustainably sourced packaging materials by 2030.",38,Resource use and circularity,target,,25 percent,2018,2025,,0.75,data/raw/hm/2024_sustainability_report.pdf,hm,2024,26,0.0,0.0,0.0969,True,True,True,False,False,0.6,27.5,False,False,False,0
"To reach these targets, we use materials for our products and packaging that are recycled or sustainably sourced.",38,Resource use and circularity,attribute,,,,,,0.0,data/raw/hm/2024_sustainability_report.pdf,hm,2024,18,0.0,0.0,0.0556,False,False,False,False,False,0.0,47.6,True,False,False,0
"Finally, we collaborate with our suppliers and the wider fashion industry to promote the production and sourcing of recycled and sustainably sourced materials.",38,Resource use and circularity,attribute,,,,,,0.0,data/raw/hm/2024_sustainability_report.pdf,hm,2024,23,0.0,0.0,0.0,False,False,False,False,False,0.0,18.0,False,False,False,0
We focus on increasing the use of recycled or sustainably sourced materials across our value chain.,38,Resource use and circularity,attribute,,,,,value chain,0.5,data/raw/hm/2024_sustainability_report.pdf,hm,2024,16,0.0,0.0,0.0,False,False,False,True,False,0.2,37.3,False,False,False,0
"We aim for zero waste to end up in landfills, and that we recirculate products and materials at their highest value.",38,Resource use and circularity > Waste prevention and ­management,attribute,hedged,,,,,0.0,data/raw/hm/2024_sustainability_report.pdf,hm,2024,21,0.0,0.0,0.0476,False,False,False,False,False,0.0,60.6,False,False,False,0
"Investing in new sourcing and recycling technologies To increase the availability of recycled or sustainably sourced materials and make them more affordable, we support the development, testing and scaling of alternative materials and recycling infrastructure at various stages.",39,Our focus areas for resource use and circularity,attribute,hedged,,,,,0.0,data/raw/hm/2024_sustainability_report.pdf,hm,2024,38,0.0263,0.0,0.0,False,False,False,False,False,0.0,-9.8,False,False,False,0
"In 2024, H&M Group spent SEK 1.7 billion on decarbonisation activities across the value chain, for example replacing conventional materials with recycled or sustainably sourced materials which stand for the bigger part of the spend, as well as phasing out fossil fuels and supporting energy efficiency initiatives.",39,Our focus areas for resource use and circularity,attribute,,1.7 billion,,,value chain,1.0,data/raw/hm/2024_sustainability_report.pdf,hm,2024,46,0.0,0.0,0.0,True,False,False,True,False,0.4,23.5,False,False,False,0
"In addition, together with Vargas Holding, we launched Syre, a venture to scale textile-to-textile recycled polyester.",39,Our focus areas for resource use and circularity,attribute,achievement,,,,,0.0,data/raw/hm/2024_sustainability_report.pdf,hm,2024,16,0.0,0.0,0.0,False,False,False,False,False,0.0,16.1,False,False,False,0
"For packaging, we have already made significant progress towards our ­target to design all our plastic packaging for reuse and recycling by 2025.",39,Our focus areas for resource use and circularity,target,,,,2025,,0.25,data/raw/hm/2024_sustainability_report.pdf,hm,2024,22,0.0455,0.0,0.0655,False,False,True,False,False,0.018,38.4,False,False,False,1
"Guided by the Ellen MacArthur Foundation’s ­circular economy principles and the EU Waste Hierarchy, we aim to circulate products and materials at their highest value, and ultimately, for zero waste to end up in landfills.",39,The way our strategy aligns with the EU waste hierarchy > Waste disposal,attribute,hedged,,,,,0.0,data/raw/hm/2024_sustainability_report.pdf,hm,2024,36,0.0,0.0,0.0278,False,False,False,False,False,0.0,19.9,False,False,False,0
"These are product waste1 and packaging waste in own ­operations, textile cutting waste in supply chain, and textiles collected from customers through our garment collecting programme.",39,The way our strategy aligns with the EU waste hierarchy > Waste disposal,other,,,,,supply chain,0.5,data/raw/hm/2024_sustainability_report.pdf,hm,2024,26,0.0,0.0,0.0,False,False,False,True,False,0.2,34.0,False,False,False,0
1. Waste prevention is addressed at the top tier of the pyramid.,39,The way our strategy aligns with the EU waste hierarchy > Waste disposal,other,,,,,,0.0,data/raw/hm/2024_sustainability_report.pdf,hm,2024,11,0.0,0.0,0.0,False,False,False,False,False,0.0,70.5,True,False,False,0
"Not all sustainably sourced materials can be naturally grown or cultivated, i.e. minerals or stones.",40,Our product materials > Share of recycled or sustainably sourced material in packaging,attribute,,,,,,0.0,data/raw/hm/2024_sustainability_report.pdf,hm,2024,16,0.0,0.0,0.0,False,False,False,False,False,0.0,37.5,False,False,False,0
"3. Due to an update of waste weight factors for all major materials during 2024, there is a change in historical data for material KPIs.",40,Our product materials > Share of recycled or sustainably sourced material in packaging,other,,"2024,",,,,0.5,data/raw/hm/2024_sustainability_report.pdf,hm,2024,23,0.0,0.0,0.0,True,False,False,False,False,0.2,66.4,False,False,False,0
Progress towards targets in 2024 We continued to increase the share of recycled and sustainably sourced materials.,40,Our product materials > Share of material in plastic packaging,attribute,,2024,,,,0.5,data/raw/hm/2024_sustainability_report.pdf,hm,2024,16,0.0625,0.0,0.0625,True,False,False,False,False,0.0,32.0,False,False,False,1
"In 2024, 89 percent of the materials used for our commercial products were recycled or sustainably sourced, which is well on track towards our 2030 goal.",40,Our product materials > Share of material in plastic packaging,achievement,achievement,89 percent,,,,0.33,data/raw/hm/2024_sustainability_report.pdf,hm,2024,23,0.0,0.0,0.0435,True,False,False,False,False,0.2,47.4,True,False,False,0
We continued to increase the shares of recycled or sustainably sourced materials and plastic packaging designed for reuse and ­recycling.,40,Our product materials > Share of material in plastic packaging,attribute,,,,,,0.0,data/raw/hm/2024_sustainability_report.pdf,hm,2024,20,0.05,0.0,0.0,False,False,False,False,False,0.0,21.6,False,False,False,0
"In 2024, 29.5 percent of materials used in our commercial products came from recycled sources, almost reaching our 30 percent target a year early.",40,Our product materials > Share of material in plastic packaging,attribute,,29.5 percent,,,,0.5,data/raw/hm/2024_sustainability_report.pdf,hm,2024,21,0.0,0.0,0.0476,True,False,False,False,False,0.2,51.1,False,False,False,0
This success was mainly due to an increase in the share of recycled polyester.,40,Our product materials > Share of material in plastic packaging,attribute,achievement,,,,,0.0,data/raw/hm/2024_sustainability_report.pdf,hm,2024,14,0.0,0.0,0.0,False,False,False,False,False,0.0,65.7,False,False,False,1
"In 2024, 94 percent of all polyester used was re­­ cycled, showing significant progress towards our 2025 target of using 100 percent recycled materials.",40,Our product materials > Share of material in plastic packaging,achievement,achievement,94 percent,,,,0.33,data/raw/hm/2024_sustainability_report.pdf,hm,2024,20,0.05,0.0,0.05,True,False,False,False,False,0.0,25.8,False,False,False,1
"For packaging, we increased the share of recycled materials to 52 percent.",40,Our product materials > Share of material in plastic packaging,achievement,achievement,52 percent,,,,0.33,data/raw/hm/2024_sustainability_report.pdf,hm,2024,11,0.0,0.0,0.0,True,False,False,False,False,0.2,41.9,False,False,False,0
This increase was mainly driven by our continued priority to use recycled plastic.,40,Our product materials > Share of material in plastic packaging,attribute,achievement,,,,,0.0,data/raw/hm/2024_sustainability_report.pdf,hm,2024,13,0.0769,0.0,0.0,False,False,False,False,False,0.0,44.0,True,False,False,0
"For sustainably sourced materials we continued to increase the share of wool certified to the Responsible Wool Standard (RWS) as well as the share of sustainably sourced man-made cellulosic fibres and FSC certified wood and wood-based materials, for both commercial products and for packaging.",40,Our product materials > Share of material in plastic packaging,attribute,,,,,,0.0,data/raw/hm/2024_sustainability_report.pdf,hm,2024,44,0.0455,0.0,0.0,False,False,False,False,False,0.0,12.2,False,False,False,1
The increase in total material weight for commercial products ­during 2024 is an effect of change in assortment mix and our ­customer offer.,40,Our product materials > Share of material in plastic packaging,other,,2024,,,,0.5,data/raw/hm/2024_sustainability_report.pdf,hm,2024,22,0.0,0.0,0.0,True,False,False,False,False,0.2,46.1,False,False,False,0
"Plastic ­packaging decreased by 54 percent compared with 2018, surpassing our 25 percent reduction target for 2025 ahead of ­schedule.",40,Our product materials > Share of material in plastic packaging,achievement,achievement,54 percent,2018,,,0.67,data/raw/hm/2024_sustainability_report.pdf,hm,2024,16,0.0,0.0,0.0625,True,True,False,False,False,0.4,21.4,False,False,False,0
4. This includes material in weight used to produce all our packaging used.,40,Our product materials > Weight of material in packaging4,other,,,,,,0.0,data/raw/hm/2024_sustainability_report.pdf,hm,2024,12,0.0,0.0,0.0,False,False,False,False,False,0.0,52.7,False,False,False,0
"For product waste we changed to new KPIs during 2024 to align with reporting requirements, which means that there is no com­parability with data from previous years.",41,Our product materials > Weight of material in packaging4,other,,2024,,,,0.5,data/raw/hm/2024_sustainability_report.pdf,hm,2024,27,0.0,0.0,0.0,True,False,False,False,False,0.2,47.8,False,False,False,0
1. Generated in own operations = product waste and packaging waste.,41,Our product materials > Garment collect,other,,,,,own operations,0.5,data/raw/hm/2024_sustainability_report.pdf,hm,2024,9,0.0,0.0,0.0,False,False,False,True,False,0.2,33.1,False,False,False,0
2. Product waste = products discarded in our own operation (in stores or in distribution centres) are included in the scope.,41,Our product materials > Garment collect,other,,,,,,0.0,data/raw/hm/2024_sustainability_report.pdf,hm,2024,19,0.0,0.0,0.0,False,False,False,False,False,0.0,50.3,True,False,False,0
"4. Items are only destroyed if considered hazardous waste, if contaminated, or if there is no viable recycling or downcycling solution.",41,Our product materials > Garment collect,other,,,,,,0.0,data/raw/hm/2024_sustainability_report.pdf,hm,2024,20,0.0,0.0,0.0,False,False,False,False,False,0.0,35.9,True,False,False,0
"Due to a change in collection partner in 2023, we have not been able to disaggregate reuse as a product from reuse as a material.",41,Our product materials > Garment collect,other,,"2023,",2023,,,0.5,data/raw/hm/2024_sustainability_report.pdf,hm,2024,24,0.0,0.0,0.0,True,True,False,False,False,0.4,66.2,False,False,False,0
The description of economic activity 5.4 under the circular economy delegated act states that only second-­hand goods used for intended purpose by customers shall be included.,42,Our product materials > • Circular Economy (CE) 5.4 Sale of second-hand goods The turnover of,other,firm,5.4,,,,0.5,data/raw/hm/2024_sustainability_report.pdf,hm,2024,26,0.0,0.0385,0.0385,True,False,False,False,False,0.046,17.9,True,True,False,0
"This ­project falls under the EU Taxonomy economic activity 7.3 installation, maintenance and repair of energy efficient equipment under climate change mitigation delegated act and is therefore included in our taxonomy reporting.",42,"Our product materials > • Climate Change Mitigation (CCM) 7.3 Installation, maintenance and repair",other,,7.3,,,,0.5,data/raw/hm/2024_sustainability_report.pdf,hm,2024,31,0.0,0.0,0.0,True,False,False,False,False,0.2,-2.7,False,False,False,0
All of H&M Group’s new or renegotiated right of use assets fall under the EU Taxonomy economic activity 7.7 acquisition and ownership of building under climate change mitigation delegated act and are therefore included in our taxonomy reporting.,42,Our product materials > • Climate Change Mitigation (CCM) 7.7 Acquisition and ownership of build­,other,,7.7,,,,0.5,data/raw/hm/2024_sustainability_report.pdf,hm,2024,39,0.0,0.0,0.0,True,False,False,False,False,0.2,20.0,False,False,False,0
CE 5.4 Compliance with the technical screening criteria of substantial ­contribution to circular economy The economic activity consists of selling a second-hand product that has been used for its intended purpose by a customer.,42,Our product materials > • Climate Change Mitigation (CCM) 7.7 Acquisition and ownership of build­,achievement,achievement,5.4,,,,0.33,data/raw/hm/2024_sustainability_report.pdf,hm,2024,33,0.0303,0.0303,0.0303,True,False,False,False,False,0.0,20.9,True,False,False,0
The packaging used by Sellpy meets the requirement of at least 65 percent of recycled material.,42,Our product materials > • Climate Change Mitigation (CCM) 7.7 Acquisition and ownership of build­,attribute,,65 percent,,,,0.5,data/raw/hm/2024_sustainability_report.pdf,hm,2024,15,0.0,0.0,0.0,True,False,False,False,False,0.2,39.3,False,False,False,0
"CE 5.4 Compliance with the technical screening criteria of not causing ­significant harm (DNSH) Climate change mitigation In line with the criteria, the direct GHG emissions coming from on-site ­generation of heat/cool or co-generation including power (i.e., from the warehouses that handle Sellpy´s operations) are lower than 270 gCO₂e/kWh.",42,Our product materials > • Climate Change Mitigation (CCM) 7.7 Acquisition and ownership of build­,other,,5.4,,,,0.5,data/raw/hm/2024_sustainability_report.pdf,hm,2024,52,0.0192,0.0,0.0,True,False,False,False,False,0.123,45.6,False,False,False,0
"As part of the efforts to reduce emissions, the H&M Group climate strategy covers scope 1 and 2 of Sellpy´s emissions.",42,Our product materials > • Climate Change Mitigation (CCM) 7.7 Acquisition and ownership of build­,other,,1,,,Scope 1,1.0,data/raw/hm/2024_sustainability_report.pdf,hm,2024,21,0.0,0.0,0.0,True,False,False,True,False,0.4,56.6,False,False,False,0
Climate change adaptation H&M Group performed its first risk analysis following the Task Force on ­Climate-related Disclosures (TCFD) recommendations in 2019.,42,Our product materials > • Climate Change Mitigation (CCM) 7.7 Acquisition and ownership of build­,other,,,,,,0.0,data/raw/hm/2024_sustainability_report.pdf,hm,2024,21,0.0,0.0,0.0,False,False,False,False,False,0.0,8.3,False,False,False,0
CCM 7.3 Compliance with the technical screening criteria of not causing ­significant harm (DNSH) Climate change adaptation H&M Group performed its first risk analysis following the Task Force on ­Climate-related Disclosures (TCFD) recommendations in 2019.,42,Our product materials > • Climate Change Mitigation (CCM) 7.7 Acquisition and ownership of build­,other,,7.3,,,,0.5,data/raw/hm/2024_sustainability_report.pdf,hm,2024,34,0.0294,0.0,0.0,True,False,False,False,False,0.082,22.9,False,False,False,0
"Strategy H&M Group has conducted its climate risk analysis following the TCFD ­recommendations since 2019, which has been updated annually.",44,"Reporting in line with Article 8 of the EU Taxonomy Regulation > 2. Y – Yes, Taxonomy-eligible and Taxonomy-aligned activity with",achievement,achievement,"2019,",,,,0.33,data/raw/hm/2024_sustainability_report.pdf,hm,2024,20,0.0,0.0,0.0,True,False,False,False,False,0.2,25.8,True,False,False,0
"During 2024, H&M Group has made an in-depth revision of the previous climate risk analysis and related assessments to include relevant considerations connected to CSRD.",44,"Reporting in line with Article 8 of the EU Taxonomy Regulation > 2. Y – Yes, Taxonomy-eligible and Taxonomy-aligned activity with",other,,"2024,",,,,0.5,data/raw/hm/2024_sustainability_report.pdf,hm,2024,25,0.04,0.0,0.0,True,False,False,False,False,0.04,22.4,False,False,False,0
"Less severe climate impacts within the net zero and delayed ­transition scenarios, coupled with improved resilience, mean that cotton prices are less severely impacted in these scenarios, but overall risks are still judged to be high.",45,TCFD climate risk analysis > PHYSICAL RISK 1 – INCREASED PRICE OF COTTON,attribute,,,,,,0.0,data/raw/hm/2024_sustainability_report.pdf,hm,2024,36,0.0278,0.0,0.0,False,False,False,False,False,0.0,22.2,False,False,False,0
Some ports are in regions expected to be increasingly exposed to physical climate events that create long-term (>4 weeks) delays and disruptions.,45,TCFD climate risk analysis > PHYSICAL RISK 2 – DISTURBANCES TO KEY PORTS IMPACTING SALES NEGATIVELY,other,,4,,,,0.5,data/raw/hm/2024_sustainability_report.pdf,hm,2024,21,0.0,0.0952,0.0,True,False,False,False,False,0.0,36.5,True,False,False,0
"By 2040, many of H&M Group’s major production markets may have developed their emission ­trading schemes further.",46,TCFD climate risk analysis > TRANSITION RISK 1 – CARBON TAXES OR TOLLS INCREASING SOURCING COSTS,target,hedged,"2040,",,2040,,0.5,data/raw/hm/2024_sustainability_report.pdf,hm,2024,18,0.0556,0.0556,0.0756,True,False,True,False,False,0.1,42.9,False,False,True,0
"In this time-horizon, carbon pricing materialises most significantly in a Net Zero scenario, with later and lower carbon prices in the delayed transition, and hot house scenarios.",46,TCFD climate risk analysis > TRANSITION RISK 1 – CARBON TAXES OR TOLLS INCREASING SOURCING COSTS,attribute,,,,,,0.0,data/raw/hm/2024_sustainability_report.pdf,hm,2024,27,0.0741,0.0,0.0,False,False,False,False,False,0.0,13.4,False,False,False,0
The scale and nature of the exposure to carbon pricing is unpredictable but is likely to be announced well in advance with lead-in times of at least 1–3 years.,46,TCFD climate risk analysis > TRANSITION RISK 1 – CARBON TAXES OR TOLLS INCREASING SOURCING COSTS,other,,1,,,,0.5,data/raw/hm/2024_sustainability_report.pdf,hm,2024,28,0.0,0.0357,0.0,True,False,False,False,False,0.057,48.5,True,False,False,1
"It is very likely that H&M Group’s exposure to carbon pricing will materialise prior to reaching the net zero 2040 target, but by reducing emissions the impact of any pricing schemes would be mitigated, and earlier decarbonisation leads to less ­exposure to any pricing scheme.",46,TCFD climate risk analysis > Risk Mitigation,target,firm,2040,,,,0.25,data/raw/hm/2024_sustainability_report.pdf,hm,2024,46,0.0,0.0435,0.0435,True,False,False,False,False,0.026,13.0,True,True,True,0
"Furthermore, the company focuses on innovative solutions aimed at increasing use of recycled materials.",46,TCFD climate risk analysis > • New solutions and innovations. Climate change increases the need for,attribute,,,,,,0.0,data/raw/hm/2024_sustainability_report.pdf,hm,2024,14,0.0,0.0,0.0714,False,False,False,False,False,0.0,-0.7,False,False,False,1
H&M Group also has a EUR 500 million sustainability-linked bond outstanding since 2021 focused on increasing recycled material in commercial goods and GHG emission reduction.,46,TCFD climate risk analysis > • Financing sustainable investments. Reducing climate impact requires,attribute,,500 million,,,,0.5,data/raw/hm/2024_sustainability_report.pdf,hm,2024,24,0.0,0.0,0.0,True,False,False,False,False,0.2,9.8,False,False,False,1
"GHG emissions by 56 percent by 2030, and a target to reach net zero by 2040, with a minimum absolute GHG emission reduction of 90 percent.",46,TCFD climate risk analysis > • Financing sustainable investments. Reducing climate impact requires,target,,56 percent,,2030,,0.5,data/raw/hm/2024_sustainability_report.pdf,hm,2024,22,0.0,0.0,0.1564,True,False,True,False,False,0.4,46.1,False,False,False,0
"The group is making good progress towards these targets, having re­duced scope 3 emissions by 24 percent in 2024, against a 2019 baseline.",46,TCFD climate risk analysis > • Financing sustainable investments. Reducing climate impact requires,other,,24 percent,2019,,Scope 3,1.0,data/raw/hm/2024_sustainability_report.pdf,hm,2024,20,0.0,0.0,0.05,True,True,False,True,False,0.6,51.2,False,False,False,1
"H&M Group is ­making good progress towards increasing the share of recycled materials, reaching a total share of 29.5 percent in 2024 for the full material basket, and 12 percent for ­cotton specifically.",46,TCFD climate risk analysis > • Reducing climate-related business risks. Climate change may influence,attribute,,29.5 percent,,,,0.5,data/raw/hm/2024_sustainability_report.pdf,hm,2024,31,0.0,0.0,0.0,True,False,False,False,False,0.2,49.2,False,False,False,1
"In the yearly review of our salient human rights issues in 2024, we have gained an increased granular view across ­geo­graphies and different parts of our value chain through internal assessments, which has informed our impact materiality.",47,Human rights > • Risk assessment by business functions. Business functions include Retail,achievement,achievement,"2024,",,,value chain,0.67,data/raw/hm/2024_sustainability_report.pdf,hm,2024,37,0.0,0.0,0.0,True,False,False,True,False,0.4,25.2,False,False,False,0
"We have worked with women leadership programmes, to prepare women in supply chain tier 1 factories in several countries including Bangladesh, India and Türkiye.",51,Workers in the value chain > Diversity and inclusion1,other,,1,,,supply chain; supply chain (tier 1),1.0,data/raw/hm/2024_sustainability_report.pdf,hm,2024,24,0.0417,0.0,0.0,True,False,False,True,False,0.233,30.9,False,False,False,1
"Progress towards targets in 2024 We continued to see an increase in gross average wages for workers in our production supply chain, with relative improvement of the ­difference to minimum wages 2024 compared with 2023 in most of our major production markets.",52,Workers in the value chain > Diversity and inclusion1,other,,2024,2023,,supply chain,1.0,data/raw/hm/2024_sustainability_report.pdf,hm,2024,39,0.0256,0.0,0.0256,True,True,False,True,False,0.498,19.7,False,False,False,1
We require all our tier 1 and 2 suppliers to comply with national legislation and ZDHC standards for wastewater ­treatment and discharge water quality.,53,Affected communities,other,,1,,,supply chain (tier 1),1.0,data/raw/hm/2024_sustainability_report.pdf,hm,2024,22,0.0,0.0,0.0,True,False,False,True,False,0.4,34.5,False,False,False,0
Our efforts related to the land-rights and livelihoods of people living in affected communities are focused on increasing the use of recycled and sustainably sourced materials and maximising the value of material resources and products by keeping them in use longer.,53,Affected communities,attribute,,,,,,0.0,data/raw/hm/2024_sustainability_report.pdf,hm,2024,41,0.0,0.0,0.0,False,False,False,False,False,0.0,6.3,True,False,False,0
"H&M Group has an ambition to lead the change towards achieving a circular fashion industry with net zero climate impact, while being a fair and equal company.",56,Business conduct > Confirmed cases of non-compliance with minimum requirements1,target,hedged,,,,,0.0,data/raw/hm/2024_sustainability_report.pdf,hm,2024,28,0.0,0.0,0.0357,False,False,False,False,False,0.0,45.5,False,False,False,0
"In line with our ambition to reduce our dependency on virgin resources, we aim to increase our share of recycled animal fibres and we are also exploring alternative materials that can offer the same qualities.",56,Business conduct > Confirmed cases of non-compliance with minimum requirements1,target,hedged,,,,,0.0,data/raw/hm/2024_sustainability_report.pdf,hm,2024,35,0.0,0.0,0.0571,False,False,False,False,False,0.0,23.9,False,False,False,0
"The criteria include the parts of the Sustainability Reporting Standards published by GRI (Global Reporting Initiative) that are applicable to the selected sustainability information, as well as the accounting and calculation principles that H & M Hennes & Mauritz AB (publ) has developed as described in ‘How we report 2024’ ADD LINK.",57,Our policies and commitments,other,,2024,,,,0.5,data/raw/hm/2024_sustainability_report.pdf,hm,2024,49,0.0,0.0,0.0,True,False,False,False,True,0.4,-6.9,False,False,False,0
The brands are working to shift to more ­circular business models for their products and services and are increasing the percentage of recycled and sustainably sourced materials in their collections.,58,Administration report,attribute,,,,,,0.0,data/raw/hm/2024_sustainability_report.pdf,hm,2024,30,0.0,0.0,0.0,False,False,False,False,False,0.0,26.9,False,False,False,0
"The H&M group has three long-term targets: long-term sales growth of at least 10 percent per year, an operating margin that exceeds 10 percent and a 56 percent reduction in greenhouse gas emissions1 no later than 2030, with 2019 as a baseline.",58,Administration report,target,,10 percent,,2030,,0.5,data/raw/hm/2024_sustainability_report.pdf,hm,2024,38,0.0,0.0,0.0263,True,False,True,False,False,0.4,39.1,False,False,False,0
Corporate governance report H&M has elected to present its corporate governance report as a separate document to the annual and sustainability report in accordance with chapter 6 § 8 of the Swedish Annual Accounts Act.,59,Financial ­information,other,,6,,,,0.5,data/raw/hm/2024_sustainability_report.pdf,hm,2024,33,0.0,0.0,0.0,True,False,False,False,False,0.2,11.8,False,False,False,0
Sustainability report H&M has elected to present its sustainability report as a separate document in accordance with chapter 6 § 11 of the Swedish Annual Accounts Act in accordance with the older wording that applied before 1 July 2024.,59,Financial ­information,other,,6,,,,0.5,data/raw/hm/2024_sustainability_report.pdf,hm,2024,35,0.0,0.0,0.0,True,False,False,False,False,0.2,9.4,False,False,False,0
1. Refers to science-based targets for own operations (Scope 1 and 2) and for the company’s entire value chain (Scope 3) and excludes use of sold products.,5,SEK 31 billion cash flow from operating activities > Commercial products,other,,1,,,Scope 1; Scope 3; own operations; value chain,1.0,data/raw/hm/2025_sustainability_report.pdf,hm,2025,24,0.0,0.0,0.0417,True,False,False,True,True,0.6,57.2,False,False,False,0
"To be launched in spring 2026, the collection will feature certified, responsibly made materials and will showcase examples of alternatives to conventional fabrics and ­textiles.",6,A year filled with creativity,other,firm,"2026,",,,,0.5,data/raw/hm/2025_sustainability_report.pdf,hm,2025,24,0.0,0.0,0.0833,True,False,False,False,False,0.2,13.3,True,True,False,0
"The strong AW25 collection was a study in contrast, materiality and craftsmanship.",6,A year filled with creativity,other,achievement,,,,,0.0,data/raw/hm/2025_sustainability_report.pdf,hm,2025,12,0.0833,0.0,0.0,False,False,False,False,False,0.0,39.6,False,False,False,0
"Fashion Revolution’s report What Fuels Fashion 2025 recognised H&M’s sustainability reporting as transparent and accessible, putting us in first place among 200 major fashion brands and retailers.",6,Sustainability efforts recognised,other,,2025,2025,,,0.5,data/raw/hm/2025_sustainability_report.pdf,hm,2025,28,0.0,0.0,0.0,True,True,False,False,False,0.4,15.3,False,False,False,0
H&M was also ranked number one among 42 fashion companies by the organisation Stand.earth for our efforts to reduce climate impact.,6,Sustainability efforts recognised,achievement,achievement,42,,,,0.33,data/raw/hm/2025_sustainability_report.pdf,hm,2025,22,0.0,0.0,0.0,True,False,False,False,False,0.2,53.4,False,False,False,0
"In 2025 we continued to take important steps towards all our ­long-term targets: profitability increased, the sales trend was ­positive and our CO₂ emissions decreased.",7,Sustainability efforts recognised,achievement,achievement,2025,,,,0.33,data/raw/hm/2025_sustainability_report.pdf,hm,2025,24,0.0417,0.0,0.0417,True,False,False,False,False,0.033,23.9,False,False,False,1
Bringing business and sustainability together Integrating our sustainability efforts into the business is the key to reducing emissions in line with our plan and the 1.5°C target.,8,Sustainability efforts recognised,other,,1.5,,,,0.5,data/raw/hm/2025_sustainability_report.pdf,hm,2025,27,0.0,0.0,0.0741,True,False,False,False,False,0.2,23.9,False,False,False,0
During the year we further reduced our emissions in Scope 32 and are well on the way to our longterm target of an absolute reduction of 56 percent by 2030.,8,Sustainability efforts recognised,target,achievement,56 percent,,2030,Scope 3,0.75,data/raw/hm/2025_sustainability_report.pdf,hm,2025,27,0.0,0.0,0.0941,True,False,True,True,False,0.6,54.1,False,False,False,0
2. Scope 3 excludes the use of sold products.,8,Inspiration and presence in all channels,other,,3,,,Scope 3,1.0,data/raw/hm/2025_sustainability_report.pdf,hm,2025,7,0.0,0.0,0.0,True,False,False,True,False,0.4,82.4,False,False,False,0
"A 56 percent absolute reduction in greenhouse gas emissions1 no later than 2030, with 2019 as a baseline.",12,"Product, experience and brand in harmony",target,,56 percent,,2030,,0.5,data/raw/hm/2025_sustainability_report.pdf,hm,2025,15,0.0,0.0,0.0,True,False,True,False,False,0.4,45.0,False,False,False,0
During the year our greenhouse gas emissions in Scope 1 and 2 decreased by 41 percent and in Scope 3 by 34.6 percent.,12,Ambitious long-term targets,achievement,achievement,41 percent,,,Scope 1; Scope 3,0.67,data/raw/hm/2025_sustainability_report.pdf,hm,2025,18,0.0,0.0,0.0,True,False,False,True,False,0.4,75.5,False,False,False,0
1. Refers to science-based targets for own operations (Scope 1 & 2) and for the company’s entire value chain (Scope 3) and excludes ­indirect use-phase emissions.,12,Ambitious long-term targets,other,,1,,,Scope 1; Scope 3; own operations; value chain,1.0,data/raw/hm/2025_sustainability_report.pdf,hm,2025,22,0.0,0.0,0.0455,True,False,False,True,True,0.6,34.2,False,False,False,0
"In 2025 we took further steps to elevate the experience in our physical stores through up­­ grades to create more inspiring, relevant environments.",13,The physical store as a meeting place,other,,2025,,,,0.5,data/raw/hm/2025_sustainability_report.pdf,hm,2025,22,0.0455,0.0,0.0,True,False,False,False,False,0.018,38.4,False,False,False,0
"As we have a substantial need for innovative new materials, we invest in startups that support our longterm ambition to use only sustainably sourced textiles.",15,Flexibility and efficiency all along the value chain,target,hedged,,,,,0.0,data/raw/hm/2025_sustainability_report.pdf,hm,2025,25,0.04,0.0,0.04,False,False,False,False,False,0.0,29.2,False,False,False,1
The H&M Foundation is an independent non-profit foundation privately funded by the Persson family – the founders and main owners of H&M Group – that works to support the textile industry to halve its greenhouse gas emissions every decade until 2050 while ensuring a just transition for both people and the environment.,15,H&M Foundation,target,hedged,2050,,2050,,0.5,data/raw/hm/2025_sustainability_report.pdf,hm,2025,51,0.0,0.0,0.0,True,False,True,False,True,0.6,10.8,False,False,False,0
"Since its inception in 2015, the Global Change Award has awarded 56 pioneering teams from 23 countries for ideas ranging from lab-grown cotton and microbial dyes to graphene fibres and test environments for waste sorting.",15,H&M Foundation,other,,"2015,",2015,,,0.5,data/raw/hm/2025_sustainability_report.pdf,hm,2025,32,0.0,0.0,0.0,True,True,False,False,False,0.4,34.2,False,False,False,1
"This year’s 10 award winners are from all over the world and are being recognised for solutions that advance smart recycling, heat pumps that can replace outdated oil and gas boilers, and more inclusive and circular systems in the fashion industry.",15,H&M Foundation,other,,10,,,,0.5,data/raw/hm/2025_sustainability_report.pdf,hm,2025,41,0.0,0.0,0.0,True,False,False,False,False,0.2,33.2,True,False,False,1
"Leyla joined H&M in 2000 and has held numerous leadership roles across production, supply chain and sustainability, working in Bangladesh, China and Türkiye.",29,Board of directors > LEYLA ERTUR GENC,other,,2000,,,supply chain,1.0,data/raw/hm/2025_sustainability_report.pdf,hm,2025,24,0.0417,0.0,0.0,True,False,False,True,False,0.233,27.4,False,False,False,1
Since 2021 she has led H&M Group’s global sustainability efforts.,29,Board of directors > LEYLA ERTUR GENC,other,,2021,,,,0.5,data/raw/hm/2025_sustainability_report.pdf,hm,2025,11,0.0,0.0,0.0,True,False,False,False,False,0.2,57.2,False,False,False,0
In 2025 the company worked to establish and implement a framework for internal control over sustainability reporting in accordance with the Corporate Sustainability Reporting Directive (CSRD).,30,Executive management 1 > DANIEL ERVÉR,other,,2025,,,,0.5,data/raw/hm/2025_sustainability_report.pdf,hm,2025,25,0.0,0.0,0.0,True,False,False,False,False,0.2,-14.8,False,False,False,0
"By reducing our dependence on critical and finite resources such as material, water and energy, we are working towards decoupling our growth from resource use and ensure we contribute to limiting global warming to 1.5°C.",32,Decoupling growth,other,hedged,1.5,,,,0.5,data/raw/hm/2025_sustainability_report.pdf,hm,2025,35,0.0,0.0,0.0,True,False,False,False,False,0.2,41.6,False,False,False,0
"To achieve this, we are increasing the use of certified, re­cycled and ­sustainably sourced materials, while improving resource ­efficiency across our own operations and value chain.",32,Decoupling growth,attribute,,,,,own operations; value chain,0.5,data/raw/hm/2025_sustainability_report.pdf,hm,2025,27,0.0,0.0,0.0,False,False,False,True,False,0.2,22.8,False,False,False,0
"In 2025, we continued to increase the share of re­cycled and sustain­ably sourced materials in our commercial products and packaging.",32,Driving change within our industry,other,,"2025,",,,,0.5,data/raw/hm/2025_sustainability_report.pdf,hm,2025,21,0.0476,0.0,0.0,True,False,False,False,False,0.01,44.5,False,False,False,0
"Compared to 2019, our absolute Scope 3 emissions have declined by 34.6 percent, which is in line with the science based targets we have set for 2030.",32,Driving change within our industry,other,,34.6 percent,2019,,Scope 3,1.0,data/raw/hm/2025_sustainability_report.pdf,hm,2025,23,0.0,0.0,0.0435,True,True,False,True,True,0.8,70.1,False,False,False,0
"In 2025, ­92.6 percent of chemicals in Tier 1 and 2 production units were assured to meet ZDHC MRSL1 requirements, contributing to improved chemical management in our supply chain.",32,Driving change within our industry,achievement,achievement,92.6 percent,,,supply chain; supply chain (tier 1),0.67,data/raw/hm/2025_sustainability_report.pdf,hm,2025,25,0.04,0.0,0.0,True,False,False,True,True,0.44,35.1,True,False,False,0
"In 2025, we continued our investments into decarbonisation and the revenue for our resale offering has continued to increase.",32,Driving change within our industry,other,,"2025,",,,,0.5,data/raw/hm/2025_sustainability_report.pdf,hm,2025,18,0.1111,0.0,0.0,True,False,False,False,False,0.0,19.4,False,False,False,0
"Our Scope 3 GHG emissions (excluding use-phase) have been decreasing over time in line with the set targets, although some variation in the progress for each year is to be expected on the ­journey towards the 2030 target.",32,Absolute Scope 3 GHG ­emissions (tonnes CO2e),achievement,achievement,3,,,Scope 3,0.67,data/raw/hm/2025_sustainability_report.pdf,hm,2025,36,0.0,0.0556,0.0556,True,False,False,True,False,0.178,41.0,True,False,False,1
The graph shows the share of our commercial products that are made from recycled or ­sustainably sourced materials.,32,Re­cycled and sustain­ably sourced materials,attribute,,,,,,0.0,data/raw/hm/2025_sustainability_report.pdf,hm,2025,18,0.0,0.0,0.0,False,False,False,False,False,0.0,52.3,False,False,False,0
"Metrics with the highest measurement uncertainty include GHG emissions in Scope 3 categories 1 and 4 due to modelling complexity, and categories 5, 11, 12 and waste generated in own operations due to limited downstream traceability.",33,Our approach to sustainability,other,,3,,,Scope 3; own operations; downstream,1.0,data/raw/hm/2025_sustainability_report.pdf,hm,2025,30,0.0,0.0,0.0,True,False,False,True,False,0.4,-6.9,False,False,False,0
"However, we have defined an upper limit for the long-term horizon of 15 years to align with our climate targets, which extend to 2040.",33,Our approach to sustainability,other,,15,,,,0.5,data/raw/hm/2025_sustainability_report.pdf,hm,2025,22,0.0,0.0,0.0455,True,False,False,False,False,0.2,49.9,False,False,False,0
"In 2025, this meant that we decided to enter into a multi-year strategic partnership with Circulose to replace virgin viscose, as well as to continue supporting Syre to ­enable large-scale textile-to-textile recycling.",33,Our approach to sustainability,other,,"2025,",,,,0.5,data/raw/hm/2025_sustainability_report.pdf,hm,2025,31,0.0,0.0,0.0,True,False,False,False,False,0.2,11.6,False,False,False,0
"These initiatives are part of our overall plan to strengthen the resilience of our business model by optimising our production and resource use, reducing GHG emissions in the value chain, increasing the use of recycled and sustainably sourced materials, and accelerating the transition to a circular economy for fashion.",33,Our approach to sustainability,attribute,hedged,,,,value chain,0.5,data/raw/hm/2025_sustainability_report.pdf,hm,2025,49,0.0,0.0,0.0204,False,False,False,True,False,0.2,-5.2,False,False,False,1
"In 2024, the board also underwent training on the CSRD (Corporate Sustainability Reporting Directive) to increase their understanding of managing our material sustainability matters in relation to the new regulations, thereby ensuring effective governance and monitoring of sustainability efforts within the H&M group.",34,Our sustainability steering model,other,,"2024,",,,,0.5,data/raw/hm/2025_sustainability_report.pdf,hm,2025,43,0.0,0.0,0.0,True,False,False,False,False,0.2,-23.7,False,False,False,0
"In the long-term incentive program (“LTIP 2025”), the outcome of performance shares awards to the participants is subject to the satisfaction of ­performance criteria related to the three-year performance linked to the development of the groups operating profit, total shareholders return on the H&M share and environmental, social and governance (ESG), i.e. reduction of GHG emissions.",34,Our sustainability steering model,other,,2025,,,,0.5,data/raw/hm/2025_sustainability_report.pdf,hm,2025,57,0.0,0.0175,0.0,True,False,False,False,False,0.13,30.2,False,False,False,0
"The sustain­ability‑related criteria are linked to the company reducing its absolute CO₂e emissions in Scope 1, 2, and Scope 3 compared to the 2019 level.",34,Our sustainability steering model,other,,"1,",2019,,Scope 1; Scope 3,1.0,data/raw/hm/2025_sustainability_report.pdf,hm,2025,24,0.0,0.0,0.0,True,True,False,True,False,0.6,27.4,True,False,False,0
"During 2025, we have continued to develop internal control and data ­management procedures to improve our sustainability governance framework and mitigate risks associated with the consolidation and reporting of sustainability data.",34,Our sustainability steering model,other,,"2025,",,,,0.5,data/raw/hm/2025_sustainability_report.pdf,hm,2025,30,0.0333,0.0,0.0,True,False,False,False,False,0.067,-26.7,False,False,False,0
"Although progress towards these targets has been made during the year, we anticipate future challenges related to the availability of recycled and sustainably sourced materials, and the management of global supply chains and business relationships in high-risk regions.",35,"Our sustainability steering model > Employees per region, 2025",attribute,achievement,,,,supply chain,0.5,data/raw/hm/2025_sustainability_report.pdf,hm,2025,38,0.0,0.0263,0.0526,False,False,False,True,False,0.095,-0.9,False,False,False,1
Examples of ongoing actions – spanning several products and markets – include our efforts to achieve 100 percent recycled or sustainably sourced materials in our commercial products and packaging by 2030.,35,"Our sustainability steering model > Employees per region, 2025",target,,100 percent,,2030,,0.5,data/raw/hm/2025_sustainability_report.pdf,hm,2025,27,0.0741,0.0,0.057,True,False,True,False,False,0.104,13.4,False,False,False,0
"The portfolio consists of over 30 com­panies and includes Sellpy, Syre, and Looper Textile, which aim to contribute to the transition towards a circular economy for fashion.",35,"Our sustainability steering model > Employees per region, 2025",other,hedged,30,,,,0.5,data/raw/hm/2025_sustainability_report.pdf,hm,2025,27,0.0,0.0,0.037,True,False,False,False,False,0.2,29.0,False,False,False,0
"In 2025, we continued integrating sustainability-related impacts, risks and opportunities into our enterprise risk management (ERM) system to ensure they are assessed on the same basis as other financial and operational risks.",36,Our key stakeholders,other,,"2025,",,,,0.5,data/raw/hm/2025_sustainability_report.pdf,hm,2025,31,0.0323,0.0,0.0,True,False,False,False,False,0.071,-7.5,True,False,False,0
This integration will continue throughout 2026 to ensure that the understanding of sustainabilityrelated matters also supports strategic decision-making processes affecting our business model.,36,Our key stakeholders,target,firm,2026,,2026,,0.5,data/raw/hm/2025_sustainability_report.pdf,hm,2025,22,0.0,0.0,0.0455,True,False,True,False,False,0.4,-30.8,False,True,False,0
Step 1: Understanding The double materiality analysis process begins with developing a clear understanding of the context in which we operate in order to map relevant sustainability areas.,36,Our key stakeholders,other,,1,,,,0.5,data/raw/hm/2025_sustainability_report.pdf,hm,2025,27,0.037,0.0,0.0,True,False,False,False,False,0.052,0.8,False,False,False,0
"Step 3: Assessment To evaluate the significance of the impacts, risks and opportunities we have identified, we conduct a structured assessment in accordance with the principle of double materiality.",36,Our key stakeholders,other,,3,,,,0.5,data/raw/hm/2025_sustainability_report.pdf,hm,2025,28,0.0,0.0,0.0,True,False,False,False,False,0.2,12.2,False,False,False,0
"For the financial year 2025, impacts assessed as medium, high or critical were considered material and financial effects assessed as high or critical were considered material.",36,Our key stakeholders,achievement,achievement,"2025,",,,,0.33,data/raw/hm/2025_sustainability_report.pdf,hm,2025,25,0.0,0.0,0.0,True,False,False,False,False,0.2,12.3,True,False,False,0
"Step 5: Monitoring Once a materiality threshold has been set, the results from the double materiality analysis are shared before the start of the next financial year with our executive management team and board of directors to inform our strategic priorities for the coming year.",36,Our key stakeholders,achievement,achievement,5,,,,0.33,data/raw/hm/2025_sustainability_report.pdf,hm,2025,44,0.0,0.0,0.0,True,False,False,False,False,0.2,12.2,True,False,False,0
"Our material sustainability matters and business resilience In 2025, we further developed our materiality analysis process by integrating the principles of double materiality.",36,Our key stakeholders,other,,"2025,",,,,0.5,data/raw/hm/2025_sustainability_report.pdf,hm,2025,22,0.0,0.0,0.0,True,False,False,False,False,0.2,-27.0,False,False,False,0
"The results show that H&M Group’s planned and ongoing actions – including the shift to recycled and sustainably sourced materials, and investments to improve resource efficiency – support the organisation’s ability to respond proactively to supply chain disruptions and maintain operational resilience in the short to medium term (within one to five years).",36,Our key stakeholders,attribute,hedged,,,,supply chain,0.5,data/raw/hm/2025_sustainability_report.pdf,hm,2025,54,0.0185,0.0,0.0185,False,False,False,True,False,0.126,-3.1,False,False,False,0
"These results assume that we reach our 2030 targets related to climate change and resource use, and that we make no significant changes to our asset base.",36,Our key stakeholders,other,,2030,,,,0.5,data/raw/hm/2025_sustainability_report.pdf,hm,2025,26,0.0385,0.0,0.0385,True,False,False,False,False,0.046,56.8,False,False,False,0
Our resilience analysis methodology will be further developed during 2026 to ensure we cover all material sustainability matters.,36,Our key stakeholders,other,firm,2026,,,,0.5,data/raw/hm/2025_sustainability_report.pdf,hm,2025,17,0.0,0.0,0.0588,True,False,False,False,False,0.2,-14.5,False,True,False,0
"We also collaborate with our business partners to increase the use and availability of certified, ­recycled, and sustainably sourced materials.",38,Material sustainability matters > Time horizon,attribute,,,,,,0.0,data/raw/hm/2025_sustainability_report.pdf,hm,2025,20,0.0,0.0,0.0,False,False,False,False,False,0.0,4.6,False,False,False,0
"In 2024, we conducted an updated climate-related scenario analysis to gain deeper insights into both physical and transition risks along our full value chain and the resilience of H&M Group’s strategy and business model regarding climate change.",38,Climate change,other,,"2024,",,,value chain,1.0,data/raw/hm/2025_sustainability_report.pdf,hm,2025,38,0.0,0.0,0.0,True,False,False,True,False,0.4,10.2,False,False,False,0
"The results of the analysis have informed our strategic priorities during 2025, enabling us to take action to strengthen our business resilience in alignment with our climate transition plan.",38,Climate change,other,,"2025,",,,,0.5,data/raw/hm/2025_sustainability_report.pdf,hm,2025,28,0.0,0.0,0.0357,True,False,False,False,False,0.2,21.3,False,False,False,1
"This resilience is supported by strategic investments in services that extend product life, increased use of recycled materials, diversification of raw material sourcing, and the transition to renewable energy and energy-efficient production technologies.",38,Climate change,attribute,achievement,,,,,0.0,data/raw/hm/2025_sustainability_report.pdf,hm,2025,33,0.0,0.0,0.0,False,False,False,False,False,0.0,-18.9,True,False,False,0
"To address this matter, we have taken action to reduce greenhouse gas emissions from production and transportation by phasing out fossil fuels while transitioning to the use of recycled and sustainably sourced materials.",38,Climate change > GHG emissions along the value chain,attribute,,,,,,0.0,data/raw/hm/2025_sustainability_report.pdf,hm,2025,33,0.0,0.0,0.0,False,False,False,False,False,0.0,22.1,False,False,False,0
"To reduce this risk, we execute shifts in our material basket and invest in new ventures and initiatives aimed at increasing the supply of recycled and next-generation materials.",38,Climate change > Risk of increased ­procurement costs due to climate change (P),attribute,,,,,,0.0,data/raw/hm/2025_sustainability_report.pdf,hm,2025,28,0.0,0.0,0.0357,False,False,False,False,False,0.0,18.3,False,False,False,0
"The analysis was conducted in 2024, covering scenarios over the shortterm (within one year), medium-term (by 2030) and long-term (by 2040) to align with the time-horizons used when setting our climate targets.",39,Climate change > Risk of supply disrup­tions along transpor­tation routes due to climate change (P),target,achievement,"2024,",,2030,,0.5,data/raw/hm/2025_sustainability_report.pdf,hm,2025,29,0.0,0.0,0.1234,True,False,True,False,False,0.4,22.8,True,False,False,0
"The ­analysis is based on three climate scenarios1: a low (1.5°C), moderate (~3°C), and high (>3°C) warming pathway.",39,Climate change > Risk of supply disrup­tions along transpor­tation routes due to climate change (P),other,,1.5,,,,0.5,data/raw/hm/2025_sustainability_report.pdf,hm,2025,18,0.0,0.0,0.0,True,False,False,False,False,0.2,61.4,True,False,False,0
"These events may also lead to a shift in consumer sentiment with an increased demand for recycled products and materials, presenting opportunities to grow revenue by scaling resale.",39,Climate change > Risk of supply disrup­tions along transpor­tation routes due to climate change (P),attribute,hedged,,,,,0.0,data/raw/hm/2025_sustainability_report.pdf,hm,2025,28,0.0,0.0357,0.0,False,False,False,False,False,0.0,21.3,False,False,True,0
"Policies related to climate change To manage matters related to climate change, we are guided by our environmental policy, which commits us to reducing our climate impact in line with the 1.5°C target and the Paris Agreement.",39,Climate change > Risk of supply disrup­tions along transpor­tation routes due to climate change (P),other,,1.5,,,,0.5,data/raw/hm/2025_sustainability_report.pdf,hm,2025,37,0.0,0.0,0.0541,True,False,False,False,False,0.2,44.0,True,False,False,0
"Our climate transition plan Building on our business idea and strategic priorities, we have adopted a ­climate transition plan and set science based targets in line with the Paris Agreement to contribute to the limiting of global warming to 1.5°C.",39,Climate change > Risk of supply disrup­tions along transpor­tation routes due to climate change (P),other,hedged,1.5,,,,0.5,data/raw/hm/2025_sustainability_report.pdf,hm,2025,40,0.0,0.0,0.075,True,False,False,False,True,0.4,44.8,False,False,False,0
The plan supports our broader policy commitments and long-term business objectives to ensure we work towards reaching net-zero and take action to mitigate climate change.,39,Climate change > Risk of supply disrup­tions along transpor­tation routes due to climate change (P),attribute,hedged,,,,,0.0,data/raw/hm/2025_sustainability_report.pdf,hm,2025,25,0.0,0.0,0.08,False,False,False,False,False,0.0,25.8,False,False,False,0
"As part of this plan, we have identified a set of decarboni­sation levers including decarbonising own operations, decarbonising pro­duction processes and transport in our supply chain, and shifting to recycled and sustainably sourced materials for our products and packaging.",39,Climate change > Risk of supply disrup­tions along transpor­tation routes due to climate change (P),attribute,,,,,own operations; supply chain,0.5,data/raw/hm/2025_sustainability_report.pdf,hm,2025,41,0.0,0.0,0.0244,False,False,False,True,False,0.2,2.2,False,False,False,0
"In 2025, we allocated a total of SEK 2,484.2 m OpEx and SEK 347 m CapEx to our key actions related to our climate transition plan.",39,Climate change > Risk of supply disrup­tions along transpor­tation routes due to climate change (P),other,,"2025,",,,,0.5,data/raw/hm/2025_sustainability_report.pdf,hm,2025,23,0.0,0.0,0.0435,True,False,False,False,False,0.2,66.4,False,False,False,0
"We have not invested in any coal, oil or gas-related economic activities during 2025.",39,Climate change > Risk of supply disrup­tions along transpor­tation routes due to climate change (P),other,,,,,,0.0,data/raw/hm/2025_sustainability_report.pdf,hm,2025,13,0.0,0.0,0.0,False,False,False,False,False,0.0,24.4,False,False,False,0
"Furthermore, to support our transition towards net-zero, we have conducted a qualitative assessment of potential locked-in GHG emissions associated with our operations, products or assets.",39,Climate change > Risk of supply disrup­tions along transpor­tation routes due to climate change (P),attribute,hedged,,,,own operations,0.5,data/raw/hm/2025_sustainability_report.pdf,hm,2025,25,0.0,0.0,0.0,False,False,False,True,False,0.2,-1.3,False,False,False,0
"Our GHG emission reductions have been driven by increased renewable energy use, energy efficiency improvements in our operations and supply chain, and a greater share of recycled and sustainably sourced materials in our material basket.",39,Climate change > Risk of supply disrup­tions along transpor­tation routes due to climate change (P),attribute,achievement,,,,own operations; supply chain,0.5,data/raw/hm/2025_sustainability_report.pdf,hm,2025,35,0.0,0.0,0.0,False,False,False,True,False,0.2,2.1,True,False,False,0
"This includes shifting towards recycled and sustainably sourced materials, adopting energyefficient technologies, and sourcing renewable energy.",39,Climate change > Risk of supply disrup­tions along transpor­tation routes due to climate change (P),attribute,,,,,,0.0,data/raw/hm/2025_sustainability_report.pdf,hm,2025,16,0.0,0.0,0.0,False,False,False,False,False,0.0,-31.5,False,False,False,0
"Our targets and actions To ensure we achieve our ambition and contribute to the limiting of global warming to 1.5°C, we have set targets related to our key actions and decarbonisation levers in alignment with our climate transition plan.",40,Our actions to reduce GHG emissions > Risk of increased sourcing costs due to carbon taxes (T),target,hedged,1.5,,,,0.25,data/raw/hm/2025_sustainability_report.pdf,hm,2025,39,0.0,0.0,0.1026,True,False,False,False,False,0.2,43.9,False,False,False,0
"Decarbonising own operations To enable the decarbonisation of our own operations, we have set targets to reduce absolute Scope 1 and 2 GHG emissions by 90 percent by 2040 and 56 percent by 2030, against a 2019 baseline.",40,Our actions to reduce GHG emissions > Targets for 2040,target,,90 percent,2019,2040,Scope 1; own operations,1.0,data/raw/hm/2025_sustainability_report.pdf,hm,2025,31,0.0,0.0,0.1168,True,True,True,True,False,0.8,17.1,False,False,False,0
These targets have been validated against SBTi’s Net-Zero Standard and were formally approved by the SBTi during 2022 as being in line with what the latest climate science regards as necessary to limit global warming to 1.5°C above pre-industrial levels.,40,Our actions to reduce GHG emissions > Targets for 2040,achievement,achievement,2022,,,,0.33,data/raw/hm/2025_sustainability_report.pdf,hm,2025,40,0.0,0.0,0.025,True,False,False,False,True,0.4,44.8,True,False,False,0
"Action: Improving energy efficiency in own operations To reduce our Scope 1 and 2 GHG emissions, we have taken action to improve energy efficiency in our own operations during 2025.",40,Our actions to reduce GHG emissions > Targets for 2040,other,,1,,,Scope 1; own operations,1.0,data/raw/hm/2025_sustainability_report.pdf,hm,2025,27,0.0,0.0,0.0,True,False,False,True,False,0.4,13.4,False,False,False,0
"The aim of this action is to ensure we achieve a 36 percent reduction in electricity consumption per square metre and opening hour in all our stores by 2030, against a 2016 baseline.",40,Our actions to reduce GHG emissions > Targets for 2040,target,hedged,36 percent,2016,2030,,0.75,data/raw/hm/2025_sustainability_report.pdf,hm,2025,30,0.0,0.0,0.0867,True,True,True,False,False,0.6,41.0,False,False,False,0
"In 2025, we allocated a total of SEK 7.2 m OpEx and SEK 296.9 m CapEx towards these energy efficiency improvements.",40,Our actions to reduce GHG emissions > Targets for 2040,other,,"2025,",,,,0.5,data/raw/hm/2025_sustainability_report.pdf,hm,2025,18,0.0,0.0,0.0,True,False,False,False,False,0.2,45.6,False,False,False,0
"Based on our projections, this action is expected to reduce our Scope 1 and 2 market-based GHG emissions by around 1 percent by 2030, compared with our total emissions in 2019.",40,Our actions to reduce GHG emissions > Targets for 2040,target,,1 percent,,2030,Scope 1,0.75,data/raw/hm/2025_sustainability_report.pdf,hm,2025,26,0.0,0.1154,0.0585,True,False,True,True,False,0.3,34.0,True,False,False,0
"Action: Sourcing of renewable energy in own operations During 2025, we have taken action to increase the share of renewable energy that is matched with consumption in our stores, warehouses and offices.",40,Our actions to reduce GHG emissions > Targets for 2040,other,,"2025,",,,own operations,1.0,data/raw/hm/2025_sustainability_report.pdf,hm,2025,31,0.0,0.0,0.0,True,False,False,True,False,0.4,19.8,True,False,False,0
"The aim of this action is to ensure that we reach 100 percent matching of renewable electricity for our own operations by 2030, with at least 50 percent coming from Virtual Power Purchase Agreements (VPPAs), driving the development of new renewable electricity generation.",40,Our actions to reduce GHG emissions > Targets for 2040,target,hedged,100 percent,,2030,own operations,0.75,data/raw/hm/2025_sustainability_report.pdf,hm,2025,40,0.0,0.0,0.07,True,False,True,True,False,0.6,11.8,False,False,False,0
"VPPAs will not significantly reduce our market-based Scope 2 GHG emissions, but they will contribute to the expansion of new renewable energy capacity.",40,Our actions to reduce GHG emissions > Targets for 2040,other,firm,2,,,Scope 2,1.0,data/raw/hm/2025_sustainability_report.pdf,hm,2025,22,0.0909,0.0,0.0909,True,False,False,True,False,0.1,19.2,False,True,False,0
"In 2025, we allocated a total of SEK 59.2 m OpEx and SEK 2.9 m CapEx towards sourcing renewable energy, including leveraging VPPAs to support the development of new renewable electricity, installing on-site solar PVs, and procuring renewable energy attribute certificates.",40,Our actions to reduce GHG emissions > Targets for 2040,other,hedged,"2025,",,,,0.5,data/raw/hm/2025_sustainability_report.pdf,hm,2025,38,0.0,0.0,0.0,True,False,False,False,False,0.2,13.6,False,False,False,0
"Based on our projections, this action is expected to reduce our market-based Scope 1 ­and 2 GHG emissions by around 55 percent by 2030, compared with our total emissions in 2019.",40,Our actions to reduce GHG emissions > Targets for 2040,target,,55 percent,,2030,Scope 1,0.75,data/raw/hm/2025_sustainability_report.pdf,hm,2025,26,0.0,0.1154,0.0585,True,False,True,True,False,0.3,34.0,True,False,False,0
"Decarbonising production To enable the decarbonisation of production processes in our garment ­supply chain from Tier 1 to 3, we have set targets to reduce absolute Scope 3 GHG emissions (excluding indirect use-phase emissions) by 90 percent by 2040 and 56 percent by 2030, compared with a 2019 baseline.",40,Our actions to reduce GHG emissions > Targets for 2040,target,,90 percent,2019,2040,Scope 3; supply chain; supply chain (tier 1),1.0,data/raw/hm/2025_sustainability_report.pdf,hm,2025,41,0.0,0.0,0.0932,True,True,True,True,False,0.8,2.2,False,False,False,0
These targets have been validated against the SBTi’s Net-Zero Standard and were formally approved by the SBTi in 2022 as aligned with the latest climate science on limiting global warming to 1.5°C above pre-industrial levels.,40,Our actions to reduce GHG emissions > Targets for 2040,achievement,achievement,2022,,,,0.33,data/raw/hm/2025_sustainability_report.pdf,hm,2025,35,0.0,0.0,0.0286,True,False,False,False,True,0.4,44.0,True,False,False,0
"Action: Improving energy efficiency in garment and fabric manufacturing During 2025, we have taken action to support our garment and fabric manufacturing suppliers to improve the energy efficiency of their production processes.",40,Our actions to reduce GHG emissions > Targets for 2040,other,hedged,"2025,",,,,0.5,data/raw/hm/2025_sustainability_report.pdf,hm,2025,31,0.0,0.0,0.0,True,False,False,False,False,0.2,-4.7,False,False,False,0
"In 2025, we allocated a total of SEK 27.1 m OpEx towards energy efficiency improvements within our supply chain.",40,Our actions to reduce GHG emissions > Targets for 2040,other,,"2025,",,,supply chain,1.0,data/raw/hm/2025_sustainability_report.pdf,hm,2025,17,0.0,0.0,0.0,True,False,False,True,False,0.4,34.0,False,False,False,0
"Based on our projections, this action is projected to deliver a 2 percent reduction in Scope 3 GHG emissions compared with a 2019 baseline, equivalent to around 81,306 tonnes of CO₂e by 2030.",40,Our actions to reduce GHG emissions > Targets for 2040,target,,2 percent,2019,2030,Scope 3,1.0,data/raw/hm/2025_sustainability_report.pdf,hm,2025,29,0.0,0.0345,0.0545,True,True,True,True,False,0.662,28.6,True,False,False,0
"To reduce GHG emissions from production processes, we are therefore working with our suppliers in Tier 1, 2 and 3 with the aim to phase out on-site coal by 2026.",40,Our actions to reduce GHG emissions > Targets for 2040,target,hedged,"1,",,2026,supply chain (tier 1),0.75,data/raw/hm/2025_sustainability_report.pdf,hm,2025,26,0.0,0.0,0.0585,True,False,True,True,False,0.6,56.8,False,False,False,0
"By 2030, we aim for all suppliers in Tier 1 to 3 to source 100 percent renewable electricity for the production of our garments – from spinning to finished product.",40,Our actions to reduce GHG emissions > Targets for 2040,target,hedged,100 percent,,2030,supply chain (tier 1),0.75,data/raw/hm/2025_sustainability_report.pdf,hm,2025,25,0.0,0.0,0.1,True,False,True,True,False,0.6,46.1,False,False,False,0
"In 2025, we invested SEK 24.6 m OpEx on activities related to the phase out of fossil fuels in garment and fabric manufacturing.",40,Our actions to reduce GHG emissions > Targets for 2040,other,,"2025,",,,,0.5,data/raw/hm/2025_sustainability_report.pdf,hm,2025,21,0.0,0.0,0.0,True,False,False,False,False,0.2,51.1,False,False,False,0
"Based on our projections, this action is projected to deliver a 38 percent reduction in Scope 3 GHG emissions compared with a 2019 baseline, equivalent to around 1,565,387 tonnes of CO₂e by 2030.",40,Our actions to reduce GHG emissions > Targets for 2040,target,,38 percent,2019,2030,Scope 3,1.0,data/raw/hm/2025_sustainability_report.pdf,hm,2025,29,0.0,0.0345,0.0545,True,True,True,True,False,0.662,28.6,True,False,False,0
"In Indonesia, two strategic suppliers have signed Green Electricity Tariff Agreements (GEAS), while in Türkiye a strategic supplier signed the industry’s first CPPA in the country.",40,Our actions to reduce GHG emissions > Targets for 2040,attribute,,,,,,0.0,data/raw/hm/2025_sustainability_report.pdf,hm,2025,28,0.0,0.0,0.0,False,False,False,False,False,0.0,30.4,False,False,False,0
"Decarbonising transports To enable the decarbonisation of transportation to and from our stores, warehouses and customers, we have set targets to reduce absolute Scope 3 GHG emissions (excluding indirect use-phase emissions) by 90 percent by 2040 and 56 percent by 2030, compared with a 2019 baseline.",40,Our actions to reduce GHG emissions > Targets for 2040,target,,90 percent,2019,2040,Scope 3,1.0,data/raw/hm/2025_sustainability_report.pdf,hm,2025,40,0.0,0.0,0.095,True,True,True,True,False,0.8,-3.0,False,False,False,0
These targets have been validated against the SBTi’s Net-Zero Standard and were formally approved by the SBTi in 2022 as aligned with the latest climate science on limiting global warming to 1.5°C above pre-industrial levels.,40,Our actions to reduce GHG emissions > Targets for 2040,achievement,achievement,2022,,,,0.33,data/raw/hm/2025_sustainability_report.pdf,hm,2025,35,0.0,0.0,0.0286,True,False,False,False,True,0.4,44.0,True,False,False,0
"Action: Optimising logistics and transition to low emission transports During 2025, we have taken action to optimise our logistics network, while expanding the use of zero-emission vehicles (ZEV).",40,Our actions to reduce GHG emissions > Targets for 2040,attribute,,"2025,",2025,,,0.5,data/raw/hm/2025_sustainability_report.pdf,hm,2025,27,0.0,0.0,0.0,True,True,False,False,False,0.4,10.2,False,False,False,0
"Based on our projections, this action is projected to deliver a 3 percent absolute reduction in Scope 3 emissions by 2030, compared with 2019 levels.",40,Our actions to reduce GHG emissions > Targets for 2040,target,,3 percent,2019,2030,Scope 3,1.0,data/raw/hm/2025_sustainability_report.pdf,hm,2025,21,0.0,0.0,0.0676,True,True,True,True,False,0.8,28.4,True,False,False,0
"Material shifts related to our resource use and inflows In alignment with our overall business idea and climate transition plan, we have set targets to increase the use of recycled and sustainably sourced materials in our products and packaging.",40,Our actions to reduce GHG emissions > Targets for 2040,attribute,,,,,,0.0,data/raw/hm/2025_sustainability_report.pdf,hm,2025,39,0.0,0.0,0.0513,False,False,False,False,False,0.0,19.7,False,False,False,0
"Action: Increasing use of recycled and sustainably sourced materials The extraction and production of raw materials such as cotton and wool ­generates GHG emissions, consumes water and impacts ecosystems.",40,Our actions to reduce GHG emissions > Targets for 2040,attribute,,,,,,0.0,data/raw/hm/2025_sustainability_report.pdf,hm,2025,29,0.0,0.0,0.0,False,False,False,False,False,0.0,5.3,False,False,False,0
"During 2025, we have therefore taken action to increase the use of recycled and ­sustainably sourced materials in our products and packaging.",40,Our actions to reduce GHG emissions > Targets for 2040,attribute,,"2025,",,,,0.5,data/raw/hm/2025_sustainability_report.pdf,hm,2025,21,0.0,0.0,0.0,True,False,False,False,False,0.2,32.4,False,False,False,0
This action is ongoing and planned until 2030 for when we aim to source 100 percent recycled or sustainably sourced materials in our products and packaging.,40,Our actions to reduce GHG emissions > Targets for 2040,target,hedged,100 percent,,2030,,0.5,data/raw/hm/2025_sustainability_report.pdf,hm,2025,24,0.0417,0.0,0.0833,True,False,True,False,False,0.233,41.5,False,False,False,0
"In 2025, we allocated a total of SEK 1,244.5 m OpEx on initiatives with the aim to increase our use of recycled and sustainably sourced materials.",40,Our actions to reduce GHG emissions > Targets for 2040,attribute,hedged,"2025,",,,,0.5,data/raw/hm/2025_sustainability_report.pdf,hm,2025,24,0.0,0.0,0.0417,True,False,False,False,False,0.2,46.6,False,False,False,0
"Based on our projections, this action is projected to deliver a 13 percent reduction in Scope 3 GHG emissions by 2030, compared with 2019 levels.",40,Our actions to reduce GHG emissions > Targets for 2040,target,,13 percent,2019,2030,Scope 3,1.0,data/raw/hm/2025_sustainability_report.pdf,hm,2025,21,0.0,0.0,0.0676,True,True,True,True,False,0.8,36.5,True,False,False,0
"Reaching net-zero In order to drive change within our industry and to support the global transition, we have also set a long-term climate target to become net-zero by 2040.",40,Our actions to reduce GHG emissions > Targets for 2040,target,hedged,,,2040,,0.25,data/raw/hm/2025_sustainability_report.pdf,hm,2025,28,0.0,0.0,0.0914,False,False,True,False,False,0.2,39.4,False,False,False,0
"This target is intended to be achieved by balancing the remaining emissions in our value chain with carbon removals in line with the SBTi Net-Zero Standard, after our emissions have been reduced by 90 percent compared with the 2019 baseline.",40,Our actions to reduce GHG emissions > Targets for 2040,achievement,achievement,90 percent,2019,,value chain,1.0,data/raw/hm/2025_sustainability_report.pdf,hm,2025,38,0.0,0.0263,0.0526,True,True,False,True,True,0.695,21.3,True,False,False,0
"These initiatives are focused on addressing our residual GHG emissions in 2040, which are expected to equal no more than 10 percent of our total GHG emissions in 2019 (our baseline level).",40,Our actions to reduce GHG emissions > Targets for 2040,other,,10 percent,,,,0.5,data/raw/hm/2025_sustainability_report.pdf,hm,2025,29,0.0,0.069,0.0,True,False,False,False,False,0.0,28.6,True,False,False,0
"To date, we have entered into 23 offtake agreements for permanent ­carbon removals.",40,Our actions to reduce GHG emissions > Targets for 2040,other,,23,,,,0.5,data/raw/hm/2025_sustainability_report.pdf,hm,2025,12,0.0,0.0,0.0,True,False,False,False,False,0.2,32.5,False,False,False,0
"At the end of 2025, we have not cancelled any credits for permanent carbon removals, but we have received 388 tonnes.",40,Our actions to reduce GHG emissions > Targets for 2040,other,,388 tonnes,,,,0.5,data/raw/hm/2025_sustainability_report.pdf,hm,2025,19,0.0,0.0,0.0,True,False,False,False,False,0.2,49.5,False,False,False,0
"Initiatives beyond value chain mitigation To further contribute to the global transition to net-zero, we engage in nature-based projects that contribute to climate action beyond our value chain.",40,Our actions to reduce GHG emissions > Targets for 2040,attribute,hedged,,,,value chain,0.5,data/raw/hm/2025_sustainability_report.pdf,hm,2025,28,0.0,0.0,0.0,False,False,False,True,False,0.2,12.2,False,False,False,0
In 2022 we therefore joined the Lowering Emissions by Accelerating Forest Finance (LEAF) Coalition as a corporate partner to ­support the ­preservation of forests.,40,Our actions to reduce GHG emissions > Targets for 2040,other,hedged,2022,,,,0.5,data/raw/hm/2025_sustainability_report.pdf,hm,2025,23,0.0,0.0,0.0,True,False,False,False,False,0.2,14.3,False,False,False,0
For 2025 we have not retired or taken delivery of any carbon credits1.,40,Our actions to reduce GHG emissions > Targets for 2040,other,,2025,,,,0.5,data/raw/hm/2025_sustainability_report.pdf,hm,2025,12,0.0,0.0,0.0,True,False,False,False,False,0.2,46.6,False,False,False,0
"In 2025, the internal carbon price was set at USD 20 per tonne of CO₂e.",40,Our actions to reduce GHG emissions > Targets for 2040,achievement,achievement,"2025,",,,,0.33,data/raw/hm/2025_sustainability_report.pdf,hm,2025,14,0.0,0.0,0.0,True,False,False,False,False,0.2,89.9,False,False,False,0
"The carbon price is applied to each order and covers emissions associated with raw material extraction, production processes in Tier 1 to 3, and transportation across the value chain.",40,Our actions to reduce GHG emissions > Targets for 2040,other,,1,,,value chain; supply chain (tier 1),1.0,data/raw/hm/2025_sustainability_report.pdf,hm,2025,27,0.0,0.0,0.0,True,False,False,True,False,0.4,25.9,True,False,False,0
"In 2025, this represented around 57 percent of our total Scope 3 GHG emissions.",40,Our actions to reduce GHG emissions > Targets for 2040,other,,57 percent,,,Scope 3,1.0,data/raw/hm/2025_sustainability_report.pdf,hm,2025,11,0.0,0.0909,0.0,True,False,False,True,False,0.1,49.5,False,False,False,0
Scope 1 and Scope 2 GHG emissions are not covered by the internal carbon price.,40,Our actions to reduce GHG emissions > Targets for 2040,other,,1,,,Scope 1; Scope 2,1.0,data/raw/hm/2025_sustainability_report.pdf,hm,2025,13,0.0,0.0,0.0,True,False,False,True,False,0.4,63.5,False,False,False,0
The specific price was set as a function of the estimated cost of reaching our 2030 Scope 3 ­target and the baseline GHG emissions from the included activities.,40,Our actions to reduce GHG emissions > Targets for 2040,achievement,achievement,2030,,,Scope 3,0.67,data/raw/hm/2025_sustainability_report.pdf,hm,2025,26,0.0,0.0769,0.0385,True,False,False,True,False,0.1,40.5,False,False,False,0
1. We make no claims of GHG-neutrality based on the purchase of these carbon credits.,40,Our actions to reduce GHG emissions > Targets for 2040,other,,,,,,0.0,data/raw/hm/2025_sustainability_report.pdf,hm,2025,14,0.0,0.0,0.0,False,False,False,False,False,0.0,72.8,False,False,False,0
"Our progress and results During 2025, our absolute Scope 1 and 2 GHG emissions decreased by 41 percent compared with 2019.",41,Our actions to reduce GHG emissions > Targets for 2040,achievement,achievement,41 percent,2019,,Scope 1,1.0,data/raw/hm/2025_sustainability_report.pdf,hm,2025,16,0.0,0.0,0.0,True,True,False,True,False,0.6,42.5,False,False,False,1
"The reduction since last year was mainly driven by the matching of renewable electricity with consumption in Australia, which contributed to lower emissions despite a marginal decline in our overall renewable electricity share from 96 percent in 2024 to 95 percent in 2025 due to updated RE100 criteria preventing matching in Romania and Serbia.",41,Our actions to reduce GHG emissions > Targets for 2040,achievement,achievement,96 percent,,,,0.33,data/raw/hm/2025_sustainability_report.pdf,hm,2025,50,0.0,0.0,0.0,True,False,False,False,False,0.2,-4.7,True,False,False,0
"The proportion of electricity matched through our VPPAs increased significantly to 49.1 percent, compared with 19.6 percent in 2024, as all VPPAs in Sweden and the United States came online.",41,Our actions to reduce GHG emissions > Targets for 2040,achievement,achievement,49.1 percent,,,,0.33,data/raw/hm/2025_sustainability_report.pdf,hm,2025,27,0.0741,0.0,0.0,True,False,False,False,False,0.0,44.2,False,False,False,0
The share of renewable electricity coming from bundled certificates is 51.5 percent.,41,Our actions to reduce GHG emissions > Targets for 2040,other,,51.5 percent,,,,0.5,data/raw/hm/2025_sustainability_report.pdf,hm,2025,11,0.0,0.0,0.0,True,False,False,False,False,0.2,16.7,False,False,False,0
In our stores the electricity intensity (kWh/m² per opening hour) decreased by 32 percent compared with the 2016 baseline.,41,Our actions to reduce GHG emissions > Targets for 2040,achievement,achievement,32 percent,2016,,,0.67,data/raw/hm/2025_sustainability_report.pdf,hm,2025,18,0.0,0.0,0.0,True,True,False,False,False,0.4,24.1,False,False,False,0
"Our 2025 absolute Scope 3 emissions under our science based target decreased by 34.6 percent compared with 2019 and 13.6 percent compared with last year, remaining well in line with our –56 percent 2030 target.",41,Our actions to reduce GHG emissions > Targets for 2040,achievement,achievement,34.6 percent,2019,,Scope 3,1.0,data/raw/hm/2025_sustainability_report.pdf,hm,2025,28,0.0,0.0,0.0714,True,True,False,True,False,0.6,55.4,False,False,False,0
"By the end of 2025, 10 Tier 1, 2, and 3 factories reported the use of on‑site coal boilers, down from 118 in 2022, showing strong progress toward our aim of full phase‑out by the end of 2026.",41,Our actions to reduce GHG emissions > Targets for 2040,target,hedged,"2025,",2022,2025,supply chain (tier 1),1.0,data/raw/hm/2025_sustainability_report.pdf,hm,2025,32,0.0312,0.0,0.0312,True,True,True,True,False,0.675,68.6,False,False,False,1
"While emissions are still linked to resource use, total Scope 3 emissions per net revenue (tonnes CO₂e/SEK m) decreased by 33.4 percent compared with 2019 and 11.2 percent compared with last year.",41,Our actions to reduce GHG emissions > Targets for 2040,achievement,achievement,33.4 percent,2019,,Scope 3,1.0,data/raw/hm/2025_sustainability_report.pdf,hm,2025,30,0.0,0.0,0.0,True,True,False,True,False,0.6,61.3,False,False,False,0
"Based on our planned mitigation actions, our expected total GHG emissions reductions from 2019 to 2030 amount to 56 percent, in line with our science based targets for Scope 1, 2, and 3. Biogenic emissions related to activities reported under Scope 1, 2 and 3 have not been calculated for 2025.",41,Our actions to reduce GHG emissions > Targets for 2040,other,,56 percent,2019,,Scope 1,1.0,data/raw/hm/2025_sustainability_report.pdf,hm,2025,41,0.0,0.0488,0.0488,True,True,False,True,True,0.605,35.4,True,False,False,0
"In terms of governance, 10 percent of remuneration in the long-term ­incentive programme (‘LTIP 2025’) was linked to climate-related considerations, supporting accountability for climate performance.",41,Our actions to reduce GHG emissions > Targets for 2040,achievement,achievement,10 percent,,,,0.33,data/raw/hm/2025_sustainability_report.pdf,hm,2025,23,0.0,0.0,0.0,True,False,False,False,False,0.2,-15.1,True,False,False,0
"Prior to 2025, the consumption of purchased or acquired electricity, heat, steam, and cooling from fossil sources (MWh) includes all non-renewable energy.",41,"Our actions to reduce GHG emissions > Consumption from nuclear sources (MWh) 8,205 N/A N/A N/A",other,,"2025,",,,,0.5,data/raw/hm/2025_sustainability_report.pdf,hm,2025,21,0.0,0.0,0.0,True,False,False,False,False,0.2,20.3,False,False,False,0
"1. Net revenue used to calculate intensity values was SEK 228,285 m, as reported in the consolidated financial statements.",41,Our actions to reduce GHG emissions > Energy consumption per net revenue1 for own operations,achievement,achievement,"228,285",,,,0.33,data/raw/hm/2025_sustainability_report.pdf,hm,2025,17,0.0,0.0,0.0,True,False,False,False,False,0.2,19.1,False,False,False,0
These emissions are not within the ‘minimum boundary’ for category 11 (use of sold products) of the GHG Protocol’s Scope 3 standard.,41,Our actions to reduce GHG emissions > Total GHG emissions,other,,11,,,Scope 3,1.0,data/raw/hm/2025_sustainability_report.pdf,hm,2025,21,0.0,0.0,0.0,True,False,False,True,True,0.6,44.5,False,False,False,0
Scope 3 GHG emissions were calculated using 26 percent primary data.,41,Our actions to reduce GHG emissions > Total GHG emissions,achievement,achievement,26 percent,,,Scope 3,0.67,data/raw/hm/2025_sustainability_report.pdf,hm,2025,9,0.0,0.0,0.0,True,False,False,True,False,0.4,19.1,True,False,False,0
"Net revenue used to calculate intensity values was SEK 228,285 m, as reported in the consolidated financial statements.",41,Our actions to reduce GHG emissions > GHG intensity per net revenue1 (tonnes CO2e/SEK m),achievement,achievement,"228,285",,,,0.33,data/raw/hm/2025_sustainability_report.pdf,hm,2025,17,0.0,0.0,0.0,True,False,False,False,False,0.2,10.4,False,False,False,0
"Renewable energy consumption is primarily achieved through electricity matched with EACs (unbundled procurement), and VPPAs (bundled procurement), all aligned with RE100 criteria.",42,Our actions to reduce GHG emissions > GHG intensity per net revenue1 (tonnes CO2e/SEK m),other,achievement,,,,,0.0,data/raw/hm/2025_sustainability_report.pdf,hm,2025,22,0.0,0.0,0.0,False,False,False,False,False,0.0,-11.6,True,False,False,0
"GHG emission inventory and achieved reductions GHG emissions are reported per GHG Protocol and ESRS E1, using the operational control approach.",42,Our actions to reduce GHG emissions > GHG intensity per net revenue1 (tonnes CO2e/SEK m),other,achievement,,,,,0.0,data/raw/hm/2025_sustainability_report.pdf,hm,2025,21,0.0,0.0,0.0,False,False,False,False,True,0.2,12.3,True,False,False,0
"These emissions are expressed in tonnes of CO₂ equivalent (CO₂e), and include CO₂, CH₄, N₂O, and relevant F‑gases based on 100‑year global warming potentials (GWP) from IPCC AR5.",42,Our actions to reduce GHG emissions > GHG intensity per net revenue1 (tonnes CO2e/SEK m),other,,100,,,,0.5,data/raw/hm/2025_sustainability_report.pdf,hm,2025,31,0.0323,0.0,0.0,True,False,False,False,False,0.071,44.4,True,False,False,0
"Biogenic emissions related to activities reported under Scope 1, 2, and 3 have not been calculated for 2025.",42,Our actions to reduce GHG emissions > GHG intensity per net revenue1 (tonnes CO2e/SEK m),other,,"1,",,,Scope 1,1.0,data/raw/hm/2025_sustainability_report.pdf,hm,2025,14,0.0,0.0,0.0,True,False,False,True,False,0.4,17.4,True,False,False,0
"Scope 1 GHG emissions Scope 1 GHG emissions include all direct greenhouse gas emissions from own operations under financial and operational control, including onsite fuel use, company vehicles, and refrigerant leakage from cooling ­systems.",42,Our actions to reduce GHG emissions > GHG intensity per net revenue1 (tonnes CO2e/SEK m),other,,1,,,Scope 1; own operations,1.0,data/raw/hm/2025_sustainability_report.pdf,hm,2025,32,0.0,0.0,0.0,True,False,False,True,False,0.4,2.5,False,False,False,0
Calculations are based on consumption and emission factors from DESNZ (2025).,42,Our actions to reduce GHG emissions > GHG intensity per net revenue1 (tonnes CO2e/SEK m),other,,2025,,,,0.5,data/raw/hm/2025_sustainability_report.pdf,hm,2025,10,0.0,0.0,0.0,True,False,False,False,False,0.2,35.9,True,False,False,0
For company cars a per-kilometre emission value per fuel type from DrivkraftSverige (2025) are used.,42,Our actions to reduce GHG emissions > GHG intensity per net revenue1 (tonnes CO2e/SEK m),other,,2025,,,,0.5,data/raw/hm/2025_sustainability_report.pdf,hm,2025,14,0.0,0.0,0.0,True,False,False,False,False,0.2,35.5,True,False,False,0
"Scope 2 GHG emissions Scope 2 GHG emissions include indirect emissions from purchased electricity, and district heating used in stores, offices and distribution centres.",42,Our actions to reduce GHG emissions > GHG intensity per net revenue1 (tonnes CO2e/SEK m),other,,2,,,Scope 2,1.0,data/raw/hm/2025_sustainability_report.pdf,hm,2025,22,0.0,0.0,0.0,True,False,False,True,False,0.4,3.8,False,False,False,0
"Emissions are reported using both the market‑based method (reflecting ­certificates purchased or generated through VPPAs, complying with the ­current RE100 technical criteria, and the residual mix factors where available, or IEA grid factors) and the location‑based method (reflecting the average grid mix in each country based on IEA grid factors).",42,Our actions to reduce GHG emissions > GHG intensity per net revenue1 (tonnes CO2e/SEK m),other,,,,,,0.0,data/raw/hm/2025_sustainability_report.pdf,hm,2025,52,0.0,0.0,0.0,False,False,False,False,True,0.2,1.1,True,False,False,0
Calculations are based on energy consumption and applicable annual emission factors from IEA (2025).,42,Our actions to reduce GHG emissions > GHG intensity per net revenue1 (tonnes CO2e/SEK m),other,,2025,,,,0.5,data/raw/hm/2025_sustainability_report.pdf,hm,2025,13,0.0,0.0,0.0,True,False,False,False,False,0.2,17.9,True,False,False,0
"Scope 3 GHG emissions Scope 3 GHG emissions include indirect GHG emissions that occur in H&M Group’s value chain, upstream and downstream.",42,Our actions to reduce GHG emissions > GHG intensity per net revenue1 (tonnes CO2e/SEK m),other,,3,,,Scope 3; value chain; upstream; downstream,1.0,data/raw/hm/2025_sustainability_report.pdf,hm,2025,22,0.0,0.0,0.0,True,False,False,True,False,0.4,49.9,False,False,False,0
Scope 3 is calculated in accordance with the Greenhouse Gas Protocol Value Chain Accounting and Reporting Standard (2011).,42,Our actions to reduce GHG emissions > GHG intensity per net revenue1 (tonnes CO2e/SEK m),other,,3,,,Scope 3; value chain,1.0,data/raw/hm/2025_sustainability_report.pdf,hm,2025,16,0.0,0.0,0.0,True,False,False,True,False,0.4,32.0,True,False,False,0
"As part of the SBTi’s validation of H&M Group’s net-zero and near-term targets, all the categories in Scope 3 were screened, collecting relevant proxy data where primary data was not available, to identify all relevant emission sources across the H&M group’s activities.",42,Our actions to reduce GHG emissions > GHG intensity per net revenue1 (tonnes CO2e/SEK m),achievement,achievement,3,,,Scope 3,0.67,data/raw/hm/2025_sustainability_report.pdf,hm,2025,46,0.0435,0.0,0.0217,True,False,False,True,True,0.426,13.0,True,False,False,0
Relevance was identified based on the absence of activities within some of the categories (such as Category 10) and the estimated emissions within others.,42,Our actions to reduce GHG emissions > GHG intensity per net revenue1 (tonnes CO2e/SEK m),achievement,achievement,10,,,,0.33,data/raw/hm/2025_sustainability_report.pdf,hm,2025,23,0.0,0.087,0.0,True,False,False,False,False,0.0,10.6,True,False,False,0
"No activities with relevant climate impact have been identified for categories 2, 8, 9, 10, and 13 and these are therefore excluded from disclosure.",42,Our actions to reduce GHG emissions > GHG intensity per net revenue1 (tonnes CO2e/SEK m),achievement,achievement,"2,",,,,0.33,data/raw/hm/2025_sustainability_report.pdf,hm,2025,19,0.0526,0.0,0.0,True,False,False,False,False,0.0,18.4,True,False,False,0
We report optional emissions for indirect use-phase in Category 11.,42,Our actions to reduce GHG emissions > GHG intensity per net revenue1 (tonnes CO2e/SEK m),other,,,,,,0.0,data/raw/hm/2025_sustainability_report.pdf,hm,2025,9,0.0,0.0,0.0,False,False,False,False,False,0.0,0.3,False,False,False,0
"Calculations are based on product weights, process energy requirements from the Apparel Impact Institutes (Aii) Energy and Carbon Benchmark V1.0 (2025), and the energy mix at production units or country grid factors where the factory specific energy mix is not available.",42,Our actions to reduce GHG emissions > GHG intensity per net revenue1 (tonnes CO2e/SEK m),other,,2025,,,,0.5,data/raw/hm/2025_sustainability_report.pdf,hm,2025,40,0.0,0.0,0.0,True,False,False,False,True,0.4,25.8,True,False,False,0
Emission factors from IEA (2025) and US EPA (2025).,42,Our actions to reduce GHG emissions > GHG intensity per net revenue1 (tonnes CO2e/SEK m),other,,2025,,,,0.5,data/raw/hm/2025_sustainability_report.pdf,hm,2025,7,0.0,0.0,0.0,True,False,False,False,False,0.2,66.8,False,False,False,0
"Calculations are based on material weights and HIGG MSI emission factors (2025), and average emissions per piece based on primary data or the HIGG FEM database (2025).",42,Our actions to reduce GHG emissions > GHG intensity per net revenue1 (tonnes CO2e/SEK m),other,,2025,,,,0.5,data/raw/hm/2025_sustainability_report.pdf,hm,2025,25,0.0,0.0,0.0,True,False,False,False,False,0.2,32.6,True,False,False,0
"Category 3 – Fuel‑ and energy‑related activities Calculations are based on energy consumption in own operations, combined with emission factors from DESNZ (2025), NREL (2012) and DOE (2015 and 2016).",42,Our actions to reduce GHG emissions > GHG intensity per net revenue1 (tonnes CO2e/SEK m),other,,3,,,own operations,1.0,data/raw/hm/2025_sustainability_report.pdf,hm,2025,25,0.0,0.0,0.0,True,False,False,True,False,0.4,8.9,True,False,False,0
"Category 4 – Upstream transportation and distribution Calculations are based either on fuels used reported by transport service providers, or by a combination of mode of transport, distance, and weight, applying emission factors from NTM (2025).",42,Our actions to reduce GHG emissions > GHG intensity per net revenue1 (tonnes CO2e/SEK m),other,,4,,,upstream,1.0,data/raw/hm/2025_sustainability_report.pdf,hm,2025,33,0.0,0.0,0.0,True,False,False,True,False,0.4,9.3,True,False,False,0
"Category 5 – Waste generated in operations Product waste, packaging waste, and other operational waste from distribution centres and stores.",42,Our actions to reduce GHG emissions > GHG intensity per net revenue1 (tonnes CO2e/SEK m),other,,5,,,,0.5,data/raw/hm/2025_sustainability_report.pdf,hm,2025,18,0.0,0.0,0.0,True,False,False,False,False,0.2,0.6,False,False,False,0
"Calculations are based on waste ­volumes by treatment type (e.g., recycling, landfill, incineration) and ­applying emission factors from DESNZ (2022).",42,Our actions to reduce GHG emissions > GHG intensity per net revenue1 (tonnes CO2e/SEK m),other,,2022,,,,0.5,data/raw/hm/2025_sustainability_report.pdf,hm,2025,20,0.0,0.0,0.0,True,False,False,False,False,0.2,39.3,True,False,False,0
"Category 6 – Business travel Calculations are based on travel expenses, which are used for estimating emissions based on mode of transport.",42,Our actions to reduce GHG emissions > GHG intensity per net revenue1 (tonnes CO2e/SEK m),other,,6,,,,0.5,data/raw/hm/2025_sustainability_report.pdf,hm,2025,20,0.0,0.0,0.0,True,False,False,False,False,0.2,13.1,True,False,False,0
Spend based emission factors from DESNZ (2025).,42,Our actions to reduce GHG emissions > GHG intensity per net revenue1 (tonnes CO2e/SEK m),other,,2025,,,,0.5,data/raw/hm/2025_sustainability_report.pdf,hm,2025,6,0.0,0.0,0.0,True,False,False,False,False,0.2,59.7,False,False,False,0
"Category 7 – Employee commuting Calculations are based on number of employees, transport distances and modal split assumptions, and average emission factors from DESNZ (2017) and Trafikverket (2025).",42,Our actions to reduce GHG emissions > GHG intensity per net revenue1 (tonnes CO2e/SEK m),other,,7,,,,0.5,data/raw/hm/2025_sustainability_report.pdf,hm,2025,24,0.0,0.0,0.0,True,False,False,False,False,0.2,6.2,True,False,False,0
"Category 11 – Use of sold products Indirect use-phase emissions from energy used during customer care, ­ such as washing, drying and ironing.",42,Our actions to reduce GHG emissions > GHG intensity per net revenue1 (tonnes CO2e/SEK m),other,,11,,,,0.5,data/raw/hm/2025_sustainability_report.pdf,hm,2025,20,0.0,0.0,0.0,True,False,False,False,False,0.2,21.6,False,False,False,0
"Calculations are based on product group‑specific assumptions for care frequency and energy use from Cascale’s Product Module, combined with country level electricity emission factors from IEA (2025).",42,Our actions to reduce GHG emissions > GHG intensity per net revenue1 (tonnes CO2e/SEK m),other,,2025,,,,0.5,data/raw/hm/2025_sustainability_report.pdf,hm,2025,28,0.0,0.0,0.0,True,False,False,False,False,0.2,12.2,True,False,False,0
"Category 12 – End‑of‑life treatment of sold products Calculations are based on product weights, sales data and country-specific waste statistics on treatment types.",42,Our actions to reduce GHG emissions > GHG intensity per net revenue1 (tonnes CO2e/SEK m),other,,12,,,,0.5,data/raw/hm/2025_sustainability_report.pdf,hm,2025,23,0.0,0.0,0.0,True,False,False,False,False,0.2,25.3,True,False,False,0
Global emission factors from DESNZ (2022) have been applied for all countries.,42,Our actions to reduce GHG emissions > GHG intensity per net revenue1 (tonnes CO2e/SEK m),achievement,achievement,2022,,,,0.33,data/raw/hm/2025_sustainability_report.pdf,hm,2025,11,0.0,0.0,0.0,True,False,False,False,False,0.2,64.9,True,False,False,0
"Category 14 – Franchises Calculations are based on franchisee floor area, combined with H&M Group global retail average of energy intensity and national emission factors from IEA (2025).",42,Our actions to reduce GHG emissions > GHG intensity per net revenue1 (tonnes CO2e/SEK m),other,,14,,,,0.5,data/raw/hm/2025_sustainability_report.pdf,hm,2025,26,0.0,0.0,0.0,True,False,False,False,False,0.2,8.0,True,False,False,0
"Category 15 – Investments Scope 1 and 2 emissions, as well as material Scope 3 emissions of companies where H&M Group has a controlling majority, are integrated into the H&M group’s Scope 1, 2 and 3 reporting, and are not included in Category 15.",42,Our actions to reduce GHG emissions > GHG intensity per net revenue1 (tonnes CO2e/SEK m),other,,15,,,Scope 1; Scope 3,1.0,data/raw/hm/2025_sustainability_report.pdf,hm,2025,38,0.0,0.0,0.0,True,False,False,True,False,0.4,19.1,True,False,False,0
"For investments where the H&M group has no controlling majority, Scope 1 and 2 are included in Category 15.",42,Our actions to reduce GHG emissions > GHG intensity per net revenue1 (tonnes CO2e/SEK m),other,,1,,,Scope 1,1.0,data/raw/hm/2025_sustainability_report.pdf,hm,2025,17,0.0,0.0,0.0,True,False,False,True,False,0.4,45.3,True,False,False,0
"Calculations are based on an operational control approach using financial data, combined with Exiobase (2018) emission intensity factors by industry, mapped with NACE codes.",42,Our actions to reduce GHG emissions > GHG intensity per net revenue1 (tonnes CO2e/SEK m),other,,2018,,,,0.5,data/raw/hm/2025_sustainability_report.pdf,hm,2025,23,0.0,0.0,0.0,True,False,False,False,False,0.2,-4.1,True,False,False,0
"GHG intensity per net revenue GHG intensity is calculated as total greenhouse gas emissions (Scope 1, Scope 2 location‑based, Scope 2 market‑based, and all relevant Scope 3 ­categories) divided by net sales as reported in the consolidated financial statements.",42,Our actions to reduce GHG emissions > GHG intensity per net revenue1 (tonnes CO2e/SEK m),other,,"1,",,,Scope 1; Scope 2; Scope 3,1.0,data/raw/hm/2025_sustainability_report.pdf,hm,2025,37,0.027,0.0,0.0,True,False,False,True,False,0.292,-2.2,True,False,False,0
"Financial resources allocated Financial resources include CapEx and OpEx for activities such as decar­bonisation, renewable energy, upcharge for sustainably sourced or recycled materials, and resale.",42,Our actions to reduce GHG emissions > GHG intensity per net revenue1 (tonnes CO2e/SEK m),attribute,,,,,,0.0,data/raw/hm/2025_sustainability_report.pdf,hm,2025,26,0.0,0.0,0.0,False,False,False,False,False,0.0,-18.0,False,False,False,0
"Figures are based on both audited financial data, as well as upcharge costs for recycled and sustainably sourced materials and renewable electricity used in production.",42,Our actions to reduce GHG emissions > GHG intensity per net revenue1 (tonnes CO2e/SEK m),attribute,,,,,,0.0,data/raw/hm/2025_sustainability_report.pdf,hm,2025,25,0.0,0.0,0.0,False,False,False,False,True,0.2,8.9,True,False,False,0
"Emission reductions achieved are calculated based on a combination of metering, supplier energy data, estimates based on conservative assumptions and emission factors from IEA (2025) and US EPA (2025).",42,Our actions to reduce GHG emissions > GHG intensity per net revenue1 (tonnes CO2e/SEK m),achievement,achievement,2025,,,,0.33,data/raw/hm/2025_sustainability_report.pdf,hm,2025,27,0.0,0.037,0.0,True,False,False,False,False,0.052,-5.4,True,False,False,0
Decarbonising production The electricity consumption and share of renewable electricity in our supply chain includes reported electricity from supplier units in Tier 1 to 3.,42,Our actions to reduce GHG emissions > GHG intensity per net revenue1 (tonnes CO2e/SEK m),other,,1,,,supply chain; supply chain (tier 1),1.0,data/raw/hm/2025_sustainability_report.pdf,hm,2025,23,0.0,0.0,0.0,True,False,False,True,False,0.4,-7.8,False,False,False,0
Number of suppliers reporting the use of on-site coal is based on the third quarter of 2025.,42,Our actions to reduce GHG emissions > GHG intensity per net revenue1 (tonnes CO2e/SEK m),other,,,,,,0.0,data/raw/hm/2025_sustainability_report.pdf,hm,2025,16,0.0,0.0,0.0,False,False,False,False,False,0.0,69.0,True,False,False,0
"This change has led to a decrease in emissions from other expenditures by 29 percent or 164,000 tonnes CO2e for 2024 and a 41 percent or 290,000 tonnes CO2e decrease for 2019 compared to what was reported in our 2024 annual and sustainability report.",42,Our actions to reduce GHG emissions > GHG intensity per net revenue1 (tonnes CO2e/SEK m),achievement,achievement,29 percent,,,,0.33,data/raw/hm/2025_sustainability_report.pdf,hm,2025,39,0.0,0.0,0.0,True,False,False,False,False,0.2,30.6,True,False,False,0
"For fabric production and garment manufacturing (category 1), we have transitioned from using Higg MSI emission factors to those provided by the Aii’s Energy and Carbon Benchmark V1.0.",42,Our actions to reduce GHG emissions > GHG intensity per net revenue1 (tonnes CO2e/SEK m),achievement,achievement,1,,,,0.33,data/raw/hm/2025_sustainability_report.pdf,hm,2025,28,0.0,0.0,0.0,True,False,False,False,False,0.2,35.5,False,False,False,0
The Energy and ­Carbon Benchmark V1.0 provides a more process-specific energy requirement that allows us to more accurately capture both emissions and energy improvements at our suppliers’ factories and includes only the energy ­consumed on-site.,42,Our actions to reduce GHG emissions > GHG intensity per net revenue1 (tonnes CO2e/SEK m),other,,,,,,0.0,data/raw/hm/2025_sustainability_report.pdf,hm,2025,35,0.0,0.0,0.0,False,False,False,False,False,0.0,10.2,False,False,False,0
"This change corresponds to a decrease of 31 percent or 1,269,000 tonnes CO2e for 2024 and a 30 percent or 1,574,000 tonnes CO2e decrease for 2019 compared to what was reported in our 2024 annual and sustainability report.",42,Our actions to reduce GHG emissions > GHG intensity per net revenue1 (tonnes CO2e/SEK m),achievement,achievement,31 percent,,,,0.33,data/raw/hm/2025_sustainability_report.pdf,hm,2025,33,0.0,0.0,0.0,True,False,False,False,False,0.2,40.0,True,False,False,0
"This change has led to an in­­ crease of 46 percent or 12,000 tonnes CO2e for 2024 and a 126 percent or 29,000 tonnes CO2e increase for 2019 as compared to what was reported in our 2024 annual and sustainability report.",42,Our actions to reduce GHG emissions > GHG intensity per net revenue1 (tonnes CO2e/SEK m),achievement,achievement,46 percent,,,,0.33,data/raw/hm/2025_sustainability_report.pdf,hm,2025,36,0.0,0.0,0.0,True,False,False,False,False,0.2,48.1,True,False,False,0
"This change has led to an increase of 46 percent or 30,000 tonnes CO2e for 2024 and an 38 percent or 28,000 tonnes CO2e increase for 2019 as compared to what was reported in our 2024 annual and sustainability report.",42,Our actions to reduce GHG emissions > GHG intensity per net revenue1 (tonnes CO2e/SEK m),achievement,achievement,46 percent,,,,0.33,data/raw/hm/2025_sustainability_report.pdf,hm,2025,35,0.0,0.0,0.0,True,False,False,False,False,0.2,45.6,True,False,False,0
"Together, these lead to an increase of 2 percent or 10,000 tonnes CO2e for 2024, and a 1 percent or 10,000 tonnes CO2e decrease for 2019 as compared to what was reported in our 2024 annual and sustainability report.",42,Our actions to reduce GHG emissions > GHG intensity per net revenue1 (tonnes CO2e/SEK m),achievement,achievement,2 percent,,,,0.33,data/raw/hm/2025_sustainability_report.pdf,hm,2025,34,0.0,0.0,0.0,True,False,False,False,False,0.2,40.4,True,False,False,0
"For Scope 2, self‑generated and consumed electricity has been added.",42,Our actions to reduce GHG emissions > GHG intensity per net revenue1 (tonnes CO2e/SEK m),achievement,achievement,"2,",,,Scope 2,0.67,data/raw/hm/2025_sustainability_report.pdf,hm,2025,10,0.0,0.0,0.0,True,False,False,True,False,0.4,27.5,True,False,False,0
"For our total emissions in Scope 1 and 2, these changes correspond to an increase of 9 percent, or 3,838 tonnes of CO₂e for 2024, and an increase of 2 percent, or 1,174 tonnes of CO₂e for 2019, compared to what was reported in our 2024 annual and sustainability report.",42,Our actions to reduce GHG emissions > GHG intensity per net revenue1 (tonnes CO2e/SEK m),achievement,achievement,9 percent,,,Scope 1,0.67,data/raw/hm/2025_sustainability_report.pdf,hm,2025,43,0.0,0.0,0.0,True,False,False,True,False,0.4,33.3,True,False,False,0
"For our full Scope 3 emissions, including the use-phase, all these changes correspond to a decrease of 11 percent or 984,000 tonnes CO2e for 2024 and a 13 percent or 1,528,000 tonnes CO2e decrease for 2019 compared to what was reported in our 2024 annual and sustainability report.",42,Our actions to reduce GHG emissions > GHG intensity per net revenue1 (tonnes CO2e/SEK m),achievement,achievement,11 percent,,,Scope 3,0.67,data/raw/hm/2025_sustainability_report.pdf,hm,2025,42,0.0,0.0,0.0,True,False,False,True,False,0.4,27.2,True,False,False,0
Minimising water pollution We have set a target to achieve 95 percent compliance with ZDHC Manufacturing Restricted Substances List (MRSL) for all processing units in Tier 1 and 2 of our supply chain by 2030.,43,Water pollution > Targets for 2030,target,,95 percent,,2030,supply chain; supply chain (tier 1),0.75,data/raw/hm/2025_sustainability_report.pdf,hm,2025,31,0.0,0.0,0.0845,True,False,True,True,False,0.6,30.7,False,False,False,0
"In addition, we have set a target to achieve 100 percent compliance with the ZDHC Wastewater Guidelines (Foundation Level) by 2025 for all processing units in Tier 1 and 2 of our supply chain with on-site effluent treatment plants (ETP), ensuring that discharged water quality meets ZDHC’s minimum environmental requirements.",43,Water pollution > Targets for 2030,target,,100 percent,,2025,supply chain; supply chain (tier 1),0.75,data/raw/hm/2025_sustainability_report.pdf,hm,2025,47,0.0,0.0,0.0626,True,False,True,True,False,0.6,6.1,False,False,False,0
"Action: Securing quality of wastewater discharge In 2025, we continued our efforts to strengthen wastewater quality compliance by conducting periodic testing of discharged wastewater and assessing the operational effectiveness of effluent treatment processes at supplier facilities in Tier 1 and 2 equipped with on-site effluent treatment plants (ETP).",43,Water pollution > Targets for 2030,other,,"2025,",,,supply chain (tier 1),1.0,data/raw/hm/2025_sustainability_report.pdf,hm,2025,45,0.0222,0.0,0.0222,True,False,False,True,False,0.311,-21.2,False,False,False,1
"These activities, ongoing since 2023, ensure that wastewater quality is regularly monitored against the ZDHC Wastewater Guidelines, with a focus on ­priority pollutants.",43,Water pollution > Targets for 2030,other,,"2023,",,,,0.5,data/raw/hm/2025_sustainability_report.pdf,hm,2025,22,0.0455,0.0,0.0,True,False,False,False,False,0.018,-7.8,True,False,False,0
"Action: Ensuring chemical compliance In 2025, we also continued our commitment to chemical compliance by applying the AFIRM Restricted Substances List (RSL) and the ZDHC Manufacturing Restricted Substances List (MRSL) in our supply chain.",43,Water pollution > Targets for 2030,other,firm,"2025,",,,supply chain,1.0,data/raw/hm/2025_sustainability_report.pdf,hm,2025,33,0.0303,0.0,0.0303,True,False,False,True,False,0.279,14.4,False,False,False,0
We also reached 100 percent of Tier 1 and 2 production units with ETP discharged water quality that is ZDHC wastewater compliant at Foundational Level.,43,Water pollution > Targets for 2030,achievement,achievement,100 percent,,,supply chain (tier 1),0.67,data/raw/hm/2025_sustainability_report.pdf,hm,2025,22,0.0,0.0,0.0,True,False,False,True,False,0.4,26.8,False,False,False,0
ETP discharge water quality Covers Tier 1 and 2 wet processing units with on-site ETPs.,43,Water pollution > Water pollution in the supply chain,other,,1,,,supply chain (tier 1),1.0,data/raw/hm/2025_sustainability_report.pdf,hm,2025,13,0.0,0.0,0.0,True,False,False,True,False,0.4,50.5,False,False,False,0
"In 2024, we conducted a ­climate-related scenario analysis covering water-related risks to assess the resilience of our business.",44,Water use,other,,"2024,",,,,0.5,data/raw/hm/2025_sustainability_report.pdf,hm,2025,17,0.0,0.0,0.0,True,False,False,False,False,0.2,-9.5,False,False,False,0
This screening is conducted using the WWF Water Risk Filter tool that evaluates both basin-level and operational water risks across 12 risk categories.,44,Water use,other,,12,,,,0.5,data/raw/hm/2025_sustainability_report.pdf,hm,2025,22,0.0,0.0,0.0,True,False,False,False,False,0.2,19.2,True,False,False,0
"To further support forward-looking risk management, we conducted a qualitative climate-related scenario analysis in 2024 covering an assessment of physical water-related risks along our value chain.",44,Water use,other,hedged,2024,,,value chain,1.0,data/raw/hm/2025_sustainability_report.pdf,hm,2025,25,0.0,0.0,0.0,True,False,False,True,False,0.4,-21.6,False,False,False,0
"To ensure we reach the targets and fulfil our policy commitments, we plan to take action to improve water efficiency and increase the use of recycled water in our supply chain.",44,Water use > Targets for 2030,attribute,hedged,,,,supply chain,0.5,data/raw/hm/2025_sustainability_report.pdf,hm,2025,31,0.0,0.0,0.0968,False,False,False,True,False,0.2,41.6,False,False,False,0
"Action: Improving water efficiency To reach our ambition, we have taken action to reduce the water intensity of our products and improve water efficiency among our Tier 1 and 2 suppliers during 2025.",44,Water use > Targets for 2030,target,hedged,1,,,supply chain (tier 1),0.5,data/raw/hm/2025_sustainability_report.pdf,hm,2025,30,0.0,0.0,0.0333,True,False,False,True,False,0.4,21.3,False,False,False,0
"In addition, we have supported our Tier 1 and 2 suppliers with wet ­processes in developing water roadmaps tailored to their operations.",44,Water use > Targets for 2030,other,,1,,,supply chain (tier 1),1.0,data/raw/hm/2025_sustainability_report.pdf,hm,2025,20,0.0,0.0,0.0,True,False,False,True,False,0.4,30.0,False,False,False,0
"The aim of this action is to significantly reduce absolute usage of freshwater by 2030, compared with our 2022 baseline, and strengthen our efforts to improve water efficiency.",44,Water use > Targets for 2030,target,hedged,"2030,",2022,2030,,0.75,data/raw/hm/2025_sustainability_report.pdf,hm,2025,26,0.0769,0.0,0.0969,True,True,True,False,False,0.3,24.3,False,False,False,1
Action: Increasing the use of recycled water In 2025 we have also taken action to increase the use of recycled water in our production processes by supporting our suppliers in adopting water recycling technologies.,44,Water use > Targets for 2030,attribute,,2025,,,,0.5,data/raw/hm/2025_sustainability_report.pdf,hm,2025,33,0.0,0.0,0.0,True,False,False,False,False,0.2,17.0,False,False,False,0
The aim of this action is to increase the share of recycled water that is used in our production processes by 2030 against a 2022 baseline.,44,Water use > Targets for 2030,target,hedged,2030,2022,2030,,0.75,data/raw/hm/2025_sustainability_report.pdf,hm,2025,24,0.0,0.0,0.1033,True,True,True,False,False,0.6,52.1,True,False,False,0
"Although we are actively implementing actions to increase the use of recycled water, we do not disclose specific financial resources allocated to these actions because such costs and investments are integrated into our normal business operations and cannot be separately identified.",44,Water use > Targets for 2030,attribute,,,,,,0.0,data/raw/hm/2025_sustainability_report.pdf,hm,2025,41,0.0,0.0,0.0,False,False,False,False,False,0.0,-10.2,True,False,False,0
The percentage of recycled water used in Tier 1 and 2 production units continues to increase and reached 20.3 percent compared with 18.4 percent last year.,44,Water use > Targets for 2030,achievement,achievement,20.3 percent,,,supply chain (tier 1),0.67,data/raw/hm/2025_sustainability_report.pdf,hm,2025,22,0.0,0.0,0.0,True,False,False,True,False,0.4,49.4,False,False,False,0
"Water usage in the supply chain Covers Tier 1 and 2 wet processing units, excluding raw material cultivation.",44,Water use > Freshwater usage in the supply chain,other,,1,,,supply chain; supply chain (tier 1),1.0,data/raw/hm/2025_sustainability_report.pdf,hm,2025,16,0.0,0.0,0.0,True,False,False,True,False,0.4,32.0,False,False,False,0
Recycled and reused water Measures total recycled or reused water in Tier 1 and 2 units.,44,Water use > Freshwater usage in the supply chain,attribute,,1,,,supply chain (tier 1),1.0,data/raw/hm/2025_sustainability_report.pdf,hm,2025,14,0.0,0.0,0.0,True,False,False,True,False,0.4,35.5,False,False,False,0
The metric is calculated as the sum of all reported volumes of recycled and reused water.,44,Water use > Freshwater usage in the supply chain,attribute,,,,,,0.0,data/raw/hm/2025_sustainability_report.pdf,hm,2025,16,0.0,0.0,0.0,False,False,False,False,False,0.0,42.5,True,False,False,0
"Our business relies on access to water in the production process, particularly during wet processing stages carried out by our Tier 1 and 2 suppliers.",44,Water use > Water withdrawals and consumption in the supply chain,other,,1,,,supply chain (tier 1),1.0,data/raw/hm/2025_sustainability_report.pdf,hm,2025,23,0.0,0.0,0.0,True,False,False,True,False,0.4,32.7,False,False,False,0
"To address this matter, we monitor water intensity in wet processing at our Tier 1 and 2 supplier sites to identify high-impact areas and enable targeted freshwater reduction strategies.",44,Water use > Water withdrawals and consumption in the supply chain,other,,1,,,supply chain (tier 1),1.0,data/raw/hm/2025_sustainability_report.pdf,hm,2025,27,0.0,0.0,0.037,True,False,False,True,False,0.4,10.2,False,False,False,0
"To achieve this ambition, we focus our efforts on eliminating business practices that harm ecosystems by increasing the use and availability of certified, recycled and sustainably sourced materials.",45,Biodiversity and ecosystems,target,hedged,,,,,0.0,data/raw/hm/2025_sustainability_report.pdf,hm,2025,28,0.0,0.0,0.0357,False,False,False,False,False,0.0,-5.9,False,False,False,0
The results show that our on­going efforts to increase the use of recycled and sustainably sourced materials will support business resilience in the short to medium term (within one to five years).,45,Biodiversity and ecosystems,attribute,firm,,,,,0.0,data/raw/hm/2025_sustainability_report.pdf,hm,2025,33,0.0,0.0,0.0303,False,False,False,False,False,0.0,42.6,False,True,False,0
"To gain a better understanding of our business resilience, we plan to further develop our risk analysis for biodiversity and ecosystems in 2026, in line with the Task Force on Nature-related Financial Disclosures (TNFD) framework.",45,Biodiversity and ecosystems,other,hedged,"2026,",,,,0.5,data/raw/hm/2025_sustainability_report.pdf,hm,2025,34,0.0294,0.0,0.0294,True,False,False,False,False,0.082,5.6,False,False,False,0
"In addition, the results from our climate-related scenario analysis highlighted risks related to our dependence on biodiversity and ecosystems – particularly in relation to activities in Tier 4 involving raw material extraction.",45,Biodiversity and ecosystems,other,,4,,,,0.5,data/raw/hm/2025_sustainability_report.pdf,hm,2025,30,0.0,0.0,0.0,True,False,False,False,False,0.2,-23.8,False,False,False,0
"The results show that our dependency on biodiversity and ecosystem services, could expose us to financial and operational risks1 related to our resource use and inflows in the medium to long term (within five to fifteen years).",45,Biodiversity and ecosystems,other,hedged,,,,,0.0,data/raw/hm/2025_sustainability_report.pdf,hm,2025,37,0.0,0.027,0.0,False,False,False,False,False,0.0,22.9,False,False,True,0
"Our targets and actions During 2025, we evaluated the potential to set science based biodiversityrelated targets, guided by the Science Based Targets Network (SBTN) framework.",45,Biodiversity and ecosystems,other,,"2025,",,,,0.5,data/raw/hm/2025_sustainability_report.pdf,hm,2025,24,0.0,0.0,0.125,True,False,False,False,True,0.4,16.8,False,False,False,0
"As a result, we intend to adopt biodiversity-related targets for land in 2026, covering our upstream value chain with a particular focus on reducing our land footprint, and mitigating the risk of land-use change, ­deforestation, and ecosystem degradation.",45,Biodiversity and ecosystems,other,hedged,"2026,",,,value chain; upstream,1.0,data/raw/hm/2025_sustainability_report.pdf,hm,2025,37,0.0,0.027,0.0541,True,False,False,True,False,0.292,2.4,False,False,False,0
"While we have not yet set bio­diversity-related targets for 2025, our existing materials targets – which aim to increase the share of recycled and sustainably sourced materials – are related to our actions to reduce pressure on ecosystems.",45,Biodiversity and ecosystems,attribute,hedged,"2025,",,,,0.5,data/raw/hm/2025_sustainability_report.pdf,hm,2025,36,0.0,0.0,0.0833,True,False,False,False,False,0.2,17.5,True,False,False,0
"Action: Reducing the conversion of land and natural ecosystems In 2025, we have been working towards avoiding the conversion of natural ecosystems by increasing the availability and use of sustainably sourced materials.",45,Biodiversity and ecosystems,attribute,hedged,"2025,",,,,0.5,data/raw/hm/2025_sustainability_report.pdf,hm,2025,31,0.0,0.0,0.0,True,False,False,False,False,0.2,-2.0,False,False,False,0
These efforts involve suppliers at Tier 4 and encompass planned initiatives until 2030 in support of our material targets.,45,Biodiversity and ecosystems,target,hedged,4,,2030,,0.5,data/raw/hm/2025_sustainability_report.pdf,hm,2025,17,0.0,0.0,0.1176,True,False,True,False,False,0.4,30.3,False,False,False,0
We have allocated resources towards this action in the form of investments to increase the use of sustainably sourced materials.,45,Biodiversity and ecosystems,attribute,,,,,,0.0,data/raw/hm/2025_sustainability_report.pdf,hm,2025,20,0.0,0.0,0.0,False,False,False,False,False,0.0,34.3,False,False,False,0
"Action: Reducing our land footprint In 2025, we have taken action to reduce our land footprint for cotton, wool and leather, by increasing the use of recycled materials and investing in ­agricultural practices that improve soil health, enhance water retention and protect biodiversity.",45,Biodiversity and ecosystems,attribute,,"2025,",,,,0.5,data/raw/hm/2025_sustainability_report.pdf,hm,2025,42,0.0,0.0,0.0,True,False,False,False,False,0.2,11.1,False,False,False,0
"In parallel, we are increasing the share of recycled materials in our products and packaging.",45,Biodiversity and ecosystems,attribute,,,,,,0.0,data/raw/hm/2025_sustainability_report.pdf,hm,2025,15,0.0,0.0,0.0,False,False,False,False,False,0.0,45.0,False,False,False,0
This action includes planned initiatives until 2030 to support our material targets.,45,Biodiversity and ecosystems,target,hedged,2030,,2030,,0.5,data/raw/hm/2025_sustainability_report.pdf,hm,2025,11,0.0,0.0,0.1818,True,False,True,False,False,0.4,11.1,False,False,False,0
We have allocated resources towards this action in the form of investments to increase the availability of recycled materials and through efforts to expand sourcing from suppliers that apply improved soil and rangeland management practices.,45,Biodiversity and ecosystems,attribute,,,,,,0.0,data/raw/hm/2025_sustainability_report.pdf,hm,2025,35,0.0286,0.0,0.0,False,False,False,False,False,0.0,6.9,False,False,False,0
"Action: Restoring landscape in India To support our objective of contributing to reversing nature loss and contributing to the Global Goals on Biodiversity, we are implementing landscapelevel projects in India, one submitted to SBTN as a Land Target 3 project.",45,Biodiversity and ecosystems,target,hedged,3,,,,0.25,data/raw/hm/2025_sustainability_report.pdf,hm,2025,39,0.0,0.0,0.0513,True,False,False,False,False,0.2,6.7,False,False,False,0
"Action: Restoring landscape in South Africa To support our objective of reversing nature loss and contributing to the Global Goals on Biodiversity, we are implementing landscape-level projects in South Africa, one submitted to SBTN as a Land Target 3 project.",45,Biodiversity and ecosystems,target,hedged,3,,,,0.25,data/raw/hm/2025_sustainability_report.pdf,hm,2025,39,0.0,0.0,0.0513,True,False,False,False,False,0.2,8.9,False,False,False,0
"Our progress and results During 2025, we made progress toward reducing our impact on nature and supporting biodiversity protection and restoration.",45,Biodiversity and ecosystems,other,,"2025,",,,,0.5,data/raw/hm/2025_sustainability_report.pdf,hm,2025,20,0.0,0.0,0.0,True,False,False,False,False,0.2,17.3,False,False,False,2
"Throughout the year, we continued our efforts to avoid and reduce land‑use changes and the conversion of natural ecosystems by increasing the use of sustainably sourced materials.",45,Biodiversity and ecosystems,attribute,,,,,,0.0,data/raw/hm/2025_sustainability_report.pdf,hm,2025,28,0.0357,0.0,0.0,False,False,False,False,False,0.0,27.3,False,False,False,0
"In parallel, we increased the use of recycled materials to help minimise the land required for production.",45,Biodiversity and ecosystems,attribute,achievement,,,,,0.0,data/raw/hm/2025_sustainability_report.pdf,hm,2025,17,0.0,0.0,0.0,False,False,False,False,False,0.0,35.3,False,False,False,0
"Our commitment to increasing the share of recycled and sustainably sourced materials, improving raw‑material traceability, and continued collaboration with WWF will remain central to achieving our biodiversity ambitions.",45,Biodiversity and ecosystems,attribute,firm,,,,,0.0,data/raw/hm/2025_sustainability_report.pdf,hm,2025,29,0.0345,0.0,0.1034,False,False,False,False,False,0.0,-12.2,False,True,False,0
"To address this matter, we are increasing the use of recycled materials and improving resource efficiency.",45,Biodiversity and ecosystems > Land degradation,attribute,,,,,,0.0,data/raw/hm/2025_sustainability_report.pdf,hm,2025,16,0.0,0.0,0.0,False,False,False,False,False,0.0,32.0,False,False,False,0
"We also strive to support the circulation of products and materials to their highest value, improve resource efficiency, and increase the proportion of products and packaging that are reused and recycled.",46,Resource use and circular economy,attribute,hedged,,,,,0.0,data/raw/hm/2025_sustainability_report.pdf,hm,2025,31,0.0,0.0,0.0,False,False,False,False,False,0.0,25.3,True,False,False,0
"To achieve this ambition, we focus our efforts on shifting towards using recycled or sustainably sourced ­materials for our products and packaging, improving product durability and recyclability, and scaling services that extend product life such as resale.",46,Resource use and circular economy,target,hedged,,,,,0.0,data/raw/hm/2025_sustainability_report.pdf,hm,2025,37,0.0,0.0,0.027,False,False,False,False,False,0.0,0.1,False,False,False,0
"Our efforts within this area are closely aligned with our strategic priorities, with a focus on generating growth through new business models, shifting towards increasing the use of recycled or sustainably sourced materials, and enhancing customer ­relevance and convenience.",46,Resource use and circular economy,attribute,,,,,,0.0,data/raw/hm/2025_sustainability_report.pdf,hm,2025,39,0.0,0.0,0.0,False,False,False,False,False,0.0,0.2,True,False,False,0
This includes a commitment to transitioning away from using virgin materials and increasing the use of recycled or sustainably sourced materials.,46,Resource use and circular economy,attribute,firm,,,,,0.0,data/raw/hm/2025_sustainability_report.pdf,hm,2025,21,0.0,0.0,0.0476,False,False,False,False,False,0.0,12.3,False,False,False,0
"Our targets and actions To ensure we achieve our ambition of decoupling growth from resource use, we have set targets related to our actions to increase the use of recycled and sustainably sourced materials.",46,Resource use and circular economy,target,hedged,,,,,0.0,data/raw/hm/2025_sustainability_report.pdf,hm,2025,34,0.0,0.0,0.0882,False,False,False,False,False,0.0,33.0,False,False,False,0
"Resource use and inflows We have set a target to use 100 percent recycled or sustainably sourced materials in our products by 2030, with an aim to achieve 50 percent recycled materials.",46,Resource use and circular economy > Targets for 2030,target,hedged,100 percent,,2030,,0.5,data/raw/hm/2025_sustainability_report.pdf,hm,2025,29,0.0,0.0,0.1234,True,False,True,False,False,0.4,37.4,False,False,False,0
"In addition, we have set a milestone target to use at least 30 percent recycled materials in our products by 2025.",46,Resource use and circular economy > Targets for 2030,target,,30 percent,,2025,,0.5,data/raw/hm/2025_sustainability_report.pdf,hm,2025,19,0.0,0.0,0.0726,True,False,True,False,False,0.4,54.0,False,False,False,1
"These targets have been developed based on input from the Textile Exchange Fiber & Material Matrix and their goal to guide the industry towards reducing greenhouse gas emissions from fibre and raw material production, and their industry challenges on for example recycled polyester.",46,Resource use and circular economy > Targets for 2030,attribute,achievement,,,,,0.0,data/raw/hm/2025_sustainability_report.pdf,hm,2025,42,0.0,0.0,0.0476,False,False,False,False,False,0.0,13.1,True,False,False,0
"Action: Increase the use and availability of recycled materials During 2025, we have taken action to increase the use of recycled materials in our products and packaging.",46,Resource use and circular economy > Targets for 2030,attribute,,"2025,",,,,0.5,data/raw/hm/2025_sustainability_report.pdf,hm,2025,26,0.0,0.0,0.0,True,False,False,False,False,0.2,24.3,False,False,False,0
"To address the limited access to recycled alternatives, we continued to support our investment in Syre for textile-­totextile recycled polyester and signed a multi-year agreement to source ­CIRCULOSE® as a replacement for virgin viscose.",46,Resource use and circular economy > Targets for 2030,attribute,hedged,,,,,0.0,data/raw/hm/2025_sustainability_report.pdf,hm,2025,35,0.0286,0.0,0.0,False,False,False,False,False,0.0,2.1,False,False,False,0
"We collaborated with RE&UP, Recover, and Loopamid to scale preand post-consumer recycled feedstock, particularly for cotton and polyester, and launched our first ­collection from the UNIDO SWITCH2CE pilot in Bangladesh.",46,Resource use and circular economy > Targets for 2030,attribute,achievement,,,,,0.0,data/raw/hm/2025_sustainability_report.pdf,hm,2025,32,0.0,0.0,0.0,False,False,False,False,False,0.0,13.1,False,False,False,0
"We continue to incorporate Global Recycling standard (GRS), Recycling Claim standard (RCS), and ­Forest Stewardship Council (FSC) certified recycled materials into our material roadmaps and phased out virgin polyester and down.",46,Resource use and circular economy > Targets for 2030,attribute,achievement,,,,,0.0,data/raw/hm/2025_sustainability_report.pdf,hm,2025,31,0.0,0.0,0.0,False,False,False,False,False,0.0,8.9,False,False,False,0
These actions support our 2030 target of achieving 100 percent recycled or sustainably sourced materials and contribute to our GHG emission reduction targets.,46,Resource use and circular economy > Targets for 2030,target,hedged,100 percent,,,,0.25,data/raw/hm/2025_sustainability_report.pdf,hm,2025,21,0.0,0.0,0.0952,True,False,False,False,False,0.2,16.3,False,False,False,0
"In 2025, we allocated a total of SEK 801 m OpEx on initiatives with the aim to increase the use and availability of recycled materials.",46,Resource use and circular economy > Targets for 2030,attribute,hedged,"2025,",,,,0.5,data/raw/hm/2025_sustainability_report.pdf,hm,2025,23,0.0,0.0,0.0435,True,False,False,False,False,0.2,29.0,False,False,False,0
"Action: Increase the use and availability of sustainably sourced materials During 2025, we took action to increase the use of sustainably sourced ­materials in our products and packaging.",46,Resource use and circular economy > Targets for 2030,attribute,,"2025,",,,,0.5,data/raw/hm/2025_sustainability_report.pdf,hm,2025,27,0.0,0.0,0.0,True,False,False,False,False,0.2,16.5,False,False,False,0
"In 2025 we invested in two new projects to scale these practices together with the Better Cotton Initiative, The sustainable trade initiative (IDH) and Regenerative Production Landscape Collective (RPLC) aimed at reaching 35,000 farmers.",46,Resource use and circular economy > Targets for 2030,other,,2025,,,,0.5,data/raw/hm/2025_sustainability_report.pdf,hm,2025,32,0.0312,0.0,0.0312,True,False,False,False,False,0.075,13.1,False,False,False,0
"In 2025, we allocated a total of SEK 443.5 m OpEx on initiatives with the aim to increase the use and availability of sustainably sourced materials.",46,Resource use and circular economy > Targets for 2030,attribute,hedged,"2025,",,,,0.5,data/raw/hm/2025_sustainability_report.pdf,hm,2025,24,0.0,0.0,0.0417,True,False,False,False,False,0.2,36.0,False,False,False,0
"To address this matter, we monitor materials environmental impact and material alternatives in support of our transition where we focus on scaling the use and availability of recycled and sustainably sourced materials within our value chain.",46,Resource use and circular economy > Materials and resource use (resource inflows),attribute,hedged,,,,value chain,0.5,data/raw/hm/2025_sustainability_report.pdf,hm,2025,36,0.0,0.0,0.0,False,False,False,True,False,0.2,-1.3,False,False,False,0
"To reduce this risk, we invest in new ventures and ­initiatives that support the use and availability of ­recycled or sustainably sourced materials, and new solutions.",46,Resource use and circular economy > Risk of reduced availability of raw materials,attribute,hedged,,,,,0.0,data/raw/hm/2025_sustainability_report.pdf,hm,2025,26,0.0,0.0,0.0,False,False,False,False,False,0.0,17.8,False,False,False,0
We have an opportunity to reduce the dependence on virgin and conventional materials by scaling solutions for recycled and sustainably sourced materials.,46,Resource use and circular economy > Opportunity to improve business resilience,attribute,,,,,,0.0,data/raw/hm/2025_sustainability_report.pdf,hm,2025,22,0.0,0.0,0.0,False,False,False,False,False,0.0,7.6,False,False,False,0
"To realise this opportunity, we focus on shifting towards using recycled or sustainably sourced materials for our products and packaging.",46,Resource use and circular economy > Opportunity to improve business resilience,attribute,,,,,,0.0,data/raw/hm/2025_sustainability_report.pdf,hm,2025,20,0.0,0.0,0.0,False,False,False,False,False,0.0,17.3,False,False,False,0
"In addition, we invest in ventures and technologies that increase the availability of recycled or sustainably sourced materials.",46,Resource use and circular economy > Opportunity to improve business resilience,attribute,,,,,,0.0,data/raw/hm/2025_sustainability_report.pdf,hm,2025,18,0.0,0.0,0.0,False,False,False,False,False,0.0,0.6,False,False,False,0
"Resource outflows and waste For 2025, we have not set any time-bound or action-oriented targets related to resource outflows and waste.",47,Resource use and circular economy > Opportunity to improve business resilience,other,,"2025,",,,,0.5,data/raw/hm/2025_sustainability_report.pdf,hm,2025,20,0.0,0.0,0.05,True,False,False,False,False,0.2,42.7,False,False,False,0
"To achieve our policy commitment, we plan to scale services and solutions that align with circular economy principles by designing durable, recyclable products, offering services such as resale and garment collection, and implementing waste management strategies.",47,Resource use and circular economy > Opportunity to improve business resilience,attribute,firm,,,,,0.0,data/raw/hm/2025_sustainability_report.pdf,hm,2025,36,0.0,0.0,0.0556,False,False,False,False,False,0.0,-6.0,False,False,False,0
"Action: Increasing durability and recyclability of products In 2025, we took action to support the improvement of product durability, recyclability, and resource efficiency across our operations and upstream value chain.",47,Resource use and circular economy > Opportunity to improve business resilience,other,hedged,"2025,",,,own operations; value chain; upstream,1.0,data/raw/hm/2025_sustainability_report.pdf,hm,2025,29,0.0,0.0,0.0,True,False,False,True,False,0.4,-18.1,False,False,False,0
"For recyclability, we updated internal definitions, built reporting tools, and assessed recyclable content to identify improvement areas.",47,Resource use and circular economy > Opportunity to improve business resilience,attribute,,,,,,0.0,data/raw/hm/2025_sustainability_report.pdf,hm,2025,17,0.0,0.0,0.0,False,False,False,False,False,0.0,-24.4,False,False,False,0
"The expected outcome of this action is reduced environmental impact, optimised resource use and improved circularity through longer-­lasting, more recyclable products.",47,Resource use and circular economy > Opportunity to improve business resilience,attribute,achievement,,,,,0.0,data/raw/hm/2025_sustainability_report.pdf,hm,2025,22,0.0455,0.0909,0.0,False,False,False,False,False,0.0,-0.1,True,False,False,0
"Action: Scaling services and business models that align with circular economy principles In 2025, we advanced services and business models that extend product use and enable products to circulate at their highest value.",47,Resource use and circular economy > Opportunity to improve business resilience,other,,"2025,",,,,0.5,data/raw/hm/2025_sustainability_report.pdf,hm,2025,32,0.0,0.0,0.0,True,False,False,False,False,0.2,10.4,False,False,False,1
"Action: Increasing the share of waste directed to reuse and recycling In 2025, we advanced our waste strategies to reduce negative environmental impacts and ensure alignment with the EU waste hierarchy and circular economy principles.",47,Resource use and circular economy > Opportunity to improve business resilience,other,,"2025,",,,,0.5,data/raw/hm/2025_sustainability_report.pdf,hm,2025,34,0.0,0.0,0.0,True,False,False,False,False,0.2,10.6,False,False,False,1
"Additionally, we continued collaborating with partners such as Looper Textiles and participated in multi-stakeholder initiatives, including the Global Circular Fashion Forum and UNIDO SWITCH2CE.",47,Resource use and circular economy > Opportunity to improve business resilience,other,,,,,,0.0,data/raw/hm/2025_sustainability_report.pdf,hm,2025,25,0.04,0.0,0.0,False,False,False,False,False,0.0,-25.0,False,False,False,0
"These efforts are expected to continue to 2030, aimed at ­further increasing reuse and recycling.",47,Resource use and circular economy > Opportunity to improve business resilience,other,,"2030,",,,,0.5,data/raw/hm/2025_sustainability_report.pdf,hm,2025,14,0.0,0.1429,0.0714,True,False,False,False,False,0.0,41.6,True,False,False,0
"As a founding member of Canopy Style and member of Pack4Good, we work to transform the man-made cellulosic fibre (MMCF) and packaging supply chains to eliminate sourcing from ancient and endangered forests and scale next-generation alternative fibres.",47,Resource use and circular economy > Opportunity to improve business resilience,other,,,,,supply chain,0.5,data/raw/hm/2025_sustainability_report.pdf,hm,2025,38,0.0,0.0,0.0,False,False,False,True,False,0.2,16.9,False,False,False,0
"We have been a member of Textile Exchange since 2004, contributing to industry-wide efforts that transform how we produce, choose and reuse materials to benefit people and places at the source.",47,Resource use and circular economy > Opportunity to improve business resilience,achievement,achievement,"2004,",,,,0.33,data/raw/hm/2025_sustainability_report.pdf,hm,2025,30,0.0,0.0,0.0,True,False,False,False,False,0.2,43.8,False,False,False,0
"We are also one of the founding members of the Better Cotton Initiative (BCI) and the Organic Cotton Accelerator (OCA), which are committed to create a transparent, responsible and resilient organic cotton supply chain.",47,Resource use and circular economy > Opportunity to improve business resilience,attribute,firm,,,,supply chain,0.5,data/raw/hm/2025_sustainability_report.pdf,hm,2025,34,0.0588,0.0,0.0294,False,False,False,True,False,0.0,18.1,True,False,False,2
"We also contribute to the UNIDO SWITCH2CE programme, a pilot project in Bangladesh focused on sorting and recycling blended textile waste, building supplier capacity and supporting practices that contribute to a circular economy.",47,Resource use and circular economy > Opportunity to improve business resilience,other,hedged,,,,,0.0,data/raw/hm/2025_sustainability_report.pdf,hm,2025,34,0.0,0.0,0.0,False,False,False,False,False,0.0,5.6,False,False,False,0
"Our progress and results During 2025, 91 percent of the materials used in our commercial products were recycled or sustainably sourced, and 32 percent were recycled, in line with our targets.",47,Resource use and circular economy > Opportunity to improve business resilience,achievement,achievement,91 percent,,,,0.33,data/raw/hm/2025_sustainability_report.pdf,hm,2025,28,0.0,0.0,0.0357,True,False,False,False,False,0.2,33.4,True,False,False,1
"The increase for recycled material was driven by an increase in the share of recycled polyester, now reaching 100 percent.",47,Resource use and circular economy > Opportunity to improve business resilience,achievement,achievement,100 percent,,,,0.33,data/raw/hm/2025_sustainability_report.pdf,hm,2025,19,0.0,0.0,0.0,True,False,False,False,False,0.2,45.1,True,False,False,0
"We made progress toward our target to increase recycled or sustainably sourced materials for packaging, reaching 86 percent during 2025.",47,Resource use and circular economy > Opportunity to improve business resilience,attribute,,86 percent,,,,0.5,data/raw/hm/2025_sustainability_report.pdf,hm,2025,18,0.0,0.0,0.0556,True,False,False,False,False,0.2,24.1,False,False,False,1
"This progress reflects an increased share of sustainably sourced virgin paper and cardboard, in line with our target to not source conventional virgin paper and cardboard after the end of year 2025.",47,Resource use and circular economy > Opportunity to improve business resilience,attribute,achievement,,,,,0.0,data/raw/hm/2025_sustainability_report.pdf,hm,2025,31,0.0,0.0,0.0323,False,False,False,False,False,0.0,38.9,False,False,False,1
"Recycled packaging materials reached 51 percent, reflecting a gradual reduction in plastic and cardboard packaging where the share of recycled content is high.",47,Resource use and circular economy > Opportunity to improve business resilience,achievement,achievement,51 percent,,,,0.33,data/raw/hm/2025_sustainability_report.pdf,hm,2025,22,0.0,0.0,0.0,True,False,False,False,False,0.2,23.0,False,False,False,0
"1. Material weight = including waste generated during production, excluding lining, trims and filling on garments.",47,Resource use and circular economy > Commercial materials and products,other,,,,,,0.0,data/raw/hm/2025_sustainability_report.pdf,hm,2025,14,0.0,0.0,0.0,False,False,False,False,False,0.0,24.5,False,False,False,0
"Through our in‑store Garment Collect programme, we collected 17,808 tonnes of garments, directing 60 percent to reuse, 29 percent to recycling and 11 percent directed to disposal, prioritising energy recovery.",47,Resource use and circular economy > Share of materials used in commercial products,other,,"17,808 tonnes",,,,0.5,data/raw/hm/2025_sustainability_report.pdf,hm,2025,27,0.0,0.0,0.0,True,False,False,False,False,0.2,13.4,False,False,False,0
Fewer ­garments were sent to reuse compared with 2024 due to a lower share of ­re­usable items collected leading to an increased share directed to recycling.,47,Resource use and circular economy > Share of materials used in commercial products,achievement,achievement,2024,2024,,,0.67,data/raw/hm/2025_sustainability_report.pdf,hm,2025,26,0.0385,0.0,0.0,True,True,False,False,False,0.246,43.8,False,False,False,1
"In our own operations, 91 percent of waste was directed to reuse and re­­ cycling, 7 percent was directed to disposal, and 2 percent directed to landfill.",47,Resource use and circular economy > Share of materials used in commercial products,achievement,achievement,91 percent,,,own operations,0.67,data/raw/hm/2025_sustainability_report.pdf,hm,2025,24,0.0,0.0,0.0,True,False,False,True,False,0.4,41.5,True,False,False,0
"The 2 percent sent to landfill consists mainly of mixed waste that remains challenging to separate and recycle, such as food packaging, mixed foils and desiccants, in markets lacking other disposal methods.",47,Resource use and circular economy > Share of materials used in commercial products,other,,2 percent,,,,0.5,data/raw/hm/2025_sustainability_report.pdf,hm,2025,31,0.0,0.0,0.0,True,False,False,False,False,0.2,30.7,False,False,False,0
"Our internal material categorisation of recycled and sustainably sourced materials is guided by sustainability criteria, industry frameworks such as Textile Exchange, and aligned with ESRS.",48,Resource use and circular economy > Hazardous and non-hazardous waste,attribute,,,,,,0.0,data/raw/hm/2025_sustainability_report.pdf,hm,2025,25,0.0,0.0,0.0,False,False,False,False,False,0.0,-14.8,True,False,False,0
"Our internal material categorisation of recycled and sustainably sourced materials is aligned with EU packaging regulations and verified through voluntary standards and certifications, such as FSC, GRS, and RCS.",48,Resource use and circular economy > Hazardous and non-hazardous waste,attribute,,,,,,0.0,data/raw/hm/2025_sustainability_report.pdf,hm,2025,29,0.0,0.0,0.0,False,False,False,False,True,0.2,-6.4,True,False,False,0
"Due to challenges in extracting data from the local partner, Iceland is not included in the 2025 reporting. ­Iceland represents a very small share of total volumes, and its exclusion does not materially affect the reported results.",48,Resource use and circular economy > Hazardous and non-hazardous waste,other,,2025,,,,0.5,data/raw/hm/2025_sustainability_report.pdf,hm,2025,36,0.0,0.0,0.0,True,False,False,False,False,0.2,33.5,False,False,False,0
"This change has led to an increase of total weight of material in commercial products with 7 percent or 35,235 tonnes and an increase of total weight of commercial products with 5 percent or 18,325 tonnes for 2024 as compared to what was reported in our 2024 annual and sustainability report.",48,Resource use and circular economy > Hazardous and non-hazardous waste,achievement,achievement,7 percent,,,,0.33,data/raw/hm/2025_sustainability_report.pdf,hm,2025,45,0.0,0.0,0.0,True,False,False,False,False,0.2,25.8,True,False,False,0
It has also led to minor changes in the share of recycled or sustainably sourced materials for commercial products.,48,Resource use and circular economy > Hazardous and non-hazardous waste,attribute,,,,,,0.0,data/raw/hm/2025_sustainability_report.pdf,hm,2025,19,0.0,0.0,0.0,False,False,False,False,False,0.0,40.6,False,False,False,0
"This change has led to a decrease of total weight of packaging material with 2 percent or 2,227 tonnes for 2024 as compared to what was reported in our 2024 annual and sustainability report.",48,Resource use and circular economy > Hazardous and non-hazardous waste,achievement,achievement,2 percent,,,,0.33,data/raw/hm/2025_sustainability_report.pdf,hm,2025,30,0.0,0.0,0.0,True,False,False,False,False,0.2,38.2,True,False,False,0
It has also led to minor changes in the share of recycled materials for packaging.,48,Resource use and circular economy > Hazardous and non-hazardous waste,attribute,,,,,,0.0,data/raw/hm/2025_sustainability_report.pdf,hm,2025,15,0.0,0.0,0.0,False,False,False,False,False,0.0,56.3,False,False,False,0
"In our own operations, 91 percent of waste was directed to reuse and recycling, while 7 percent was sent for disposal and 2 percent to landfill.",48,Resource use and circular economy > Hazardous and non-hazardous waste,achievement,achievement,91 percent,,,own operations,0.67,data/raw/hm/2025_sustainability_report.pdf,hm,2025,23,0.0,0.0,0.0,True,False,False,True,False,0.4,51.1,True,False,False,0
"Non-recycled waste amounted to 7,470 tonnes, representing 14 percent of total operational waste.",48,Resource use and circular economy > Hazardous and non-hazardous waste,attribute,,"7,470 tonnes",,,,0.5,data/raw/hm/2025_sustainability_report.pdf,hm,2025,11,0.0,0.0,0.0,True,False,False,False,False,0.2,-4.3,False,False,False,0
1. Product waste includes products discarded in our own operations in stores or in distribution centres.,48,Resource use and circular economy > Waste generated in own operations,other,,,,,own operations,0.5,data/raw/hm/2025_sustainability_report.pdf,hm,2025,15,0.0,0.0,0.0,False,False,False,True,False,0.2,35.7,False,False,False,0
2. Packaging and other operational waste include all packaging waste & other operational waste generated at our distribution centres.,48,Resource use and circular economy > Waste generated in own operations,other,,,,,,0.0,data/raw/hm/2025_sustainability_report.pdf,hm,2025,17,0.0,0.0,0.0,False,False,False,False,False,0.0,4.1,False,False,False,0
"Assessment of eligibility While we acknowledge the 10 percent threshold introduced by Commission Delegated Regulation (EU) 2026/73, H&M Group will report eligible economic activities based on the internally set threshold for 2025 if the activities are considered material to H&M Group’s business.",49,Reporting in line with article 8 of the EU Taxonomy Regulation,other,firm,10 percent,,,,0.5,data/raw/hm/2025_sustainability_report.pdf,hm,2025,42,0.0,0.0,0.0238,True,False,False,False,False,0.2,-13.1,True,True,False,0
Circular Economy (CE) 5.4 Sale of second-hand goods.,49,Reporting in line with article 8 of the EU Taxonomy Regulation,other,,5.4,,,,0.5,data/raw/hm/2025_sustainability_report.pdf,hm,2025,7,0.0,0.0,0.0,True,False,False,False,False,0.2,34.1,False,False,False,0
The description of economic activity 5.4 under the circular economy delegated act states that only second-hand goods used for intended purpose by customers shall be included.,49,Reporting in line with article 8 of the EU Taxonomy Regulation,other,firm,5.4,,,,0.5,data/raw/hm/2025_sustainability_report.pdf,hm,2025,25,0.0,0.04,0.04,True,False,False,False,False,0.04,11.4,True,True,False,0
"Climate Change Mitigation (CCM) 7.3 Installation, maintenance and repair of energy efficient equipment H&M Group is undertaking various energy efficiency projects, many of which are immaterial or of financial support, rather than of an investment nature.",49,Reporting in line with article 8 of the EU Taxonomy Regulation,other,hedged,7.3,,,,0.5,data/raw/hm/2025_sustainability_report.pdf,hm,2025,36,0.0556,0.0,0.0,True,False,False,False,False,0.0,17.0,False,False,False,0
"This project falls under the EU ­Taxonomy economic activity 7.3 Installation, maintenance and repair of energy efficient equipment under climate change mitigation delegated act and is therefore included in the taxonomy reporting.",49,Reporting in line with article 8 of the EU Taxonomy Regulation,other,,7.3,,,,0.5,data/raw/hm/2025_sustainability_report.pdf,hm,2025,31,0.0,0.0,0.0,True,False,False,False,False,0.2,-2.7,False,False,False,0
"Climate Change Mitigation (CCM) 7.5 Installation, maintenance and repair of instruments and devices for measuring, regulation and controlling energy performance of buildings H&M Group is investing in the maintenance and repair of building energy management systems (BEMS) and lighting control systems and energy management systems (EMS) in existing stores.",49,Reporting in line with article 8 of the EU Taxonomy Regulation,other,,7.5,,,,0.5,data/raw/hm/2025_sustainability_report.pdf,hm,2025,49,0.0,0.0,0.0,True,False,False,False,False,0.2,11.0,False,False,False,0
"Such investments fall under the EU Taxonomy economic activity 7.5 Installation, maintenance and repair of instruments and devices for measuring, regulation and controlling energy performance of buildings under climate change mitigation delegated act and is therefore included in our taxonomy reporting.",49,Reporting in line with article 8 of the EU Taxonomy Regulation,other,,7.5,,,,0.5,data/raw/hm/2025_sustainability_report.pdf,hm,2025,40,0.0,0.0,0.0,True,False,False,False,False,0.2,-5.9,False,False,False,0
"Climate Change Mitigation (CCM) 7.7 Acquisition and ownership of buildings H&M Group has an extensive amount of right of use of assets, as all store locations are leased.",49,Reporting in line with article 8 of the EU Taxonomy Regulation,other,,7.7,,,,0.5,data/raw/hm/2025_sustainability_report.pdf,hm,2025,28,0.0,0.0,0.0,True,False,False,False,False,0.2,56.7,True,False,False,0
All H&M Group’s new or renegotiated rights of use assets fall under the EU Taxonomy economic activity 7.7 Acquisition and owner­ship of buildings under climate change mitigation delegated act and are therefore included in the taxonomy reporting.,49,Reporting in line with article 8 of the EU Taxonomy Regulation,other,,7.7,,,,0.5,data/raw/hm/2025_sustainability_report.pdf,hm,2025,39,0.0,0.0,0.0,True,False,False,False,False,0.2,22.2,False,False,False,0
"Non-material economic activities H&M Group undertakes additional economic activities beyond those listed above: however, their total value is below an internally set threshold of ­ SEK 50 m. These economic activities are considered non-material to H&M Group’s business.",49,Reporting in line with article 8 of the EU Taxonomy Regulation,other,,50,,,,0.5,data/raw/hm/2025_sustainability_report.pdf,hm,2025,39,0.0,0.0,0.0,True,False,False,False,False,0.2,2.7,True,False,False,0
"Such economic activities are installation, maintenance and repair of renewable energy technologies – solar panels (7.6 CCM/CCA) and data-driven ­solutions for GHG emissions reduction (8.2 CCM/CCA).",49,Reporting in line with article 8 of the EU Taxonomy Regulation,other,,7.6,,,,0.5,data/raw/hm/2025_sustainability_report.pdf,hm,2025,25,0.0,0.0,0.0,True,False,False,False,False,0.2,12.3,False,False,False,0
CE 5.4 Compliance with the technical screening criteria of substantial contribution to circular economy The economic activity consists of selling a second-hand product that has been used for its intended purpose by a customer.,49,Reporting in line with article 8 of the EU Taxonomy Regulation,achievement,achievement,5.4,,,,0.33,data/raw/hm/2025_sustainability_report.pdf,hm,2025,33,0.0303,0.0303,0.0303,True,False,False,False,False,0.0,20.9,True,False,False,0
The packaging used by Sellpy meets the requirement of at least 65 percent recycled ­material.,49,Reporting in line with article 8 of the EU Taxonomy Regulation,attribute,,65 percent,,,,0.5,data/raw/hm/2025_sustainability_report.pdf,hm,2025,14,0.0,0.0,0.0,True,False,False,False,False,0.2,35.5,False,False,False,0
"CE 5.4 Compliance with the technical screening criteria of not causing significant harm (DNSH) Climate change mitigation In line with the criteria, the direct GHG emissions coming from on-site ­generation of heat/cool or co-generation including power (i.e., from the warehouses that handle Sellpy’s operations) are lower than 270 gCO2e/kWh.",49,Reporting in line with article 8 of the EU Taxonomy Regulation,other,,5.4,,,,0.5,data/raw/hm/2025_sustainability_report.pdf,hm,2025,52,0.0192,0.0,0.0,True,False,False,False,False,0.123,45.6,False,False,False,0
"As part of the efforts to reduce emissions, the H&M group climate strategy and reporting data also covers Scope 1 and 2 of Sellpy’s emissions, while Sellpy reports its own transport emissions.",49,Reporting in line with article 8 of the EU Taxonomy Regulation,other,,1,,,Scope 1,1.0,data/raw/hm/2025_sustainability_report.pdf,hm,2025,32,0.0,0.0,0.0,True,False,False,True,False,0.4,36.9,False,False,False,0
"In 2025, we continued to work on initiatives such as global health and safety week that promote employee wellbeing, ­helping to create healthier, more balanced working environments.",52,Own workforce > Work-life balance,other,,"2025,",,,,0.5,data/raw/hm/2025_sustainability_report.pdf,hm,2025,26,0.0385,0.0,0.0,True,False,False,False,False,0.046,30.8,False,False,False,0
"We will continue to explore ways to strengthen our efforts in Tier 3 and 4 of our supply chain, as well as develop actions to manage potential negative impacts for people working in our downstream value chain.",56,Workers in the value chain > Sexual harassment and gender-based violence in the value chain,other,firm,3,,,value chain; supply chain; downstream,1.0,data/raw/hm/2025_sustainability_report.pdf,hm,2025,35,0.0,0.0,0.0286,True,False,False,True,False,0.4,43.2,False,True,False,1
"Action: Working conditions in raw material extraction (Tier 4) In 2025, we strengthened our due diligence processes to uphold decent working conditions at our Tier 4 supplier sites by working in closer collaboration with organisations such as the Better Cotton Initiative (BCI) and Organic Cotton Accelerator (OCA).",56,Workers in the value chain > Targets for 2030,attribute,,4,,,,0.5,data/raw/hm/2025_sustainability_report.pdf,hm,2025,44,0.0227,0.0,0.0,True,False,False,False,False,0.109,-7.0,False,False,False,1
Due to a technical issue this was wrongly stated as 100 percent in our 2024 annual and sustainability report.,57,Workers in the value chain > Supply chain management,achievement,achievement,100 percent,,,,0.33,data/raw/hm/2025_sustainability_report.pdf,hm,2025,17,0.0,0.0,0.0,True,False,False,False,False,0.2,40.3,True,False,False,0
Supply chain management – Health and safety committees Covers Tier 1 units with occupational health and safety (OHS) committees verified via Facility Social & Labor Module (FSLM) assessments.,57,Workers in the value chain > Human rights issues raised with national monitoring committees (NMC),other,,1,,,supply chain; supply chain (tier 1),1.0,data/raw/hm/2025_sustainability_report.pdf,hm,2025,25,0.0,0.0,0.08,True,False,False,True,True,0.6,2.1,False,False,False,0
Supply chain management – Trade union representation Covers Tier 1 units with registered trade unions.,57,Workers in the value chain > Human rights issues raised with national monitoring committees (NMC),other,,1,,,supply chain; supply chain (tier 1),1.0,data/raw/hm/2025_sustainability_report.pdf,hm,2025,13,0.0,0.0,0.0,True,False,False,True,False,0.4,11.4,False,False,False,0
Supply chain management – Collective bargaining agreements Covers Tier 1 units with legally binding collective bargaining agreements (CBA).,57,Workers in the value chain > Human rights issues raised with national monitoring committees (NMC),other,,1,,,supply chain; supply chain (tier 1),1.0,data/raw/hm/2025_sustainability_report.pdf,hm,2025,16,0.0,0.0,0.0,True,False,False,True,False,0.4,-5.0,False,False,False,0
"This includes activities such as the use and management of chemicals in Tier 1 and 2 of our supply chain, as well as the use of land to extract raw materials in Tier 3 and 4.",57,Affected communities,other,,1,,,supply chain; supply chain (tier 1),1.0,data/raw/hm/2025_sustainability_report.pdf,hm,2025,32,0.0,0.0,0.0,True,False,False,True,False,0.4,52.7,False,False,False,0
"Overall, our progress in 2025 reflects continued integration of human rights considerations into supply chain management.",57,Affected communities,other,,2025,,,supply chain,1.0,data/raw/hm/2025_sustainability_report.pdf,hm,2025,15,0.0667,0.0,0.0,True,False,False,True,False,0.133,-0.1,False,False,False,1
"To ensure we reach these targets and fulfil our policy ­commitments, we plan to shift towards using recycled and sustainably sourced materials for our products.",58,Affected communities > Community access to a clean and healthy environment,attribute,hedged,,,,,0.0,data/raw/hm/2025_sustainability_report.pdf,hm,2025,25,0.0,0.0,0.12,False,False,False,False,False,0.0,35.9,False,False,False,0
"In 2026, we also plan to develop a pilot project to establish a community complaint mechanism in collaboration with WaterAid.",58,Affected communities > Community access to a clean and healthy environment,other,hedged,"2026,",,,,0.5,data/raw/hm/2025_sustainability_report.pdf,hm,2025,19,0.0,0.0,0.0526,True,False,False,False,False,0.2,18.4,False,False,False,0
"Action: Respecting land rights and livelihoods During 2025, we have taken action to support people living in communities affected by raw material extraction near our Tier 4 supplier sites.",58,Affected communities > Community access to a clean and healthy environment,other,hedged,"2025,",,,,0.5,data/raw/hm/2025_sustainability_report.pdf,hm,2025,27,0.0,0.0,0.0,True,False,False,False,False,0.2,25.9,False,False,False,0
"Action: Securing access to clean water and a healthy environment To further support affected communities and their access to clean water and a healthy environment, we require all our Tier 1 and 2 suppliers to comply with national regulations as well as ZDHC standards for wastewater treatment and discharge water quality.",58,Affected communities > Community access to a clean and healthy environment,other,hedged,1,,,supply chain (tier 1),1.0,data/raw/hm/2025_sustainability_report.pdf,hm,2025,49,0.0,0.0,0.0,True,False,False,True,False,0.4,5.2,False,False,False,0
During 2025 we have also strengthened our policy commitments to ensure we work towards ensuring the access to a clean and healthy environment for people living in affected communities.,58,Affected communities > Community access to a clean and healthy environment,other,hedged,2025,,,,0.5,data/raw/hm/2025_sustainability_report.pdf,hm,2025,28,0.0,0.0,0.0357,True,False,False,False,False,0.2,24.3,False,False,False,1
"Our progress and results During 2025, we strengthened our efforts to reduce pressure on land and natural resources by increasing the use of recycled and sustainably sourced materials, with a particular focus on Tier 4.",58,Affected communities > Community access to a clean and healthy environment,attribute,,"2025,",,,,0.5,data/raw/hm/2025_sustainability_report.pdf,hm,2025,33,0.0,0.0,0.0,True,False,False,False,False,0.2,22.1,False,False,False,2
"To address this matter, we uphold strict animal welfare ­standards by prohibiting fur, exotic skins, and materials from endangered species, while promoting recycled animal fibres and alternatives.",60,Business conduct > Animal welfare,attribute,,,,,,0.0,data/raw/hm/2025_sustainability_report.pdf,hm,2025,27,0.0,0.0,0.0,False,False,False,False,False,0.0,4.0,False,False,False,0
