sentence,page,section_path,claim_type,strength,quantity,baseline,deadline,scope,slot_fill_score,source_file,company,publish_year,n_words,vague_ratio,hedging_ratio,future_ratio,quantification_present,baseline_present,date_present,scope_present,verification_present,specificity_score,readability,passive_voice,modal_firm,modal_soft,positive_tone_words
"Our first annual sustainability report, released in January 2021, showed early progress on our commitments to become a carbon negative, water positive, zero waste company by 2030 and protect ecosystems by building a Planetary Computer.",4,metric tons of waste diverted from landfills 24 > Microsoft’s sustainability commitments: two years into our ten-year journey,target,,"2021,",,2030,,0.5,data/raw/microsoft/2021_sustainability_report.pdf,microsoft,2021,33,0.0,0.0,0.1109,True,False,True,False,False,0.4,-3.6,False,False,False,2
"While we continued to make progress on several of our goals, with an overall reduction in Scope 1 and Scope 2 emissions, our Scope 3 emissions increased year over year, due in substantial part to significant global datacenter expansions and the growth in Xbox sales and usage as a result of the pandemic.",4,metric tons of waste diverted from landfills 24 > Microsoft’s sustainability commitments: two years into our ten-year journey,achievement,achievement,1,,,Scope 1; Scope 2; Scope 3,0.67,data/raw/microsoft/2021_sustainability_report.pdf,microsoft,2021,50,0.08,0.0,0.02,True,False,False,True,False,0.1,17.3,False,False,False,1
"During our most recent fiscal year, we grew business revenue by 20 percent while continuing to reduce our operational emissions, as represented by Scope 1 and 2 combined, with a decrease of approximately 17 percent through our purchasing of renewable energy.",4,metric tons of waste diverted from landfills 24 > A closer look at 2021,other,,20 percent,,,Scope 1,1.0,data/raw/microsoft/2021_sustainability_report.pdf,microsoft,2021,37,0.0,0.027,0.0,True,False,False,True,False,0.292,4.7,False,False,False,0
"However, as our business has grown and we’ve seen increased use of our devices and cloud services, our total Scope 3 emissions (comprising the company’s entire value chain) have increased by about 23 percent year-over-year.",4,metric tons of waste diverted from landfills 24 > A closer look at 2021,achievement,achievement,23 percent,,,Scope 3; value chain,0.67,data/raw/microsoft/2021_sustainability_report.pdf,microsoft,2021,35,0.0,0.0286,0.0,True,False,False,True,False,0.286,23.9,False,False,False,0
This serves as an important reminder that Scope 3 emissions are the most difficult to control and reduce.,4,metric tons of waste diverted from landfills 24 > A closer look at 2021,other,,3,,,Scope 3,1.0,data/raw/microsoft/2021_sustainability_report.pdf,microsoft,2021,17,0.0,0.0,0.0,True,False,False,True,False,0.4,50.2,False,False,False,0
This year has highlighted the challenges of reducing Scope 3 emissions and we’re committed to sharing our learnings to help other organizations who are wrestling with these same challenges.,4,metric tons of waste diverted from landfills 24 > A closer look at 2021,other,firm,3,,,Scope 3,1.0,data/raw/microsoft/2021_sustainability_report.pdf,microsoft,2021,29,0.0,0.0,0.0345,True,False,False,True,False,0.4,34.5,False,False,False,1
One Scope 3 category that saw an annual increase was capital equipment.,4,metric tons of waste diverted from landfills 24 > A closer look at 2021,achievement,achievement,3,,,Scope 3,0.67,data/raw/microsoft/2021_sustainability_report.pdf,microsoft,2021,11,0.0,0.0,0.0,True,False,False,True,False,0.4,41.9,False,False,False,0
The emissions associated with the capital equipment category accounted for about 30 percent of our Scope 3 total this year.,4,metric tons of waste diverted from landfills 24 > A closer look at 2021,other,,30 percent,,,Scope 3,1.0,data/raw/microsoft/2021_sustainability_report.pdf,microsoft,2021,18,0.0,0.0556,0.0,True,False,False,True,False,0.178,24.1,False,False,False,0
"Another Scope 3 category that saw an increase was the use of our products, specifically the estimated emissions associated with powering products we sold including Xbox and Surface devices.",4,metric tons of waste diverted from landfills 24 > A closer look at 2021,achievement,achievement,3,,,Scope 3,0.67,data/raw/microsoft/2021_sustainability_report.pdf,microsoft,2021,28,0.0,0.0714,0.0,True,False,False,True,False,0.114,12.2,False,False,False,0
This category accounted for about 29 percent of our Scope 3 total this year.,4,metric tons of waste diverted from landfills 24 > A closer look at 2021,other,,29 percent,,,Scope 3,1.0,data/raw/microsoft/2021_sustainability_report.pdf,microsoft,2021,12,0.0,0.0833,0.0,True,False,False,True,False,0.1,53.7,False,False,False,0
"Around the world, the electricity used to power devices today largely comes from grids reliant on carbonintensive sources such as coal or gas, so Microsoft must account for that carbon for the lifetime of our devices to accurately track our Scope 3 emissions.",4,metric tons of waste diverted from landfills 24 > A closer look at 2021,other,firm,3,,,Scope 3,1.0,data/raw/microsoft/2021_sustainability_report.pdf,microsoft,2021,42,0.0238,0.0238,0.0,True,False,False,True,True,0.41,13.1,False,True,False,0
"Despite these Scope 3 increases, we remain dedicated to building a world better than the one we found, and to helping our customers and partners achieve the same.",4,metric tons of waste diverted from landfills 24 > The journey to net zero,other,,3,,,Scope 3,1.0,data/raw/microsoft/2021_sustainability_report.pdf,microsoft,2021,27,0.037,0.0,0.0,True,False,False,True,False,0.252,51.0,False,False,False,0
"Nonetheless, the challenge remains: we must continuously improve on our efforts to decouple our emissions from our growth until we reach our carbon negative commitment in 2030.",4,metric tons of waste diverted from landfills 24 > The journey to net zero,attribute,firm,,,,,0.0,data/raw/microsoft/2021_sustainability_report.pdf,microsoft,2021,26,0.0,0.0,0.0385,False,False,False,False,False,0.0,34.0,False,True,False,0
"Some of this will happen through the completion of specific goals such as our shift to a 100 percent electric campus vehicle fleet, our move away from diesel fuel as a backup energy source for our datacenters, and the carbon benefits of our waste reduction improvements due to our expanding fleet of Circular Centers.",4,metric tons of waste diverted from landfills 24 > The journey to net zero,other,firm,100 percent,,,,0.5,data/raw/microsoft/2021_sustainability_report.pdf,microsoft,2021,53,0.0,0.0,0.0377,True,False,False,False,False,0.2,19.0,False,True,False,0
There are several external factors or bugs in the world’s net zero carbon program that if addressed will help us all make greater progress toward our net zero goals.,5,Foreword (continued),attribute,firm,,,,,0.0,data/raw/microsoft/2021_sustainability_report.pdf,microsoft,2021,30,0.0333,0.0,0.0667,False,False,False,False,False,0.0,52.3,False,True,False,1
"The world lacks a common meaning of the term net zero and a common unit of measurement for assessing the climate impact of various net zero approaches, and we must all focus on maturing the markets needed to achieve a net zero carbon economy by 2050.",5,Foreword (continued),target,firm,,2050,2050,,0.5,data/raw/microsoft/2021_sustainability_report.pdf,microsoft,2021,45,0.0222,0.0,0.0422,False,True,True,False,False,0.311,25.8,False,True,False,0
"Counting everything, including challenging Scope 3 emissions.",5,Foreword (continued),other,,3,,,Scope 3,1.0,data/raw/microsoft/2021_sustainability_report.pdf,microsoft,2021,6,0.0,0.0,0.0,True,False,False,True,False,0.4,-24.9,False,False,False,0
You can only get to net zero when you’ve reduced all that you can and your remaining carbon emissions are completely balanced by long-term carbon removal.,5,Foreword (continued),attribute,achievement,,,,,0.0,data/raw/microsoft/2021_sustainability_report.pdf,microsoft,2021,27,0.0,0.0,0.0,False,False,False,False,False,0.0,38.4,True,False,False,0
"Last year, we made the world’s largest purchase of carbon removal at 1.4 million metric tons and in this fiscal year we are on track to top that by procuring 1.5 million metric tons.",5,Foreword (continued),other,,1.4 million,,,,0.5,data/raw/microsoft/2021_sustainability_report.pdf,microsoft,2021,33,0.0,0.0,0.0,True,False,False,False,False,0.2,80.3,False,False,False,0
"Surface Pro 8 is one of the most energy efficient Surface Pros ever and we introduced Energy Saver, a new low-power standby mode for Xbox consoles.",5,Foreword (continued) > From pledges to progress,other,,8,,,,0.5,data/raw/microsoft/2021_sustainability_report.pdf,microsoft,2021,25,0.0,0.0,0.0,True,False,False,False,False,0.2,35.9,False,False,False,0
"We are committed to becoming a carbon negative, water positive, zero waste company by 2030.",5,Foreword (continued) > From pledges to progress,target,firm,,,2030,,0.25,data/raw/microsoft/2021_sustainability_report.pdf,microsoft,2021,14,0.0,0.0,0.1629,False,False,True,False,False,0.2,29.5,True,False,False,2
"With net zero becoming the new normal—more than 1,500 companies with total net revenue of $11.4 trillion have pledged that they will become carbon neutral or net zero—the world must move from climate pledges to climate progress.",5,Foreword (continued) > From pledges to progress,attribute,firm,"1,500",,,,0.5,data/raw/microsoft/2021_sustainability_report.pdf,microsoft,2021,37,0.0,0.0,0.027,True,False,False,False,False,0.2,60.0,False,True,False,1
"Allocated $471 million to date via our Climate Innovation Fund to accelerate our carbon goals, as well as water and waste.",6,Foreword (continued) > From pledges to progress,other,,471 million,,,,0.5,data/raw/microsoft/2021_sustainability_report.pdf,microsoft,2021,20,0.0,0.0,0.05,True,False,False,False,False,0.2,46.9,False,False,False,1
We also donated $100 million to Breakthrough Energy’s Catalyst initiative.,6,Foreword (continued) > From pledges to progress,other,,100 million,,,,0.5,data/raw/microsoft/2021_sustainability_report.pdf,microsoft,2021,10,0.0,0.0,0.0,True,False,False,False,False,0.2,10.6,False,False,False,0
"We have planned five Circular Centers, with Amsterdam open, construction underway in Boydton, Virginia, and three more to be added in 2022.",6,Circular Centers,other,,,,,,0.0,data/raw/microsoft/2021_sustainability_report.pdf,microsoft,2021,21,0.0,0.0,0.0476,False,False,False,False,False,0.0,40.5,True,False,False,0
"In FY21, we signed new power purchase agreements (PPAs) for approximately 5.8 gigawatts (GW) of renewable energy across 10 countries around the globe.",6,Circular Centers,other,,5.8,,,,0.5,data/raw/microsoft/2021_sustainability_report.pdf,microsoft,2021,21,0.0,0.0952,0.0,True,False,False,False,False,0.0,35.0,False,False,False,0
9 of water benefit per year.,6,Circular Centers,other,,9,,,,0.5,data/raw/microsoft/2021_sustainability_report.pdf,microsoft,2021,5,0.0,0.0,0.0,True,False,False,False,False,0.2,66.4,False,False,False,0
"In FY21, we diverted more than 15,200 metric tons of solid waste otherwise headed to landfills and incinerators.",6,Circular Centers,other,,"15,200 metric tons",,,,0.5,data/raw/microsoft/2021_sustainability_report.pdf,microsoft,2021,17,0.0,0.0,0.0,True,False,False,False,False,0.2,45.3,False,False,False,0
"In July 2021, 87 percent of our in-scope suppliers reported their emissions to CDP, up 12 percent from 2020.",6,Circular Centers,other,,87 percent,2020,,,0.5,data/raw/microsoft/2021_sustainability_report.pdf,microsoft,2021,15,0.0,0.0,0.0,True,True,False,False,True,0.6,56.3,False,False,False,0
10 people with access to safe water or sanitation.,6,>95K people,other,,10,,,,0.5,data/raw/microsoft/2021_sustainability_report.pdf,microsoft,2021,8,0.0,0.0,0.0,True,False,False,False,False,0.2,61.2,False,False,False,0
"Four datacenters are Zero Waste certified, with new certifications for the San Antonio, Texas and Quincy.",6,Zero Waste,attribute,,,,,,0.0,data/raw/microsoft/2021_sustainability_report.pdf,microsoft,2021,16,0.0,0.0,0.0,False,False,False,False,False,0.0,32.0,False,False,False,0
"We have made available 24 petabytes of data with more than 30 key environmental and Earth observation datasets to Azure in consistent, analysis-ready format that is freely available for use by anyone.",6,Zero Waste,other,,24,,,,0.5,data/raw/microsoft/2021_sustainability_report.pdf,microsoft,2021,30,0.0,0.0,0.0,True,False,False,False,False,0.2,12.8,False,False,False,0
"In July 2021, we launched the Microsoft Cloud for Sustainability to provide comprehensive, integrated, and automated sustainability management.",6,Zero Waste > Microsoft Cloud for Sustainability,achievement,achievement,"2021,",,,,0.33,data/raw/microsoft/2021_sustainability_report.pdf,microsoft,2021,17,0.0,0.0,0.0,True,False,False,False,False,0.2,-29.4,False,False,False,0
"In 2021, Microsoft was awarded the U.S. Water Prize for Outstanding Private Sector Organization for adopting our water positive program and committing to being water positive by 2030.",6,Zero Waste > U.S. Water Prize,target,achievement,"2021,",,2030,,0.5,data/raw/microsoft/2021_sustainability_report.pdf,microsoft,2021,27,0.0,0.0,0.0941,True,False,True,False,False,0.4,37.9,True,False,False,3
We reduced single-use plastics in our Microsoft product packaging by 18 percent.,6,Zero Waste > U.S. Water Prize,achievement,achievement,18 percent,,,,0.33,data/raw/microsoft/2021_sustainability_report.pdf,microsoft,2021,11,0.0,0.0,0.0,True,False,False,False,False,0.2,26.5,False,False,False,0
"Microsoft’s commitments to become carbon negative, water positive, and zero waste by 2030 while building a Planetary Computer are well known.",7,"How we work > Report on everything, not just progress",target,,2030,,2030,,0.5,data/raw/microsoft/2021_sustainability_report.pdf,microsoft,2021,21,0.0,0.0,0.1629,True,False,True,False,False,0.4,28.4,False,False,False,1
"As we saw the science in 2019, it was clear that our carbon neutral goal was not what the world needed—the world needs to reach net zero by or before 2050.",7,How we work > Set ambitions based on the science,target,achievement,"2019,",,2050,,0.5,data/raw/microsoft/2021_sustainability_report.pdf,microsoft,2021,30,0.0,0.0,0.0333,True,False,True,False,False,0.4,77.7,False,False,False,0
"In 2020, we made a series of environmental sustainability commitments, including being carbon negative, water positive, and zero waste by 2030.",7,How we work > Set ambitions based on the science,target,,"2020,",,2030,,0.5,data/raw/microsoft/2021_sustainability_report.pdf,microsoft,2021,19,0.0,0.0,0.1253,True,False,True,False,False,0.4,9.4,False,False,False,1
"At Microsoft, we hold our business groups accountable for their carbon emissions via an internal carbon fee of $15 per metric ton.",8,How we work (continued),other,,15,,,,0.5,data/raw/microsoft/2021_sustainability_report.pdf,microsoft,2021,21,0.0,0.0,0.0,True,False,False,False,False,0.2,48.5,False,False,False,0
"In January 2021, we expanded the carbon fee so that it includes Scope 3 emissions from our supply and value chain, in addition to Scope 1 and Scope 2.",8,How we work (continued),other,,"2021,",,,Scope 1; Scope 2; Scope 3; value chain,1.0,data/raw/microsoft/2021_sustainability_report.pdf,microsoft,2021,25,0.0,0.0,0.0,True,False,False,True,False,0.4,52.9,False,False,False,0
"If the world is going to meet net zero goals by 2050, companies need to use their entire ecosystem and all of their positions of influence.",8,"How we work (continued) > Take steps to accelerate markets, ecosystems, and global progress",target,,"2050,",,2050,,0.5,data/raw/microsoft/2021_sustainability_report.pdf,microsoft,2021,25,0.0,0.0,0.1,True,False,True,False,False,0.4,63.0,False,False,False,0
"Our $1 billion Climate Innovation Fund is investing in organizations across our areas of commitment to build a larger, more robust ecosystem of effective companies and solutions.",8,"How we work (continued) > Take steps to accelerate markets, ecosystems, and global progress",other,firm,1 billion,,,,0.5,data/raw/microsoft/2021_sustainability_report.pdf,microsoft,2021,26,0.0385,0.0,0.0385,True,False,False,False,False,0.046,11.2,False,False,False,0
"Our sponsorship at COP26 and numerous engagements with governments at the city, regional, state, and national levels are aimed at creating policy environments that further accelerate the impact of this work and the transition to net zero.",8,"How we work (continued) > Take steps to accelerate markets, ecosystems, and global progress",attribute,,,,,,0.0,data/raw/microsoft/2021_sustainability_report.pdf,microsoft,2021,37,0.027,0.0,0.027,False,False,False,False,False,0.0,16.1,True,False,False,1
"The Microsoft Sustainability Connected Community is an employee-led group of 5,000 members and 32 regional chapters whose mission is to make sustainability part of everybody’s job.",9,Feature story Empowering our global workforce,other,,"5,000",,,,0.5,data/raw/microsoft/2021_sustainability_report.pdf,microsoft,2021,25,0.0,0.0,0.0,True,False,False,False,False,0.2,2.1,False,False,False,0
"The LinkedIn Go Green sustainability engagement program includes one out of every eight employees and its 26 chapters are focused on empowering employees to take green action at home, in the office, and in their communities.",9,Feature story Empowering our global workforce,other,,26,,,,0.5,data/raw/microsoft/2021_sustainability_report.pdf,microsoft,2021,35,0.0,0.0,0.0,True,False,False,False,False,0.2,19.0,True,False,False,1
Microsoft and LinkedIn employees participated in virtual Ecochallenges for three weeks around Earth Day 2021 to gamify personal sustainability.,9,Feature story Empowering our global workforce,other,,2021,,,,0.5,data/raw/microsoft/2021_sustainability_report.pdf,microsoft,2021,18,0.0,0.0556,0.0,True,False,False,False,False,0.0,-8.8,False,False,False,0
"Seven thousand people prepared 31,000 meatless or vegan meals, saved 197,000 pounds of CO2, diverted 227,000 plastic containers and bottles from landfill, saved 392,000 gallons of water, and spent 239,000 minutes learning about sustainability.",9,Feature story Empowering our global workforce,other,,"392,000 gallons",,,,0.5,data/raw/microsoft/2021_sustainability_report.pdf,microsoft,2021,29,0.0,0.0345,0.0,True,False,False,False,False,0.062,17.0,False,False,False,0
"The Microsoft Garage provides a platform for hackathons and ideathons all year long, including our month-long Sustainability Ideathon for Earth Day 2021 and the year-round Sustainability program using our HackBox platform for employees to collect ideas, share concepts, create projects, form teams, and inspire colleagues globally to participate in Microsoft’s sustainability journey.",9,Feature story Empowering our global workforce > Ongoing sustainability ideating and hacking,other,,2021,,,global,1.0,data/raw/microsoft/2021_sustainability_report.pdf,microsoft,2021,52,0.0,0.0,0.0,True,False,False,True,False,0.4,-13.5,False,False,False,1
"This year, our platform has facilitated 200 projects from more than 1,000 employee “hackers,” with projects ranging from digital foresting, to smart bird feeders, to building software that will help retrofit the world’s coal power plant fleet with modular nuclear reactors.",9,Feature story Empowering our global workforce > Employee-led sustainability projects,other,firm,200,,,,0.5,data/raw/microsoft/2021_sustainability_report.pdf,microsoft,2021,40,0.0,0.0,0.05,True,False,False,False,False,0.2,30.9,False,True,False,0
"In October 2021, we launched the Sustainability in Action badge.",10,Employee engagement (continued) > Sustainability training,achievement,achievement,"2021,",,,,0.33,data/raw/microsoft/2021_sustainability_report.pdf,microsoft,2021,9,0.0,0.0,0.0,True,False,False,False,False,0.2,28.5,False,False,False,0
"Within the first two months, more than 3,000 employees completed the course, and can serve as sustainability champions in their daily work as well as personal lives.",10,Employee engagement (continued) > Sustainability training,achievement,achievement,"3,000",,,,0.33,data/raw/microsoft/2021_sustainability_report.pdf,microsoft,2021,26,0.0,0.0,0.0,True,False,False,False,False,0.2,50.3,False,False,False,0
"3,000 employees completed Sustainability in Action training within the first two months.",10,Employee engagement (continued) > Employee-led education,achievement,achievement,"3,000",,,,0.33,data/raw/microsoft/2021_sustainability_report.pdf,microsoft,2021,11,0.0,0.0,0.0,True,False,False,False,False,0.2,26.5,False,False,False,0
Microsoft is committed to be a carbon negative company by 2030.,11,Carbon negative,target,firm,,,2030,,0.25,data/raw/microsoft/2021_sustainability_report.pdf,microsoft,2021,10,0.0,0.0,0.22,False,False,True,False,False,0.2,35.9,True,False,False,1
"Carbon negative By 2030, we will be carbon negative, and by 2050, we will remove our historical emissions since we were founded in 1975.",11,Carbon negative > Our commitments,target,firm,"2030,",2030,2030,,0.75,data/raw/microsoft/2021_sustainability_report.pdf,microsoft,2021,21,0.0,0.0,0.2105,True,True,True,False,False,0.6,48.5,True,True,False,0
"Replace with 100/100/0 carbon free energy By 2030, 100 percent of our electricity consumption will be matched by zero carbon energy purchases 100 percent of the time.",11,Carbon negative > Our commitments,target,firm,100 percent,,2030,,0.5,data/raw/microsoft/2021_sustainability_report.pdf,microsoft,2021,23,0.0,0.0,0.107,True,False,True,False,False,0.4,29.0,True,True,False,0
"Reduce value chain emissions By 2030, we will reduce our Scope 3 emissions by more than half from a 2020 baseline.",11,Carbon negative > Our commitments,target,firm,"2030,",2020,2030,Scope 3; value chain,1.0,data/raw/microsoft/2021_sustainability_report.pdf,microsoft,2021,18,0.0,0.0,0.1311,True,True,True,True,False,0.8,61.7,False,True,False,0
"Remove the rest of our emissions By 2030, we will remove more carbon than we emit.",11,Carbon negative > Our commitments,target,firm,"2030,",,2030,,0.5,data/raw/microsoft/2021_sustainability_report.pdf,microsoft,2021,15,0.0,0.0,0.1533,True,False,True,False,False,0.4,73.2,False,True,False,0
"By 2050, we΄ll remove an equivalent amount of carbon to all our historical emissions.",11,Carbon negative > Our commitments,target,,"2050,",,2050,,0.5,data/raw/microsoft/2021_sustainability_report.pdf,microsoft,2021,14,0.0,0.0,0.0914,True,False,True,False,False,0.4,41.6,False,False,False,0
Microsoft is committed to be a water positive company by 2030.,11,Water positive,target,firm,,,2030,,0.25,data/raw/microsoft/2021_sustainability_report.pdf,microsoft,2021,10,0.0,0.0,0.22,False,False,True,False,False,0.2,35.9,True,False,False,2
"Water positive By 2030, we will replenish more water than we use.",11,Water positive > Our commitments,target,firm,"2030,",,2030,,0.5,data/raw/microsoft/2021_sustainability_report.pdf,microsoft,2021,11,0.0,0.0,0.2018,True,False,True,False,False,0.4,64.9,False,True,False,1
"Reduce water waste in datacenter operations By 2024, we will reduce water waste in our datacenter operations by 95 percent.",11,Water positive > Our commitments,target,firm,95 percent,,2024,,0.5,data/raw/microsoft/2021_sustainability_report.pdf,microsoft,2021,18,0.0,0.0,0.0756,True,False,True,False,False,0.4,24.1,False,True,False,0
Increase access to water We will provide 1.5 million more people with access to clean water and sanitization services.,11,Water positive > Our commitments,other,firm,1.5 million,,,,0.5,data/raw/microsoft/2021_sustainability_report.pdf,microsoft,2021,18,0.0,0.0,0.0556,True,False,False,False,False,0.2,52.0,False,True,False,0
Microsoft is committed to be a water positive company by 2030.,11,Water positive,target,firm,,,2030,,0.25,data/raw/microsoft/2021_sustainability_report.pdf,microsoft,2021,10,0.0,0.0,0.22,False,False,True,False,False,0.2,35.9,True,False,False,2
Microsoft is committed to become a zero waste company by 2030.,12,Zero waste,target,firm,,,2030,,0.25,data/raw/microsoft/2021_sustainability_report.pdf,microsoft,2021,10,0.0,0.0,0.22,False,False,True,False,False,0.2,44.4,True,False,False,1
"Our approach includes design and material selection, responsibly sourcing materials for our operations, products, and packaging, and increasing the use of recycled content.",12,Zero waste,attribute,,,,,own operations,0.5,data/raw/microsoft/2021_sustainability_report.pdf,microsoft,2021,23,0.0,0.0,0.0,False,False,False,True,False,0.2,6.9,False,False,False,0
"Zero waste By 2030, we will be zero waste across our direct business.",12,Commitments and progress (continued) > Our commitments,target,firm,"2030,",,2030,,0.5,data/raw/microsoft/2021_sustainability_report.pdf,microsoft,2021,12,0.0,0.0,0.1867,True,False,True,False,False,0.4,67.8,False,True,False,0
"Increase reuse of servers and components through Circular Centers By 2025, 90 percent of servers and components within our regional datacenter networks will be reused.",12,Commitments and progress (continued) > Our commitments,target,firm,90 percent,,2025,,0.5,data/raw/microsoft/2021_sustainability_report.pdf,microsoft,2021,23,0.0,0.0,0.0635,True,False,True,False,False,0.4,29.0,True,True,False,0
"Eliminate single-use plastic By 2025, we will eliminate single-use plastics in all Microsoft primary product packaging and all IT asset packaging in our datacenters.",12,Commitments and progress (continued) > Our commitments,target,firm,"2025,",,2025,,0.5,data/raw/microsoft/2021_sustainability_report.pdf,microsoft,2021,23,0.0,0.0,0.0635,True,False,True,False,False,0.4,6.9,False,True,False,0
"Make fully recyclable products and packaging By 2030, we will design Surface devices, Xbox products and accessories, and all Microsoft product packaging to be 100 percent recyclable in OECD countries.",12,Commitments and progress (continued) > Our commitments,target,firm,100 percent,,2030,,0.5,data/raw/microsoft/2021_sustainability_report.pdf,microsoft,2021,28,0.0,0.0,0.0914,True,False,True,False,False,0.4,24.3,False,True,False,0
"Drive to zero waste operations By 2030, we will achieve 90 percent diversion of operational waste at datacenters and campuses and 75 percent diversion for all construction and deconstruction projects.",12,Commitments and progress (continued) > Our commitments,target,firm,90 percent,,2030,,0.5,data/raw/microsoft/2021_sustainability_report.pdf,microsoft,2021,27,0.0,0.0,0.0941,True,False,True,False,False,0.4,13.4,False,True,False,0
Take responsibility for our land footprint We will take responsibility for the ecosystem impacts of our direct operations by protecting more land than we use by 2025.,12,Zero Waste > Our commitments,target,firm,,,2025,,0.25,data/raw/microsoft/2021_sustainability_report.pdf,microsoft,2021,26,0.0,0.0,0.0585,False,False,True,False,False,0.2,27.5,False,True,False,0
"For example, we account for less than .03 percent of carbon emissions globally.",13,Transparent and accountable reporting on progress > Layers of increasing impact,other,,,,,global,0.5,data/raw/microsoft/2021_sustainability_report.pdf,microsoft,2021,12,0.0,0.0,0.0,False,False,False,True,False,0.2,59.7,False,False,False,0
"The scientific reality of climate change is more accepted than ever before—to avert the worst effects of the rapidly changing climate, the world needs to transition to a net zero carbon emissions economy by 2050.",16,A commitment to a carbon negative future > The context,target,,,,2050,,0.25,data/raw/microsoft/2021_sustainability_report.pdf,microsoft,2021,35,0.0,0.0,0.0486,False,False,True,False,False,0.2,28.7,False,False,False,0
"The world needs agreement on the meaning of global net zero emissions, measurement to track our progress toward net zero, and mature markets for carbon reduction and removal that are necessary to get us there.",16,A commitment to a carbon negative future > The context,attribute,,,,,,0.0,data/raw/microsoft/2021_sustainability_report.pdf,microsoft,2021,35,0.0,0.0,0.0,False,False,False,False,False,0.0,31.1,False,False,False,1
"Our strategy to reach carbon negative by 2030 is relatively simple—we will reduce our Scope 1 and 2 emissions to near zero by improving efficiency, adopting new solutions, and purchasing zero carbon energy.",16,A commitment to a carbon negative future > The context,target,firm,2030,2030,2030,Scope 1,1.0,data/raw/microsoft/2021_sustainability_report.pdf,microsoft,2021,31,0.0,0.0,0.0845,True,True,True,True,False,0.8,14.4,False,True,False,0
We are engaging suppliers and our business groups to cut our Scope 3 emissions by more than 50 percent and we’ll rely on carbon removal to reach carbon negative.,16,A commitment to a carbon negative future > The context,achievement,achievement,50 percent,,,Scope 3,0.67,data/raw/microsoft/2021_sustainability_report.pdf,microsoft,2021,28,0.0,0.0,0.0,True,False,False,True,False,0.4,48.5,False,False,False,0
"By 2030, 100 percent of our electricity consumption will be matched by zero carbon energy purchases 100 percent of the time.",16,Our commitment: carbon negative by 2030 > Replacing with 100/100/0 carbon free energy,target,firm,100 percent,,2030,,0.5,data/raw/microsoft/2021_sustainability_report.pdf,microsoft,2021,18,0.0,0.0,0.1311,True,False,True,False,False,0.4,33.5,True,True,False,0
"By 2030, we will reduce our Scope 3 emissions by more than half from a 2020 baseline.",16,Our commitment: carbon negative by 2030 > Reducing value chain emissions,target,firm,"2030,",2020,2030,Scope 3,1.0,data/raw/microsoft/2021_sustainability_report.pdf,microsoft,2021,14,0.0,0.0,0.1629,True,True,True,True,False,0.8,77.8,False,True,False,0
"By 2030, Microsoft will remove more carbon than it emits.",16,Our commitment: carbon negative by 2030 > Removing the rest of our emissions,target,firm,"2030,",,2030,,0.5,data/raw/microsoft/2021_sustainability_report.pdf,microsoft,2021,9,0.0,0.0,0.2422,True,False,True,False,False,0.4,66.1,False,True,False,0
"By 2050, we΄ll remove an equivalent amount of carbon to all our historical emissions.",16,Our commitment: carbon negative by 2030 > Removing the rest of our emissions,target,,"2050,",,2050,,0.5,data/raw/microsoft/2021_sustainability_report.pdf,microsoft,2021,14,0.0,0.0,0.0914,True,False,True,False,False,0.4,41.6,False,False,False,0
"We have created a $1 billion Climate Innovation Fund to accelerate the global development of carbon reduction and removal technologies, as well as related climate solutions to reduce water and waste.",16,Our commitment: carbon negative by 2030 > Investing in the future,other,,1 billion,,,,0.5,data/raw/microsoft/2021_sustainability_report.pdf,microsoft,2021,30,0.0,0.0,0.0,True,False,False,False,False,0.2,12.8,False,False,False,1
"We reduced our Scope 1 and 2 (marketbased) emissions by 58,654 metric tons of carbon dioxide equivalents (mtCO2) in FY21.",17,Our commitment: carbon negative by 2030 > Investing in the future,achievement,achievement,"58,654 metric tons",,,Scope 1,0.67,data/raw/microsoft/2021_sustainability_report.pdf,microsoft,2021,17,0.0,0.0,0.0,True,False,False,True,False,0.4,40.3,False,False,False,0
Scope 3 emissions increased by 22.7 percent.,17,Our commitment: carbon negative by 2030 > Investing in the future,achievement,achievement,22.7 percent,,,Scope 3,0.67,data/raw/microsoft/2021_sustainability_report.pdf,microsoft,2021,5,0.0,0.0,0.0,True,False,False,True,False,0.4,35.1,False,False,False,0
"In FY21, we signed new power purchase agreements (PPAs) for approximately 5.8 gigawatts (GW) of renewable energy across 10 countries around the globe, totaling more than 8 GW of renewable energy via PPAs or long-term contracts.",17,5.8 GW of renewable energy,other,,5.8,,,,0.5,data/raw/microsoft/2021_sustainability_report.pdf,microsoft,2021,33,0.0,0.0606,0.0,True,False,False,False,False,0.0,36.3,False,False,False,0
"In July 2021, 87 percent of our in-scope suppliers reported their emissions to CDP, up 12 percent from 2020.",17,Supplier reporting tools,other,,87 percent,2020,,,0.5,data/raw/microsoft/2021_sustainability_report.pdf,microsoft,2021,15,0.0,0.0,0.0,True,True,False,False,True,0.6,56.3,False,False,False,0
This data informs suppliers’ baselines for reduction targets and gives Microsoft a more accurate picture of its Scope 3 emissions.,17,Supplier reporting tools,other,,3,,,Scope 3,1.0,data/raw/microsoft/2021_sustainability_report.pdf,microsoft,2021,19,0.0,0.0,0.0526,True,False,False,True,False,0.4,27.3,False,False,False,0
"Following the CDP cycle, Microsoft built out action plans with suppliers to assess and report emission reductions through 2030.",17,Supplier reporting tools,target,,,2030,2030,,0.5,data/raw/microsoft/2021_sustainability_report.pdf,microsoft,2021,18,0.0,0.0,0.0556,False,True,True,False,True,0.6,47.6,False,False,False,0
"Allocated $471 million to date via our Climate Innovation Fund to accelerate our carbon goals, as well as water and waste.",17,2.5M tons carbon removal,other,,471 million,,,,0.5,data/raw/microsoft/2021_sustainability_report.pdf,microsoft,2021,20,0.0,0.0,0.05,True,False,False,False,False,0.2,46.9,False,False,False,1
We also donated $100 million to Breakthrough Energy’s Catalyst initiative.,17,2.5M tons carbon removal,other,,100 million,,,,0.5,data/raw/microsoft/2021_sustainability_report.pdf,microsoft,2021,10,0.0,0.0,0.0,True,False,False,False,False,0.2,10.6,False,False,False,0
"In July 2021, we launched the Microsoft Cloud for Sustainability to provide comprehensive, integrated, and automated sustainability management for organizations at any stage of the sustainability journey.",17,Launched the Microsoft Cloud for Sustainability,achievement,achievement,"2021,",,,,0.33,data/raw/microsoft/2021_sustainability_report.pdf,microsoft,2021,26,0.0,0.0,0.0,True,False,False,False,False,0.2,-27.8,False,False,False,0
"The new Surface Laptop Studio has a 30 percent smaller carbon footprint than its predecessor, the Surface Book 3 13”.",17,Improved device efficiency,other,,30 percent,,,,0.5,data/raw/microsoft/2021_sustainability_report.pdf,microsoft,2021,17,0.0,0.0,0.0,True,False,False,False,False,0.2,50.2,False,False,False,0
A year of progress and impact to get to carbon negative by 2030.,17,Improved device efficiency,target,,,2030,2030,,0.5,data/raw/microsoft/2021_sustainability_report.pdf,microsoft,2021,12,0.0,0.0,0.1033,False,True,True,False,False,0.4,74.8,False,False,False,1
Carbon negative by 2030 A company is carbon negative when it removes more carbon than it emits each year.,18,Improved device efficiency,target,,2030,2030,2030,,0.75,data/raw/microsoft/2021_sustainability_report.pdf,microsoft,2021,18,0.0,0.0,0.0756,True,True,True,False,False,0.6,47.6,False,False,False,0
In FY21 we procured the removal of 1.4 million metric tons of carbon as one of our initial steps towards achieving our 2030 commitment.,18,Improved device efficiency > Carbon Table 1 Tracking our yearly progress toward carbon negative by 2030,other,firm,1.4 million,,,,0.5,data/raw/microsoft/2021_sustainability_report.pdf,microsoft,2021,22,0.0,0.0,0.0455,True,False,False,False,False,0.2,57.2,False,False,False,0
A portion of the 1.4 million metric tons of removal will apply to future years.,18,Improved device efficiency > Carbon Table 1 Tracking our yearly progress toward carbon negative by 2030,other,firm,1.4 million,,,,0.5,data/raw/microsoft/2021_sustainability_report.pdf,microsoft,2021,14,0.0,0.0,0.1429,True,False,False,False,False,0.2,72.8,False,True,False,0
"In FY21, we reduced our Scope 1 and 2 (market-based) emissions by 16.9 percent.",18,Our approach (continued),achievement,achievement,16.9 percent,,,Scope 1,0.67,data/raw/microsoft/2021_sustainability_report.pdf,microsoft,2021,11,0.0,0.0,0.0,True,False,False,True,False,0.4,55.1,False,False,False,0
We saw an increase in Scope 3 emissions driven by growth of our cloud services business and an increase in sales and usage of our devices.,18,Our approach (continued),other,,3,,,Scope 3,1.0,data/raw/microsoft/2021_sustainability_report.pdf,microsoft,2021,25,0.0,0.0,0.0,True,False,False,True,False,0.4,52.9,False,False,False,0
"Scope 3 represents the majority of Microsoft’s emissions, and we are committed to reducing these emissions by more than 50 percent by 2030.",19,Our approach (continued),target,firm,50 percent,,2030,Scope 3,0.75,data/raw/microsoft/2021_sustainability_report.pdf,microsoft,2021,21,0.0,0.0,0.1152,True,False,True,True,False,0.6,36.5,True,False,False,1
Tracking and reporting against this category of emissions is critical for net zero progress.,19,Our approach (continued),attribute,,,,,,0.0,data/raw/microsoft/2021_sustainability_report.pdf,microsoft,2021,14,0.0,0.0,0.0,False,False,False,False,False,0.0,29.5,False,False,False,1
"In FY21, we signed new PPAs for approximately 5.8 GW of renewable energy across 10 countries around the globe, totaling more than 8 GW of renewable energy via PPAs or long-term contracts.",19,Our approach (continued) > Scope 3 Categories,other,,5.8,,,,0.5,data/raw/microsoft/2021_sustainability_report.pdf,microsoft,2021,29,0.0,0.069,0.0,True,False,False,False,False,0.0,46.3,False,False,False,0
It is critical that companies take a rigorous approach to achieving net zero.,20,Getting to carbon negative,attribute,,,,,,0.0,data/raw/microsoft/2021_sustainability_report.pdf,microsoft,2021,13,0.0,0.0,0.0,False,False,False,False,False,0.0,44.0,False,False,False,0
"In January 2020, Microsoft announced its intention to be carbon negative, which will see us cut our greenhouse gas (GHG) emissions across our operations to nearly zero and by over half by 2030 across our value chain with improvements in energy efficiency, replacing with renewable energy for Scope 2, and removing the remainder of emissions.",20,Getting to carbon negative,target,firm,"2020,",,2030,Scope 2; own operations; value chain,0.75,data/raw/microsoft/2021_sustainability_report.pdf,microsoft,2021,52,0.0,0.0,0.0585,True,False,True,True,False,0.6,-0.5,False,True,False,0
We will also remove the equivalent amount of our historical carbon emissions by 2050.,20,Getting to carbon negative,target,firm,,2050,2050,,0.5,data/raw/microsoft/2021_sustainability_report.pdf,microsoft,2021,13,0.0,0.0,0.1738,False,True,True,False,False,0.4,30.9,False,True,False,0
Our total company emissions (market-based) in 2021 were approximately 14 million mtCO2.,20,Getting to carbon negative,achievement,achievement,14 million,,,,0.33,data/raw/microsoft/2021_sustainability_report.pdf,microsoft,2021,10,0.0,0.1,0.0,True,False,False,False,False,0.0,-6.4,False,False,False,0
"Of this total, about 120,000 mtCO2 were Scope 1 emissions at Microsoft datacenters and campuses.",20,Getting to carbon negative,achievement,achievement,"120,000",,,Scope 1,0.67,data/raw/microsoft/2021_sustainability_report.pdf,microsoft,2021,13,0.0,0.0769,0.0,True,False,False,True,False,0.1,37.5,False,False,False,0
"Taking into account our renewable energy purchases, our Scope 2 emissions were approximately 160,000 mtCO2.",20,Getting to carbon negative,achievement,achievement,2,,,Scope 2,0.67,data/raw/microsoft/2021_sustainability_report.pdf,microsoft,2021,13,0.0,0.0769,0.0,True,False,False,True,False,0.1,4.9,False,False,False,0
"The bulk of our emissions—more than 97 percent—are in Scope 3, which includes emissions from our supply chain, the lifecycle of our hardware products and devices, travel, and other indirect sources.",20,Getting to carbon negative,other,,97 percent,,,Scope 3; supply chain,1.0,data/raw/microsoft/2021_sustainability_report.pdf,microsoft,2021,31,0.0,0.0,0.0,True,False,False,True,False,0.4,38.9,False,False,False,0
"While our combined Scope 1 and 2 emissions decreased this year, we did see an increase in Scope 3 emissions, driven mainly by the growth of our cloud services business and an increase in sales and usage of our devices.",20,Getting to carbon negative,achievement,achievement,1,,,Scope 1; Scope 3,0.67,data/raw/microsoft/2021_sustainability_report.pdf,microsoft,2021,37,0.0,0.0,0.0,True,False,False,True,False,0.4,39.0,False,False,False,0
"We are committed to cutting our GHG emissions by over half by 2030 across our value chain, removing the residual emissions, and removing the equivalent amount of our historical carbon emissions by 2050.",20,Getting to carbon negative,target,firm,2030,2050,2030,value chain,1.0,data/raw/microsoft/2021_sustainability_report.pdf,microsoft,2021,31,0.0,0.0,0.1168,True,True,True,True,False,0.8,19.8,True,False,False,1
It is critical that companies take a rigorous approach to achieving net zero.,20,Getting to carbon negative,attribute,,,,,,0.0,data/raw/microsoft/2021_sustainability_report.pdf,microsoft,2021,13,0.0,0.0,0.0,False,False,False,False,False,0.0,44.0,False,False,False,0
"By the middle of the decade, we are committed to reducing our Scope 1 and 2 emissions to near zero.",21,Getting to carbon negative (continued) > Reducing Scope 1 and 2 emissions across our operations,other,firm,1,,,Scope 1,1.0,data/raw/microsoft/2021_sustainability_report.pdf,microsoft,2021,18,0.0,0.0,0.0556,True,False,False,True,False,0.4,66.4,True,False,False,1
Scope 3 measurement poses a significant opportunity for improvement.,21,Getting to carbon negative (continued) > Scope 3 Indirect emissions from all other activities in which you΄reengaged,other,,3,,,Scope 3,1.0,data/raw/microsoft/2021_sustainability_report.pdf,microsoft,2021,8,0.125,0.0,0.0,True,False,False,True,False,0.1,-33.9,False,False,False,0
"In the past, energy conservation measures (ECM) projects took more than 12 months.",21,Getting to carbon negative (continued) > Deploying AI to improve energy efficiency,other,,12,,,,0.5,data/raw/microsoft/2021_sustainability_report.pdf,microsoft,2021,12,0.0,0.0,0.0,True,False,False,False,False,0.2,53.7,False,False,False,0
"The UPS flywheel has the additional benefit of avoiding thousands of metric tons of carbon emissions over its 20-year lifecycle and avoiding 1,500 lead acid batteries treated as hazardous waste at end-of-life.",21,Getting to carbon negative (continued) > Avoiding emissions with kinetic energy for backup power,other,,20,,,,0.5,data/raw/microsoft/2021_sustainability_report.pdf,microsoft,2021,31,0.0,0.0,0.0,True,False,False,False,False,0.2,19.8,False,False,False,0
"We developed the Carbon Aware Core, which helps schedule workloads in times and regions with the lowest carbon footprint, which is being piloted by Microsoft 365 and Microsoft Research and will be provided as an open-source toolkit through the Green Software Foundation.",21,Getting to carbon negative (continued) > Increasing carbon awareness and lowering carbon in cloud operations,other,firm,365,,,,0.5,data/raw/microsoft/2021_sustainability_report.pdf,microsoft,2021,41,0.0,0.0,0.0244,True,False,False,False,False,0.2,24.9,True,True,False,0
"By 2025, we expect to power our datacenters and facilities with 100 percent additional, new renewable energy generation that matches our electricity consumption on an annual basis.",22,Getting to carbon negative (continued) > Transitioning to 100 percent renewable energy,target,,100 percent,,2025,,0.5,data/raw/microsoft/2021_sustainability_report.pdf,microsoft,2021,25,0.0,0.04,0.02,True,False,True,False,False,0.24,2.1,False,False,False,0
"Already, we’ve contracted for more than 8 GW of renewable energy.",22,Getting to carbon negative (continued) > Transitioning to 100 percent renewable energy,other,,8,,,,0.5,data/raw/microsoft/2021_sustainability_report.pdf,microsoft,2021,11,0.0,0.0,0.0,True,False,False,False,False,0.2,49.5,False,False,False,0
"At our Silicon Valley campus, a solar panel system will offset energy consumption up to 15 percent.",22,Getting to carbon negative (continued) > On-site zero carbon energy solutions,other,firm,15 percent,,,,0.5,data/raw/microsoft/2021_sustainability_report.pdf,microsoft,2021,16,0.0,0.0625,0.0625,True,False,False,False,False,0.0,37.3,False,True,False,0
"Our Beijing and Shanghai Zizhu campuses have made similar efforts, installing photovoltaic (PV) solar panels on empty roof space in FY20 which are expected to generate 15,450 MWh of electricity over the next 25 years to power the campus.",22,Getting to carbon negative (continued) > On-site zero carbon energy solutions,other,,"15,450 MWh",,,,0.5,data/raw/microsoft/2021_sustainability_report.pdf,microsoft,2021,37,0.0,0.0541,0.0,True,False,False,False,False,0.0,22.9,True,False,False,0
"The system has an estimated annual output of approximately 750,000 kWh/year of electricity, equivalent to about 15 percent of all site energy usage, and is being integrated with on-site battery storage to help reduce peak demand and address any intermittent excess solar generation produced by the array.",22,Getting to carbon negative (continued) > On-site zero carbon energy solutions,other,,"750,000 kWh",,,,0.5,data/raw/microsoft/2021_sustainability_report.pdf,microsoft,2021,46,0.0,0.087,0.0,True,False,False,False,False,0.0,-7.2,True,False,False,0
"In 2021, we unveiled our plans for a new, hyper-efficient thermal energy center for our Puget Sound campus, which utilizes geothermal wells to heat and cool our buildings—resulting in a 50 percent reduction in energy usage compared to the typical utility plant.",22,Getting to carbon negative (continued) > Harnessing thermal energy to halve energy consumption on campus,other,,50 percent,,,,0.5,data/raw/microsoft/2021_sustainability_report.pdf,microsoft,2021,41,0.0,0.0,0.0488,True,False,False,False,False,0.2,12.5,False,False,False,0
We are leaving no stones unturned in our quest to reach net zero.,22,Getting to carbon negative (continued) > Removing fossil fuels from our campuses and datacenters,attribute,,,,,,0.0,data/raw/microsoft/2021_sustainability_report.pdf,microsoft,2021,13,0.0,0.0,0.0,False,False,False,False,False,0.0,76.5,False,False,False,0
"The datacenter’s generators run on Preem Evolution Diesel Plus, the world’s first Nordic Eco-labelled fuel, which contains at least 50 percent renewable raw material, and nearly an equivalent reduction in net carbon dioxide emissions compared with standard fossil diesel blends.",22,Getting to carbon negative (continued) > Eliminating diesel fuel in datacenters,other,,50 percent,,,,0.5,data/raw/microsoft/2021_sustainability_report.pdf,microsoft,2021,41,0.0,0.0,0.0,True,False,False,False,False,0.2,6.3,False,False,False,0
Hydrogen fuel cells: We are also piloting hydrogen fuel cells as viable green energy for backup power at our datacenters.,22,Getting to carbon negative (continued),attribute,,,,,,0.0,data/raw/microsoft/2021_sustainability_report.pdf,microsoft,2021,20,0.0,0.0,0.0,False,False,False,False,False,0.0,42.7,False,False,False,0
"In our Puget Sound campus modernization project, we have removed natural gas from campus, including cooking over 15,000 meals a day with only renewable electricity.",22,Getting to carbon negative (continued) > Powering all electric kitchens with renewable energy,other,,"15,000",,,,0.5,data/raw/microsoft/2021_sustainability_report.pdf,microsoft,2021,24,0.0,0.0,0.0,True,False,False,False,False,0.2,16.8,False,False,False,0
"LinkedIn’s updated design and build guidelines call for all-electric kitchens powered by renewable energy, designed to cook over 5,000 meals a day on clean power.",22,Getting to carbon negative (continued) > Powering all electric kitchens with renewable energy,other,,"5,000",,,,0.5,data/raw/microsoft/2021_sustainability_report.pdf,microsoft,2021,25,0.0,0.0,0.0,True,False,False,False,False,0.2,22.4,False,False,False,0
"Our commitment is that by 2030, 100 percent of Microsoft’s energy supply, 100 percent of the time, will come from carbon-free resources.",23,Feature story 100/100/0: a new approach to carbon-free energy,target,firm,100 percent,,2030,,0.5,data/raw/microsoft/2021_sustainability_report.pdf,microsoft,2021,20,0.0,0.0,0.17,True,False,True,False,False,0.4,51.2,False,True,False,0
This commitment completes the link between carbon-free resources and our facilities in both space and time.,23,Feature story 100/100/0: a new approach to carbon-free energy,attribute,firm,,,,,0.0,data/raw/microsoft/2021_sustainability_report.pdf,microsoft,2021,16,0.0,0.0,0.0625,False,False,False,False,False,0.0,47.8,False,False,False,0
"The vast majority of Microsoft’s direct carbon emissions footprint comes from electricity, and as such, our work on carbon reduction has centered on using less of it, while at the same time ensuring we support the adoption of more carbon-free energy in the grids where we operate.",23,Getting to carbon negative (continued) > A path to carbon negative via energy,attribute,hedged,,,,,0.0,data/raw/microsoft/2021_sustainability_report.pdf,microsoft,2021,48,0.0,0.0,0.0,False,False,False,False,True,0.2,18.9,False,False,False,0
"While our goal has remained consistent—to get to an energy supply that is entirely carbon-free—our approach has evolved as the supply of renewable energy has increased, markets have matured, and data has become more granular.",23,Getting to carbon negative (continued) > A path to carbon negative via energy,attribute,achievement,,,,,0.0,data/raw/microsoft/2021_sustainability_report.pdf,microsoft,2021,37,0.0,0.0,0.027,False,False,False,False,False,0.0,20.7,False,False,False,0
"Our initial commitment, set in 2012, was to cover 100 percent of our energy consumption with renewable energy certificates (RECs).",23,Getting to carbon negative (continued) > A journey towards 100 percent,other,firm,100 percent,,,,0.5,data/raw/microsoft/2021_sustainability_report.pdf,microsoft,2021,18,0.0,0.0,0.0556,True,False,False,False,False,0.2,19.4,False,False,False,0
We formalized our commitment to procuring energy from new impactful renewable energy projects in 2016 and updated it in 2020.,23,Getting to carbon negative (continued) > A journey towards 100 percent,other,firm,2016,,,,0.5,data/raw/microsoft/2021_sustainability_report.pdf,microsoft,2021,18,0.0,0.0,0.0556,True,False,False,False,False,0.2,19.4,False,False,False,0
"In 2016, Microsoft announced a commitment to increasing proportion of PPA purchases, on a path towards 100 percent renewable energy.",23,Getting to carbon negative (continued) > A journey towards 100 percent,other,firm,100 percent,,,,0.5,data/raw/microsoft/2021_sustainability_report.pdf,microsoft,2021,18,0.0,0.0,0.0556,True,False,False,False,False,0.2,19.4,False,False,False,0
"We pledged to procure enough renewable energy to offset 50 percent of our energy consumption by 2018 and 60 percent in the next decade, and further specified that we’d aim to secure new renewable energy in the geography where our offices and datacenters are, bringing a stronger geographic connection between our contracted renewables and our electricity consumption.",23,Getting to carbon negative (continued) > A journey towards 100 percent,target,hedged,50 percent,2018,2018,,0.75,data/raw/microsoft/2021_sustainability_report.pdf,microsoft,2021,55,0.0182,0.0,0.0382,True,True,True,False,False,0.527,-7.4,False,False,False,0
"In 2020, as part of our carbon negative announcements, we committed to bring our commitment up to 100 percent by 2025.",23,Getting to carbon negative (continued) > A journey towards 100 percent,target,firm,100 percent,,2025,,0.5,data/raw/microsoft/2021_sustainability_report.pdf,microsoft,2021,18,0.0,0.0556,0.1311,True,False,True,False,False,0.178,52.3,False,False,False,1
"While we are proud of this progress, the global shift to net zero carbon energy is not happening quickly enough.",23,Getting to carbon negative (continued) > A journey towards 100 percent,attribute,,,,,,0.0,data/raw/microsoft/2021_sustainability_report.pdf,microsoft,2021,20,0.0,0.0,0.0,False,False,False,False,False,0.0,59.6,False,False,False,2
The International Energy Agency (IEA) suggests that the path to net zero emissions is very narrow and will require the deployment of all available clean energy technologies between now and 2030.,23,Getting to carbon negative (continued) > A journey towards 100 percent,attribute,firm,,,,,0.0,data/raw/microsoft/2021_sustainability_report.pdf,microsoft,2021,30,0.0,0.0,0.0333,False,False,False,False,False,0.0,21.3,False,True,False,0
"4 This reality is due to the fact that most electrons flowing onto grids today come from carbon-intensive sources, requiring large-scale replacement to meet our energy needs.",23,Getting to carbon negative (continued) > A journey towards 100 percent,other,,4,,,,0.5,data/raw/microsoft/2021_sustainability_report.pdf,microsoft,2021,26,0.0,0.0,0.0,True,False,False,False,True,0.4,27.5,False,False,False,0
"Currently, energy storage is not deployed at scale, and the grid infrastructure of today is old and inadequate to meet the balancing needs of new renewable energy resources and the integration of net zero carbon resources, nor to the increasing consumption demands of a rapidly electrifying society.",23,Getting to carbon negative (continued) > A journey towards 100 percent,attribute,,,,,,0.0,data/raw/microsoft/2021_sustainability_report.pdf,microsoft,2021,47,0.0,0.0,0.0,False,False,False,False,True,0.2,2.5,False,False,False,0
"Our commitment is that by 2030, 100 percent of Microsoft’s energy supply, 100 percent of the time, will come from zero carbon resources on grids where we operate.",24,Getting to carbon negative (continued),target,firm,100 percent,,2030,,0.5,data/raw/microsoft/2021_sustainability_report.pdf,microsoft,2021,26,0.0,0.0,0.1354,True,False,True,False,True,0.6,47.0,False,True,False,0
The 100/100/0 commitment completes the link between zero carbon resources and our facilities in both space and time.,24,Getting to carbon negative (continued),other,firm,100,,,,0.5,data/raw/microsoft/2021_sustainability_report.pdf,microsoft,2021,17,0.0,0.0,0.0588,True,False,False,False,False,0.2,45.3,False,False,False,0
This latest procurement brings our operating and contracted renewable energy projects to 7.8 GW globally and we are positioned to continue to grow our renewable resource portfolio.,24,Getting to carbon negative (continued) > Our impact to date,other,,7.8,,,global,1.0,data/raw/microsoft/2021_sustainability_report.pdf,microsoft,2021,26,0.0,0.0,0.0,True,False,False,True,False,0.4,24.4,True,False,False,0
"In addition to these PPAs, Microsoft partnered with Volt Energy, the only national African American owned solar development company, for a 250-MW portfolio of solar projects with the intent to create new opportunities for under-resourced communities and to help support a more diverse renewable energy industry.",24,Getting to carbon negative (continued) > Our impact to date,other,hedged,250,,,,0.5,data/raw/microsoft/2021_sustainability_report.pdf,microsoft,2021,46,0.0,0.0,0.0,True,False,False,False,False,0.2,-10.9,False,False,False,0
"As Microsoft builds the tools and markets to meet our zero carbon commitments, we are mindful of the need for products, purchases, and policy that will enable a carbon-free energy system for all.",24,Getting to carbon negative (continued) > Our impact to date,attribute,firm,,,,,0.0,data/raw/microsoft/2021_sustainability_report.pdf,microsoft,2021,33,0.0,0.0,0.0606,False,False,False,False,False,0.0,42.6,False,True,False,0
We are committed to reducing our Scope 3 emissions by more than half by 2030.,25,Getting to carbon negative (continued) > Reducing Scope 3 emissions,target,firm,3,,2030,Scope 3,0.75,data/raw/microsoft/2021_sustainability_report.pdf,microsoft,2021,13,0.0,0.0,0.1738,True,False,True,True,False,0.6,70.0,True,False,False,1
"While we do not have direct control over most emissions in the Scope 3 category because they are generated by third parties, they represent more than 97 percent of our total emissions.",25,Getting to carbon negative (continued) > Reducing Scope 3 emissions,other,,97 percent,,,Scope 3,1.0,data/raw/microsoft/2021_sustainability_report.pdf,microsoft,2021,30,0.0,0.0,0.0,True,False,False,True,False,0.4,38.2,True,False,False,0
"Our carbon negative commitment includes reducing these emissions and removing what we cannot reduce, which we do through a reduction strategy in campuses and datacenters, rethinking the design of our devices, and engaging with our supply chain.",25,Getting to carbon negative (continued) > Reducing Scope 3 emissions,attribute,firm,,,,supply chain,0.5,data/raw/microsoft/2021_sustainability_report.pdf,microsoft,2021,37,0.0,0.0,0.027,False,False,False,True,False,0.2,11.5,False,False,False,0
"This year, we saw an increase in Scope 3 emissions, driven mainly by the growth of our cloud services business and an increase in the sales and usage of our devices.",25,Getting to carbon negative (continued) > Reducing Scope 3 emissions,other,,3,,,Scope 3,1.0,data/raw/microsoft/2021_sustainability_report.pdf,microsoft,2021,30,0.0,0.0,0.0,True,False,False,True,False,0.4,52.3,False,False,False,0
We’re committed to reducing not just operational carbon but also embodied carbon—the carbon emitted during the manufacture and transport of building materials—which accounts for at least 11 percent of global emissions and has historically been harder to track and reduce.,25,Getting to carbon negative (continued) > Designing embodied carbon out of our buildings,other,firm,11 percent,,,,0.5,data/raw/microsoft/2021_sustainability_report.pdf,microsoft,2021,42,0.0,0.0,0.0238,True,False,False,False,False,0.2,9.1,False,False,False,1
We are committed to reducing our Scope 3 emissions by more than half by 2030.,25,Getting to carbon negative (continued) > Designing embodied carbon out of our buildings,target,firm,3,,2030,Scope 3,0.75,data/raw/microsoft/2021_sustainability_report.pdf,microsoft,2021,13,0.0,0.0,0.1738,True,False,True,True,False,0.6,70.0,True,False,False,1
"Microsoft partnered with other industry leaders to create a new open-source, Azure-hosted tool, the Embodied Carbon in Construction Calculator (EC3), to track the embodied carbon of the raw building materials.",25,Getting to carbon negative (continued) > Data-driven decision-making and emissions tracking,other,,,,,,0.0,data/raw/microsoft/2021_sustainability_report.pdf,microsoft,2021,30,0.0,0.0,0.0,False,False,False,False,False,0.0,12.8,False,False,False,1
"We used the EC3 tool in designing 17 new buildings (3 million square feet) in our Puget Sound campus modernization project, where we are on track to reduce embodied carbon emissions by at least 30 percent.",25,Getting to carbon negative (continued) > Data-driven decision-making and emissions tracking,other,,3 million,,,,0.5,data/raw/microsoft/2021_sustainability_report.pdf,microsoft,2021,33,0.0,0.0,0.0,True,False,False,False,False,0.2,40.0,False,False,False,0
We are now using the EC3 tool around the world in both our campuses and our datacenters to track and reduce embodied carbon and have found opportunities to reduce concrete and steel embodied carbon by 30 to 60 percent in our datacenters.,25,Getting to carbon negative (continued) > Data-driven decision-making and emissions tracking,other,,60 percent,,,,0.5,data/raw/microsoft/2021_sustainability_report.pdf,microsoft,2021,40,0.0,0.025,0.0,True,False,False,False,False,0.1,30.9,False,False,False,0
"We are innovating and investing in low-carbon building materials across our global campuses and datacenters with the aim to achieve net zero embodied carbon, including the following.",26,Getting to carbon negative (continued) > Leading the way on low-carbon building materials,attribute,hedged,,,,,0.0,data/raw/microsoft/2021_sustainability_report.pdf,microsoft,2021,27,0.0,0.0,0.037,False,False,False,False,False,0.0,13.4,False,False,False,0
"In addition to using this lower carbon building material, we elected to keep two of the existing buildings on the site, providing 36 percent of the new campus footprint and accounting for a 28.6 percent reduction in total embodied carbon.",26,Getting to carbon negative (continued) > Leading the way on low-carbon building materials,other,,36 percent,,,,0.5,data/raw/microsoft/2021_sustainability_report.pdf,microsoft,2021,38,0.0,0.0,0.0,True,False,False,False,False,0.2,42.8,False,False,False,0
"5 With over 345,000 square feet, or 2,400 tons, of 100 percent Forest Stewardship Council (FSC) certified mass timber, the wood reflects biophilic principles and a reduced carbon mission.",26,Getting to carbon negative (continued) > Leading the way on low-carbon building materials,achievement,achievement,100 percent,,,,0.33,data/raw/microsoft/2021_sustainability_report.pdf,microsoft,2021,25,0.0,0.0,0.0,True,False,False,False,False,0.2,35.9,False,False,False,0
Cement: Cement accounts for approximately 8 percent of global emissions.,26,Getting to carbon negative (continued) > Leading the way on low-carbon building materials,other,,8 percent,,,,0.5,data/raw/microsoft/2021_sustainability_report.pdf,microsoft,2021,9,0.0,0.1111,0.0,True,False,False,False,False,0.0,0.3,False,False,False,0
We are innovating and investing in low-carbon building materials across our global campuses and datacenters with the aim to achieve net zero embodied carbon.,26,Getting to carbon negative (continued) > Leading the way on low-carbon building materials,attribute,hedged,,,,,0.0,data/raw/microsoft/2021_sustainability_report.pdf,microsoft,2021,24,0.0,0.0,0.0417,False,False,False,False,False,0.0,20.3,False,False,False,0
"Although emissions related to business travel represented less than 5 percent of our total emissions, we know that we can have a larger impact with our investments and partnerships.",26,Getting to carbon negative (continued) > Rethinking how we travel,other,,5 percent,,,,0.5,data/raw/microsoft/2021_sustainability_report.pdf,microsoft,2021,28,0.0,0.0,0.0,True,False,False,False,False,0.2,30.4,False,False,False,0
"In 2020, we began working on a platform to allow engineers to make real-time design and material selection decisions based on carbon impact, a key enabler in modeling and reducing our future device emissions.",27,Getting to carbon negative (continued) > Building a data-driven platform for product design,other,,"2020,",,,,0.5,data/raw/microsoft/2021_sustainability_report.pdf,microsoft,2021,33,0.0,0.0,0.0303,True,False,False,False,False,0.2,19.5,False,False,False,0
"To generate our device carbon footprints, we conduct LCAs in accordance with ISO 14040 and ISO 14044 which enable us to estimate emissions from manufacturing our devices down to the individual component level.",27,Getting to carbon negative (continued) > Building a data-driven platform for product design,other,,14040,,,,0.5,data/raw/microsoft/2021_sustainability_report.pdf,microsoft,2021,31,0.0,0.0323,0.0,True,False,False,False,False,0.071,17.1,False,False,False,0
"As informed by our LCAs, a significant lever in product development is the engineering of low-carbon design alternatives, such as using recycled materials and designing for a smaller manufacturing footprint.",27,Getting to carbon negative (continued) > Experimenting with lower carbon design,attribute,,,,,,0.0,data/raw/microsoft/2021_sustainability_report.pdf,microsoft,2021,30,0.0333,0.0,0.0,False,False,False,False,False,0.0,-1.3,False,False,False,0
"We designed our Surface Laptop Studio to allow for “stamping,” a lower-waste manufacturing technique that reduced our aluminum scrap rate for the product’s base by at least 25 percent, a key contributor to an overall product carbon reduction of 30 percent versus its predecessor, the Surface Book 3 13”.",27,Getting to carbon negative (continued) > Reduced waste,achievement,achievement,25 percent,,,,0.33,data/raw/microsoft/2021_sustainability_report.pdf,microsoft,2021,46,0.0,0.0,0.0,True,False,False,False,False,0.2,7.5,False,False,False,0
"We are developing opportunities to reuse manufacturing scrap in aluminum production, allowing us to use lowercarbon, 100 percent post-industrial recycled closed loop aluminum for future Surface computer housings.",27,Getting to carbon negative (continued) > Reduced waste,attribute,,100 percent,,,,0.5,data/raw/microsoft/2021_sustainability_report.pdf,microsoft,2021,27,0.0,0.0,0.037,True,False,False,False,False,0.2,-18.0,False,False,False,0
"For neodymium in magnets, a rare earth material, we are also exploring post-industrial scrap as a manufacturing feedstock, enabling us to produce 100 percent recycled neodymium in magnets for future products.",27,Getting to carbon negative (continued) > Reduced waste,attribute,,100 percent,,,,0.5,data/raw/microsoft/2021_sustainability_report.pdf,microsoft,2021,30,0.0,0.0,0.0333,True,False,False,False,False,0.2,15.6,False,False,False,0
"In our labs, we are working to engineer a lower-carbon and reduced-waste flax-based wiring board and experimenting with 3D printing; we have started to explore 100 percent post-industrial recycled tin in our soldering paste; and we are aiming to reduce overall materials needed through new spacing guidelines that can shrink our circuit boards in size by up to 25 percent.",27,Getting to carbon negative (continued) > Circuit boards,attribute,hedged,100 percent,,,,0.5,data/raw/microsoft/2021_sustainability_report.pdf,microsoft,2021,58,0.0,0.0172,0.0172,True,False,False,False,False,0.131,5.0,False,False,False,0
"Reduction in total carbon emissions of 30 percent for Surface Laptop Studio versus its predecessor, Surface Book 3 13”.",27,Getting to carbon negative (continued) > Circuit boards,other,,30 percent,,,,0.5,data/raw/microsoft/2021_sustainability_report.pdf,microsoft,2021,16,0.0,0.0,0.0,True,False,False,False,False,0.2,26.7,False,False,False,0
Surface Pro 8 running Windows 11.,28,"Getting to carbon negative (continued) > Repair, refurbishment, and recycling",other,,8,,,,0.5,data/raw/microsoft/2021_sustainability_report.pdf,microsoft,2021,4,0.0,0.0,0.0,True,False,False,False,False,0.2,54.7,False,False,False,0
Total energy consumption for the Surface Pro 8 is 17 percent smaller than Pro 7.,28,"Getting to carbon negative (continued) > Repair, refurbishment, and recycling",other,,17 percent,,,,0.5,data/raw/microsoft/2021_sustainability_report.pdf,microsoft,2021,12,0.0,0.0,0.0,True,False,False,False,False,0.2,53.7,False,False,False,0
Energy-saving mode can reduce Xbox power usage in standby mode by over 80 percent.,28,"Getting to carbon negative (continued) > Repair, refurbishment, and recycling",other,,80 percent,,,,0.5,data/raw/microsoft/2021_sustainability_report.pdf,microsoft,2021,13,0.0,0.0,0.0,True,False,False,False,False,0.2,44.0,False,False,False,0
Microsoft uses this framework to calculate and measure the carbon impact of its Scope 3 transportation emissions.,28,Getting to carbon negative (continued) > Reducing the footprint of distribution,other,,3,,,Scope 3,1.0,data/raw/microsoft/2021_sustainability_report.pdf,microsoft,2021,16,0.0,0.0,0.0,True,False,False,True,False,0.4,26.7,False,False,False,0
"In our distribution network, this year we finished a complete conversion of our primary distribution center in Europe to 100 percent renewable energy.",28,Getting to carbon negative (continued) > Reducing the footprint of distribution,other,,100 percent,,,,0.5,data/raw/microsoft/2021_sustainability_report.pdf,microsoft,2021,22,0.0,0.0,0.0,True,False,False,False,False,0.2,19.2,False,False,False,0
This facility now generates 1.3 million kWh from solar energy and avoids 690 mtCO2 annually.,28,Getting to carbon negative (continued) > Reducing the footprint of distribution,other,,1.3 million,,,,0.5,data/raw/microsoft/2021_sustainability_report.pdf,microsoft,2021,13,0.0,0.0,0.0,True,False,False,False,False,0.2,31.0,False,False,False,0
Through FY22 we will plan to convert our US distribution centers to 100 percent renewable energy through solar panel installations and using green renewable sources.,28,Getting to carbon negative (continued) > Reducing the footprint of distribution,other,firm,100 percent,,,,0.5,data/raw/microsoft/2021_sustainability_report.pdf,microsoft,2021,24,0.0,0.0,0.0833,True,False,False,False,False,0.2,30.9,False,True,False,0
"We are also building more sustainable shipping options, such as the delivery option launched in December 2021 to avoid higher-carbon air freight, to give customers a choice of more sustainable options when ordering from Microsoft.",28,Getting to carbon negative (continued) > Reducing the footprint of distribution,achievement,achievement,2021,,,,0.33,data/raw/microsoft/2021_sustainability_report.pdf,microsoft,2021,34,0.0,0.0,0.0,True,False,False,False,False,0.2,23.0,False,False,False,0
"That being said, several of our newest products launched in 2021 were designed to be the most energy efficient devices in their product lines, including the Surface Pro 8 and Surface Laptop 4 running Windows 11.",28,Getting to carbon negative (continued) > Boosting efficiency of devices in use,achievement,achievement,2021,,,,0.33,data/raw/microsoft/2021_sustainability_report.pdf,microsoft,2021,32,0.0312,0.0,0.0,True,False,False,False,False,0.075,31.6,True,False,False,0
"We are focused on offering low-emissions usage options such as Energy-saving mode on Xbox, which can reduce power usage during standby mode from 15 W down to 0.5–2 W, as well as Xbox Cloud Gaming, which will be powered by Azure datacenters running on 100% renewable energy by 2025.",28,Getting to carbon negative (continued) > Boosting efficiency of devices in use,target,firm,100%,,2025,,0.5,data/raw/microsoft/2021_sustainability_report.pdf,microsoft,2021,45,0.0,0.0,0.0422,True,False,True,False,False,0.4,43.0,True,True,False,0
"In July 2020, Microsoft added additional sustainability requirements to its Supplier Code of Conduct to support the company’s bold carbon ambitions.",29,Getting to carbon negative (continued) > Supply chain,other,hedged,"2020,",,,,0.5,data/raw/microsoft/2021_sustainability_report.pdf,microsoft,2021,21,0.0,0.0,0.0476,True,False,False,False,False,0.2,8.3,False,False,False,1
"In July 2021, 87 percent of Microsoft’s in-scope suppliers reported their emissions to CDP, up 12 percent from 2020.",29,Getting to carbon negative (continued) > Engaging with suppliers on reduction roadmaps,other,,87 percent,2020,,,0.5,data/raw/microsoft/2021_sustainability_report.pdf,microsoft,2021,16,0.0,0.0,0.0,True,True,False,False,True,0.6,47.8,False,False,False,0
"Following the closure of the CDP cycle, we worked with suppliers to build action plans of emission reduction activities leading up to 2030.",29,Getting to carbon negative (continued) > Engaging with suppliers on reduction roadmaps,other,,,,,,0.0,data/raw/microsoft/2021_sustainability_report.pdf,microsoft,2021,22,0.0455,0.0455,0.0455,False,False,False,False,True,0.0,46.1,False,False,False,1
"In 2021, we released a set of in-depth capacity-building tools and resources to help our suppliers report their GHG emissions, develop clean energy strategies, and reduce their energyrelated emissions.",29,Getting to carbon negative (continued) > Engaging with suppliers on reduction roadmaps,attribute,,"2021,",,,,0.5,data/raw/microsoft/2021_sustainability_report.pdf,microsoft,2021,28,0.0,0.0,0.0,True,False,False,False,False,0.2,9.2,False,False,False,0
"In response, we released a set of in-depth capacity-building tools and resources, developed in partnership with ENGIE Impact, WSP, and CDP to help companies, and particularly our suppliers, report their GHG emissions, develop clean energy strategies, and reduce their energy-related emissions.",29,Getting to carbon negative (continued) > Providing new tools and training for supplier reporting,attribute,,,,,,0.0,data/raw/microsoft/2021_sustainability_report.pdf,microsoft,2021,41,0.0,0.0,0.0,False,False,False,False,True,0.2,-6.0,False,False,False,0
"In September 2021, LinkedIn released a new course, Fundamentals of Sustainable Supply Chain Management, to help organizations and professionals more effectively engage with their suppliers.",29,Getting to carbon negative (continued) > Providing new tools and training for supplier reporting,other,,"2021,",,,supply chain,1.0,data/raw/microsoft/2021_sustainability_report.pdf,microsoft,2021,24,0.0,0.0,0.0,True,False,False,True,False,0.4,-0.8,False,False,False,0
"Our Circular Center program will enable 90 percent reuse of datacenter computing assets, significantly contributing to our goal of reducing emissions by more than 50 percent by 2030.",29,Getting to carbon negative (continued) > Reimagining circularity in our supply chain,target,firm,90 percent,,2030,,0.5,data/raw/microsoft/2021_sustainability_report.pdf,microsoft,2021,25,0.08,0.0,0.14,True,False,True,False,False,0.1,15.6,False,True,False,0
"As we outline in Chapter 4 of our Responsible Sourcing 2021 Report, we are executing an ambitious plan to empower all strategic device suppliers to commit to science-based carbon reduction activities specifically targeted to reduce emissions associated with hardware manufacturing.",29,Getting to carbon negative (continued) > Using lifecycle assessments for targeted hardware improvements,target,firm,4,,,,0.25,data/raw/microsoft/2021_sustainability_report.pdf,microsoft,2021,38,0.0526,0.0,0.0789,True,False,False,False,False,0.0,-14.3,False,False,False,3
"In January 2021, Microsoft announced that we had made the world’s largest purchase of carbon removal in history.",30,Getting to carbon negative (continued) > Removing carbon,other,,"2021,",,,,0.5,data/raw/microsoft/2021_sustainability_report.pdf,microsoft,2021,18,0.0,0.0,0.0,True,False,False,False,False,0.2,42.9,False,False,False,0
"Our focus on removals instead of avoided emissions offsets is aligned to our carbon negative commitment but is also motivated by what climate science tells us is needed to reach net zero—specifically the IPCC’s projection that the planet could need as much as 10 gigatons of carbon dioxide removal by mid-century, depending on the scale and pace of decarbonization.",30,Getting to carbon negative (continued) > Removing carbon,attribute,firm,10,,,,0.5,data/raw/microsoft/2021_sustainability_report.pdf,microsoft,2021,60,0.0,0.0333,0.0333,True,False,False,False,False,0.067,-3.5,True,False,True,0
"As we documented in our September 2021 Nature article, high-quality carbon removal is scarce for three reasons.",30,Getting to carbon negative (continued) > Removing carbon,other,,2021,,,,0.5,data/raw/microsoft/2021_sustainability_report.pdf,microsoft,2021,16,0.0,0.0,0.0,True,False,False,False,False,0.2,32.0,False,False,False,0
"First, there is not a clear common definition of net zero and the role that removals play in net zero goals.",30,Getting to carbon negative (continued) > Removing carbon,attribute,,,,,,0.0,data/raw/microsoft/2021_sustainability_report.pdf,microsoft,2021,21,0.0,0.0,0.0476,False,False,False,False,False,0.0,68.7,False,False,False,0
"We know that we’re among the early entities to do homework on this topic, and that’s why we are committed to sharing lessons learned, as documented in our 2021 white paper and high-quality removal criteria.",30,Getting to carbon negative (continued) > Removing carbon,other,firm,2021,,,,0.5,data/raw/microsoft/2021_sustainability_report.pdf,microsoft,2021,36,0.0,0.0,0.0278,True,False,False,False,False,0.2,31.6,True,False,False,1
"We invested in a portfolio from Puro.earth Oy, including from Carbon Cycle, Carbofex, and ECHO2, small operations in Germany, Finland, and Australia that use biomass residue (for example, wood chips and forest waste) to sequester carbon dioxide in biochar for use in soil amendment and other products.",30,Getting to carbon negative (continued) > Community-based reforestation,other,,,,,,0.0,data/raw/microsoft/2021_sustainability_report.pdf,microsoft,2021,48,0.0,0.0,0.0,False,False,False,False,False,0.0,39.7,False,False,False,0
1.1M mtCO2 removal contracted to date in FY22.,30,Getting to carbon negative (continued),other,,,,,,0.0,data/raw/microsoft/2021_sustainability_report.pdf,microsoft,2021,8,0.0,0.0,0.0,False,False,False,False,False,0.0,75.9,False,False,False,0
We funded research by CarbonPlan to produce their lessons learned and analysis from a systematic review of 14 protocols for soil carbon offsets for buyers from projects in the voluntary market today.,30,Getting to carbon negative (continued),other,,14,,,,0.5,data/raw/microsoft/2021_sustainability_report.pdf,microsoft,2021,31,0.0,0.0,0.0,True,False,False,False,False,0.2,25.3,False,False,False,0
Microsoft launched the Microsoft Cloud for Sustainability in July 2021.,31,Microsoft Cloud for Sustainability,other,achievement,,,,,0.0,data/raw/microsoft/2021_sustainability_report.pdf,microsoft,2021,9,0.0,0.0,0.0,False,False,False,False,False,0.0,9.7,False,False,False,0
"Customers can learn more about the impact of Surface products on their Scope 2 and 3 emissions from the Microsoft support team, who started to use the Estimator to provide reports to commercial customers in late 2021.",32,Driving transformation (continued) > Delivering transparency on Microsoft product emissions,other,hedged,2,,,Scope 2,1.0,data/raw/microsoft/2021_sustainability_report.pdf,microsoft,2021,34,0.0,0.0294,0.0,True,False,False,True,False,0.282,35.5,False,False,False,0
"One partner, elow (formerly CSN Energy), was able to reduce use-phase carbon emissions up to 6 percent through a co-innovated elow Carbon App by providing guidance to users to charge their computers based on the realtime carbon intensity of the electric grid.",32,Driving transformation (continued) > Delivering transparency on Microsoft product emissions,achievement,achievement,6 percent,,,,0.33,data/raw/microsoft/2021_sustainability_report.pdf,microsoft,2021,41,0.0,0.0244,0.0,True,False,False,False,True,0.302,12.5,False,False,False,0
"Another, AVOB, provides more accurate energy consumption data to office workstations as well as automated mechanisms to optimize energy consumption, enabling up to a 50 percent reduction in energy usage while increasing performance and computer lifespan.",32,Driving transformation (continued) > Delivering transparency on Microsoft product emissions,other,,50 percent,,,,0.5,data/raw/microsoft/2021_sustainability_report.pdf,microsoft,2021,35,0.0,0.0286,0.0,True,False,False,False,False,0.086,-14.8,False,False,False,0
Microsoft Dynamics 365 Supply Chain Insights breaks down data silos by connecting and taking inputs from enterprise resource planning and supply chain systems across an organization.,32,Driving transformation (continued) > Providing visibility across supply chain,other,,365,,,supply chain,1.0,data/raw/microsoft/2021_sustainability_report.pdf,microsoft,2021,25,0.0,0.0,0.04,True,False,False,True,False,0.4,19.0,False,False,False,0
"Algo Engines and Microsoft helped Ørsted, the world leader in offshore wind energy, to optimize the performance of more than 1,300 turbines on its wind farms, enabling it to fully phase out coal by 2023 and increase offshore wind capacity to 15 GW (enough for 30 million people) by 2025.",33,Driving transformation (continued) > Optimizing offshore wind turbines with AI,target,,30 million,,2023,,0.5,data/raw/microsoft/2021_sustainability_report.pdf,microsoft,2021,45,0.0,0.0,0.02,True,False,True,False,False,0.4,27.7,False,False,False,1
"Microsoft helped Ørsted optimize the performance of more than 1,300 turbines, enabling it to fully phase out coal by 2023 and increase offshore wind capacity to 15 GW by 2025.",33,Driving transformation (continued) > Optimizing offshore wind turbines with AI,target,,"1,300",,2023,,0.5,data/raw/microsoft/2021_sustainability_report.pdf,microsoft,2021,26,0.0,0.0,0.02,True,False,True,False,False,0.4,40.5,False,False,False,0
"By adding Azure Digital Twins to this solution, in 2021 the company has saved upwards of 6 million krona (USD700,000) in energy consumption cost alone.",33,Driving transformation (continued) > Targeting carbon neutrality with Azure Digital Twins,other,,6 million,,,,0.5,data/raw/microsoft/2021_sustainability_report.pdf,microsoft,2021,23,0.0,0.0,0.0,True,False,False,False,False,0.2,36.4,False,False,False,0
"Mercedes-Benz USA chose Microsoft Dynamics 365 Remote Assist and HoloLens 2 technologies to improve service technician efficiency, reduce time to diagnose, and lower the cost and environmental impact of servicerelated travel.",33,Driving transformation (continued) > Improving service efficiency with remote assistance,other,,365,,,,0.5,data/raw/microsoft/2021_sustainability_report.pdf,microsoft,2021,29,0.0,0.0,0.0,True,False,False,False,False,0.2,-12.2,False,False,False,0
"Travel has been cut by up to 40 percent, significantly lowering their carbon footprint.",33,Driving transformation (continued) > Improving service efficiency with remote assistance,achievement,achievement,40 percent,,,,0.33,data/raw/microsoft/2021_sustainability_report.pdf,microsoft,2021,13,0.1538,0.0769,0.0,True,False,False,False,False,0.0,44.0,False,False,False,0
"Nomad Go used the Co-Innovation Labs, recently launched by Sony Semiconductor Solutions Corporation and Microsoft, to build a version of its building decarbonization solution using Azure Cognitive Services for computer vision with Sony’s IMX500 intelligent vision sensor.",33,Driving transformation (continued) > Enabling building decarbonization with AI,other,achievement,,,,,0.0,data/raw/microsoft/2021_sustainability_report.pdf,microsoft,2021,38,0.0,0.0,0.0,False,False,False,False,False,0.0,-16.5,False,False,False,0
The Nomad Go solution significantly reduces energy usage and greenhouse emissions by up to 38 percent.,33,Driving transformation (continued) > Enabling building decarbonization with AI,other,,38 percent,,,,0.5,data/raw/microsoft/2021_sustainability_report.pdf,microsoft,2021,15,0.1333,0.0667,0.0,True,False,False,False,False,0.0,16.8,False,False,False,0
"With Tsinghua University, we developed a neural network-based atmosphere simulator that estimates carbon and other pollutant emissions with better accuracy than widely used numerical atmosphere models, while using only 1 percent of the computational cost.",35,Enabling systems change > Predicting the efficacy of carbon reduction strategies,other,,1 percent,,,,0.5,data/raw/microsoft/2021_sustainability_report.pdf,microsoft,2021,34,0.0294,0.0294,0.0,True,False,False,False,False,0.0,-26.7,False,False,False,0
"Carbon Insights is a visualization and analysis platform that provides carbon neutralization roadmaps for researchers, policy audiences, and other sustainability decision-makers.",35,Enabling systems change (continued) > Supporting new carbon reduction roadmaps,attribute,,,,,,0.0,data/raw/microsoft/2021_sustainability_report.pdf,microsoft,2021,21,0.0,0.0,0.0,False,False,False,False,False,0.0,-36.1,False,False,False,0
"We developed a neural networkbased atmosphere simulator that estimates carbon and other pollutant emissions with better accuracy than widely used numerical atmosphere models, while using only 1 percent of the computational cost.",35,Enabling systems change (continued) > Supporting new carbon reduction roadmaps,other,,1 percent,,,,0.5,data/raw/microsoft/2021_sustainability_report.pdf,microsoft,2021,31,0.0323,0.0323,0.0,True,False,False,False,False,0.0,-21.1,False,False,False,0
"To achieve net zero emissions globally, we must reduce carbon emissions across every sector and scale carbon markets as much as possible, as soon as possible.",36,Enabling systems change (continued) > Funding innovation,attribute,firm,,,,global,0.5,data/raw/microsoft/2021_sustainability_report.pdf,microsoft,2021,26,0.0,0.0385,0.0,False,False,False,True,False,0.046,37.3,False,True,False,0
"We also make strategic philanthropic investments, like our $100 million donation to Breakthrough Energy’s Catalyst initiative, to help accelerate and scale new carbon solutions.",36,Enabling systems change (continued) > Funding innovation,other,,100 million,,,,0.5,data/raw/microsoft/2021_sustainability_report.pdf,microsoft,2021,24,0.0,0.0,0.0,True,False,False,False,False,0.2,9.8,False,False,False,1
"Additionally, we have made investment commitments in carbon reduction solutions for global communities in emerging economies, including India and Africa, as well as clean energy access solutions for communities in the United States.",36,Enabling systems change (continued) > Funding innovation,attribute,,,,,,0.0,data/raw/microsoft/2021_sustainability_report.pdf,microsoft,2021,33,0.0,0.0,0.0303,False,False,False,False,False,0.0,-8.7,False,False,False,0
"In 2021, Twelve produced the world’s first jet fuel made from CO2 using electrolysis.",36,Enabling systems change (continued) > Transformation to low-carbon materials,other,,"2021,",,,,0.5,data/raw/microsoft/2021_sustainability_report.pdf,microsoft,2021,14,0.0,0.0,0.0,True,False,False,False,False,0.2,65.7,False,False,False,0
"With NCX’s science-driven forest carbon marketplace, nearly 2,500 participating landowners with 4.3 million forested acres committed to defer their timber harvest in 2021.",36,Enabling systems change (continued) > Transformation to low-carbon materials,other,firm,4.3 million,,,,0.5,data/raw/microsoft/2021_sustainability_report.pdf,microsoft,2021,21,0.0,0.0,0.0476,True,False,False,False,False,0.2,18.9,False,False,False,1
"LanzaJet is constructing a renewable fuels plant in Georgia called Freedom Pines Fuels that will produce 10 million gallons of SAF and renewable diesel per year from sustainable ethanol, including from waste-based feedstocks.",36,Enabling systems change (continued) > Sustainable fuels,other,firm,10 million,,,,0.5,data/raw/microsoft/2021_sustainability_report.pdf,microsoft,2021,32,0.0,0.0,0.0625,True,False,False,False,False,0.2,21.0,False,True,False,0
"In 2021, AutoGrid enabled a set of unified demand response and distributed energy resource programs totaling 165 MW in Texas, enabling peak plant flexibility for both grid resilience and renewable integration.",36,Enabling systems change (continued) > Distributed energy resources,other,,"2021,",,,,0.5,data/raw/microsoft/2021_sustainability_report.pdf,microsoft,2021,29,0.0,0.0,0.0345,True,False,False,False,True,0.4,2.4,False,False,False,0
"Omnidian provides solar system performance management for residential, commercial, and industrial clean energy generation.",36,Enabling systems change (continued) > Solar performance assurance,attribute,,,,,,0.0,data/raw/microsoft/2021_sustainability_report.pdf,microsoft,2021,14,0.0,0.0,0.0,False,False,False,False,False,0.0,-31.0,False,False,False,0
"To date, Eversource Capital’s portfolio companies have generated 330 MWh of renewable power, resulting in 290,000 mtCO2 avoided.",36,Enabling systems change (continued) > Green growth in India,achievement,achievement,330 MWh,,,,0.33,data/raw/microsoft/2021_sustainability_report.pdf,microsoft,2021,17,0.0,0.0,0.0,True,False,False,False,False,0.2,15.4,False,False,False,0
"Via the Southeast Asia Clean Energy Facility (SEACEF), we invested in Xurya, a clean energy company committed to accelerating the rooftop solar market in Indonesia.",37,Enabling systems change (continued) > Supporting clean energy in Asia,attribute,firm,,,,,0.0,data/raw/microsoft/2021_sustainability_report.pdf,microsoft,2021,25,0.0,0.0,0.04,False,False,False,False,False,0.0,5.5,False,False,False,1
"Carbon savings from the deployment of smart thermostats across SmartRent’s portfolio in 2020 were 55,000 MWh of energy, 5.5 million gallons of gasoline equivalent, and a net carbon savings of 68,000 mtCO2.",37,Enabling systems change (continued) > Supporting clean energy in Asia,achievement,achievement,"55,000 MWh",,,,0.33,data/raw/microsoft/2021_sustainability_report.pdf,microsoft,2021,29,0.0,0.0,0.0,True,False,False,False,False,0.2,46.3,False,False,False,0
Energy Impact Partners (EIP) Fund II participated in SmartRent’s $60 million Series C funding round.,37,Enabling systems change (continued) > Saving energy with smart home automation,other,,60 million,,,,0.5,data/raw/microsoft/2021_sustainability_report.pdf,microsoft,2021,15,0.0,0.0,0.0,True,False,False,False,False,0.2,39.3,False,False,False,0
"Environmental savings from the deployment of smart thermostats across its portfolio in 2020 were estimated to be 55,000 MWh of energy, 5.5 million gallons of gasoline equivalent, and carbon savings of 68,000 mtCO2.",37,Enabling systems change (continued) > Saving energy with smart home automation,achievement,achievement,"55,000 MWh",,,,0.33,data/raw/microsoft/2021_sustainability_report.pdf,microsoft,2021,29,0.0,0.069,0.0,True,False,False,False,False,0.0,31.7,True,False,False,0
"Getting to net zero is going to take more than investments, technology, and commitments.",39,Enabling systems change (continued) > Driving collective action,attribute,,,,,,0.0,data/raw/microsoft/2021_sustainability_report.pdf,microsoft,2021,14,0.0,0.0,0.0714,False,False,False,False,False,0.0,53.6,False,False,False,0
Transform to Net Zero (TONZ) is a cross-sector initiative to accelerate the transition to a net zero global economy.,39,Enabling systems change (continued) > Transform to Net Zero,attribute,,,,,,0.0,data/raw/microsoft/2021_sustainability_report.pdf,microsoft,2021,19,0.0,0.0,0.0,False,False,False,False,False,0.0,27.3,False,False,False,1
The group’s 2025 goal is for all Fortune Global 1000 companies to have targets backed up by transformation plans to achieve net zero no later than 2050.,39,Enabling systems change (continued) > Transform to Net Zero,target,,2025,,2050,,0.5,data/raw/microsoft/2021_sustainability_report.pdf,microsoft,2021,25,0.0,0.0,0.12,True,False,True,False,False,0.4,56.3,False,False,False,0
"Since its initial launch in late 2020, TONZ has released a position paper and action plan to define the group’s position on net zero goals and their implementation, formed decarbonization approaches across key supply chain areas, and published two research reports on the building blocks of net zero and key sectoral challenges.",39,Enabling systems change (continued) > Transform to Net Zero,attribute,hedged,"2020,",,,supply chain,1.0,data/raw/microsoft/2021_sustainability_report.pdf,microsoft,2021,52,0.0,0.0,0.0385,True,False,False,True,False,0.4,9.3,False,False,False,0
"In Q3 2021, TONZ published the first of a set of transformation guides to share lessons learned from TONZ companies on net zero implementation across procurement, net zero goalsetting, and policy engagement.",39,Enabling systems change (continued) > Transform to Net Zero,attribute,,"2021,",,,,0.5,data/raw/microsoft/2021_sustainability_report.pdf,microsoft,2021,31,0.0,0.0,0.0323,True,False,False,False,False,0.2,17.1,False,False,False,0
"Launched in 2021, BASCS aims to bridge the gap in climate finance by providing a central platform for businesses and experts to meet, learn, discuss, and act together.",39,Enabling systems change (continued) > Business Alliance to Scale Climate Solutions (BASCS),other,hedged,"2021,",,,,0.5,data/raw/microsoft/2021_sustainability_report.pdf,microsoft,2021,27,0.0,0.0,0.037,True,False,False,False,False,0.2,51.0,False,False,False,0
"Led by RMI and the Environmental Defense Fund (EDF), SABA will work to accelerate the path to net zero aviation by driving investment in SAF, catalyzing SAF production and technological innovation, and supporting member engagement in policy-making efforts.",39,Enabling systems change (continued) > Sustainable Aviation Fuel Buyers Alliance (SABA),attribute,firm,,,,,0.0,data/raw/microsoft/2021_sustainability_report.pdf,microsoft,2021,38,0.0,0.0,0.0263,False,False,False,False,False,0.0,-0.9,False,True,False,1
TONZ’s 2025 goal is for all Fortune Global 1000 companies to have targets backed up by transformation plans to achieve net zero no later than 2050.,39,Enabling systems change (continued) > Playing for the Planet,target,,2025,,2050,,0.5,data/raw/microsoft/2021_sustainability_report.pdf,microsoft,2021,24,0.0,0.0,0.125,True,False,True,False,False,0.4,55.6,False,False,False,0
"Microsoft launched the Green Software Foundation in May 2021 alongside Accenture, ThoughtWorks, and GitHub to create green software industry standards, drive awareness, grow advocacy, and accelerate innovation to enable developers to reduce the carbon emissions of the software platforms that they build.",39,Enabling systems change (continued) > Green Software Foundation,other,hedged,2021,2021,,,0.5,data/raw/microsoft/2021_sustainability_report.pdf,microsoft,2021,41,0.0,0.0244,0.0,True,True,False,False,False,0.302,2.2,False,False,True,1
"The first version of the Software Carbon Intensity (SCI) standard, a methodology for scoring software applications, was released in December 2021.",39,Enabling systems change (continued) > Green Software Foundation,other,achievement,,,,,0.0,data/raw/microsoft/2021_sustainability_report.pdf,microsoft,2021,20,0.0,0.0,0.0,False,False,False,False,False,0.0,17.3,True,False,False,0
Microsoft is encouraging countries to make net zero carbon-aligned national commitments and develop effective implementation plans.,40,Enabling systems change (continued) > Net zero policies,attribute,,,,,,0.0,data/raw/microsoft/2021_sustainability_report.pdf,microsoft,2021,16,0.0,0.0,0.125,False,False,False,False,False,0.0,-15.6,False,False,False,0
Microsoft advocated for the United States’ reentry to the Paris Climate Agreement which occurred in January 2021 and for a national US climate target to cut emissions by 50 percent by 2030.,40,Enabling systems change (continued) > Net zero policies,target,achievement,50 percent,,2030,,0.5,data/raw/microsoft/2021_sustainability_report.pdf,microsoft,2021,29,0.0,0.0,0.089,True,False,True,False,False,0.4,22.8,False,False,False,0
"We also voiced Microsoft support of the European Commission’s ”Fit for 55” package, a set of legislative initiatives that will set the framework for the whole EU to achieve the binding target of reducing GHG emissions by at least 55 percent by 2030 (based on 1990 levels).",40,Enabling systems change (continued) > Net zero policies,target,firm,55 percent,1990,2030,,0.75,data/raw/microsoft/2021_sustainability_report.pdf,microsoft,2021,44,0.0,0.0,0.0882,True,True,True,False,False,0.6,21.8,False,True,False,0
"In Europe, Microsoft engages actively with the European institutions advocating for robust clean energy rules and sustainability metrics for datacenters and submitted comments in February to the European Commission Public Consultations on the revisions of the Renewable Energy Directive and Energy Efficiency Directive.",40,Enabling systems change (continued) > Grid decarbonization,attribute,,,,,,0.0,data/raw/microsoft/2021_sustainability_report.pdf,microsoft,2021,43,0.0233,0.0,0.0,False,False,False,False,False,0.0,-33.6,False,False,False,0
Microsoft engaged with the UK government and energy regulator to inform the “Digitalising the UK energy system for net zero” strategy published in July and its implementation.,40,Enabling systems change (continued) > Grid decarbonization,attribute,,,,,,0.0,data/raw/microsoft/2021_sustainability_report.pdf,microsoft,2021,27,0.0,0.0,0.0,False,False,False,False,False,0.0,4.0,False,False,False,0
"In March, Microsoft joined the European Green Digital Coalition, supported by the European Commission, with the goals of developing standardized, credible, and comparable methodologies for calculating the net impact of green digital solutions in different sectors, and accelerating the contribution of digital technology to our collective 2030 goals.",40,Enabling systems change (continued) > Carbon measurement,other,,2030,,,,0.5,data/raw/microsoft/2021_sustainability_report.pdf,microsoft,2021,47,0.0,0.0,0.0426,True,False,False,False,False,0.2,-20.9,False,False,False,0
"Microsoft advocated for increased US R&D in key technologies such as energy storage and direct air capture, which was included in the 2020 Energy Act and the bipartisan infrastructure package.",40,Enabling systems change (continued) > Carbon-related markets,achievement,achievement,2020,,,,0.33,data/raw/microsoft/2021_sustainability_report.pdf,microsoft,2021,30,0.0,0.0,0.0,True,False,False,False,False,0.2,18.5,True,False,False,0
FY21 was a year of progress and learning for Microsoft on our journey to carbon negative.,41,Key trends,attribute,achievement,,,,,0.0,data/raw/microsoft/2021_sustainability_report.pdf,microsoft,2021,16,0.0,0.0,0.0,False,False,False,False,False,0.0,63.7,False,False,False,1
1 Carbon removal demand is hot—and durable supply is short.,41,Key trends,other,,1,,,,0.5,data/raw/microsoft/2021_sustainability_report.pdf,microsoft,2021,10,0.0,0.0,0.0,True,False,False,False,False,0.2,61.3,False,False,False,0
2 Progress on carbon reduction will be “lumpy” as carbon data and measurement improves.,41,Key trends,other,firm,2,,,,0.5,data/raw/microsoft/2021_sustainability_report.pdf,microsoft,2021,13,0.0,0.0,0.0769,True,False,False,False,False,0.2,30.9,False,True,False,1
"For example, some of the data used to estimate hardware emissions within certain categories of Scope 3 is drawn from industry-average “secondary” data rather than directly from suppliers.",41,Key trends,other,,3,,,Scope 3,1.0,data/raw/microsoft/2021_sustainability_report.pdf,microsoft,2021,27,0.0,0.037,0.0,True,False,False,True,False,0.252,13.4,False,False,False,0
3 Carbon removal still lacks common standards needed to scale.,41,Key trends,other,,3,,,,0.5,data/raw/microsoft/2021_sustainability_report.pdf,microsoft,2021,9,0.0,0.0,0.0,True,False,False,False,False,0.2,56.7,False,False,False,0
4 Climate change is a global issue whose impacts are felt locally.,41,Key trends,other,,4,,,,0.5,data/raw/microsoft/2021_sustainability_report.pdf,microsoft,2021,11,0.0,0.0,0.0,True,False,False,False,False,0.2,64.9,False,False,False,0
5 Small percentages of our emissions require big efforts to address.,41,Key trends,other,,5,,,,0.5,data/raw/microsoft/2021_sustainability_report.pdf,microsoft,2021,10,0.0,0.0,0.0,True,False,False,False,False,0.2,44.4,False,False,False,0
"For example, diesel fuel accounts for less than 1 percent of Microsoft’s overall emissions.",41,Key trends,other,,1 percent,,,,0.5,data/raw/microsoft/2021_sustainability_report.pdf,microsoft,2021,14,0.0,0.0,0.0,True,False,False,False,False,0.2,47.6,False,False,False,0
"We expect to focus on further innovations in renewable energy, carbon reduction, and carbon-free materials.",42,What’s next? 1 Develop the markets > 3 Innovate in renewable energy and carbon reduction,attribute,,,,,,0.0,data/raw/microsoft/2021_sustainability_report.pdf,microsoft,2021,15,0.0,0.0667,0.0,False,False,False,False,False,0.0,16.8,False,False,False,0
We’ll conduct new research to inform the technical and business possibilities of co-locating datacenters with offshore wind farms and investigating the feasibility of using supercritical carbon dioxide (sCO2) as a coolant for immersion of servers within the datacenter.,42,What’s next? 1 Develop the markets > 3 Innovate in renewable energy and carbon reduction,other,,,,,,0.0,data/raw/microsoft/2021_sustainability_report.pdf,microsoft,2021,39,0.0,0.0,0.0,False,False,False,False,False,0.0,-6.3,False,False,False,0
We will continue refining emission reduction plans with suppliers and ensuring that they have the resources they need to make these reductions with a goal of having the aggregate reductions meet Microsoft’s Scope 3 commitment.,42,What’s next? 1 Develop the markets > 7 Decarbonize our supply chain,target,firm,3,,,Scope 3,0.5,data/raw/microsoft/2021_sustainability_report.pdf,microsoft,2021,35,0.0,0.0,0.1143,True,False,False,True,False,0.4,28.7,False,True,False,0
"Developed in partnership with ENGIE Impact, WSP, and CDP to help companies, and our suppliers, report their GHG emissions, develop clean energy strategies, and reduce their energy-related emissions.",43,What’s next? 1 Develop the markets > Capacity-building tools and resources,attribute,,,,,,0.0,data/raw/microsoft/2021_sustainability_report.pdf,microsoft,2021,28,0.0,0.0,0.0,False,False,False,False,True,0.2,12.2,False,False,False,0
We are committed to becoming a carbon negative company by 2030 and helping others on their journeys.,43,What’s next? 1 Develop the markets > Principles of Sustainable Software Engineering,target,firm,2030,,2030,,0.5,data/raw/microsoft/2021_sustainability_report.pdf,microsoft,2021,16,0.0,0.0,0.145,True,False,True,False,False,0.4,42.5,True,False,False,1
"At present, about 25 percent of the global population lives in countries that suffer from water stress, and one in ten people lack access to safe drinking water.",45,A commitment to a water positive future > The context,other,,25 percent,,,,0.5,data/raw/microsoft/2021_sustainability_report.pdf,microsoft,2021,27,0.0,0.037,0.0,True,False,False,False,False,0.052,51.0,False,False,False,0
We are committed to becoming a water positive company by 2030.,45,A commitment to a water positive future > The context,target,firm,,,2030,,0.25,data/raw/microsoft/2021_sustainability_report.pdf,microsoft,2021,10,0.0,0.0,0.22,False,False,True,False,False,0.2,35.9,True,False,False,2
We will reduce water waste in our datacenter operations by 95 percent by 2024.,45,A commitment to a water positive future > Reducing water use in datacenter operations,target,firm,95 percent,,2024,,0.5,data/raw/microsoft/2021_sustainability_report.pdf,microsoft,2021,12,0.0,0.0,0.1033,True,False,True,False,False,0.4,46.6,False,True,False,0
We will provide more than 1.5 million people with access to clean water and sanitation services by 2030.,45,A commitment to a water positive future > Increasing access to water,target,firm,1.5 million,2030,2030,,0.75,data/raw/microsoft/2021_sustainability_report.pdf,microsoft,2021,16,0.0,0.0,0.145,True,True,True,False,False,0.6,66.5,False,True,False,0
"In FY21, Microsoft invested in replenishment projects that are expected to generate over 1.3 million cubic meters of volumetric benefits, bringing us to 21 replenishment projects to date in nine water basins across the globe.",46,1.3M cubic meters,other,,1.3 million,,,,0.5,data/raw/microsoft/2021_sustainability_report.pdf,microsoft,2021,33,0.0,0.0606,0.0,True,False,False,False,False,0.0,31.1,True,False,False,0
9 of water benefit per year in areas facing water scarcity and climate challenges that overlap with our business operations in strategic locations.,46,670M liters of waterbenefit,other,,9,,,,0.5,data/raw/microsoft/2021_sustainability_report.pdf,microsoft,2021,22,0.0,0.0,0.0,True,False,False,False,False,0.2,15.3,False,False,False,0
10 people with access to safe water or sanitation.,46,"Water access for >95,000 people",other,,10,,,,0.5,data/raw/microsoft/2021_sustainability_report.pdf,microsoft,2021,8,0.0,0.0,0.0,True,False,False,False,False,0.2,61.2,False,False,False,0
"Through AI for Earth, Microsoft has supported 116 projects that create data-driven solutions supporting water resources monitoring, modeling, and management centered around water.",46,"Water access for >95,000 people",other,,116,,,,0.5,data/raw/microsoft/2021_sustainability_report.pdf,microsoft,2021,22,0.0,0.0455,0.0,True,False,False,False,False,0.018,-3.9,False,False,False,0
"In 2021, Microsoft was awarded the U.S. Water Prize for Outstanding Private Sector Organization for adopting our water positive program and committing to being water positive by 2030.",46,U.S. Water Prize,target,achievement,"2021,",,2030,,0.5,data/raw/microsoft/2021_sustainability_report.pdf,microsoft,2021,27,0.0,0.0,0.0941,True,False,True,False,False,0.4,37.9,True,False,False,3
"Microsoft, in collaboration with BlackRock and WRI India, supported the Wave2Web Hackathon to help develop new datasets on water stress in emerging markets and improve predictive modeling for better planning of water resources and risk preparedness in cities.",46,Democratizing access to water data,other,,,,,,0.0,data/raw/microsoft/2021_sustainability_report.pdf,microsoft,2021,39,0.0256,0.0,0.0256,False,False,False,False,False,0.0,8.9,False,False,False,0
A year of progress and impact to get to water positive by 2030.,46,Democratizing access to water data,target,,,,2030,,0.25,data/raw/microsoft/2021_sustainability_report.pdf,microsoft,2021,12,0.0,0.0,0.1033,False,False,True,False,False,0.2,74.8,False,False,False,2
"In FY21, our contracted water replenishment amounted to 45 percent of our global water consumption across our operations.",47,Democratizing access to water data > Water positive by 2030,other,,45 percent,,,own operations,1.0,data/raw/microsoft/2021_sustainability_report.pdf,microsoft,2021,17,0.0,0.0,0.0,True,False,False,True,False,0.4,20.4,False,False,False,0
"In FY21, we provided 95,130 people with water access across India and Indonesia.",47,Our approach (continued),other,,"95,130",,,,0.5,data/raw/microsoft/2021_sustainability_report.pdf,microsoft,2021,12,0.0,0.0,0.0,True,False,False,False,False,0.2,46.6,False,False,False,0
"From the program’s inception through calendar year 2021, we have provided 242,988 people with water access in Mexico, India, and Indonesia.",47,Our approach (continued),other,,"2021,",,,,0.5,data/raw/microsoft/2021_sustainability_report.pdf,microsoft,2021,20,0.0,0.0,0.0,True,False,False,False,False,0.2,38.5,False,False,False,0
"To meet our commitment to being water positive by 2030, we will reduce our water footprint across our direct operations, while replenishing and increasing water access in waterstressed regions where we work.",48,Getting to water positive,target,firm,"2030,",,2030,,0.5,data/raw/microsoft/2021_sustainability_report.pdf,microsoft,2021,31,0.0,0.0,0.1168,True,False,True,False,False,0.4,25.3,False,True,False,1
"Microsoft is using the Smart Water Navigator, which we developed with Ecolab, in our datacenters to prioritize and manage incoming water quality sources like recycled water.",48,"Getting to water positive > Using less, reusing more, and recycling water across our datacenters",attribute,,,,,,0.0,data/raw/microsoft/2021_sustainability_report.pdf,microsoft,2021,26,0.0,0.0,0.0,False,False,False,False,False,0.0,8.0,False,False,False,0
"At our new datacenter region in Arizona, which opened in June 2020, we use zero water for cooling for more than half the year, taking advantage of adiabatic cooling.",48,Getting to water positive > Keeping datacenters cool using air,other,,"2020,",,,,0.5,data/raw/microsoft/2021_sustainability_report.pdf,microsoft,2021,28,0.0,0.0,0.0,True,False,False,False,False,0.2,36.4,False,False,False,0
"In 2021, Microsoft was the first cloud provider to run two-phased liquid immersion cooling in a production environment, demonstrating viability for broader use in our datacenters.",49,Getting to water positive (continued) > Pioneering research and implementation of liquid immersion cooling to reduce water,achievement,achievement,"2021,",,,,0.33,data/raw/microsoft/2021_sustainability_report.pdf,microsoft,2021,25,0.0,0.0,0.0,True,False,False,False,False,0.2,12.3,False,False,False,0
"We are using liquid immersion in a production environment, which involves placing servers in a tub of inert fluid that boils at 50°C, which removes the heat generated by the chips, servers, and power supplies, and condenses the fluid in coils at the top of the rack.",49,Getting to water positive (continued) > Pioneering research and implementation of liquid immersion cooling to reduce water,other,,50,,,,0.5,data/raw/microsoft/2021_sustainability_report.pdf,microsoft,2021,47,0.0,0.0,0.0,True,False,False,False,False,0.2,31.3,False,False,False,0
"If the pilot is successful, we expect to be fully implemented by 2025, which has the potential to eliminate water use for cooling in regions like Amsterdam and Dublin, while reducing water use in dry regions like Arizona and Wyoming.",49,Getting to water positive (continued) > Raising the temperature while maintaining quality,target,,"2025,",,2025,,0.5,data/raw/microsoft/2021_sustainability_report.pdf,microsoft,2021,39,0.0,0.0256,0.02,True,False,True,False,False,0.298,24.1,True,False,False,2
"In Hyderabad, India, we’re piloting air-to-water generators to help offset 4 million liters of ground water extraction per year.",49,Fit-for-purpose water design in our Hyderabad campus. 4M liters,other,,4 million,,,,0.5,data/raw/microsoft/2021_sustainability_report.pdf,microsoft,2021,19,0.0,0.0,0.0,True,False,False,False,False,0.2,22.8,False,False,False,0
"It is now operating as the first technology campus with a net zero water certification as not a drop of water for more than 2,000 employees, 15 acres of landscape, and 643,000 square feet of built space will come from municipal sources, beyond drinking fountains and sinks.",49,Fit-for-purpose water design in our Hyderabad campus. 4M liters > Building net zero campus in California,attribute,firm,15 acres,,,,0.5,data/raw/microsoft/2021_sustainability_report.pdf,microsoft,2021,44,0.0,0.0,0.0227,True,False,False,False,False,0.2,33.4,False,True,False,0
"Our Herzliya, Israel site’s landscaping also uses 100 percent of the air conditioning condensate water for its irrigation and cooling towers, resulting in an estimated savings of over 3 million liters annually.",49,Fit-for-purpose water design in our Hyderabad campus. 4M liters > Recycling water in our campuses,other,,100 percent,,,,0.5,data/raw/microsoft/2021_sustainability_report.pdf,microsoft,2021,31,0.0,0.0645,0.0,True,False,False,False,False,0.0,11.6,False,False,False,0
"Our LinkedIn headquarters in California is planning to utilize municipal recycled water for landscaping and internal plumbing, thus saving 30 million liters of potable water each year.",49,Fit-for-purpose water design in our Hyderabad campus. 4M liters > Recycling water in our campuses,attribute,,30 million,,,,0.5,data/raw/microsoft/2021_sustainability_report.pdf,microsoft,2021,26,0.0,0.0,0.0385,True,False,False,False,False,0.2,11.2,False,False,False,0
"Our Herzliya, Israel site utilizes Watergen’s technology to produce fresh drinking water from the humidity in the air, producing an estimated 237,000 liters annually, based on company calculations.",49,Fit-for-purpose water design in our Hyderabad campus. 4M liters > Testing new generation techniques,other,,"237,000 liters",,,,0.5,data/raw/microsoft/2021_sustainability_report.pdf,microsoft,2021,28,0.0,0.0714,0.0,True,False,False,False,False,0.0,3.2,False,False,False,0
"These generator plants will help offset 4 million liters of ground water extraction per year, based on company calculations, in this water-stressed region, where water scarcity is an ongoing crisis that is expected to worsen.",49,Fit-for-purpose water design in our Hyderabad campus. 4M liters > Testing new generation techniques,other,firm,4 million,,,,0.5,data/raw/microsoft/2021_sustainability_report.pdf,microsoft,2021,34,0.0294,0.0588,0.0588,True,False,False,False,False,0.0,20.5,True,True,False,0
"To reduce water, we removed the dyeing process on our CLARINO fabric by switching to a solution dye technique which reduces water consumption by 20 percent.",49,Fit-for-purpose water design in our Hyderabad campus. 4M liters > Reducing water in device textiles,other,,20 percent,,,,0.5,data/raw/microsoft/2021_sustainability_report.pdf,microsoft,2021,25,0.0,0.0,0.0,True,False,False,False,False,0.2,32.6,False,False,False,0
"This is a completely solventfree, environmentally friendly manufacturing choice that is used in three of our products currently in production across the HoloLens and Surface type cover lines.",49,Fit-for-purpose water design in our Hyderabad campus. 4M liters > Reducing water in device textiles,attribute,,,,,,0.0,data/raw/microsoft/2021_sustainability_report.pdf,microsoft,2021,28,0.0,0.0,0.0,False,False,False,False,False,0.0,15.3,True,False,False,0
"As part of our commitment to be water positive by 2030, we will replenish more water than we consume, focusing on high water-stressed regions.",50,Getting to water positive (continued) > Replenishing water,target,firm,"2030,",,2030,,0.5,data/raw/microsoft/2021_sustainability_report.pdf,microsoft,2021,23,0.0,0.0,0.1504,True,False,True,False,False,0.4,43.7,False,True,False,1
We have invested in 21 projects to date in nine water basins across the globe.,50,Getting to water positive (continued) > Replenishing water,other,,21,,,,0.5,data/raw/microsoft/2021_sustainability_report.pdf,microsoft,2021,14,0.0,0.0,0.0,True,False,False,False,False,0.2,71.8,False,False,False,0
"We also participate in the California Water Action Collaborative, a network of over 25 organizations learning together, collectively developing projects, and advancing innovative solutions to improve water security and resilience across California.",50,Getting to water positive (continued) > Replenishing water,other,,25,,,,0.5,data/raw/microsoft/2021_sustainability_report.pdf,microsoft,2021,31,0.0,0.0,0.0,True,False,False,False,False,0.2,-40.2,False,False,False,1
"In FY21, 10 of Microsoft’s replenishment project investments underwent a thirdparty quantification to verify and update the initial volumetric benefit estimates using the Volumetric Water Benefit Accounting (VWBA) guidance.",50,Getting to water positive (continued) > Replenishing water,other,,10,,,,0.5,data/raw/microsoft/2021_sustainability_report.pdf,microsoft,2021,29,0.0,0.0345,0.0,True,False,False,False,False,0.062,-21.0,False,False,False,0
"Microsoft and Gila River Water Storage are recharging and replenishing groundwater levels in the cities of Goodyear and El Mirage, Arizona, to balance a portion of Microsoft’s future water use, contributing an estimated additional 610,000 cubic meters.",51,Getting to water positive (continued) > Groundwater recharge and water security in Phoenix,other,,"610,000",,,,0.5,data/raw/microsoft/2021_sustainability_report.pdf,microsoft,2021,37,0.0,0.0541,0.027,True,False,False,False,False,0.0,0.1,False,False,False,0
"With 1.1 billion people in the world without access to clean water, it’s not enough to simply reduce and replenish—we need to improve people’s access to safe, clean water.",52,Getting to water positive (continued) > Improving access to water,other,,1.1 billion,,,,0.5,data/raw/microsoft/2021_sustainability_report.pdf,microsoft,2021,31,0.0,0.0,0.0,True,False,False,False,False,0.2,73.8,False,False,False,0
"Our goal is to provide access to safe drinking water and improved sanitation solutions for 1.5 million people while accounting for 25 billion liters of net positive water impact in high-stress watersheds where we also operate, namely India, Indonesia, and Mexico, by 2030.",52,Getting to water positive (continued) > Improving access to water,target,,1.5 million,,2030,,0.5,data/raw/microsoft/2021_sustainability_report.pdf,microsoft,2021,40,0.025,0.0,0.07,True,False,True,False,False,0.3,30.0,False,False,False,1
"In 2020, we began our work with Water.org to help people living in underserved communities gain lasting and reliable access to safe drinking water and improved sanitation solutions.",52,Getting to water positive (continued) > Progressing towards our goal with Water.org,other,,"2020,",,,,0.5,data/raw/microsoft/2021_sustainability_report.pdf,microsoft,2021,28,0.0357,0.0,0.0,True,False,False,False,False,0.057,44.6,False,False,False,0
"Through our partnership with Water.org, we provided more than 95,000 people with access to safe water or sanitation.",52,Getting to water positive (continued) > Progressing towards our goal with Water.org,other,,"95,000",,,,0.5,data/raw/microsoft/2021_sustainability_report.pdf,microsoft,2021,18,0.0,0.0,0.0,True,False,False,False,False,0.2,66.1,False,False,False,0
Programs run through Water.org account for over 670 million liters of water benefit per year.,52,Getting to water positive (continued) > Progressing towards our goal with Water.org,other,,670 million,,,,0.5,data/raw/microsoft/2021_sustainability_report.pdf,microsoft,2021,15,0.0,0.0,0.0,True,False,False,False,False,0.2,63.9,False,False,False,0
"Powered by over 4,500 employees and a strong, scalable, and secure cloud infrastructure on Azure, Enova has achieved total savings of 320 million kWh of energy, 5 million cubic meters of water, and 210,000 tons of CO2 emissions.",54,Driving transformation (continued) > Reducing water usage in facilities with the cloud,achievement,achievement,320 million,,,,0.33,data/raw/microsoft/2021_sustainability_report.pdf,microsoft,2021,34,0.0294,0.0,0.0,True,False,False,False,False,0.082,25.5,False,False,False,0
"Covering 28 medium to large sites, this resulted in an additional 2 percent of energy savings and 17–25 percent improvement in staff efficiency.",54,Driving transformation (continued) > Reducing water usage in facilities with the cloud,other,,2 percent,,,,0.5,data/raw/microsoft/2021_sustainability_report.pdf,microsoft,2021,20,0.0,0.0,0.0,True,False,False,False,False,0.2,17.3,False,False,False,0
"Microsoft is working with WRI to provide partners with access to the latest Coupled Model Intercomparison Project Phase 6 (CMIP6) global climate projections, as well as socioeconomic development projections based on IPCC scenarios, on Microsoft Azure.",54,Driving transformation (continued) > Enabling modeling of global water supply and demand,other,,6,,,,0.5,data/raw/microsoft/2021_sustainability_report.pdf,microsoft,2021,35,0.0,0.0,0.0,True,False,False,False,False,0.2,4.5,False,False,False,0
Partners are now able to model global water supply and demand with CMIP6 data and scenarios for the first time.,54,Driving transformation (continued) > Enabling modeling of global water supply and demand,other,,,,,,0.0,data/raw/microsoft/2021_sustainability_report.pdf,microsoft,2021,20,0.0,0.0,0.0,False,False,False,False,False,0.0,63.9,False,False,False,0
Smart metering with Anglian Water is saving almost 3 million liters of water every day.,54,Driving transformation (continued) > Forecasting real-time water availability in reservoirs,other,,3 million,,,,0.5,data/raw/microsoft/2021_sustainability_report.pdf,microsoft,2021,14,0.0,0.0,0.0,True,False,False,False,False,0.2,41.6,False,False,False,0
Anglian Water supplies more than 6 million customers with water and water recycling services in the UK.,54,Water smart metering with the cloud and AI,other,,6 million,,,,0.5,data/raw/microsoft/2021_sustainability_report.pdf,microsoft,2021,16,0.0,0.0,0.0,True,False,False,False,False,0.2,42.5,False,False,False,0
"Since the smart metering program went live, customers have been able to find and fix around 40,000 leaks in their homes, saving almost 3 million liters of water every day.",54,Water smart metering with the cloud and AI,achievement,achievement,3 million,,,,0.33,data/raw/microsoft/2021_sustainability_report.pdf,microsoft,2021,28,0.0,0.0357,0.0,True,False,False,False,False,0.057,51.5,False,False,False,0
"To date, 116 AI for Earth grantees have worked on water-related projects.",56,Enabling systems change (continued) > Investing in AI,other,,116,,,,0.5,data/raw/microsoft/2021_sustainability_report.pdf,microsoft,2021,11,0.0,0.0,0.0,True,False,False,False,False,0.2,57.2,False,False,False,0
"To date, 116 AI for Earth grantees have worked on water-related projects.",56,Enabling systems change (continued) > AI and satellite imagery to track forest-related water availability,other,,116,,,,0.5,data/raw/microsoft/2021_sustainability_report.pdf,microsoft,2021,11,0.0,0.0,0.0,True,False,False,False,False,0.2,57.2,False,False,False,0
"Acknowledging the importance of collective action and collaboration to solve shared water challenges, Microsoft has endorsed the United Nations Global Compact CEO Water Mandate, an initiative in co-Secretariat with the Pacific Institute, since 2018.",57,Enabling systems change (continued) > CEO Water Mandate and Water Resilience Coalition,other,,,,,,0.0,data/raw/microsoft/2021_sustainability_report.pdf,microsoft,2021,33,0.0,0.0,0.0,False,False,False,False,False,0.0,-8.7,False,False,False,0
"In 2020, Microsoft and six other companies, together with the UN Global Compact CEO Water Mandate, spearheaded the establishment of the industry-driven Water Resilience Coalition (WRC).",57,Enabling systems change (continued) > CEO Water Mandate and Water Resilience Coalition,other,,"2020,",,,,0.5,data/raw/microsoft/2021_sustainability_report.pdf,microsoft,2021,25,0.0,0.0,0.0,True,False,False,False,False,0.2,12.3,False,False,False,0
We are committed to working with the Water Resilience Coalition and its more than 30 members to make progress against the WRC’s 2030 roadmap for collective action.,57,Enabling systems change (continued) > CEO Water Mandate and Water Resilience Coalition,other,firm,30,,,,0.5,data/raw/microsoft/2021_sustainability_report.pdf,microsoft,2021,26,0.0,0.0,0.0385,True,False,False,False,False,0.2,47.0,True,False,False,2
"Water Action Hub Platform 4.0 was first presented during the 2021 World Water Week, was developed by the CEO Water Mandate and made possible with support from Microsoft.",57,Enabling systems change (continued) > CEO Water Mandate and Water Resilience Coalition,other,hedged,4.0,,,,0.5,data/raw/microsoft/2021_sustainability_report.pdf,microsoft,2021,26,0.0,0.0,0.0,True,False,False,False,False,0.2,57.0,True,False,False,0
"The Water Action Hub platform connects 1,500 projects with 1,000 partner organizations worldwide.",57,Enabling systems change (continued) > California Water Action Collaborative,other,,"1,500",,,,0.5,data/raw/microsoft/2021_sustainability_report.pdf,microsoft,2021,11,0.0,0.0,0.0,True,False,False,False,False,0.2,26.5,False,False,False,0
"Microsoft advocated for clean energy and environmental provisions in the US Infrastructure Investment and Jobs Act, which commits over $8 billion for western water infrastructure and significant funding for water-related and other resilience efforts.",57,Enabling systems change (continued) > Promoting US water infrastructure and resilience,attribute,,8 billion,,,,0.5,data/raw/microsoft/2021_sustainability_report.pdf,microsoft,2021,33,0.0303,0.0,0.0303,True,False,False,False,False,0.079,-8.7,False,False,False,0
"In 2020, Microsoft joined WaterEurope, the leading association in Europe focused on technology and innovation aspects of water, with a focus on digital water.",57,Enabling systems change (continued) > Supporting WaterEurope,other,,"2020,",,,,0.5,data/raw/microsoft/2021_sustainability_report.pdf,microsoft,2021,23,0.0435,0.0,0.0,True,False,False,False,False,0.026,6.9,False,False,False,1
"We have called for the inclusion of water-related topics in EU polices, such as water infrastructure into the COVID-19 recovery packages.",57,Enabling systems change (continued) > Supporting WaterEurope,other,,19,,,,0.5,data/raw/microsoft/2021_sustainability_report.pdf,microsoft,2021,21,0.0,0.0,0.0,True,False,False,False,False,0.2,16.3,False,False,False,0
The US Infrastructure Investment and Jobs Act commits over $8 billion for western water infrastructure and significant funding for water-related and other resilience efforts.,57,Enabling systems change (continued) > Supporting WaterEurope,other,,8 billion,,,,0.5,data/raw/microsoft/2021_sustainability_report.pdf,microsoft,2021,23,0.0435,0.0,0.0435,True,False,False,False,False,0.026,6.9,False,False,False,0
2021 was a year of progress and learning for Microsoft on our journey to water positive.,58,Key trends,achievement,achievement,2021,,,,0.33,data/raw/microsoft/2021_sustainability_report.pdf,microsoft,2021,15,0.0,0.0,0.0,True,False,False,False,False,0.2,61.9,False,False,False,2
1 Water requires a collective approach.,58,Key trends,other,,1,,,,0.5,data/raw/microsoft/2021_sustainability_report.pdf,microsoft,2021,5,0.0,0.0,0.0,True,False,False,False,False,0.2,15.6,False,False,False,0
3 Better water data drives action.,58,Key trends,other,,3,,,,0.5,data/raw/microsoft/2021_sustainability_report.pdf,microsoft,2021,5,0.2,0.0,0.0,True,False,False,False,False,0.0,32.6,False,False,False,0
"We will continue to work with Water.org to make progress against our accessibility commitment, providing 1.5 million people with access to clean water by 2030.",59,What’s next? 1 Replenish more water than we consume by 2030 > 2 Enable access to drinking water and sanitation,target,firm,1.5 million,,2030,,0.5,data/raw/microsoft/2021_sustainability_report.pdf,microsoft,2021,24,0.0,0.0,0.145,True,False,True,False,False,0.4,54.2,False,True,False,1
We are committed to becoming a water positive company by 2030 and helping other companies on their journeys.,60,What’s next? 1 Replenish more water than we consume by 2030 > Water consumption monitoring tutorial,target,firm,2030,,2030,,0.5,data/raw/microsoft/2021_sustainability_report.pdf,microsoft,2021,17,0.0,0.0,0.1376,True,False,True,False,False,0.4,35.3,True,False,False,2
"We contracted 1,443,981 metric tons of carbon removal in FY22.",2,Global sustainability,other,,"1,443,981 metric tons",,,,0.5,data/raw/microsoft/2022_sustainability_report.pdf,microsoft,2022,9,0.0,0.0,0.0,True,False,False,False,False,0.2,56.7,False,False,False,0
"12,159 We diverted 12,159 metric tons of solid waste from landfills and incinerators across our direct operational footprint in FY22.",2,Global sustainability,other,,"12,159 metric tons",,,,0.5,data/raw/microsoft/2022_sustainability_report.pdf,microsoft,2022,18,0.0,0.0,0.0,True,False,False,False,False,0.2,28.8,False,False,False,0
1M We reached just under one million people with clean water and sanitation solutions by the end of the calendar year 2022.,2,Global sustainability,other,achievement,,,,,0.0,data/raw/microsoft/2022_sustainability_report.pdf,microsoft,2022,21,0.0,0.0,0.0,False,False,False,False,False,0.0,56.6,False,False,False,0
"As we reflect on the seriousness of the climate crisis, we have expanded our ambition to meet this urgent climate need by investing in a broad range of initiatives, technologies and approaches that support a net zero future.",4,"Enabling sustainability for our company, our customers, and the world",target,hedged,,,,,0.0,data/raw/microsoft/2022_sustainability_report.pdf,microsoft,2022,38,0.0,0.0,0.0526,False,False,False,False,False,0.0,28.0,False,False,False,0
As we look toward 2030—and beyond—we remain optimistic about our collective ability to decarbonize the global economy while continuing to grow and prosper as a global community.,4,"Enabling sustainability for our company, our customers, and the world",other,,2030,,,,0.5,data/raw/microsoft/2022_sustainability_report.pdf,microsoft,2022,28,0.0,0.0357,0.0,True,False,False,False,False,0.057,18.3,False,False,False,0
"In 2020, we made a bold set of commitments: to be a carbon negative, water positive, zero waste company that protects ecosystems—all by 2030.",4,"Enabling sustainability for our company, our customers, and the world > Melanie Nakagawa, Chief Sustainability Officer Brad Smith, Vice Chair and President",target,,"2020,",,2030,,0.5,data/raw/microsoft/2022_sustainability_report.pdf,microsoft,2022,23,0.0,0.0,0.107,True,False,True,False,False,0.4,43.7,False,False,False,2
"2022 was a reminder that to mitigate the most severe impacts of climate change, our commitments need to extend beyond our four walls, and we must continue to accelerate investments that will enable progress for decades to come.",4,"Enabling sustainability for our company, our customers, and the world > Melanie Nakagawa, Chief Sustainability Officer Brad Smith, Vice Chair and President",other,firm,2022,,,,0.5,data/raw/microsoft/2022_sustainability_report.pdf,microsoft,2022,37,0.0,0.0,0.0541,True,False,False,False,False,0.2,36.7,False,True,False,2
"In 2022 we launched Microsoft Cloud for Sustainability, a comprehensive suite of enterprise-grade sustainability management tools.",4,"Enabling sustainability for our company, our customers, and the world > Melanie Nakagawa, Chief Sustainability Officer Brad Smith, Vice Chair and President",achievement,achievement,2022,,,,0.33,data/raw/microsoft/2022_sustainability_report.pdf,microsoft,2022,15,0.0,0.0,0.0,True,False,False,False,False,0.2,-22.7,False,False,False,0
"Microsoft’s own sustainability is our first sphere of influence, and we remain focused on getting our own house in order and delivering on our 2030 commitments.",4,"Enabling sustainability for our company, our customers, and the world > Getting our own house in order",other,,2030,2030,,,0.5,data/raw/microsoft/2022_sustainability_report.pdf,microsoft,2022,26,0.0,0.0,0.0385,True,True,False,False,False,0.4,37.3,False,False,False,0
We are firmly focused on achieving our 2030 commitments and making the right long-term investments that support the sustainability of our business for decades to come.,4,"Enabling sustainability for our company, our customers, and the world > Getting our own house in order",other,hedged,2030,2030,,,0.5,data/raw/microsoft/2022_sustainability_report.pdf,microsoft,2022,25,0.0,0.0,0.04,True,True,False,False,False,0.4,25.8,True,False,False,0
"In 2022, our business grew by 18 percent and our overall emissions declined by 0.5 percent.",4,"Enabling sustainability for our company, our customers, and the world > Getting our own house in order",other,,18 percent,,,,0.5,data/raw/microsoft/2022_sustainability_report.pdf,microsoft,2022,13,0.0,0.0,0.0,True,False,False,False,False,0.2,50.6,False,False,False,0
This in part is a result of a reduction in our direct operational (Scope 1 and 2) emissions by 22.7 percent.,4,"Enabling sustainability for our company, our customers, and the world > Getting our own house in order",other,,22.7 percent,,,Scope 1,1.0,data/raw/microsoft/2022_sustainability_report.pdf,microsoft,2022,18,0.0,0.0,0.0,True,False,False,True,False,0.4,61.4,False,False,False,0
"At Microsoft, Scope 1 and 2 emissions account for less than four percent of total emissions, while indirect emissions, or Scope 3, account for more than 96 percent.",4,"Enabling sustainability for our company, our customers, and the world > Getting our own house in order",other,,96 percent,,,Scope 1; Scope 3,1.0,data/raw/microsoft/2022_sustainability_report.pdf,microsoft,2022,24,0.0,0.0,0.0,True,False,False,True,False,0.4,45.0,False,False,False,0
"Our Scope 3 reported emissions increased slightly in 2022, by 0.5 percent, despite a 25 percent increase in purchased goods and services due to business growth.",4,"Enabling sustainability for our company, our customers, and the world > Getting our own house in order",achievement,achievement,0.5 percent,,,Scope 3,0.67,data/raw/microsoft/2022_sustainability_report.pdf,microsoft,2022,22,0.0,0.0,0.0,True,False,False,True,False,0.4,45.7,False,False,False,0
"The more positive outcomes in 2022 are the result of improvements in our operations, real-time device telemetry-based measurement, renewable energy investments, sustainable aviation fuel (SAF) purchases, and procurement of unbundled renewable energy certificates (RECs).",4,"Enabling sustainability for our company, our customers, and the world > Getting our own house in order",attribute,,2022,,,own operations,1.0,data/raw/microsoft/2022_sustainability_report.pdf,microsoft,2022,33,0.0,0.0,0.0,True,False,False,True,False,0.4,-29.2,False,False,False,1
"While we continue to work to reduce our Scope 1 and 2 emissions to near zero, Scope 3 is the ultimate decarbonization challenge.",5,"Enabling sustainability for our company, our customers, and the world > Getting our own house in order",other,,1,,,Scope 1; Scope 3,1.0,data/raw/microsoft/2022_sustainability_report.pdf,microsoft,2022,20,0.0,0.0,0.0,True,False,False,True,False,0.4,42.7,False,False,False,0
"When we made our carbon negative commitment in 2020 it wasn’t just a challenge to support the sustainability of our business, it was also an invitation to the world to participate in this journey, translating ingenuity into action, and action into impact.",5,"Enabling sustainability for our company, our customers, and the world > Getting our own house in order",attribute,firm,2020,,,,0.5,data/raw/microsoft/2022_sustainability_report.pdf,microsoft,2022,42,0.0,0.0,0.0238,True,False,False,False,False,0.2,15.1,False,False,False,0
"We contracted for replenishment projects that are estimated to provide more than 15.6 million m cubed in volumetric water benefits, increasing our running total of replenishment projects to 35 million m cubed .",5,"Enabling sustainability for our company, our customers, and the world > Water positive",other,,15.6 million,,,,0.5,data/raw/microsoft/2022_sustainability_report.pdf,microsoft,2022,30,0.0,0.0667,0.0,True,False,False,False,False,0.0,28.1,True,False,False,0
"Additionally, we provided more than 850,000 people with access to clean water and sanitation solutions, including 163,000 in Brazil, India, Indonesia, and Mexico.",5,"Enabling sustainability for our company, our customers, and the world > Water positive",other,,"850,000",,,,0.5,data/raw/microsoft/2022_sustainability_report.pdf,microsoft,2022,21,0.0,0.0,0.0,True,False,False,False,False,0.2,12.3,False,False,False,0
We are firmly focused on achieving our 2030 commitments and making the right long-term investments that support the sustainability of our business for decades to come.,5,"Enabling sustainability for our company, our customers, and the world > Water positive",other,hedged,2030,2030,,,0.5,data/raw/microsoft/2022_sustainability_report.pdf,microsoft,2022,25,0.0,0.0,0.04,True,True,False,False,False,0.4,25.8,True,False,False,0
We increased our reuse and recycle rates of all cloud hardware to 82 percent and continue to pace toward our 2030 reuse and recycle goal of 90 percent.,5,"Enabling sustainability for our company, our customers, and the world > Zero waste",achievement,achievement,82 percent,,,,0.33,data/raw/microsoft/2022_sustainability_report.pdf,microsoft,2022,25,0.0,0.0,0.04,True,False,False,False,False,0.2,59.6,False,False,False,0
We also reduced single-use plastics across all Microsoft product packaging to 3.3 percent and are on track to eliminate their use by 2025.,5,"Enabling sustainability for our company, our customers, and the world > Zero waste",target,achievement,3.3 percent,,2025,,0.5,data/raw/microsoft/2022_sustainability_report.pdf,microsoft,2022,21,0.0,0.0,0.02,True,False,True,False,False,0.4,47.1,False,False,False,0
"In total, we have diverted 12,159 metric tons of solid waste from landfills.",5,"Enabling sustainability for our company, our customers, and the world > Zero waste",other,,"12,159 metric tons",,,,0.5,data/raw/microsoft/2022_sustainability_report.pdf,microsoft,2022,12,0.0,0.0,0.0,True,False,False,False,False,0.2,67.8,False,False,False,0
"While Microsoft’s emissions footprint is a tiny percentage of global emissions, we also have a role to play in helping reduce or remove the other 99.97 percent of global emissions.",5,"Enabling sustainability for our company, our customers, and the world > Amplifying our impact and helping our customers achieve more",other,,99.97 percent,,,,0.5,data/raw/microsoft/2022_sustainability_report.pdf,microsoft,2022,30,0.0,0.0,0.0,True,False,False,False,False,0.2,50.6,False,False,False,0
"In June 2022, we launched Microsoft Cloud for Sustainability, a comprehensive environmental sustainability management platform that includes Microsoft Sustainability Manager.",5,"Enabling sustainability for our company, our customers, and the world > Foreword (continued)",achievement,achievement,"2022,",,,,0.33,data/raw/microsoft/2022_sustainability_report.pdf,microsoft,2022,19,0.0,0.0,0.0,True,False,False,False,False,0.2,-52.9,False,False,False,0
"Sustainability Manager enables organizations to record, report, and reduce their Scope 1, 2, and 3 emissions.",5,"Enabling sustainability for our company, our customers, and the world > Foreword (continued)",other,,"1,",,,Scope 1,1.0,data/raw/microsoft/2022_sustainability_report.pdf,microsoft,2022,13,0.0,0.0,0.0,True,False,False,True,False,0.4,-8.1,False,False,False,0
"In 2022, we also released a preview version of the Microsoft Planetary Computer to enable customers to measure, monitor, and subsequently to manage ecosystems that may be affected by their operations, and to make important decisions related to climate risk.",5,"Enabling sustainability for our company, our customers, and the world > Foreword (continued)",other,hedged,"2022,",,,,0.5,data/raw/microsoft/2022_sustainability_report.pdf,microsoft,2022,39,0.0,0.0256,0.0256,True,False,False,False,False,0.098,2.4,True,False,True,0
"In November 2022, the world’s climate leaders convened for COP27.",5,"Enabling sustainability for our company, our customers, and the world > Enabling and supporting a more sustainable world",other,,"2022,",,,,0.5,data/raw/microsoft/2022_sustainability_report.pdf,microsoft,2022,10,0.0,0.0,0.0,True,False,False,False,False,0.2,61.3,False,False,False,1
There were important conversations at COP27 focused on the uneven impacts of climate change and how the least developed countries in the world are disproportionately affected.,5,"Enabling sustainability for our company, our customers, and the world > Enabling and supporting a more sustainable world",other,achievement,,,,,0.0,data/raw/microsoft/2022_sustainability_report.pdf,microsoft,2022,26,0.0,0.0,0.0,False,False,False,False,False,0.0,21.0,True,False,False,0
"For example, the nations of Africa together account for less than 5 percent of global emissions but have experienced far more than their share of the negative impacts of climate change.",5,"Enabling sustainability for our company, our customers, and the world > Enabling and supporting a more sustainable world",other,,5 percent,,,,0.5,data/raw/microsoft/2022_sustainability_report.pdf,microsoft,2022,30,0.0,0.0,0.0,True,False,False,False,False,0.2,41.0,False,False,False,0
"We support public policy initiatives to accelerate carbon reporting, reduction and removal, the transition to clean energy, water access and stress reduction, and the ability to measure, manage, and protect ecosystems.",5,"Enabling sustainability for our company, our customers, and the world > Enabling and supporting a more sustainable world",attribute,hedged,,,,,0.0,data/raw/microsoft/2022_sustainability_report.pdf,microsoft,2022,31,0.0,0.0,0.0,False,False,False,False,False,0.0,-4.7,False,False,False,1
"In 2022, we further committed to shaping public policy by releasing policy briefs on carbon and electricity.",5,"Enabling sustainability for our company, our customers, and the world > Enabling and supporting a more sustainable world",other,firm,"2022,",,,,0.5,data/raw/microsoft/2022_sustainability_report.pdf,microsoft,2022,16,0.0,0.0,0.0625,True,False,False,False,False,0.2,21.4,False,False,False,1
"Carbon measurement and the Carbon Call In February 2022, Microsoft, ClimateWorks Foundation, and over 20 leading organizations launched an important new initiative called the Carbon Call.",5,"Enabling sustainability for our company, our customers, and the world > Enabling and supporting a more sustainable world",achievement,achievement,"2022,",,,,0.33,data/raw/microsoft/2022_sustainability_report.pdf,microsoft,2022,24,0.0417,0.0,0.0,True,False,False,False,False,0.033,-0.8,False,False,False,1
"The Carbon Call now has over 80 signatories, and released its initial roadmap at COP27.",5,"Enabling sustainability for our company, our customers, and the world > Enabling and supporting a more sustainable world",other,,80,,,,0.5,data/raw/microsoft/2022_sustainability_report.pdf,microsoft,2022,14,0.0,0.0,0.0,True,False,False,False,False,0.2,47.6,False,False,False,0
Microsoft is investing in accelerating climate innovation through our $1 billion Climate Innovation Fund (CIF).,6,"Enabling sustainability for our company, our customers, and the world > Enabling and supporting a more sustainable world",other,,1 billion,,,,0.5,data/raw/microsoft/2022_sustainability_report.pdf,microsoft,2022,14,0.0,0.0,0.0,True,False,False,False,False,0.2,5.3,False,False,False,0
"We invest in innovative technologies and business models that have the potential for meaningful, measurable climate impact by 2030.",6,"Enabling sustainability for our company, our customers, and the world > Enabling and supporting a more sustainable world",target,,,,2030,,0.25,data/raw/microsoft/2022_sustainability_report.pdf,microsoft,2022,18,0.0556,0.0,0.0756,False,False,True,False,False,0.0,19.4,False,False,False,1
"Since the founding of the CIF in 2020, Microsoft has allocated more than $600 million into a global portfolio of more than 50 investments, including sustainable solutions in energy, industrial, and natural systems.",6,"Enabling sustainability for our company, our customers, and the world > Enabling and supporting a more sustainable world",other,,600 million,,,,0.5,data/raw/microsoft/2022_sustainability_report.pdf,microsoft,2022,30,0.0,0.0,0.0,True,False,False,False,False,0.2,18.5,False,False,False,0
"In November 2022, Microsoft and BCG released a new report, Closing the Sustainability Skills Gap: Helping Businesses Move from Pledges to Progress.",6,"Enabling sustainability for our company, our customers, and the world > Enabling and supporting a more sustainable world",other,,"2022,",,,,0.5,data/raw/microsoft/2022_sustainability_report.pdf,microsoft,2022,21,0.0,0.0,0.0,True,False,False,False,False,0.2,24.4,False,False,False,1
As we look toward 2030—and beyond—we remain optimistic about our collective ability to decarbonize the global economy while continuing to grow and prosper as a global community.,6,A decade of innovation and decisive action,other,,2030,,,,0.5,data/raw/microsoft/2022_sustainability_report.pdf,microsoft,2022,28,0.0,0.0357,0.0,True,False,False,False,False,0.057,18.3,False,False,False,0
1 Advancing AI solutions for greater climate impact.,6,A decade of innovation and decisive action,other,,1,,,,0.5,data/raw/microsoft/2022_sustainability_report.pdf,microsoft,2022,7,0.0,0.0,0.0,True,False,False,False,False,0.2,30.5,False,False,False,0
2 Accelerating the development of sustainability markets through investment.,6,A decade of innovation and decisive action,other,,2,,,,0.5,data/raw/microsoft/2022_sustainability_report.pdf,microsoft,2022,8,0.0,0.0,0.0,True,False,False,False,False,0.2,-44.5,False,False,False,0
3 Creating tools that advance emissions measurement and compliance.,6,A decade of innovation and decisive action,other,,3,,,,0.5,data/raw/microsoft/2022_sustainability_report.pdf,microsoft,2022,8,0.0,0.0,0.0,True,False,False,False,False,0.2,29.5,False,False,False,1
The Microsoft Cloud for Sustainability data model initially focused on carbon and was expanded in 2022 to include water data.,7,A decade of innovation and decisive action > Microsoft Cloud for Sustainability,achievement,achievement,2022,,,,0.33,data/raw/microsoft/2022_sustainability_report.pdf,microsoft,2022,19,0.0,0.0,0.0,True,False,False,False,False,0.2,13.9,True,False,False,0
"Since its inception, Microsoft has allocated over $600 million impact investment capital from our Climate Innovation Fund into a global portfolio of investments, featuring sustainable solutions in energy, industrial, and natural systems.",7,A decade of innovation and decisive action > >$600M in climate innovation,other,,600 million,,,,0.5,data/raw/microsoft/2022_sustainability_report.pdf,microsoft,2022,31,0.0,0.0,0.0,True,False,False,False,False,0.2,-10.2,False,False,False,0
"We contracted 1,443,981 metric tons of carbon removal in FY22.",7,Carbon 1.4Mmetric tons,other,,"1,443,981 metric tons",,,,0.5,data/raw/microsoft/2022_sustainability_report.pdf,microsoft,2022,9,0.0,0.0,0.0,True,False,False,False,False,0.2,56.7,False,False,False,0
"In FY22, we contracted for replenishment projects that are estimated to provide more than 15.6 million m cubed in volumetric water benefit over the lifetime of these projects.",7,Water 15.6M m cubed 15.6M m cubed,other,,15.6 million,,,,0.5,data/raw/microsoft/2022_sustainability_report.pdf,microsoft,2022,27,0.0,0.0741,0.0,True,False,False,False,False,0.0,39.6,True,False,False,0
"In FY22, we diverted 12,159 metric tons of solid waste from landfills and incinerators across our direct operational footprint.",7,"Waste 12,159metric tons",other,,"12,159 metric tons",,,,0.5,data/raw/microsoft/2022_sustainability_report.pdf,microsoft,2022,18,0.0,0.0,0.0,True,False,False,False,False,0.2,28.8,False,False,False,0
"In FY22, we signed new PPAs around the globe, bringing our total portfolio of carbon-free energy to over 13.5 GW, including projects in 16 countries and more than 135 clean energy projects.",7,"Ecosystems 12,270acres",attribute,,13.5,,,,0.5,data/raw/microsoft/2022_sustainability_report.pdf,microsoft,2022,29,0.0,0.0345,0.0,True,False,False,False,False,0.062,57.9,False,False,False,0
"By the end of FY22, we provided more than 550,000 people with access to clean water and sanitation solutions in Brazil, India, Indonesia, and Mexico and reached just under one million people by the end of the calendar year 2022.",7,"Ecosystems 12,270acres",achievement,achievement,"550,000",,,,0.33,data/raw/microsoft/2022_sustainability_report.pdf,microsoft,2022,38,0.0,0.0,0.0,True,False,False,False,False,0.2,36.9,False,False,False,0
Our reuse and recycle rates of servers and components across all cloud hardware reached 82 percent in FY22.,7,"Ecosystems 12,270acres",achievement,achievement,82 percent,,,,0.33,data/raw/microsoft/2022_sustainability_report.pdf,microsoft,2022,17,0.0,0.0,0.0,True,False,False,False,False,0.2,60.2,False,False,False,0
Our Scope 1 and 2 (market-based) emissions remained proportional with business growth in FY22.,7,"Ecosystems 12,270acres > Big game migration program",other,,1,,,Scope 1,1.0,data/raw/microsoft/2022_sustainability_report.pdf,microsoft,2022,12,0.0,0.0,0.0,True,False,False,True,False,0.4,25.5,False,False,False,0
"We reduced single-use plastics in our Microsoft product packaging by more than 29 percent, a decrease from 4.7 percent to 3.3 percent by weight (on average) of plastic per package in FY22.",7,"Ecosystems 12,270acres > Environmental justice",achievement,achievement,29 percent,,,,0.33,data/raw/microsoft/2022_sustainability_report.pdf,microsoft,2022,29,0.0,0.0,0.0,True,False,False,False,False,0.2,59.9,False,False,False,0
"Last year, we contributed to the TNC Belize Maya Forest Project (BMF) to protect an additional 236,000 acres in a global biodiversity hotspot.",7,"Ecosystems 12,270acres > Environmental justice",other,,"236,000 acres",,,,0.5,data/raw/microsoft/2022_sustainability_report.pdf,microsoft,2022,22,0.0,0.0455,0.0,True,False,False,False,False,0.018,34.5,False,False,False,0
"In 2019, Microsoft took a step back to look at the science behind climate change and saw that our commitment to being carbon neutral was not enough.",8,How we work > Set commitments based on science,attribute,firm,"2019,",,,,0.5,data/raw/microsoft/2022_sustainability_report.pdf,microsoft,2022,26,0.0,0.0,0.0385,True,False,False,False,False,0.2,66.6,False,False,False,0
"The world needs to reach net zero by or before 2050, and achieving it relies heavily on private sector partnership and action.",8,How we work > Set commitments based on science,target,,"2050,",,2050,,0.5,data/raw/microsoft/2022_sustainability_report.pdf,microsoft,2022,21,0.0,0.0,0.0,True,False,True,False,False,0.4,52.6,False,False,False,0
"This guided us to make our commitments to be a carbon negative, water positive, zero waste company by 2030.",8,How we work > Set commitments based on science,target,,,,2030,,0.25,data/raw/microsoft/2022_sustainability_report.pdf,microsoft,2022,18,0.0,0.0,0.1311,False,False,True,False,False,0.2,47.6,False,False,False,1
"We also publish our environmental data, which is included in the separate Environmental Data Fact Sheet. Deloitte & Touche LLP performed a review relating to specified information within Section 1 of the Environmental Data Fact Sheet.",9,About this report > Transparent and accountable reporting on progress,other,,1,,,,0.5,data/raw/microsoft/2022_sustainability_report.pdf,microsoft,2022,34,0.0,0.0,0.0,True,False,False,False,False,0.2,20.4,True,False,False,0
"As a global technology leader, we are also committed to helping build the enabling societal conditions that will support a net zero economy.",9,Global sustainability > Global sustainability Enabling a more sustainable world,attribute,firm,,,,,0.0,data/raw/microsoft/2022_sustainability_report.pdf,microsoft,2022,23,0.0,0.0,0.087,False,False,False,False,False,0.0,25.3,False,True,False,2
"In 2020, Microsoft made industry-leading commitments to be carbon negative, water positive, and zero waste by 2030, and to protect more land than we use by 2025.",10,Microsoft sustainability Taking care of our own environmental footprint,target,,"2020,",,2030,,0.5,data/raw/microsoft/2022_sustainability_report.pdf,microsoft,2022,24,0.0417,0.0,0.1033,True,False,True,False,False,0.233,41.5,False,False,False,2
"In January 2020, Microsoft committed to be carbon negative by 2030.",11,Our approach,target,firm,"2020,",2030,2030,,0.75,data/raw/microsoft/2022_sustainability_report.pdf,microsoft,2022,9,0.0,0.0,0.2422,True,True,True,False,False,0.6,28.5,False,False,False,1
"Operationally, we see this commitment as a journey that starts with reducing carbon emissions as much as possible, replacing our electricity consumption with carbon-free energy, and removing the emissions that remain.",11,Our approach,attribute,firm,,,,,0.0,data/raw/microsoft/2022_sustainability_report.pdf,microsoft,2022,31,0.0,0.0323,0.0323,False,False,False,False,False,0.0,8.9,False,False,False,0
"In FY22, our business grew by 18 percent and our overall emissions were down 0.5 percent.",11,Our approach,achievement,achievement,18 percent,,,,0.33,data/raw/microsoft/2022_sustainability_report.pdf,microsoft,2022,14,0.0,0.0,0.0,True,False,False,False,False,0.2,66.8,False,False,False,0
Our total company emissions were just under 13 million metric tons of carbon dioxide equivalents (mtCO subscript 2 e) (marketbased and management-defined criteria for Scope 3 Category 11).,11,Our approach,achievement,achievement,13 million,,,Scope 3,0.67,data/raw/microsoft/2022_sustainability_report.pdf,microsoft,2022,24,0.0,0.0,0.0,True,False,False,True,False,0.4,-0.8,False,False,False,0
"We saw a 0.5 percent increase in our Scope 3 emissions this year based on investments in real-time device telemetry-based measurement, improvements in our operations and supply chain, and purchases of renewable energy.",11,Our approach,other,,0.5 percent,,,Scope 3; own operations; supply chain,1.0,data/raw/microsoft/2022_sustainability_report.pdf,microsoft,2022,31,0.0,0.0,0.0,True,False,False,True,False,0.4,24.6,False,False,False,0
"As the world transitions to a lower-carbon, clean energy economy, we’re using our purchasing and investing power to help advance innovation and the development of new solutions—helping us meet our own commitments while catalyzing the creation of broader market supply for others.",11,Our approach,attribute,,,,,,0.0,data/raw/microsoft/2022_sustainability_report.pdf,microsoft,2022,44,0.0,0.0,0.0227,False,False,False,False,False,0.0,8.4,False,False,False,1
"We fund purchases of renewable energy, sustainable aviation fuel, and carbon removal through our internal carbon fee, which we established in 2012.",11,Our approach,attribute,,,,,,0.0,data/raw/microsoft/2022_sustainability_report.pdf,microsoft,2022,21,0.0,0.0,0.0,False,False,False,False,False,0.0,24.4,False,False,False,0
"In FY22, we redesigned and increased our carbon fee to accelerate Scope 3 emissions reduction, tying the fee to the costs abatement for different sources—electricity, fuel, and other emissions.",11,Our approach,achievement,achievement,3,,,Scope 3,0.67,data/raw/microsoft/2022_sustainability_report.pdf,microsoft,2022,29,0.0,0.0,0.0,True,False,False,True,False,0.4,17.0,False,False,False,1
We will continue to evaluate the carbon fee design to align our business operations and 2030 carbon commitments.,11,Our approach,other,firm,2030,,,,0.5,data/raw/microsoft/2022_sustainability_report.pdf,microsoft,2022,17,0.0,0.0,0.1176,True,False,False,False,False,0.2,30.3,False,True,False,0
"In 2022, we were able to disaggregate and identify previously unreported electricity for some of our leased datacenters due to improvements in our ability to capture such data.",11,Our approach,achievement,achievement,"2022,",,,,0.33,data/raw/microsoft/2022_sustainability_report.pdf,microsoft,2022,27,0.0,0.0,0.0,True,False,False,False,False,0.2,10.2,False,False,False,0
We have revised FY20 and FY21 Scope 2 and Scope 3 Category 3 market and location values to include this additional information.,11,Our approach,other,,2,,,Scope 2; Scope 3,1.0,data/raw/microsoft/2022_sustainability_report.pdf,microsoft,2022,19,0.0,0.0,0.0,True,False,False,True,False,0.4,31.7,False,False,False,0
"In FY22, we included this activity in our results and procured unbundled renewable energy credits (RECs) to mitigate the increased emissions for FY22.",11,Our approach,other,achievement,,,,,0.0,data/raw/microsoft/2022_sustainability_report.pdf,microsoft,2022,23,0.0,0.0,0.0,False,False,False,False,False,0.0,21.6,False,False,False,0
"Our year-over-year figures show a 23 percent reduction in Scope 1 and 2 market-based emissions, which is driven in part by our procurement of RECs for FY22.",11,Our approach,other,,23 percent,,,Scope 1,1.0,data/raw/microsoft/2022_sustainability_report.pdf,microsoft,2022,24,0.0,0.0,0.0,True,False,False,True,False,0.4,38.0,True,False,False,0
"Without this revision, our Scope 1 and 2 market-based emissions would have remained proportional with business growth.",11,Our approach,other,,1,,,Scope 1,1.0,data/raw/microsoft/2022_sustainability_report.pdf,microsoft,2022,15,0.0,0.0667,0.0,True,False,False,True,False,0.133,22.4,False,False,True,0
"In FY22, we signed new power purchase agreements around the globe, bringing our total portfolio of carbon-free energy to over 13.5 GW.",11,Our approach,attribute,,13.5,,,,0.5,data/raw/microsoft/2022_sustainability_report.pdf,microsoft,2022,21,0.0,0.0476,0.0,True,False,False,False,False,0.01,55.2,False,False,False,0
We are committed to being carbon negative by 2030 and by 2050 remove from the atmosphere an equivalent amount of all the carbon dioxide our company has emitted either directly or by our electricity consumption since we were founded in 1975.,12,Carbon negative by 2030,target,firm,2030,2030,2030,,0.75,data/raw/microsoft/2022_sustainability_report.pdf,microsoft,2022,38,0.0,0.0,0.0989,True,True,True,False,False,0.6,21.3,True,False,False,1
"We will reduce our Scope 1 and 2 emissions to near zero by increasing energy efficiency, decarbonization, and reaching 100 percent renewable energy by 2025.",12,Carbon negative by 2030 > Reducing direct emissions,target,firm,100 percent,,2025,Scope 1,0.75,data/raw/microsoft/2022_sustainability_report.pdf,microsoft,2022,21,0.0,0.0,0.0676,True,False,True,True,False,0.6,12.3,False,True,False,0
"By 2030, we will reduce our Scope 3 emissions by more than half from a 2020 baseline.",12,Carbon negative by 2030 > Reducing value chain emissions,target,firm,"2030,",2020,2030,Scope 3,1.0,data/raw/microsoft/2022_sustainability_report.pdf,microsoft,2022,14,0.0,0.0,0.1629,True,True,True,True,False,0.8,77.8,False,True,False,0
"By 2030, 100 percent of our electricity consumption will be matched by zero carbon energy purchases 100 percent of the time.",12,Carbon negative by 2030 > Replacing with 100/100/0 carbon-free energy,target,firm,100 percent,,2030,,0.5,data/raw/microsoft/2022_sustainability_report.pdf,microsoft,2022,18,0.0,0.0,0.1311,True,False,True,False,False,0.4,33.5,True,True,False,0
"By 2030, Microsoft will remove more carbon than it emits.",12,Carbon negative by 2030 > Removing the rest of our emissions,target,firm,"2030,",,2030,,0.5,data/raw/microsoft/2022_sustainability_report.pdf,microsoft,2022,9,0.0,0.0,0.2422,True,False,True,False,False,0.4,66.1,False,True,False,0
"By 2050, we will remove an amount of carbon equivalent to all our historical emissions.",12,Carbon negative by 2030 > Removing the rest of our emissions,target,firm,"2050,",,2050,,0.5,data/raw/microsoft/2022_sustainability_report.pdf,microsoft,2022,14,0.0,0.0,0.1629,True,False,True,False,False,0.4,41.6,False,True,False,0
"More than 95 percent of our Scope 2 emissions were reduced by renewable energy from power purchase agreements (PPAs), green tariff programs, and unbundled renewable energy certificates.",12,Carbon negative by 2030 > Our progress,achievement,achievement,95 percent,,,Scope 2,0.67,data/raw/microsoft/2022_sustainability_report.pdf,microsoft,2022,25,0.0,0.0,0.0,True,False,False,True,False,0.4,12.3,True,False,False,0
"Our value chain or Scope 3 emissions increased slightly at 0.5 percent, despite a 25 percent increase in purchased goods and services due to business growth.",12,Carbon negative by 2030 > Scope 3 emissions increased by 0.5 percent,achievement,achievement,0.5 percent,,,Scope 3; value chain,0.67,data/raw/microsoft/2022_sustainability_report.pdf,microsoft,2022,23,0.0,0.0,0.0,True,False,False,True,False,0.4,51.7,False,False,False,0
"13.5 GW of carbon-free energy In FY22, we signed new Power Purchase Agreements (PPAs) around the globe, bringing our total portfolio of carbon-free energy to over 13.5 GW, including more than 135 projects in 16 countries.",12,Carbon negative by 2030 > Scope 3 emissions increased by 0.5 percent,attribute,,13.5,,,,0.5,data/raw/microsoft/2022_sustainability_report.pdf,microsoft,2022,32,0.0,0.0312,0.0,True,False,False,False,False,0.075,55.9,False,False,False,0
"We contracted 1,443,981 metric tons of carbon removal in FY22.",12,Carbon negative by 2030 > Over 1.4M metric tons of carbon removal,other,,"1,443,981 metric tons",,,,0.5,data/raw/microsoft/2022_sustainability_report.pdf,microsoft,2022,9,0.0,0.0,0.0,True,False,False,False,False,0.2,56.7,False,False,False,0
10th year of CDP A List for Climate Change Microsoft was named to the CDP A List for Climate Change for the 10th consecutive year.,12,Carbon negative by 2030 > Other achievements,other,achievement,,,,,0.0,data/raw/microsoft/2022_sustainability_report.pdf,microsoft,2022,25,0.0,0.0,0.0,False,False,False,False,True,0.2,69.8,True,False,False,0
"In FY22, we procured 1.44 million metric tons and retired 514,156 metric tons of carbon removal as part of our effort toward achieving our annual carbon commitment to be carbon neutral.",13,Carbon negative by 2030 > Carbon Table 1 Tracking our yearly progress toward carbon negative by 2030,attribute,firm,1.44 million,,,,0.5,data/raw/microsoft/2022_sustainability_report.pdf,microsoft,2022,29,0.0,0.0,0.0345,True,False,False,False,False,0.2,49.2,False,False,False,0
Scope 2 and 3 values are market-based and management’s criteria metrics.,13,Carbon negative by 2030 > Learn more in the Environmental Data Fact Sheet,other,,2,,,Scope 2,1.0,data/raw/microsoft/2022_sustainability_report.pdf,microsoft,2022,10,0.0,0.0,0.0,True,False,False,True,False,0.4,27.5,False,False,False,0
A company is carbon negative when it removes more carbon than it emits each year.,13,Carbon negative by 2030 > Learn more in the Environmental Data Fact Sheet,attribute,,,,,,0.0,data/raw/microsoft/2022_sustainability_report.pdf,microsoft,2022,15,0.0,0.0,0.0,False,False,False,False,False,0.0,56.3,False,False,False,0
Microsoft’s overall emissions decreased by 0.5 percent in FY22.,13,Carbon negative by 2030 > Learn more in the Environmental Data Fact Sheet,achievement,achievement,0.5 percent,,,,0.33,data/raw/microsoft/2022_sustainability_report.pdf,microsoft,2022,9,0.0,0.0,0.0,True,False,False,False,False,0.2,33.1,False,False,False,0
"This was driven by improvements in our operations, telemetry-based measurement, renewable energy investments, sustainable aviation fuel purchases, and procurement of unbundled renewable energy certificates (RECs).",13,Carbon negative by 2030 > Learn more in the Environmental Data Fact Sheet,attribute,achievement,,,,own operations,0.5,data/raw/microsoft/2022_sustainability_report.pdf,microsoft,2022,25,0.0,0.0,0.0,False,False,False,True,False,0.2,-38.5,True,False,False,0
Reported emissions for FY20 and FY21 have been recalculated for improved accuracy in accordance with our internal recalculation policy.,13,Carbon negative by 2030 > Learn more in the Environmental Data Fact Sheet,other,achievement,,,,,0.0,data/raw/microsoft/2022_sustainability_report.pdf,microsoft,2022,19,0.0526,0.0,0.0,False,False,False,False,False,0.0,0.5,True,False,False,0
"Microsoft’s Scope 3 emissions account for more than 96 percent of our total emissions, with the vast majority of these emissions coming from two categories upstream, Purchased Goods and Services (Category 1) and Capital Goods (Category 2), and one downstream, Use of Sold Products (Category 11).",14,Carbon negative by 2030 > Carbon Table 3 Breaking down our FY22 Scope 3 emissions by source,other,,96 percent,,,Scope 3; upstream; downstream,1.0,data/raw/microsoft/2022_sustainability_report.pdf,microsoft,2022,42,0.0,0.0,0.0,True,False,False,True,False,0.4,7.1,False,False,False,0
Scope 3 represents 96 percent of Microsoft’s annual emissions in FY22.,14,Carbon negative by 2030 > Tackling Scope 3,other,,96 percent,,,Scope 3,1.0,data/raw/microsoft/2022_sustainability_report.pdf,microsoft,2022,10,0.0,0.0,0.0,True,False,False,True,False,0.4,44.4,False,False,False,0
Our Scope 3 emissions result primarily from the operations of our tens of thousands of suppliers (upstream) and the use of our products across millions of our customers (downstream).,14,Carbon negative by 2030 > Tackling Scope 3,other,,3,,,Scope 3; upstream; downstream,1.0,data/raw/microsoft/2022_sustainability_report.pdf,microsoft,2022,28,0.0,0.0,0.0,True,False,False,True,False,0.4,39.4,False,False,False,0
"Reducing Scope 3 emissions requires unprecedented scaling of corporate clean energy purchases across Microsoft’s value chain, to address both the electricity consumed by our products, like Xbox devices or Surface laptops, and used to manufacture everything from semiconductors to fiber optic cables.",14,Carbon negative by 2030 > Tackling Scope 3,attribute,,3,,,Scope 3; value chain,1.0,data/raw/microsoft/2022_sustainability_report.pdf,microsoft,2022,42,0.0,0.0,0.0,True,False,False,True,False,0.4,-15.1,False,False,False,0
"Moreover, tackling Scope 3 means decarbonizing hard-toabate industries, including the steel, concrete, and other building materials used in our datacenters, as well as jet fuel for business travel and logistics.",14,Carbon negative by 2030 > Tackling Scope 3,other,,3,,,Scope 3,1.0,data/raw/microsoft/2022_sustainability_report.pdf,microsoft,2022,29,0.0,0.0,0.0,True,False,False,True,False,0.4,14.0,False,False,False,0
Wind farms generate more than 35 percent of Ireland’s electricity.,15,Ensuring energy efficiency > Promoting grid stability via energy storage solutions,other,,35 percent,,,,0.5,data/raw/microsoft/2022_sustainability_report.pdf,microsoft,2022,10,0.0,0.0,0.0,True,False,False,False,False,0.2,35.9,False,False,False,0
"More than 220 miles of piping will distribute 320,000 gallons of water as a heat-exchange medium across the wells and the new campus in a closed loop system.",15,Ensuring energy efficiency > Innovating with thermal energy in our campuses,other,firm,"320,000 gallons",,,,0.5,data/raw/microsoft/2022_sustainability_report.pdf,microsoft,2022,26,0.0,0.0,0.0385,True,False,False,False,False,0.2,53.5,False,True,False,0
"The Thermal Energy Center houses chillers, cooling towers, backup generators, solar panels, and 65-foot tanks that can store thousands of gallons of water as thermal energy.",15,Ensuring energy efficiency > Innovating with thermal energy in our campuses,other,,65,,,,0.5,data/raw/microsoft/2022_sustainability_report.pdf,microsoft,2022,26,0.0,0.0,0.0,True,False,False,False,False,0.2,30.8,False,False,False,0
The system is expected to reduce energy consumption by more than 50 percent of a typical utility plant.,15,Ensuring energy efficiency > Innovating with thermal energy in our campuses,other,,50 percent,,,,0.5,data/raw/microsoft/2022_sustainability_report.pdf,microsoft,2022,17,0.0,0.1176,0.0588,True,False,False,False,False,0.0,35.3,True,False,False,0
"The decreasing cost of renewable sources, advancement of green hydrogen production technology, and increasing legislative focus are starting to show potential to reduce the datacenter industry’s reliance on fossil-based diesel fuels.",16,Ensuring energy efficiency > Developing hydrogen fuel cells for datacenters,attribute,,,,,,0.0,data/raw/microsoft/2022_sustainability_report.pdf,microsoft,2022,32,0.0,0.0,0.0,False,False,False,False,False,0.0,-2.8,False,False,False,1
"Microsoft is demonstrating the application of green hydrogen at industrial scales— with a first of its kind, zero emission, 3 MW hydrogen polymer electrolyte membrane (PEM) fuel cell backup power generator piloted in July 2022.",16,Ensuring energy efficiency > Developing hydrogen fuel cells for datacenters,attribute,,3,,,,0.5,data/raw/microsoft/2022_sustainability_report.pdf,microsoft,2022,33,0.0,0.0,0.0,True,False,False,False,False,0.2,6.7,False,False,False,0
"The One Esterra food hall includes 12,200 square feet of all-electric cooking space, which supports more than 1,000 meals a day and uses 100 percent renewable hydro power.",16,Ensuring energy efficiency > Developing hydrogen fuel cells for datacenters,other,,100 percent,,,,0.5,data/raw/microsoft/2022_sustainability_report.pdf,microsoft,2022,25,0.0,0.0,0.0,True,False,False,False,False,0.2,46.1,False,False,False,0
We use 100 percent carbon-free energy in our first all-electric kitchen on the Redmond campus.,16,Ensuring energy efficiency > Developing hydrogen fuel cells for datacenters,attribute,,100 percent,,,,0.5,data/raw/microsoft/2022_sustainability_report.pdf,microsoft,2022,14,0.0,0.0,0.0,True,False,False,False,False,0.2,47.6,False,False,False,0
"We are reducing fossil fuels with our first all-electric kitchen, which uses 100 percent renewable power.",16,Ensuring energy efficiency > Developing hydrogen fuel cells for datacenters,other,firm,100 percent,,,,0.5,data/raw/microsoft/2022_sustainability_report.pdf,microsoft,2022,15,0.0,0.0,0.0,True,False,False,False,False,0.2,39.3,False,False,False,0
"The One Esterra food hall includes 12,200 square feet of all-electric cooking space, which supports more than 1,000 meals a day and uses 100 percent renewable hydro power.",16,Ensuring energy efficiency > Implementing all-electric kitchens,other,,100 percent,,,,0.5,data/raw/microsoft/2022_sustainability_report.pdf,microsoft,2022,25,0.0,0.0,0.0,True,False,False,False,False,0.2,46.1,False,False,False,0
Our Scope 3 commitment is our most powerful opportunity to help accelerate global decarbonization efforts by engaging suppliers and customers in our value chain and partnering to reduce emissions associated with the business we do together.,17,Reducing Scope 3 emissions,other,firm,3,,,Scope 3; value chain,1.0,data/raw/microsoft/2022_sustainability_report.pdf,microsoft,2022,35,0.0,0.0,0.0286,True,False,False,True,False,0.4,-0.3,False,False,False,1
"Microsoft’s Scope 3 emissions account for more than 96 percent of our total emissions, with the vast majority of these emissions coming from three categories: Purchased Goods and Services (Category 1), Capital Goods (Category 2), and Use of Sold Products (Category 11).",17,Reducing Scope 3 emissions,other,,96 percent,,,Scope 3,1.0,data/raw/microsoft/2022_sustainability_report.pdf,microsoft,2022,38,0.0,0.0,0.0,True,False,False,True,False,0.4,8.0,False,False,False,0
"Overall, our Scope 3 emissions increased by 0.5 percent in FY22 compared to FY21.",17,Reducing Scope 3 emissions,achievement,achievement,0.5 percent,,,Scope 3,0.67,data/raw/microsoft/2022_sustainability_report.pdf,microsoft,2022,12,0.0,0.0,0.0,True,False,False,True,False,0.4,52.7,False,False,False,0
"Just as is the case for Scope 2 reduction efforts, we plan to phase out the use of unbundled RECs in future years as programs to reduce emissions take effect, including substantial forward investments into new clean energy facilities yet to commence operation.",17,Reducing Scope 3 emissions,attribute,hedged,2,,,Scope 2,1.0,data/raw/microsoft/2022_sustainability_report.pdf,microsoft,2022,42,0.0238,0.0,0.0476,True,False,False,True,False,0.305,23.2,False,False,False,0
Accurate measurement is one of the biggest challenges in Scope 3 emissions reduction.,17,Reducing Scope 3 emissions > Improving Scope 3 measurement and methodologies,other,,3,,,Scope 3,1.0,data/raw/microsoft/2022_sustainability_report.pdf,microsoft,2022,12,0.0,0.0,0.0,True,False,False,True,False,0.4,25.5,False,False,False,0
"In July 2022, we updated our Supplier Code of Conduct (SCoC) sustainability requirements to include independent third-party assurance of emissions data and to deliver a minimum 55 percent greenhouse gas (GHG) reduction by 2030.",17,Reducing Scope 3 emissions > Increasing data quality from our supply chain,target,,55 percent,2030,2030,,0.75,data/raw/microsoft/2022_sustainability_report.pdf,microsoft,2022,31,0.0,0.0,0.0523,True,True,True,False,True,0.8,3.4,False,False,False,0
"For capital goods, we are developing new methodologies to use product specific emissions factors for building materials from the Embodied Carbon in Construction Calculator (EC3).",17,Reducing Scope 3 emissions > Improving accounting methodologies,other,,,,,,0.0,data/raw/microsoft/2022_sustainability_report.pdf,microsoft,2022,25,0.0,0.0,0.0,False,False,False,False,False,0.0,8.9,False,False,False,0
"This methodology is under development (not yet reflected in Scope 3 reporting metrics) and, in combination with using EC3 in project decisions to track and reduce embodied carbon at each phase of construction, will enable us to reduce embodied carbon emissions on our construction projects as well as demonstrate those product-level reduction decisions in future reporting cycles.",17,Reducing Scope 3 emissions > Improving accounting methodologies,other,firm,3,,,Scope 3,1.0,data/raw/microsoft/2022_sustainability_report.pdf,microsoft,2022,56,0.0,0.0,0.0357,True,False,False,True,False,0.4,-8.6,False,True,False,0
"Our top priority for reducing Scope 3 emissions is to design efficiency and circularity into construction and purchasing from the start, so our supply chain uses less energy.",18,Reducing emissions by consuming less,other,,3,,,Scope 3; supply chain,1.0,data/raw/microsoft/2022_sustainability_report.pdf,microsoft,2022,27,0.0,0.0,0.0,True,False,False,True,False,0.4,22.8,False,False,False,0
"This year, we piloted a new concrete mix using recycled glass pozzolans, reducing embodied carbon for the slab structure by around half.",18,Reducing emissions by consuming less > Reducing embodied carbon in buildings and interiors,attribute,,,,,,0.0,data/raw/microsoft/2022_sustainability_report.pdf,microsoft,2022,22,0.0,0.0455,0.0,False,False,False,False,False,0.0,42.2,False,False,False,0
"These standards, using the Embodied Carbon in Construction Calculator (EC3), set thresholds for mineral wool insulation, cold-formed steel framing, carpeting, and gypsum.",18,Reducing emissions by consuming less > Reducing embodied carbon in buildings and interiors,other,,,,,,0.0,data/raw/microsoft/2022_sustainability_report.pdf,microsoft,2022,22,0.0,0.0,0.0,False,False,False,False,False,0.0,15.3,False,False,False,0
"Our Circular Center program will reuse or recycle 90 percent of datacenter decommissioned cloud computing hardware assets, contributing directly to emissions reductions.",18,Reducing emissions by consuming less > Reimagining circularity of cloud hardware,other,firm,90 percent,,,,0.5,data/raw/microsoft/2022_sustainability_report.pdf,microsoft,2022,21,0.0,0.0,0.0476,True,False,False,False,False,0.2,-3.8,False,True,False,0
"In FY22, our cloud hardware designers worked with material and component suppliers to design components that reduced dependency on virgin plastic, introducing up to 35 percent post-consumer recycled (PCR) plastic in select server components.",18,Reducing emissions by consuming less > Engineering carbon out of our cloud operations and hardware supply chain,achievement,achievement,35 percent,,,,0.33,data/raw/microsoft/2022_sustainability_report.pdf,microsoft,2022,33,0.0,0.0303,0.0,True,False,False,False,False,0.079,4.1,False,False,False,0
"We also redesigned certain rack components to drive material reduction, resulting in a reduction of plastic in those components by 12 percent.",18,Reducing emissions by consuming less > Engineering carbon out of our cloud operations and hardware supply chain,other,,12 percent,,,,0.5,data/raw/microsoft/2022_sustainability_report.pdf,microsoft,2022,21,0.0,0.0,0.0,True,False,False,False,False,0.2,24.4,False,False,False,0
"Certified, consuming less than half the recommended energy limit from the latest ENERGY STAR computer specifications.4 Surface Pro 9 5G, powered by ARM technology, combines the energy efficiency of modern mobile devices with the computing power of a traditional computer.",18,Reducing emissions by consuming less > Boosting efficiency of device usage,other,,9,,,,0.5,data/raw/microsoft/2022_sustainability_report.pdf,microsoft,2022,39,0.0,0.0,0.0,True,False,False,False,False,0.2,7.0,False,False,False,0
"We also use software to reduce carbon emissions associated with our devices’ use stage, such as with the energy-efficient Shutdown (energy saving) mode for Xbox, which cuts power use by up to 20 times when it is off, compared to Sleep mode.",18,Reducing emissions by consuming less > Boosting efficiency of device usage,other,,20,,,,0.5,data/raw/microsoft/2022_sustainability_report.pdf,microsoft,2022,41,0.0,0.0244,0.0,True,False,False,False,False,0.102,31.1,False,False,False,0
90% Our Circular Center program will reuse or recycle 90 percent of datacenter decommissioned cloud computing hardware assets.,18,Reducing emissions by consuming less > Boosting efficiency of device usage,other,firm,90%,,,,0.5,data/raw/microsoft/2022_sustainability_report.pdf,microsoft,2022,16,0.0,0.0,0.0625,True,False,False,False,False,0.2,16.1,False,True,False,0
"Since 2020, our SCoC has required that suppliers disclose GHG emissions and plans to reduce those emissions.",19,Reducing emissions by consuming less > Roadmapping our supply chain,other,,"2020,",,,,0.5,data/raw/microsoft/2022_sustainability_report.pdf,microsoft,2022,16,0.0,0.0,0.0625,True,False,False,False,False,0.2,58.4,False,False,False,0
"In FY22, we supported the avoidance of 28,000 mt of CO subscript 2 e savings in partnership with our suppliers by shifting cargo from carbon intense modes (air and truck) to lower-carbon modes (ocean and rail).",19,Reducing emissions by consuming less > Roadmapping our supply chain,other,,"28,000",,,,0.5,data/raw/microsoft/2022_sustainability_report.pdf,microsoft,2022,34,0.0,0.0,0.0,True,False,False,False,False,0.2,40.4,False,False,False,0
"These reductions include 12 suppliers switching to renewable energy, with six converting to 100 percent renewable energy as members of RE100.",19,Reducing emissions by consuming less > Reducing emissions in our devices supply chain,other,,100 percent,,,,0.5,data/raw/microsoft/2022_sustainability_report.pdf,microsoft,2022,19,0.0,0.0,0.0,True,False,False,False,False,0.2,27.3,False,False,False,0
"In 2022, our logistics teams explored new ways to mitigate sources of logistics emissions.",19,Reducing emissions by consuming less > Decarbonizing transportation,other,,"2022,",,,,0.5,data/raw/microsoft/2022_sustainability_report.pdf,microsoft,2022,13,0.0,0.0,0.0,True,False,False,False,False,0.2,37.5,False,False,False,0
Microsoft is advancing efforts to increase the production of and accounting standards for sustainable aviation fuel (SAF).,19,Reducing emissions by consuming less > Advancing sustainable aviation,attribute,,,,,,0.0,data/raw/microsoft/2022_sustainability_report.pdf,microsoft,2022,17,0.0,0.0,0.0,False,False,False,False,False,0.0,30.3,False,False,False,0
"In 2022, we piloted the Roundtable on Sustainable Biomaterial’s (RSB) “book and claim” process, which will result in a SAF certificate for Microsoft in collaboration with United Airlines and AirBP.",19,Reducing emissions by consuming less > Advancing sustainable aviation,other,firm,"2022,",,,,0.5,data/raw/microsoft/2022_sustainability_report.pdf,microsoft,2022,30,0.0,0.0,0.0333,True,False,False,False,False,0.2,26.9,False,True,False,0
"In July 2022 Microsoft announced a partnership with Alaska Airlines and Twelve, a Climate Innovation Fund investee, to operate the first demonstration flight using e-Jet, a low-carbon jet fuel produced from recaptured carbon dioxide, water, and renewable energy.",19,Reducing emissions by consuming less > Advancing sustainable aviation,other,,2022,,,,0.5,data/raw/microsoft/2022_sustainability_report.pdf,microsoft,2022,37,0.0,0.0,0.0,True,False,False,False,False,0.2,0.1,False,False,False,0
Microsoft worked together with the Environmental Defense Fund to publish the High Integrity Sustainable Aviation Fuel Handbook.,19,Reducing emissions by consuming less > Advancing sustainable aviation,attribute,,,,,,0.0,data/raw/microsoft/2022_sustainability_report.pdf,microsoft,2022,17,0.0,0.0,0.0,False,False,False,False,False,0.0,10.4,False,False,False,0
"In parallel to energy reductions and efficiencies, our work supports the growth and adoption of more carbon-free energy.",20,Transitioning to carbon-free energy,attribute,,,,,,0.0,data/raw/microsoft/2022_sustainability_report.pdf,microsoft,2022,18,0.0,0.0,0.0,False,False,False,False,False,0.0,33.5,False,False,False,0
"Our long-term vision is to reach a state where, on all the world’s grids, 100 percent of electrons, 100 percent of the time, are generated from zero-carbon sources.",20,Transitioning to carbon-free energy,other,,100 percent,,,,0.5,data/raw/microsoft/2022_sustainability_report.pdf,microsoft,2022,27,0.0,0.0,0.0,True,False,False,False,True,0.4,54.1,True,False,False,0
"On the path to reaching this vision, our commitment is to cover 100 percent of Microsoft’s load with renewable energy purchases by 2025, and by 2030 to ensure that we meet our 100/100/0 commitment, meaning 100 percent of Microsoft’s electricity consumption, 100 percent of the time, will be matched by zero-carbon energy purchases.",20,Transitioning to carbon-free energy,target,firm,100 percent,,2025,,0.5,data/raw/microsoft/2022_sustainability_report.pdf,microsoft,2022,49,0.0,0.0,0.1016,True,False,True,False,False,0.4,10.3,True,True,False,0
"In FY22, we continued to work with industry-leading partners such as Shell, Constellation, and ENGIE to procure new carbon-free energy resources to meet our goals.",20,Transitioning to carbon-free energy,attribute,,,,,,0.0,data/raw/microsoft/2022_sustainability_report.pdf,microsoft,2022,25,0.08,0.0,0.04,False,False,False,False,False,0.0,39.3,False,False,False,1
"To continue advancing the green energy economy in the United States and in recognition of the opportunity to proactively collaborate on driving a more reliable domestic solar module supply chain, Microsoft is collaborating with Hanwha to increase domestic green energy manufacturing through a first-of-its-kind initiative for major equipment and associated construction services.",20,Transitioning to carbon-free energy,attribute,,,,,supply chain,0.5,data/raw/microsoft/2022_sustainability_report.pdf,microsoft,2022,52,0.0,0.0,0.0,False,False,False,True,False,0.2,-34.7,False,False,False,0
"By partnering with Hanwha, Microsoft seeks to facilitate quicker adoption of domestic green energy equipment supply through its pipeline of domestic power purchase agreements (PPAs).",20,Transitioning to carbon-free energy,attribute,,,,,,0.0,data/raw/microsoft/2022_sustainability_report.pdf,microsoft,2022,25,0.0,0.04,0.0,False,False,False,False,False,0.0,8.9,False,False,False,0
"In FY22, we signed new power purchase agreements around the globe, bringing our total portfolio of PPAs for carbon-free energy to over 13.5 GW.",20,Transitioning to carbon-free energy,attribute,,13.5,,,,0.5,data/raw/microsoft/2022_sustainability_report.pdf,microsoft,2022,23,0.0,0.0435,0.0,True,False,False,False,False,0.026,59.1,False,False,False,0
"Globally, we have more than 135 renewables projects in our PPA portfolio and are positioned to continue to grow our renewable resource procurement to meet our goals.",20,Transitioning to carbon-free energy,other,,135,,,global,1.0,data/raw/microsoft/2022_sustainability_report.pdf,microsoft,2022,26,0.0,0.0,0.0385,True,False,False,True,False,0.4,34.0,True,False,False,0
"In addition to carbon-free energy, Microsoft has made commitments to diversity and inclusion, and to racial equity.",20,Committing to environmental justice in carbon-free energy procurement,attribute,,,,,,0.0,data/raw/microsoft/2022_sustainability_report.pdf,microsoft,2022,17,0.0,0.0,0.0588,False,False,False,False,False,0.0,20.4,False,False,False,0
"To support environmental justice outcomes in a reimagined energy sector, Microsoft is in its third year of modeling approaches that link our carbon-free energy commitments with community-led clean energy and resiliency projects.",20,Committing to environmental justice in carbon-free energy procurement,attribute,hedged,,,,,0.0,data/raw/microsoft/2022_sustainability_report.pdf,microsoft,2022,32,0.0,0.0,0.0312,False,False,False,False,False,0.0,-2.8,False,False,False,0
"Through partnerships, we have established new renewable energy procurement models that create new opportunities for frontline communities by equitably distributing the benefits of the clean energy economy.",20,Committing to environmental justice in carbon-free energy procurement,attribute,,,,,,0.0,data/raw/microsoft/2022_sustainability_report.pdf,microsoft,2022,27,0.0,0.0,0.0,False,False,False,False,False,0.0,-11.7,False,False,False,0
"Once fully subscribed, the two solar gardens could save Illinois subscribers more than $100,000 a year in total electricity costs, while also reducing carbon emissions equivalent to more than 1,000 households’ average electricity usage.",20,Committing to environmental justice in carbon-free energy procurement,other,hedged,"100,000",,,,0.5,data/raw/microsoft/2022_sustainability_report.pdf,microsoft,2022,32,0.0,0.0312,0.0,True,False,False,False,False,0.075,5.2,False,False,True,0
"By using emissions data to determine where new solar generation can displace the most carbon, Clearloop is collaborating with Microsoft to expand access to clean energy in a state that currently relies on fossil fuels to power nearly 90 percent of its electricity.",20,Committing to environmental justice in carbon-free energy procurement,attribute,,90 percent,,,,0.5,data/raw/microsoft/2022_sustainability_report.pdf,microsoft,2022,42,0.0,0.0,0.0,True,False,False,False,False,0.2,11.1,False,False,False,0
"To support environmental justice outcomes in a reimagined energy sector, Microsoft is in its third year of modeling approaches that link our carbon-free energy commitments with community-led clean energy and resiliency projects.",20,Committing to environmental justice in carbon-free energy procurement,attribute,hedged,,,,,0.0,data/raw/microsoft/2022_sustainability_report.pdf,microsoft,2022,32,0.0,0.0,0.0312,False,False,False,False,False,0.0,-2.8,False,False,False,0
"Energy Compacts were introduced in 2021 as a key outcome of the Highlevel Dialogue on Energy, which calls for affordable, reliable, sustainable, and modern energy for all by 2030.",21,Committing to environmental justice in carbon-free energy procurement > Contribution to collective action to decarbonize the electric grid,target,achievement,2021,,2030,,0.5,data/raw/microsoft/2022_sustainability_report.pdf,microsoft,2022,27,0.0,0.0,0.057,True,False,True,False,False,0.4,29.0,True,False,False,0
Microsoft’s Energy Compact documents its 100/100/0 commitment to carbonfree energy.,21,Committing to environmental justice in carbon-free energy procurement > Contribution to collective action to decarbonize the electric grid,other,firm,100,,,,0.5,data/raw/microsoft/2022_sustainability_report.pdf,microsoft,2022,10,0.0,0.0,0.1,True,False,False,False,False,0.2,10.6,False,False,False,0
"This first purchase funded the installation of public streetlights connected to Nuru’s 1.3-MW solar mini-grid in Ndosho neighborhood in Goma, Democratic Republic of the Congo.",21,Committing to environmental justice in carbon-free energy procurement > Other projects,other,,1.3,,,,0.5,data/raw/microsoft/2022_sustainability_report.pdf,microsoft,2022,26,0.0,0.0,0.0,True,False,False,False,True,0.4,34.2,False,False,False,0
"Our 2022 purchase also supports first-time electricity connections for households, businesses, and social institutions, and deploys additional streetlights that improve nighttime security and allow local businesses and markets to operate during evening hours.",21,Committing to environmental justice in carbon-free energy procurement > Other projects,other,,2022,,,,0.5,data/raw/microsoft/2022_sustainability_report.pdf,microsoft,2022,32,0.0,0.0,0.0,True,False,False,False,False,0.2,-16.0,False,False,False,0
"The purchase also contributes directly to the financing of Nuru’s new 3.7 MW solar metro-grid, which is anticipated to serve 5,000 customers and enhance more than 25,000 lives.",21,Committing to environmental justice in carbon-free energy procurement > Other projects,other,,3.7,,,,0.5,data/raw/microsoft/2022_sustainability_report.pdf,microsoft,2022,26,0.0,0.0385,0.0,True,False,False,False,True,0.246,40.7,True,False,False,0
"Together, these projects are some of the largest off-grid minigrids operating in Sub-Saharan Africa, eventually benefiting 125,000 people and raising the average electricity rate from three percent to around 20 percent.",21,Committing to environmental justice in carbon-free energy procurement > Other projects,other,,20 percent,,,,0.5,data/raw/microsoft/2022_sustainability_report.pdf,microsoft,2022,29,0.0,0.0345,0.0,True,False,False,False,True,0.262,2.4,False,False,False,0
Microsoft links carbon-free energy commitments with community-led clean energy and resiliency projects.,21,Committing to environmental justice in carbon-free energy procurement > Other projects,attribute,,,,,,0.0,data/raw/microsoft/2022_sustainability_report.pdf,microsoft,2022,12,0.0,0.0,0.0833,False,False,False,False,False,0.0,-9.8,False,False,False,0
"Over the past 18 months, we have developed the process and structures to create long-term carbon removal offtake agreements designed to get new projects built.",22,Removing carbon > Our focus,other,,18,,,,0.5,data/raw/microsoft/2022_sustainability_report.pdf,microsoft,2022,24,0.0,0.0,0.0,True,False,False,False,False,0.2,38.0,False,False,False,0
"In FY22, we contracted 1,443,981 metric tons of carbon removal.",22,2022 projects and results,other,,"1,443,981 metric tons",,,,0.5,data/raw/microsoft/2022_sustainability_report.pdf,microsoft,2022,9,0.0,0.0,0.0,True,False,False,False,False,0.2,56.7,False,False,False,0
"In July 2022, we signed a 10-year forward agreement with Climeworks to purchase DAC removals from their Orca and Mammoth plants, building on our earlier purchase commitment with Climeworks.",23,2022 projects and results > Climeworks offtake,other,firm,"2022,",,,,0.5,data/raw/microsoft/2022_sustainability_report.pdf,microsoft,2022,28,0.0,0.0,0.0714,True,False,False,False,False,0.2,36.4,False,False,False,0
"Early in 2022, we signed a small deal with Climate Robotics and we doubleddown in August with a four-year, 75,000 metric ton contract.",23,2022 projects and results > Climate Robotics,other,,"75,000 metric ton",,,,0.5,data/raw/microsoft/2022_sustainability_report.pdf,microsoft,2022,21,0.0,0.0,0.0,True,False,False,False,False,0.2,56.6,False,False,False,0
"In September 2022, we signed a deal for 25,000 metric tons of CDR from O.C.O’s mineralization technology, which takes industrial waste (like fly ash) and uses it as the core of manufactured limestone.",23,2022 projects and results > O.C.O Technology,other,,"25,000 metric tons",,,,0.5,data/raw/microsoft/2022_sustainability_report.pdf,microsoft,2022,34,0.0,0.0,0.0,True,False,False,False,False,0.2,56.0,False,False,False,0
"We renewed our investment in the CommuniTree project in November 2022, signing for 700,000 metric tons in the form of ex ante credits over the next two years, which we project will deliver >100,000 metric tons of ex post verified carbon in 2030 and subsequent years.",23,2022 projects and results > O.C.O Technology,other,firm,"700,000 metric tons",2030,,,0.5,data/raw/microsoft/2022_sustainability_report.pdf,microsoft,2022,42,0.0,0.0,0.0238,True,True,False,False,True,0.6,35.3,False,True,False,0
Microsoft supported the Environmental Defense Fund in developing a handbook which provides expert guidance on using high-integration sustainable aviation fuel.,24,5 Lower embodied carbon in materials needs to be a focus > Sustainable aviation fuel guidance,attribute,,,,,,0.0,data/raw/microsoft/2022_sustainability_report.pdf,microsoft,2022,20,0.0,0.0,0.0,False,False,False,False,False,0.0,-8.0,False,False,False,0
Many of the technology solutions needed to reduce Scope 3 emissions are either nascent or currently unavailable at scale.,25,Scope 3 emissions reduction,other,,3,,,Scope 3,1.0,data/raw/microsoft/2022_sustainability_report.pdf,microsoft,2022,18,0.0556,0.0,0.0,True,False,False,True,False,0.178,24.1,False,False,False,0
GHG accounting standards provide limited guidance on how to address Scope 3 emissions.,25,Scope 3 emissions reduction,other,,3,,,Scope 3,1.0,data/raw/microsoft/2022_sustainability_report.pdf,microsoft,2022,12,0.0,0.0,0.0,True,False,False,True,False,0.4,39.6,False,False,False,0
"For too long, the lack of a clear starting point has led to persistent inaction on Scope 3.",25,Scope 3 emissions reduction,other,,,,,Scope 3,0.5,data/raw/microsoft/2022_sustainability_report.pdf,microsoft,2022,17,0.0,0.0,0.0,False,False,False,True,False,0.2,80.1,False,False,False,0
"1 Increasing efficiency: We will design our products and infrastructure in ways that reduce energy and carbon intensity, minimizing both downstream and upstream carbon emissions.",25,Scope 3 emissions reduction,other,firm,1,,,upstream; downstream,1.0,data/raw/microsoft/2022_sustainability_report.pdf,microsoft,2022,24,0.0,0.0,0.0417,True,False,False,True,False,0.4,9.8,False,True,False,0
"2 Building markets: Scaling sustainability initiatives, such as the Microsoft Climate Innovation Fund and carbon fee, position us to invest in and purchase from nascent technology providers, like Heirloom, to build supply chains for decarbonized materials and fuels.",25,Scope 3 emissions reduction,other,,2,,,supply chain,1.0,data/raw/microsoft/2022_sustainability_report.pdf,microsoft,2022,37,0.0,0.0,0.0,True,False,False,True,False,0.4,0.1,False,False,False,0
3 Forging partnerships: Microsoft cannot achieve carbon negative alone.,25,Scope 3 emissions reduction,attribute,,3,,,,0.5,data/raw/microsoft/2022_sustainability_report.pdf,microsoft,2022,8,0.0,0.0,0.0,True,False,False,False,False,0.2,-2.2,False,False,False,0
We are developing improved Scope 3 data visibility and carbon accounting methodologies to better guide and reflect meaningful actions towards reducing carbon emissions.,25,Scope 3 emissions reduction,other,,3,,,Scope 3,1.0,data/raw/microsoft/2022_sustainability_report.pdf,microsoft,2022,22,0.1364,0.0,0.0,True,False,False,True,False,0.1,-7.8,False,False,False,0
"5 Advocating for policy: We will propose and endorse public policies that enrich markets, partnerships, and measurement activities, with a focus on “greening the grid,” by further opening the power sector to corporate clean energy purchases and upgrading electric transmission.",25,Scope 3 emissions reduction,attribute,firm,5,,,,0.5,data/raw/microsoft/2022_sustainability_report.pdf,microsoft,2022,39,0.0,0.0,0.0256,True,False,False,False,True,0.4,-1.9,False,True,False,0
"Scope 3 is perhaps the ultimate decarbonization challenge, necessitating the co-evolution of commercial, technology, and policy best practices among thousands of global stakeholders.",25,Scope 3 emissions reduction,other,,3,,,Scope 3,1.0,data/raw/microsoft/2022_sustainability_report.pdf,microsoft,2022,22,0.0,0.0,0.0,True,False,False,True,False,0.4,-23.1,False,False,False,0
"Our carbon negative commitment is an invitation to the world to participate in this journey, translating ingenuity into action, and action into impact.",25,Scope 3 emissions reduction,attribute,firm,,,,,0.0,data/raw/microsoft/2022_sustainability_report.pdf,microsoft,2022,23,0.0,0.0,0.0435,False,False,False,False,False,0.0,18.0,False,False,False,0
Our carbon negative commitment is an invitation to the world to participate in the journey to emissions reductions.,25,Scope 3 emissions reduction,attribute,firm,,,,,0.0,data/raw/microsoft/2022_sustainability_report.pdf,microsoft,2022,18,0.0,0.0,0.0556,False,False,False,False,False,0.0,28.8,False,False,False,0
"In 2020, we made a commitment to be water positive by 2030 and co-founded the Water Resilience Coalition (WRC), an industry-driven, CEO-led coalition of the UN Global Compact CEO Water Mandate to reduce water stress by 2050.",26,Getting to water positive > Our approach,target,firm,"2020,",,2030,,0.5,data/raw/microsoft/2022_sustainability_report.pdf,microsoft,2022,34,0.0,0.0,0.1082,True,False,True,False,False,0.4,25.5,False,False,False,1
In FY22 we contracted replenishment projects that are estimated to provide more than 15.6 million m cubed in volumetric water benefit.,26,Getting to water positive > Our approach,other,,15.6 million,,,,0.5,data/raw/microsoft/2022_sustainability_report.pdf,microsoft,2022,20,0.0,0.1,0.0,True,False,False,False,False,0.0,35.9,True,False,False,0
In FY22 we contracted replenishment projects that are estimated to provide more than 15.6 million m3 in volumetric water benefit.,26,Getting to water positive > Our approach,other,,15.6 million,,,,0.5,data/raw/microsoft/2022_sustainability_report.pdf,microsoft,2022,19,0.0,0.1053,0.0,True,False,False,False,False,0.0,36.9,True,False,False,0
"By 2030, we will replenish more water than we consume across our global operations in water-stressed regions where we work.",27,Water positive by 2030 Our commitment > Replenishing more water than we use,target,firm,"2030,",,2030,,0.5,data/raw/microsoft/2022_sustainability_report.pdf,microsoft,2022,19,0.0,0.0,0.1253,True,False,True,False,False,0.4,45.1,False,True,False,0
We will provide 1.5 million people with access to clean water and sanitation services by 2030.,27,Water positive by 2030 Our commitment > Increasing access to water,target,firm,1.5 million,2030,2030,,0.75,data/raw/microsoft/2022_sustainability_report.pdf,microsoft,2022,14,0.0,0.0,0.1629,True,True,True,False,False,0.6,60.7,False,True,False,0
"In FY22, we contracted for replenishment projects that are estimated to provide more than 15.6 million m cubed in volumetric water benefit over the lifetime of these projects.",27,Water positive by 2030 Our commitment > 15.6 million m cubed of water replenishment,other,,15.6 million,,,,0.5,data/raw/microsoft/2022_sustainability_report.pdf,microsoft,2022,27,0.0,0.0741,0.0,True,False,False,False,False,0.0,39.6,True,False,False,0
"Since the inception of this program, we have contracted for projects that are estimated to provide more than 35 million m cubed in volumetric water benefit over the lifetime of these projects.",27,Water positive by 2030 Our commitment > 15.6 million m cubed of water replenishment,other,,35 million,,,,0.5,data/raw/microsoft/2022_sustainability_report.pdf,microsoft,2022,31,0.0,0.0645,0.0,True,False,False,False,False,0.0,30.7,True,False,False,0
"By the end of FY22, we provided more than 550,000 people with access to clean water and sanitation solutions in Brazil, India, Indonesia, and Mexico and reached just under one million people by the end of the calendar year 2022.",27,Water positive by 2030 Our commitment > Water access for 1 million people,achievement,achievement,"550,000",,,,0.33,data/raw/microsoft/2022_sustainability_report.pdf,microsoft,2022,38,0.0,0.0,0.0,True,False,False,False,False,0.2,36.9,False,False,False,0
"In FY22, we consumed nearly 6.4 million m cubed of water from our operations.",28,Water positive by 2030 Our commitment > Water access for 1 million people,other,,6.4 million,,,own operations,1.0,data/raw/microsoft/2022_sustainability_report.pdf,microsoft,2022,13,0.0,0.0,0.0,True,False,False,True,False,0.4,57.1,False,False,False,0
"In FY22, we contracted for replenishment projects that are estimated to provide more than 15.6 million m cubed in volumetric water benefit over the lifetime of these projects.",28,Water positive by 2030 Our commitment > Learn more in the Environmental Data Fact Sheet,other,,15.6 million,,,,0.5,data/raw/microsoft/2022_sustainability_report.pdf,microsoft,2022,27,0.0,0.0741,0.0,True,False,False,False,False,0.0,39.6,True,False,False,0
"In FY22, Microsoft provided 552,058 people with water access across Brazil, India, Indonesia, and Mexico.",29,"South Africa 16,408 > United States",other,,"552,058",,,,0.5,data/raw/microsoft/2022_sustainability_report.pdf,microsoft,2022,14,0.0,0.0,0.0,True,False,False,False,False,0.2,23.4,False,False,False,0
"From the program’s inception through December 2022, we have provided nearly one million people with water access across these regions.",29,"South Africa 16,408 > United States",other,,"2022,",2022,,,0.5,data/raw/microsoft/2022_sustainability_report.pdf,microsoft,2022,20,0.0,0.0,0.0,True,True,False,False,False,0.4,46.9,False,False,False,0
"Since year one, we have contracted 27 replenishment programs in water-stressed basins, which are contracted to deliver more than 35 million m cubed of replenishment over their lifetime.",29,"South Africa 16,408 > United States",other,,35 million,,,,0.5,data/raw/microsoft/2022_sustainability_report.pdf,microsoft,2022,26,0.0,0.0,0.0,True,False,False,False,False,0.2,24.3,True,False,False,0
Water usage effectiveness (WUE) is a key metric relating to the efficient and sustainable operations of our datacenters and is a crucial aspect as we work towards our commitment to be water positive by 2030.,30,Designing for efficiency > Increasing efficiency in existing systems,target,firm,,,2030,,0.25,data/raw/microsoft/2022_sustainability_report.pdf,microsoft,2022,34,0.0,0.0,0.0788,False,False,True,False,False,0.2,20.5,False,False,False,1
"At our Silicon Valley campus, which is pursuing net-zero water certification and is on track to be one of first tech campuses to secure this certification, we operate a water treatment plant to process on-site grey and black water for reuse and have established a water budget to quantify the amount of water captured, recycled, and reused on-site.",31,Designing for efficiency > Recycling and reusing water,attribute,,,,,,0.0,data/raw/microsoft/2022_sustainability_report.pdf,microsoft,2022,58,0.0,0.0,0.0172,False,False,False,False,False,0.0,3.6,False,False,False,0
We also continue to move forward on plans to access municipal recycled water for landscaping and plumbing at LinkedIn’s Mountain View headquarters.,31,Designing for efficiency > Procuring reclaimed water from utilities,attribute,,,,,,0.0,data/raw/microsoft/2022_sustainability_report.pdf,microsoft,2022,23,0.0,0.0,0.0435,False,False,False,False,False,0.0,29.0,False,False,False,0
We are currently testing municipal recycled water quality to confirm on-site treatment requirements.,31,Designing for efficiency > Procuring reclaimed water from utilities,attribute,,,,,,0.0,data/raw/microsoft/2022_sustainability_report.pdf,microsoft,2022,13,0.0,0.0,0.0,False,False,False,False,False,0.0,-1.6,False,False,False,0
"This project is anticipated to save approximately 30,500 m cubed of potable water annually when implemented, which we expect to be completed in 2023.",31,Designing for efficiency > Procuring reclaimed water from utilities,achievement,achievement,"30,500",,,,0.33,data/raw/microsoft/2022_sustainability_report.pdf,microsoft,2022,22,0.0,0.1364,0.0,True,False,False,False,False,0.0,19.2,True,False,False,0
"Our Thermal Energy Center in Redmond is predicted to save over 37,850 m cubed of water per year through several unconventional approaches to heat rejection.",32,Designing for efficiency > Saving water through thermal energy,other,,"37,850",,,,0.5,data/raw/microsoft/2022_sustainability_report.pdf,microsoft,2022,24,0.0417,0.0,0.0,True,False,False,False,False,0.033,27.4,True,False,False,0
"The system’s wells and tanks will store water as heat energy for future use, instead of expelling it through the cooling towers, which is expected to reduce water use by 30,280 m cubed a year or roughly the volume of 12 Olympic pools.",32,Designing for efficiency > Saving water through thermal energy,other,firm,"30,280",,,,0.5,data/raw/microsoft/2022_sustainability_report.pdf,microsoft,2022,42,0.0,0.0714,0.0476,True,False,False,False,False,0.0,41.3,True,True,False,0
"By powering our datacenter with power from the Sun Streams 2 Solar Project owned by local partner, Longroad Energy, we are displacing the water needed in the traditional electricity generation process.",32,Designing for efficiency > Keeping datacenters cool with less water,other,,2,,,,0.5,data/raw/microsoft/2022_sustainability_report.pdf,microsoft,2022,30,0.0,0.0,0.0,True,False,False,False,False,0.2,10.0,False,False,False,0
"In 2021, Microsoft was the first cloud provider to run two-phased liquid immersion cooling in a production environment.",32,Designing for efficiency > Pioneering liquid immersion cooling,achievement,achievement,"2021,",,,,0.33,data/raw/microsoft/2022_sustainability_report.pdf,microsoft,2022,17,0.0,0.0,0.0,True,False,False,False,False,0.2,30.3,False,False,False,0
"At the component level, we’re testing new biodegradable materials to empower greater circularity of our servers and exploring microfluidics to cool chips more efficiently.",32,Designing for efficiency > Pioneering liquid immersion cooling,attribute,,,,,,0.0,data/raw/microsoft/2022_sustainability_report.pdf,microsoft,2022,25,0.0,0.0,0.0,False,False,False,False,False,0.0,12.3,False,False,False,1
"Four new air-to-water generators were installed at our Hyderabad campus in 2020 and 2021, each has an installed capacity of 500 liters.",32,Designing for efficiency > Investing in air-to-water generation,achievement,achievement,500 liters,,,,0.33,data/raw/microsoft/2022_sustainability_report.pdf,microsoft,2022,19,0.0,0.0,0.0,True,False,False,False,False,0.2,22.8,True,False,False,0
"The Redmond Campus Thermal Energy Center is predicted to save over 37,850 m cubed of water per year.",32,m cubed,other,,"37,850",,,,0.5,data/raw/microsoft/2022_sustainability_report.pdf,microsoft,2022,17,0.0,0.0,0.0,True,False,False,False,False,0.2,50.2,True,False,False,0
"The Redmond Campus Thermal Energy Center is predicted to save over 37,850 m3 of water per year.",32,m cubed,other,,"37,850",,,,0.5,data/raw/microsoft/2022_sustainability_report.pdf,microsoft,2022,16,0.0,0.0,0.0,True,False,False,False,False,0.2,53.1,True,False,False,0
"We have contracted for 27 replenishment projects, totaling more than 35 million m cubed of potential volumetric water benefit and have invested $7 million in the program overall.",33,Replenishing water,other,,35 million,,,,0.5,data/raw/microsoft/2022_sustainability_report.pdf,microsoft,2022,25,0.0,0.0,0.0,True,False,False,False,False,0.2,15.6,False,False,False,0
"In FY22, we invested in six new projects, which are expected to replenish more than 15 million m cubed of water in the next decade.",33,Replenishing water,other,,15 million,,,,0.5,data/raw/microsoft/2022_sustainability_report.pdf,microsoft,2022,24,0.0,0.0833,0.0,True,False,False,False,False,0.0,59.1,True,False,False,0
"To date, we have contracted for 27 replenishment projects, totaling more than 35 million m cubed of potential volumetric water benefit and have invested $7 million in the program overall.",33,Replenishing water,other,,35 million,,,,0.5,data/raw/microsoft/2022_sustainability_report.pdf,microsoft,2022,27,0.0,0.0,0.0,True,False,False,False,False,0.2,19.6,False,False,False,0
We are building the infrastructure to ensure that we can scale to 40 priority water-stressed locations across the globe and are looking at a blend of traditional and more innovative replenishment projects.,33,Replenishing water,other,,40,,,,0.5,data/raw/microsoft/2022_sustainability_report.pdf,microsoft,2022,31,0.0,0.0,0.0,True,False,False,False,False,0.2,25.3,False,False,False,1
"The project is establishing a nature-based wastewater treatment system at the lake using a constructed wetland system that is estimated to treat 6,000-7,000 m cubed of wastewater entering the lake per day and benefit approximately 10,000 people.",33,"Replenishing water > Restoring Sembakkam Lake and wetlands in Chennai, India",other,,"6,000",,,,0.5,data/raw/microsoft/2022_sustainability_report.pdf,microsoft,2022,35,0.0,0.0857,0.0,True,False,False,False,False,0.0,4.5,True,False,False,0
"In 2022, we contracted a project to improve agricultural water efficiency and overall water supply reliability in the Maipo Basin in Chile, the key watershed that Santiago depends upon.",33,"Replenishing water > Improving precision agriculture in Santiago, Chile",other,,"2022,",,,,0.5,data/raw/microsoft/2022_sustainability_report.pdf,microsoft,2022,28,0.0,0.0,0.0,True,False,False,False,False,0.2,9.2,False,False,False,0
The project will support expanded applications of Internet of Things (IoT)-based satellite moisture and irrigation management systems on 360 hectares of private irrigated family farms to decrease water pumping and diversion.,33,"Replenishing water > Improving precision agriculture in Santiago, Chile",other,firm,360 hectares,,,,0.5,data/raw/microsoft/2022_sustainability_report.pdf,microsoft,2022,31,0.0,0.0,0.0323,True,False,False,False,False,0.2,0.7,False,True,False,0
We continue to make progress towards our commitment to provide 1.5 million people with access to safe drinking water and sanitation solutions by 2030.,34,Improving access to water,target,firm,1.5 million,2030,2030,,0.75,data/raw/microsoft/2022_sustainability_report.pdf,microsoft,2022,22,0.0,0.0,0.1109,True,True,True,False,False,0.6,49.5,False,False,False,1
"In 2020, we committed to providing Water.org with $3 million over three years to provide micro-loans to cover a range of solutions, such as installation of household taps and toilets, rainwater harvesting, storage and well restoration for communities and schools.",34,Improving access to water,other,firm,3 million,,,,0.5,data/raw/microsoft/2022_sustainability_report.pdf,microsoft,2022,39,0.0,0.0,0.0256,True,False,False,False,False,0.2,37.4,False,False,False,1
"In FY22, Microsoft’s contribution has provided more than 550,000 people with access to clean water and sanitation services in Brazil, India, Indonesia, and Mexico.",34,Improving access to water,other,,"550,000",,,,0.5,data/raw/microsoft/2022_sustainability_report.pdf,microsoft,2022,24,0.0,0.0,0.0,True,False,False,False,False,0.2,23.9,False,False,False,0
"In FY22, Microsoft’s contribution to water.",34,Improving access to water > Increasing water access in Mexico,other,,,,,,0.0,data/raw/microsoft/2022_sustainability_report.pdf,microsoft,2022,7,0.0,0.0,0.0,False,False,False,False,False,0.0,42.6,False,False,False,0
"In FY22, Microsoft’s contribution to water.",34,Improving access to water > Increasing water access in Mexico,other,,,,,,0.0,data/raw/microsoft/2022_sustainability_report.pdf,microsoft,2022,7,0.0,0.0,0.0,False,False,False,False,False,0.0,42.6,False,False,False,0
Investment in reduction is a critical component of our water positive commitment and one we are focusing on as we get closer to 2030.,36,What’s next > 3 Scaling our efforts to reduce water use across operations,other,firm,,,,,0.0,data/raw/microsoft/2022_sustainability_report.pdf,microsoft,2022,23,0.0,0.0,0.0435,False,False,False,False,False,0.0,40.0,False,False,False,1
"Every year, people consume 100 billion tons of materials, and in 2020 only 8.6 percent of those materials were cycled back into the economy after use, according to the 2022 Circularity Gap Report.",37,Getting to zero waste > Our approach,achievement,achievement,100 billion,,,,0.33,data/raw/microsoft/2022_sustainability_report.pdf,microsoft,2022,29,0.0,0.0,0.0,True,False,False,False,False,0.2,40.4,True,False,False,0
"To reach our commitment to become a zero waste company by 2030, Microsoft is taking an increasingly circular approach to materials management to reduce waste and carbon emissions.",37,Getting to zero waste > Our approach,target,firm,"2030,",,2030,,0.5,data/raw/microsoft/2022_sustainability_report.pdf,microsoft,2022,27,0.0,0.0,0.0941,True,False,True,False,False,0.4,19.6,False,False,False,0
"We are increasing the use of recycled and recyclable content, reducing hazardous substances, and designing out waste.",37,Getting to zero waste > Our approach,attribute,,,,,,0.0,data/raw/microsoft/2022_sustainability_report.pdf,microsoft,2022,17,0.0,0.0,0.0,False,False,False,False,False,0.0,30.3,False,False,False,0
"In FY22, we diverted 12,159 metric tons of solid waste from landfills and incinerators.",37,Getting to zero waste > Our approach,other,,"12,159 metric tons",,,,0.5,data/raw/microsoft/2022_sustainability_report.pdf,microsoft,2022,13,0.0,0.0,0.0,True,False,False,False,False,0.2,50.5,False,False,False,0
"12,159 In FY22, we diverted 12,159 metric tons of solid waste from landfills and incinerators.",37,Getting to zero waste > Our approach,other,,"12,159 metric tons",,,,0.5,data/raw/microsoft/2022_sustainability_report.pdf,microsoft,2022,13,0.0,0.0,0.0,True,False,False,False,False,0.2,50.5,False,False,False,0
"We will achieve 90 percent diversion of operational waste at datacenters and campuses, and 75 percent diversion for all construction and deconstruction projects by 2030.",38,Zero waste by 2030 across our direct waste footprint > Driving to zero waste operations,target,firm,90 percent,2030,2030,,0.75,data/raw/microsoft/2022_sustainability_report.pdf,microsoft,2022,22,0.0,0.0,0.1109,True,True,True,False,False,0.6,15.3,False,True,False,0
"By 2025, we will eliminate single-use plastics in all Microsoft primary product packaging and all IT asset packaging in our datacenters.",38,Zero waste by 2030 across our direct waste footprint > Eliminating single-use plastic,target,firm,"2025,",,2025,,0.5,data/raw/microsoft/2022_sustainability_report.pdf,microsoft,2022,20,0.0,0.0,0.07,True,False,True,False,False,0.4,21.6,False,True,False,0
"We will design Surface devices, Xbox products and accessories, and all Microsoft product packaging to be 100 percent recyclable in OECD countries by 2030.",38,Zero waste by 2030 across our direct waste footprint > Making fully recyclable products and packaging,target,firm,100 percent,,2030,,0.5,data/raw/microsoft/2022_sustainability_report.pdf,microsoft,2022,22,0.0,0.0,0.1109,True,False,True,False,False,0.4,34.5,False,True,False,0
"Zero waste campuses In FY22, we piloted a durables-first campaign in Dublin and Puget Sound, focusing on replacing items such as single-use cups and takeaway containers with reusable solutions.",38,Zero waste by 2030 across our direct waste footprint > Other achievements,attribute,,,,,,0.0,data/raw/microsoft/2022_sustainability_report.pdf,microsoft,2022,29,0.0,0.0,0.0,False,False,False,False,False,0.0,19.9,False,False,False,0
"In FY22, we diverted 12,159 metric tons of solid waste from landfills and incinerators across our owned datacenters and campuses.",38,"Zero waste by 2030 across our direct waste footprint > 12,159 metric tons of operational waste",other,,"12,159 metric tons",,,,0.5,data/raw/microsoft/2022_sustainability_report.pdf,microsoft,2022,19,0.0,0.0,0.0,True,False,False,False,False,0.2,31.7,False,False,False,0
"In FY22, we renewed Zero Waste certifications for our San Antonio, Texas; Quincy, Washington; Boydton, Virginia; and Dublin, Ireland datacenter locations.",38,"Zero waste by 2030 across our direct waste footprint > 12,159 metric tons of operational waste",attribute,,,,,,0.0,data/raw/microsoft/2022_sustainability_report.pdf,microsoft,2022,21,0.0,0.0,0.0,False,False,False,False,False,0.0,4.2,False,False,False,0
Our Redmond campus has been Zero Waste certified for six consecutive years.,38,"Zero waste by 2030 across our direct waste footprint > 12,159 metric tons of operational waste",attribute,achievement,,,,,0.0,data/raw/microsoft/2022_sustainability_report.pdf,microsoft,2022,12,0.0,0.0,0.0,False,False,False,False,False,0.0,53.7,False,False,False,0
Our reuse and recycle rates of servers and components across all cloud hardware reached 82 percent in FY22.,38,"Zero waste by 2030 across our direct waste footprint > 12,159 metric tons of operational waste",achievement,achievement,82 percent,,,,0.33,data/raw/microsoft/2022_sustainability_report.pdf,microsoft,2022,17,0.0,0.0,0.0,True,False,False,False,False,0.2,60.2,False,False,False,0
"We opened four new Circular Centers in FY22 in Boydton, Virginia; Chicago, Illinois; Dublin, Ireland; and Singapore.",38,"Zero waste by 2030 across our direct waste footprint > 12,159 metric tons of operational waste",other,,,,,,0.0,data/raw/microsoft/2022_sustainability_report.pdf,microsoft,2022,17,0.0,0.0,0.0,False,False,False,False,False,0.0,20.4,False,False,False,0
"We are launching our next Circular Centers in Quincy, Washington in FY23 and in Texas in FY25.",38,"Zero waste by 2030 across our direct waste footprint > 12,159 metric tons of operational waste",other,,,,,,0.0,data/raw/microsoft/2022_sustainability_report.pdf,microsoft,2022,17,0.0,0.0,0.0,False,False,False,False,False,0.0,65.2,False,False,False,0
"We reduced single-use plastics in our Microsoft product packaging by more than 29 percent, a decrease from 4.7 percent to 3.3 percent by weight (on average) of plastic per package in FY22.",38,"Zero waste by 2030 across our direct waste footprint > 12,159 metric tons of operational waste",achievement,achievement,29 percent,,,,0.33,data/raw/microsoft/2022_sustainability_report.pdf,microsoft,2022,29,0.0,0.0,0.0,True,False,False,False,False,0.2,59.9,False,False,False,0
"Devices Recycled materials in devices Without compromising on our design and quality, we constantly evaluate any opportunities for recycled materials.",38,"Zero waste by 2030 across our direct waste footprint > 12,159 metric tons of operational waste",attribute,,,,,,0.0,data/raw/microsoft/2022_sustainability_report.pdf,microsoft,2022,20,0.0,0.0,0.0,False,False,False,False,False,0.0,-16.5,False,False,False,0
"For example, many of our PC accessories contain recycled materials, including the new Microsoft Adaptive Accessories and Audio Dock, both made with at least 30 percent post-consumer recycled plastic resin.",38,"Zero waste by 2030 across our direct waste footprint > 12,159 metric tons of operational waste",attribute,,30 percent,,,,0.5,data/raw/microsoft/2022_sustainability_report.pdf,microsoft,2022,29,0.0345,0.0,0.0,True,False,False,False,False,0.062,11.1,False,False,False,0
"Device recyclability We are in the process of switching to a new methodology to assess product and packaging recyclability, consistent with the EN 45555 standard, to increase the accuracy of our recyclability reporting.",38,"Zero waste by 2030 across our direct waste footprint > 12,159 metric tons of operational waste",other,,45555,,,,0.5,data/raw/microsoft/2022_sustainability_report.pdf,microsoft,2022,32,0.0,0.0,0.0,True,False,False,False,False,0.2,-2.8,False,False,False,0
"In FY22, Microsoft’s diversion rate increased to 84.9 percent and we diverted more than 12,100 metric tons of waste from being landfilled or incinerated.",39,"Zero waste by 2030 across our direct waste footprint > 12,159 metric tons of operational waste",achievement,achievement,84.9 percent,,,,0.33,data/raw/microsoft/2022_sustainability_report.pdf,microsoft,2022,23,0.0,0.0,0.0,True,False,False,False,False,0.2,51.7,True,False,False,0
"In FY22, Microsoft increased reuse and recycling of servers and components to 82 percent.",39,Zero waste by 2030 across our direct waste footprint > Learn more in the Environmental Data Fact Sheet,achievement,achievement,82 percent,,,,0.33,data/raw/microsoft/2022_sustainability_report.pdf,microsoft,2022,13,0.0,0.0,0.0,True,False,False,False,False,0.2,44.0,False,False,False,0
"Additionally, to align with upcoming definitions in circular economy regulations and more accurately describe the steps we are taking operationally to meet our commitment, in 2022 we adjusted our terminology to “reuse and recycling”.",39,Zero waste by 2030 across our direct waste footprint > Learn more in the Environmental Data Fact Sheet,other,firm,2022,,,,0.5,data/raw/microsoft/2022_sustainability_report.pdf,microsoft,2022,33,0.0,0.0,0.0303,True,False,False,False,False,0.2,-11.2,False,False,False,0
Expansion of our Circular Centers program and investments in systems and policy changes will further enable us to achieve our 90 percent reuse and recycling target of servers and components by 2025.,39,Zero waste by 2030 across our direct waste footprint > Learn more in the Environmental Data Fact Sheet,target,firm,90 percent,,2025,,0.5,data/raw/microsoft/2022_sustainability_report.pdf,microsoft,2022,30,0.0,0.0,0.0867,True,False,True,False,False,0.4,29.7,False,True,False,0
"In FY22, we achieved a rate of over 94 percent recyclability and decreased single-use plastics to just over three percent across all Microsoft product packaging.",40,Zero waste by 2030 across our direct waste footprint > Waste Table 3 Designing our product packaging for circularity,achievement,achievement,94 percent,,,,0.33,data/raw/microsoft/2022_sustainability_report.pdf,microsoft,2022,24,0.0,0.0,0.0,True,False,False,False,False,0.2,20.3,False,False,False,0
"To meet our commitment to being zero waste by 2030, we are reducing, reusing, and recovering waste in our campuses and datacenters.",41,Reducing our waste footprint,target,firm,"2030,",,2030,,0.5,data/raw/microsoft/2022_sustainability_report.pdf,microsoft,2022,21,0.0,0.0,0.1152,True,False,True,False,False,0.4,44.5,False,False,False,0
A critical piece of achieving our zero waste goal is managing cloud hardware at our growing fleet of datacenters.,41,Reducing our waste footprint > Reducing waste in our cloud hardware,attribute,,,,,,0.0,data/raw/microsoft/2022_sustainability_report.pdf,microsoft,2022,19,0.0,0.0,0.0526,False,False,False,False,False,0.0,49.5,False,False,False,0
"In FY21, we piloted our new approach to asset reuse by building a Circular Center within our Amsterdam datacenter campus, which represented seven percent of our server capacity globally.",41,Reducing our waste footprint > Reusing and recycling cloud hardware,other,,,,,global,0.5,data/raw/microsoft/2022_sustainability_report.pdf,microsoft,2022,29,0.0,0.0,0.0,False,False,False,True,False,0.2,17.0,False,False,False,0
Our Amsterdam Circular Center model achieved reuse and recycle of 82 percent of all decommissioned assets in FY22.,41,Reducing our waste footprint > Reusing and recycling cloud hardware,achievement,achievement,82 percent,,,,0.33,data/raw/microsoft/2022_sustainability_report.pdf,microsoft,2022,17,0.0,0.0,0.0,True,False,False,False,False,0.2,30.3,False,False,False,0
Our Circular Centers also achieved a four percent reduction in carbon per server.,41,Reducing our waste footprint > Reusing and recycling cloud hardware,other,achievement,,,,,0.0,data/raw/microsoft/2022_sustainability_report.pdf,microsoft,2022,13,0.0,0.0,0.0,False,False,False,False,False,0.0,37.5,False,False,False,0
"Based on the success of the Amsterdam location, we opened four new Circular Centers in FY22 in Boydton, Virginia; Chicago, Illinois; Dublin, Ireland; and Singapore.",41,Reducing our waste footprint > Reusing and recycling cloud hardware,other,,,,,,0.0,data/raw/microsoft/2022_sustainability_report.pdf,microsoft,2022,25,0.0,0.0,0.0,False,False,False,False,False,0.0,19.0,False,False,False,1
"We are launching our next Circular Centers in Quincy, Washington in FY23 and in Texas in FY25.",41,Reducing our waste footprint > Reusing and recycling cloud hardware,other,,,,,,0.0,data/raw/microsoft/2022_sustainability_report.pdf,microsoft,2022,17,0.0,0.0,0.0,False,False,False,False,False,0.0,65.2,False,False,False,0
"To enact these principles at scale, we developed a patent-pending Intelligent Disposition and Routing System (IDARS) that establishes and executes a zero waste plan for our cloud hardware assets.",41,Reducing our waste footprint > Developing technology to drive a circular cloud,attribute,,,,,,0.0,data/raw/microsoft/2022_sustainability_report.pdf,microsoft,2022,29,0.0,0.0,0.0345,False,False,False,False,False,0.0,14.0,False,False,False,0
"This specification outlines the sustainability guidelines, including energy and material efficiency requirements, that suppliers must follow when designing hardware for the Microsoft Cloud, such as the use of post-consumer recycled (PCR) plastics and use of recycled content requirements in some packaging.",41,Reducing our waste footprint > Defining design requirements for cloud hardware,attribute,firm,,,,,0.0,data/raw/microsoft/2022_sustainability_report.pdf,microsoft,2022,41,0.0,0.0,0.0,False,False,False,False,False,0.0,-16.4,False,True,False,0
"Using our current hardware data collection process, we can now digest data such as weights, material type, and recycled content that can be used for regulatory purposes and to enable our suppliers to deliver energy and material efficient hardware contributing to carbon and waste reduction.",41,Reducing our waste footprint > Defining design requirements for cloud hardware,attribute,,,,,,0.0,data/raw/microsoft/2022_sustainability_report.pdf,microsoft,2022,45,0.0,0.0,0.0,False,False,False,False,False,0.0,5.1,True,False,False,0
We are partnering with suppliers on more sustainable material innovations.,42,Reducing our waste footprint > Innovating with suppliers on materials,attribute,,,,,,0.0,data/raw/microsoft/2022_sustainability_report.pdf,microsoft,2022,10,0.0,0.0,0.0,False,False,False,False,False,0.0,27.5,False,False,False,0
"In our hardware supply chain, we are working on using 100 percent recycled tin solder paste and 100 percent recycled gold in our printed circuit boards.",42,Reducing our waste footprint > Innovating with suppliers on materials,attribute,,100 percent,,,supply chain,1.0,data/raw/microsoft/2022_sustainability_report.pdf,microsoft,2022,24,0.0,0.0,0.0,True,False,False,True,False,0.4,52.1,False,False,False,0
"As we make progress towards our goal of 100 percent recyclability of Surface devices and Xbox consoles and accessories, we are engaged with the electronics recycling industry to learn about and improve how our products are recycled at end of life.",42,Reducing our waste footprint > Designing for recyclability,attribute,,100 percent,,,,0.5,data/raw/microsoft/2022_sustainability_report.pdf,microsoft,2022,40,0.0,0.025,0.025,True,False,False,False,False,0.1,18.2,True,False,False,1
"To address this, we are in the process of switching to a new recyclability methodology, consistent with the EN 45555 standard, to increase the accuracy of our recyclability reporting.",42,Reducing our waste footprint > Designing for recyclability,other,,45555,,,,0.5,data/raw/microsoft/2022_sustainability_report.pdf,microsoft,2022,28,0.0,0.0,0.0,True,False,False,False,False,0.2,15.3,False,False,False,0
Microsoft is committed to making fully recyclable packaging for our products by 2030.,42,Reducing our waste footprint > Reducing plastic packaging waste,target,firm,,,2030,,0.25,data/raw/microsoft/2022_sustainability_report.pdf,microsoft,2022,12,0.0,0.0,0.1867,False,False,True,False,False,0.2,32.5,True,False,False,1
"In FY22, we reduced single-use plastics in our Microsoft device packaging by 29.8 percent, a reduction from 4.7 percent to 3.3 percent by weight (on average) of plastic per package.",42,Reducing our waste footprint > Reducing single-use plastics in device packaging,achievement,achievement,29.8 percent,,,,0.33,data/raw/microsoft/2022_sustainability_report.pdf,microsoft,2022,27,0.0,0.0,0.0,True,False,False,False,False,0.2,55.9,False,False,False,0
"We made significant progress on our journey to eliminate single-use plastic packaging, introducing several 100 percent plastic-free packages during the year including the Surface Adaptive Kit and Microsoft Ocean Plastic mouse.",42,Reducing our waste footprint > Reducing single-use plastics in device packaging,attribute,,100 percent,,,,0.5,data/raw/microsoft/2022_sustainability_report.pdf,microsoft,2022,30,0.0667,0.0,0.0,True,False,False,False,False,0.0,1.5,False,False,False,1
This packaging is made from 100 percent renewable materials and fully recyclable.,42,Reducing our waste footprint > Reducing single-use plastics in device packaging,attribute,,100 percent,,,,0.5,data/raw/microsoft/2022_sustainability_report.pdf,microsoft,2022,11,0.0,0.0,0.0,True,False,False,False,False,0.2,34.2,False,False,False,0
"In FY22, our product packaging was on average 94.4 percent recyclable in OECD countries.",42,Reducing our waste footprint > Reducing single-use plastics in device packaging,achievement,achievement,94.4 percent,,,,0.33,data/raw/microsoft/2022_sustainability_report.pdf,microsoft,2022,13,0.0,0.0,0.0,True,False,False,False,False,0.2,57.1,False,False,False,0
Our most recent wave of Surface Laptop 5 and Pro 9 retail packages use less than one percent plastic (by weight) and are over 99 percent recyclable.,42,Reducing our waste footprint > Reducing single-use plastics in device packaging,attribute,,99 percent,,,,0.5,data/raw/microsoft/2022_sustainability_report.pdf,microsoft,2022,24,0.0,0.0,0.0,True,False,False,False,False,0.2,55.6,False,False,False,0
All virgin paper/fiber used for these packages is certified as responsibly sourced.,42,Reducing our waste footprint > Reducing single-use plastics in device packaging,attribute,,,,,,0.0,data/raw/microsoft/2022_sustainability_report.pdf,microsoft,2022,13,0.0,0.0,0.0,False,False,False,False,False,0.0,30.9,True,False,False,0
"29.8% In FY22, we reduced single-use plastics in our Microsoft device packaging by 29.8 percent.",42,Reducing our waste footprint > Reducing single-use plastics in device packaging,achievement,achievement,29.8%,,,,0.33,data/raw/microsoft/2022_sustainability_report.pdf,microsoft,2022,13,0.0,0.0,0.0,True,False,False,False,False,0.2,46.3,False,False,False,0
"Getting to zero waste at our campuses and datacenters requires more ambitious efforts to reduce as much waste as we can, reuse products to extend use life, and recycle or compost wherever possible.",43,Reducing our waste footprint > Reducing operational waste,attribute,,,,,,0.0,data/raw/microsoft/2022_sustainability_report.pdf,microsoft,2022,33,0.0303,0.0,0.0,False,False,False,False,False,0.0,37.5,False,False,False,1
Our Puget Sound campus has been Zero Waste certified since 2016.,43,Reducing our waste footprint > Transforming to zero waste campuses,attribute,achievement,,,,,0.0,data/raw/microsoft/2022_sustainability_report.pdf,microsoft,2022,10,0.0,0.0,0.0,False,False,False,False,False,0.0,69.8,False,False,False,0
"The goals are to reduce preand post-consumer food waste, avoid waste collection contamination, reduce packaging in kitchen deliveries, transition all parts of the program to 100 percent reusable dishware, and eliminate single-use packaging in micro kitchens.",43,Reducing our waste footprint > Transforming to zero waste campuses,other,,100 percent,,,,0.5,data/raw/microsoft/2022_sustainability_report.pdf,microsoft,2022,35,0.0,0.0,0.0286,True,False,False,False,False,0.2,6.9,False,False,False,0
"Zero waste San Antonio, Quincy, Boydton, and Dublin datacenter locations all renewed their zero waste certifications in FY22.",43,Reducing our waste footprint > Transforming to zero waste campuses,attribute,,,,,,0.0,data/raw/microsoft/2022_sustainability_report.pdf,microsoft,2022,18,0.0,0.0,0.0,False,False,False,False,False,0.0,19.4,False,False,False,0
Microsoft has a goal to achieve 90 percent reuse or recycle of our cloud computing hardware assets by 2025.,43,Reducing our waste footprint > Achieving zero waste datacenters,target,,90 percent,,2025,,0.5,data/raw/microsoft/2022_sustainability_report.pdf,microsoft,2022,17,0.0,0.0,0.0788,True,False,True,False,False,0.4,60.2,False,False,False,0
"In FY22, we renewed Zero Waste certifications for our San Antonio, Quincy, Boydton, and Dublin, datacenter locations.",43,Reducing our waste footprint > Achieving zero waste datacenters,attribute,,,,,,0.0,data/raw/microsoft/2022_sustainability_report.pdf,microsoft,2022,17,0.0,0.0,0.0,False,False,False,False,False,0.0,20.4,False,False,False,0
"In FY22, we invested in enhancing the program's business intelligence using a suite of waste data tools, including Microsoft Power Apps and Power BI, to track the waste performance of our datacenters.",43,Reducing our waste footprint > Achieving zero waste datacenters,other,,,,,,0.0,data/raw/microsoft/2022_sustainability_report.pdf,microsoft,2022,32,0.0,0.0,0.0,False,False,False,False,False,0.0,28.9,False,False,False,0
"As we pursue our zero waste and circularity goals, we also look for opportunities to provide community co-benefits where we operate.",43,Reducing our waste footprint > Going beyond our operations,attribute,,,,,,0.0,data/raw/microsoft/2022_sustainability_report.pdf,microsoft,2022,21,0.0,0.0,0.0476,False,False,False,False,False,0.0,20.3,False,False,False,0
"Atlanta's Zero Waste Westside initiative, sponsored with Microsoft grant funding, shows the power of justicecentered community-led sustainability enterprises.",43,Reducing our waste footprint > Going beyond our operations,attribute,,,,,,0.0,data/raw/microsoft/2022_sustainability_report.pdf,microsoft,2022,18,0.0,0.0,0.0,False,False,False,False,False,0.0,-37.0,False,False,False,0
"As we pursue our zero waste and circularity goals, we also look for opportunities to provide community co-benefits where we operate.",43,Reducing our waste footprint > Going beyond our operations,attribute,,,,,,0.0,data/raw/microsoft/2022_sustainability_report.pdf,microsoft,2022,21,0.0,0.0,0.0476,False,False,False,False,False,0.0,20.3,False,False,False,0
"In FY22, we developed a playbook that standardized our internal processes for diverting construction waste.",43,Reducing our waste footprint > Innovating the construction process,other,,,,,,0.0,data/raw/microsoft/2022_sustainability_report.pdf,microsoft,2022,15,0.0,0.0,0.0,False,False,False,False,False,0.0,22.4,False,False,False,0
"We have a goal of 75 percent construction and deconstruction waste diversion for all projects, including tenant improvement, and 90 percent diversion for core and shell projects over 75,000 square feet.",43,Reducing our waste footprint > Improving our diversion rates,other,,75 percent,,,,0.5,data/raw/microsoft/2022_sustainability_report.pdf,microsoft,2022,28,0.0,0.0,0.0357,True,False,False,False,False,0.2,33.4,False,False,False,0
Microsoft will use roadmaps across the company to enable key activities that result in zero waste outcomes that center circularity.,45,What’s next > 1 Acceleratingprogress towards zero waste by 2030,attribute,firm,,,,,0.0,data/raw/microsoft/2022_sustainability_report.pdf,microsoft,2022,20,0.0,0.0,0.05,False,False,False,False,False,0.0,21.6,False,True,False,0
"In efforts to further accelerate progress towards our zero waste and Scope 3 carbon reduction commitments, we are working across the enterprise and with external partners to prioritize actions that align with our circular strategy.",45,What’s next > 2 Expanding our circular strategy across Microsoft,attribute,,3,,,Scope 3,1.0,data/raw/microsoft/2022_sustainability_report.pdf,microsoft,2022,34,0.0,0.0,0.0294,True,False,False,True,False,0.4,18.1,False,False,False,2
"These new systems will allow for better data such as weights, material type, and recycled content, ensuring regulatory compliance and supporting decision making around driving circular economy initiatives.",45,What’s next > 3 Streamlining our collection systems,attribute,firm,,,,,0.0,data/raw/microsoft/2022_sustainability_report.pdf,microsoft,2022,28,0.0357,0.0357,0.0357,False,False,False,False,False,0.0,-2.9,False,True,False,0
"We will continue to build on existing community partnerships, such as our partnership with Zero Waste Westside, and explore new ones in communities we operate in to create opportunities for economic inclusion and community well-being.",45,What’s next > 4 Growing the scope and impact of our environmental justice initiatives,attribute,firm,,,,,0.0,data/raw/microsoft/2022_sustainability_report.pdf,microsoft,2022,35,0.0,0.0,0.0286,False,False,False,False,False,0.0,6.9,False,True,False,0
"To further our progress towards our zero waste objectives, our Cloud Logistics Team has undertaken a deeply collaborative process with stakeholders from across the enterprise to source and design world class reusable solutions for the safe and sustainable transportation of Microsoft's server racks.",45,What’s next > 5 Redesigning cloud rack packaging,attribute,,,,,,0.0,data/raw/microsoft/2022_sustainability_report.pdf,microsoft,2022,43,0.0,0.0,0.0,False,False,False,False,False,0.0,7.8,False,False,False,1
"Today, the transportation of each server rack from integration to our datacenters results in over 100kg of packaging waste.",45,What’s next > 5 Redesigning cloud rack packaging,other,,100kg,,,,0.5,data/raw/microsoft/2022_sustainability_report.pdf,microsoft,2022,19,0.0,0.0,0.0,True,False,False,False,False,0.2,36.2,False,False,False,0
Designing for circularity accelerates our path to zero waste by 2030.,45,What’s next > 5 Redesigning cloud rack packaging,target,,,,2030,,0.25,data/raw/microsoft/2022_sustainability_report.pdf,microsoft,2022,10,0.0,0.0,0.12,False,False,True,False,False,0.2,19.0,False,False,False,1
"Microsoft directly operates on approximately 11,000 acres of land around the world, and we recognize that our own land footprint has an impact on ecosystems.",46,Protecting more land than we use > Our approach,other,,"11,000 acres",,,,0.5,data/raw/microsoft/2022_sustainability_report.pdf,microsoft,2022,24,0.0,0.0833,0.0,True,False,False,False,False,0.0,23.9,False,False,False,0
"We protected 12,270 acres of land in 2022, exceeding our land use footprint.",47,of total land protected acres > Protecting acres of land,other,,"12,270 acres",,,,0.5,data/raw/microsoft/2022_sustainability_report.pdf,microsoft,2022,11,0.0,0.0,0.0,True,False,False,False,False,0.2,64.9,False,False,False,0
"Last year, we contributed to the TNC Belize Maya Forest Project (BMF) to protect an additional 236,000 acres in a global biodiversity hotspot.",48,Taking responsibility for our land footprint > Protecting the Belize Maya Forest,other,,"236,000 acres",,,,0.5,data/raw/microsoft/2022_sustainability_report.pdf,microsoft,2022,22,0.0,0.0455,0.0,True,False,False,False,False,0.018,34.5,False,False,False,0
Microsoft will continue to protect land and biodiversity to meet our 2025 commitments and beyond.,51,What's next > 3 Centering environmental justice in our ecosystems work,other,firm,2025,,,,0.5,data/raw/microsoft/2022_sustainability_report.pdf,microsoft,2022,14,0.0,0.0,0.1429,True,False,False,False,False,0.2,41.6,False,True,False,0
"In 2022, we expanded the breadth of Microsoft Cloud for Sustainability capabilities beyond carbon emissions to include methods to centralize water data and added new functionality to Microsoft Sustainability Manager, including new Scope 3 calculation methodologies.",53,Customer sustainability > Expanding Microsoft Cloud for Sustainability,other,,"2022,",,,Scope 3,1.0,data/raw/microsoft/2022_sustainability_report.pdf,microsoft,2022,34,0.0,0.0,0.0,True,False,False,True,False,0.4,-24.2,False,False,False,0
We released the Emissions Impact Dashboard for Microsoft 365 and introduced Environmental Credit Service.,53,Customer sustainability > Expanding Microsoft Cloud for Sustainability,other,,365,,,,0.5,data/raw/microsoft/2022_sustainability_report.pdf,microsoft,2022,13,0.0,0.0,0.0,True,False,False,False,False,0.2,-1.6,False,False,False,0
"In 2022, we improved the efficiency of Microsoft Azure, decreased the carbon intensity of Microsoft 365 cloud services, and launched the world's first “carbonaware” updates in a PC operating system in September as part of the Windows 11 launch.",53,Customer sustainability > Advancing climate aware software engineering,achievement,achievement,"2022,",,,,0.33,data/raw/microsoft/2022_sustainability_report.pdf,microsoft,2022,36,0.0278,0.0,0.0,True,False,False,False,False,0.089,12.8,False,False,False,0
The Surface Pro 9 and Surface Laptop 5 are among Microsoft's most energy efficient Surface computers.,53,Customer sustainability > Improving device repairability and energy efficiency,other,,9,,,,0.5,data/raw/microsoft/2022_sustainability_report.pdf,microsoft,2022,14,0.0,0.0,0.0,True,False,False,False,False,0.2,29.5,False,False,False,0
"In 2022, we expanded our AI for Good Lab into Egypt and Kenya to improve climate resilience and launched Global Renewables Watch, a first-of-its-kind living atlas aiming to map and measure all utility-scale solar and wind installations on Earth.",53,Customer sustainability > Delivering digital technology for climate action,other,hedged,"2022,",,,,0.5,data/raw/microsoft/2022_sustainability_report.pdf,microsoft,2022,38,0.0,0.0,0.0263,True,False,False,False,False,0.2,19.1,False,False,False,0
The Microsoft Cloud for Sustainability data model initially focused on carbon and was expanded in 2022 to include water data.,54,Microsoft Cloud for Sustainability > Centralizing sustainability data,achievement,achievement,2022,,,,0.33,data/raw/microsoft/2022_sustainability_report.pdf,microsoft,2022,19,0.0,0.0,0.0,True,False,False,False,False,0.2,13.9,True,False,False,0
The Emissions Impact Dashboard for Azure has been available since 2020.,54,Microsoft Cloud for Sustainability > Understanding emissions impact of cloud services and devices,other,achievement,,,,,0.0,data/raw/microsoft/2022_sustainability_report.pdf,microsoft,2022,10,0.0,0.0,0.0,False,False,False,False,False,0.0,52.9,False,False,False,0
"In October 2022, we introduced Environmental Credit Services, delivering common, open-standards infrastructure and a shared process and data standard to help track the origination process for carbon credits and other environmental assets.",55,Microsoft Cloud for Sustainability > Increasing transparency and promoting trust in environmental claims and credits,other,,"2022,",,,,0.5,data/raw/microsoft/2022_sustainability_report.pdf,microsoft,2022,31,0.0,0.0,0.0,True,False,False,False,False,0.2,-15.7,False,False,False,0
"In 2022, TerraPraxis and Microsoft entered a strategic collaboration to repurpose over 2,400 coal-fired power plants around the world to run on carbon-free energy.",55,Microsoft Cloud for Sustainability > Enabling partner solutions,attribute,,"2022,",,,,0.5,data/raw/microsoft/2022_sustainability_report.pdf,microsoft,2022,22,0.0,0.0455,0.0455,True,False,False,False,False,0.018,11.5,False,False,False,0
The partnership will help to accelerate the transition of one of the world's largest sources of carbon to zero emissions.,55,Microsoft Cloud for Sustainability > Enabling partner solutions,attribute,firm,,,,,0.0,data/raw/microsoft/2022_sustainability_report.pdf,microsoft,2022,20,0.0,0.0,0.05,False,False,False,False,False,0.0,46.9,False,True,False,1
"Supporting Australia's digital growth In July 2022, Telstra and Microsoft expanded their long-term strategic partnership, which includes the intention to help advance sustainability in Australia and drive growth.",55,Microsoft Cloud for Sustainability > Enabling partner solutions,other,,"2022,",,,,0.5,data/raw/microsoft/2022_sustainability_report.pdf,microsoft,2022,27,0.0,0.0,0.0,True,False,False,False,False,0.2,4.0,False,False,False,1
25% We are reducing idle power consumption of servers when they are not actively being used and expect up to a 25 percent reduction in energy usage for these unallocated servers.,56,Green software,other,firm,25%,,,,0.5,data/raw/microsoft/2022_sustainability_report.pdf,microsoft,2022,29,0.0,0.069,0.0,True,False,False,False,False,0.0,28.6,True,False,False,0
"We expect up to a 25 percent reduction in energy usage for these unallocated servers, with a corresponding reduction in Scope 2 emissions.",56,Green software > Improving cloud energy efficiency,other,,25 percent,,,Scope 2,1.0,data/raw/microsoft/2022_sustainability_report.pdf,microsoft,2022,21,0.0,0.0952,0.0,True,False,False,True,False,0.1,24.4,False,False,False,0
"This initiative has the potential to reduce datacenter hardware needs, and the associated embodied carbon, by more than 30 percent.",56,Green software > Improving cloud resource utilization,other,,30 percent,,,,0.5,data/raw/microsoft/2022_sustainability_report.pdf,microsoft,2022,19,0.0,0.0,0.0,True,False,False,False,False,0.2,27.3,False,False,False,0
"Microsoft 365 applications are powered by Azure datacenters, so customers benefit from their significant energy and resource efficiencies.",57,Green software > Decreasing the carbon intensity of Microsoft 365,other,,365,,,,0.5,data/raw/microsoft/2022_sustainability_report.pdf,microsoft,2022,17,0.0588,0.0,0.0,True,False,False,False,False,0.0,-14.5,True,False,False,0
"As disclosed in this white paper, we use the data powering the Emissions Impact Dashboard for Microsoft 3658 to estimate that the datacenter carbon intensity per gigabyte of data stored in SharePoint and OneDrive per month decreased by more than 30 percent9 over the course of FY22.",57,Green software > Decreasing the carbon intensity of Microsoft 365,achievement,achievement,30 percent,,,,0.33,data/raw/microsoft/2022_sustainability_report.pdf,microsoft,2022,45,0.0,0.0222,0.0,True,False,False,False,False,0.111,14.5,False,False,False,0
"Microsoft 365 is powered by Azure datacenters, providing energy and resource efficiency benefits.",57,Green software > Optimizing performance of Microsoft 365 client-side applications,other,,365,,,,0.5,data/raw/microsoft/2022_sustainability_report.pdf,microsoft,2022,12,0.0,0.0,0.0,True,False,False,False,False,0.2,-16.8,True,False,False,0
"With the Windows 11 2022 update, Windows Update is now more carbon aware.",58,Reducing carbon intensity of devices and gaming > Improving the carbon awareness of devices,other,,11,,,,0.5,data/raw/microsoft/2022_sustainability_report.pdf,microsoft,2022,11,0.0,0.0,0.0,True,False,False,False,False,0.2,64.9,False,False,False,0
"It is estimated that by 2025, Microsoft Azure will run on 100 percent renewable energy.",58,Reducing carbon intensity of devices and gaming > Reducing emissions with cloudpowered computing,target,firm,100 percent,,2025,,0.5,data/raw/microsoft/2022_sustainability_report.pdf,microsoft,2022,13,0.0,0.1538,0.0969,True,False,True,False,False,0.1,37.5,True,True,False,0
"As such, cloud-based approaches to IT infrastructure, like Microsoft Windows 365, can reduce operating emissions by transitioning end-user computing workloads to Microsoft datacenters, increasingly powered by renewable energy.",58,Reducing carbon intensity of devices and gaming > Reducing emissions with cloudpowered computing,other,,"365,",,,,0.5,data/raw/microsoft/2022_sustainability_report.pdf,microsoft,2022,27,0.0,0.0,0.0,True,False,False,False,False,0.2,-24.2,False,False,False,0
"In 2022, Microsoft launched our Xbox app on Samsung 2022 Smart TVs, enabling users to play hundreds of cloud-enabled Xbox Game Pass games like Halo Infinite, Forza Horizon 5, and Microsoft Flight Simulator without the need for a console, and soon benefiting from the impressive renewable energy commitments in Azure.",58,Reducing carbon intensity of devices and gaming > Reducing emissions with cloudpowered computing,achievement,achievement,"2022,",2022,,,0.67,data/raw/microsoft/2022_sustainability_report.pdf,microsoft,2022,47,0.0,0.0,0.0213,True,True,False,False,False,0.4,7.9,False,False,False,0
"Last year, we released Shutdown (energy saving) mode for Xbox, which became the default power experience in November 2021 and has been adopted by 39 percent of our consoles.",59,Sustainable devices,achievement,achievement,39 percent,,,,0.33,data/raw/microsoft/2022_sustainability_report.pdf,microsoft,2022,27,0.0,0.0,0.0,True,False,False,False,False,0.2,38.4,True,False,False,0
"In September 2022, Windows Update became carbon aware, making it easier for our devices to reduce carbon emissions.",59,Sustainable devices,other,,"2022,",,,,0.5,data/raw/microsoft/2022_sustainability_report.pdf,microsoft,2022,17,0.0,0.0,0.0,True,False,False,False,False,0.2,30.3,False,False,False,0
"Each device we sell is a complex amalgamation of new and recycled materials, manufacturing and assembly processes, distribution, lifetime product usage, and eventual disposition.",59,Sustainable devices > Building a data-driven carbon platform,attribute,,,,,,0.0,data/raw/microsoft/2022_sustainability_report.pdf,microsoft,2022,24,0.0,0.0,0.0,False,False,False,False,False,0.0,-7.9,False,False,False,0
"We trial new materials in individual products, and if successful, we expand their use across our broader portfolio—such as in Windows Dev Kit 2023, an ARMbased developer kit featuring 20 percent recycled ocean plastic11, a material first proven in our Ocean Plastic Mouse.",59,"Sustainable devices > Testing lower-carbon, circular design",attribute,,20 percent,,,,0.5,data/raw/microsoft/2022_sustainability_report.pdf,microsoft,2022,42,0.0,0.0,0.0,True,False,False,False,False,0.2,17.2,False,False,False,2
"Without compromising on our design and quality, we routinely evaluate opportunities for the use of recycled material content.",59,Sustainable devices > Incorporating recycled materials in devices,attribute,,,,,,0.0,data/raw/microsoft/2022_sustainability_report.pdf,microsoft,2022,18,0.0,0.0,0.0,False,False,False,False,False,0.0,5.3,False,False,False,0
"For example, many of our PC accessories contain recycled plastic, including our new Adaptive Accessories and Audio Dock, which are both made with at least 30 percent post-consumer recycled plastic resin.",59,Sustainable devices > Incorporating recycled materials in devices,attribute,,30 percent,,,,0.5,data/raw/microsoft/2022_sustainability_report.pdf,microsoft,2022,30,0.0333,0.0,0.0,True,False,False,False,False,0.067,21.3,False,False,False,0
Enabling these localized repair hubs has led to quantifiable reductions in reverse logistics emissions (over 10 percent in some cases).,60,Sustainable devices > Designing for repairability,other,,10 percent,,,,0.5,data/raw/microsoft/2022_sustainability_report.pdf,microsoft,2022,19,0.0,0.0,0.0,True,False,False,False,False,0.2,22.8,False,False,False,0
"Microsoft devices suppliers' GHG emissions reduction amounted to approximately 90,000 mtCO subscript 2 e in FY22, roughly equivalent to 17,000 homes' average annual energy usage.",60,Sustainable devices > Designing for repairability,other,,"90,000",,,,0.5,data/raw/microsoft/2022_sustainability_report.pdf,microsoft,2022,22,0.0,0.0909,0.0,True,False,False,False,False,0.0,-7.8,False,False,False,0
"These reductions resulted from 12 suppliers switching to renewable energy, with six converting to 100 percent renewable energy.",60,Sustainable devices > Designing for repairability,other,,100 percent,,,,0.5,data/raw/microsoft/2022_sustainability_report.pdf,microsoft,2022,16,0.0,0.0,0.0,True,False,False,False,False,0.2,16.1,False,False,False,0
"Microsoft is a supporter and, as of the end of 2022, the only consumer electronics member in the Global Battery Alliance (GBA), a public-private platform organization founded to help establish sustainable battery materials throughout the supply chain.",60,Sustainable devices > Ensuring traceability of materials sustainability,other,,"2022,",,,supply chain,1.0,data/raw/microsoft/2022_sustainability_report.pdf,microsoft,2022,36,0.0,0.0,0.0,True,False,False,True,False,0.4,5.8,False,False,False,0
We are partnering with suppliers on more sustainable material innovations.,60,Sustainable devices > Innovating materials with suppliers,attribute,,,,,,0.0,data/raw/microsoft/2022_sustainability_report.pdf,microsoft,2022,10,0.0,0.0,0.0,False,False,False,False,False,0.0,27.5,False,False,False,0
"For example, in our hardware supply chain, we are working on using 100 percent recycled tin solder paste and 100 percent recycled gold in our printed circuit boards.",60,Sustainable devices > Innovating materials with suppliers,attribute,,100 percent,,,supply chain,1.0,data/raw/microsoft/2022_sustainability_report.pdf,microsoft,2022,26,0.0,0.0,0.0,True,False,False,True,False,0.4,50.3,False,False,False,0
"We also publish our environmental data, which is included in the separate Environmental Data Fact Sheet. Deloitte & Touche LLP performed a review relating to specified information within Section 1 of the Environmental Data Fact Sheet.",2,Global sustainability,other,,1,,,,0.5,data/raw/microsoft/2023_sustainablity_report.pdf,microsoft,2023,34,0.0,0.0,0.0,True,False,False,False,False,0.2,20.4,True,False,False,0
Images taken by employees are featured throughout the 2024 Environmental Sustainability Report.,3,Overview Reviewing our 2023 progress and learnings,other,,2024,,,,0.5,data/raw/microsoft/2023_sustainablity_report.pdf,microsoft,2023,11,0.0,0.0,0.0,True,False,False,False,False,0.2,-19.7,True,False,False,0
"Four years ago, Microsoft committed that by 2030 we would become carbon negative, water positive, zero waste, and protect more land than we use.",4,Foreword Accelerating innovation and partnership for people and the planet,target,firm,2030,,2030,,0.5,data/raw/microsoft/2023_sustainablity_report.pdf,microsoft,2023,23,0.0,0.0435,0.107,True,False,True,False,False,0.226,47.4,False,False,True,2
"As we take stock as a company in 2024, we remain resolute in our commitment to meet our climate goals and to empower others with the technology needed to build a more sustainable future.",4,Foreword Accelerating innovation and partnership for people and the planet,other,firm,"2024,",,,,0.5,data/raw/microsoft/2023_sustainablity_report.pdf,microsoft,2023,33,0.0,0.0,0.0909,True,False,False,False,False,0.2,42.6,False,False,False,1
"At the end of last year, the world met in Dubai at COP28 to assess global sustainability progress.",4,Foreword Accelerating innovation and partnership for people and the planet,other,,,,,,0.0,data/raw/microsoft/2023_sustainablity_report.pdf,microsoft,2023,18,0.0,0.0,0.0,False,False,False,False,False,0.0,61.7,False,False,False,1
Reducing our direct operational emissions (Scope 1 and 2).,4,Foreword Accelerating innovation and partnership for people and the planet,other,,1,,,Scope 1,1.0,data/raw/microsoft/2023_sustainablity_report.pdf,microsoft,2023,7,0.0,0.0,0.0,True,False,False,True,False,0.4,6.4,False,False,False,0
"Reducing our Scope 3, or indirect, emissions.",4,Foreword Accelerating innovation and partnership for people and the planet,other,,"3,",,,Scope 3,1.0,data/raw/microsoft/2023_sustainablity_report.pdf,microsoft,2023,6,0.0,0.0,0.0,True,False,False,True,False,0.4,31.5,False,False,False,0
"Our carbon negative commitment includes three primary areas: reducing carbon emissions, increasing use of carbon-free electricity, and carbon removal.",4,Foreword Accelerating innovation and partnership for people and the planet > Carbon negative,attribute,firm,,,,,0.0,data/raw/microsoft/2023_sustainablity_report.pdf,microsoft,2023,19,0.0,0.0,0.0526,False,False,False,False,False,0.0,-8.4,False,False,False,0
We made meaningful progress on carbon-free electricity and carbon removal in FY23.,4,Foreword Accelerating innovation and partnership for people and the planet > Carbon negative,attribute,,,,,,0.0,data/raw/microsoft/2023_sustainablity_report.pdf,microsoft,2023,12,0.0833,0.0,0.0,False,False,False,False,False,0.0,32.5,False,False,False,1
"Microsoft has taken a first-mover approach to supporting carbon-free electricity infrastructure, making long-term investments to bring more carbonfree electricity onto the grids where we operate.",4,Foreword Accelerating innovation and partnership for people and the planet > Carbon negative,attribute,,,,,,0.0,data/raw/microsoft/2023_sustainablity_report.pdf,microsoft,2023,25,0.0,0.0,0.0,False,False,False,False,True,0.2,2.1,False,False,False,0
"In 2023, we increased our contracted portfolio of renewable energy assets to more than 19.8 gigawatts (GW), including projects in 21 countries.",5,Foreword Accelerating innovation and partnership for people and the planet > Carbon negative,achievement,achievement,"2023,",,,,0.33,data/raw/microsoft/2023_sustainablity_report.pdf,microsoft,2023,19,0.0,0.0,0.0,True,False,False,False,False,0.2,36.9,False,False,False,0
"In FY23, we also contracted 5,015,019 metric tons of carbon removal to be retired over the next 15 years.",5,Foreword Accelerating innovation and partnership for people and the planet > Carbon negative,other,,"5,015,019 metric tons",,,,0.5,data/raw/microsoft/2023_sustainablity_report.pdf,microsoft,2023,17,0.0,0.0,0.0,True,False,False,False,False,0.2,55.2,True,False,False,0
"Carbon reduction continues to be an area of focus, especially as we work to address Scope 3 emissions.",5,Foreword Accelerating innovation and partnership for people and the planet > Carbon negative,other,,3,,,Scope 3,1.0,data/raw/microsoft/2023_sustainablity_report.pdf,microsoft,2023,17,0.0,0.0,0.0,True,False,False,True,False,0.4,40.3,False,False,False,0
"In 2023, we saw our Scope 1 and 2 emissions decrease by 6.3% from our 2020 baseline.",5,Foreword Accelerating innovation and partnership for people and the planet > Carbon negative,other,,6.3%,2020,,Scope 1,1.0,data/raw/microsoft/2023_sustainablity_report.pdf,microsoft,2023,12,0.0,0.0,0.0,True,True,False,True,False,0.6,80.9,False,False,False,0
But our indirect emissions (Scope 3) increased by 30.9%.,5,Foreword Accelerating innovation and partnership for people and the planet > Carbon negative,achievement,achievement,30.9%,,,Scope 3,0.67,data/raw/microsoft/2023_sustainablity_report.pdf,microsoft,2023,7,0.0,0.0,0.0,True,False,False,True,False,0.4,46.2,False,False,False,0
"In aggregate, across all Scopes 1–3, Microsoft’s emissions are up 29.1% from the 2020 baseline.",5,Foreword Accelerating innovation and partnership for people and the planet > Carbon negative,other,,29.1%,2020,,,0.5,data/raw/microsoft/2023_sustainablity_report.pdf,microsoft,2023,13,0.0,0.0,0.0,True,True,False,False,False,0.4,50.6,False,False,False,0
"The rise in our Scope 3 emissions primarily comes from the construction of more datacenters and the associated embodied carbon in building materials, as well as hardware components such as semiconductors, servers, and racks.",5,Foreword Accelerating innovation and partnership for people and the planet > Carbon negative,other,,3,,,Scope 3,1.0,data/raw/microsoft/2023_sustainablity_report.pdf,microsoft,2023,33,0.0,0.0,0.0,True,False,False,True,False,0.4,17.0,False,False,False,0
These are the biggest drivers of our Scope 3 challenges.,5,Foreword Accelerating innovation and partnership for people and the planet > Carbon negative,other,,3,,,Scope 3,1.0,data/raw/microsoft/2023_sustainablity_report.pdf,microsoft,2023,9,0.0,0.0,0.0,True,False,False,True,False,0.4,75.5,False,False,False,0
We have launched a company-wide initiative to identify and develop the added measures we’ll need to reduce our Scope 3 emissions.,5,Foreword Accelerating innovation and partnership for people and the planet > Carbon negative,achievement,achievement,3,,,Scope 3,0.67,data/raw/microsoft/2023_sustainablity_report.pdf,microsoft,2023,21,0.0,0.0,0.0,True,False,False,True,False,0.4,28.4,False,False,False,0
"This led to the development of more than 80 discrete and significant measures that will help us reduce these emissions— including a new requirement for select scale, highvolume suppliers to use 100% carbon-free electricity for Microsoft delivered goods and services by 2030.",5,Foreword Accelerating innovation and partnership for people and the planet > Carbon negative,target,firm,100%,,2030,,0.5,data/raw/microsoft/2023_sustainablity_report.pdf,microsoft,2023,39,0.0256,0.0,0.0713,True,False,True,False,False,0.298,11.1,False,True,False,0
"In 2023, we achieved our water access target by providing more than 1.5 million people with access to clean water and sanitation solutions.",5,Foreword Accelerating innovation and partnership for people and the planet > Water positive,achievement,achievement,1.5 million,,,,0.33,data/raw/microsoft/2023_sustainablity_report.pdf,microsoft,2023,21,0.0,0.0,0.0476,True,False,False,False,False,0.2,51.1,False,False,False,0
"We contracted water replenishment projects estimated to provide more than 25 million m cubed in volumetric water benefit over the lifetime of these projects—enough water to fill about 10,000 Olympic sized swimming pools.",5,Foreword Accelerating innovation and partnership for people and the planet > Water positive,other,,25 million,,,,0.5,data/raw/microsoft/2023_sustainablity_report.pdf,microsoft,2023,32,0.0,0.0938,0.0,True,False,False,False,False,0.0,10.4,False,False,False,0
"In FY23 our progress on water accelerated, and we know we need to implement an even stronger plan to accelerate it further.",5,Foreword Accelerating innovation and partnership for people and the planet > Water positive,other,hedged,,,,,0.0,data/raw/microsoft/2023_sustainablity_report.pdf,microsoft,2023,22,0.0455,0.0,0.0455,False,False,False,False,False,0.0,46.1,False,False,False,3
"In 2023, we joined the Coalition for Water Recycling.",5,Foreword Accelerating innovation and partnership for people and the planet > 2Our new datacenters are designed and,other,,"2023,",,,,0.5,data/raw/microsoft/2023_sustainablity_report.pdf,microsoft,2023,8,0.0,0.0,0.0,True,False,False,False,False,0.2,50.7,False,False,False,0
"Our journey to zero waste includes reducing waste at our campuses and datacenters, advancing circular cloud hardware and packaging, and improving device and packaging circularity.",5,Foreword Accelerating innovation and partnership for people and the planet > Zero waste,attribute,,,,,,0.0,data/raw/microsoft/2023_sustainablity_report.pdf,microsoft,2023,25,0.0,0.0,0.0,False,False,False,False,False,0.0,5.5,False,False,False,0
"In FY23, we achieved a reuse and recycle rate of 89.4% for servers and components across all cloud hardware, a target that is increasingly important as needs for cloud services continue to grow.",5,Foreword Accelerating innovation and partnership for people and the planet > Zero waste,achievement,achievement,89.4%,,,,0.33,data/raw/microsoft/2023_sustainablity_report.pdf,microsoft,2023,32,0.0,0.0,0.0312,True,False,False,False,False,0.2,58.4,False,False,False,0
"In 2023, we also diverted more than 18,537 metric tons of waste from landfills or incinerators across our owned datacenters and campuses, and we reduced single-use plastics in our Microsoft product packaging to 2.7%.",5,Foreword Accelerating innovation and partnership for people and the planet > Zero waste,achievement,achievement,"18,537 metric tons",,,,0.33,data/raw/microsoft/2023_sustainablity_report.pdf,microsoft,2023,31,0.0,0.0,0.0,True,False,False,False,False,0.2,35.5,False,False,False,0
"We are accelerating our work to reuse and recycle cloud hardware wherever possible, and launched two new Circular Centers in Quincy, Washington and Chicago, Illinois in 2023.",6,Foreword Accelerating innovation and partnership for people and the planet > Zero waste,other,achievement,,,,,0.0,data/raw/microsoft/2023_sustainablity_report.pdf,microsoft,2023,26,0.0,0.0,0.0,False,False,False,False,False,0.0,30.8,False,False,False,0
"In 2023, we continued this work to empower our customers and partners on their own sustainability journey by creating the technology needed to better manage resources and optimize systems.",6,Foreword Accelerating innovation and partnership for people and the planet > Customer and global sustainability,other,,"2023,",,,,0.5,data/raw/microsoft/2023_sustainablity_report.pdf,microsoft,2023,28,0.0714,0.0,0.0,True,False,False,False,False,0.0,18.3,False,False,False,1
"In 2023, we expanded Microsoft Sustainability Manager to include Scopes 1, 2, and all 15 categories of Scope 3 carbon emissions to help track progress and inform action across an organization’s operations and value chains.",6,Foreword Accelerating innovation and partnership for people and the planet > Customer and global sustainability,other,,"2023,",,,Scope 3; value chain,1.0,data/raw/microsoft/2023_sustainablity_report.pdf,microsoft,2023,31,0.0,0.0,0.0,True,False,False,True,False,0.4,6.2,False,False,False,1
A hallmark of this effort has been our Climate Innovation Fund (CIF)—our $1 billion commitment set in 2020 to advance innovation beyond Microsoft’s four walls.,6,Foreword Accelerating innovation and partnership for people and the planet > Customer and global sustainability,other,firm,1 billion,,,,0.5,data/raw/microsoft/2023_sustainablity_report.pdf,microsoft,2023,25,0.0,0.0,0.04,True,False,False,False,False,0.2,46.1,False,False,False,1
"To date the CIF has allocated $761 million toward innovative climate technologies1 including commercial direct air capture technologies, sustainable aviation fuel (SAF), industrial decarbonization, and more.",6,Foreword Accelerating innovation and partnership for people and the planet > Customer and global sustainability,attribute,,761 million,,,,0.5,data/raw/microsoft/2023_sustainablity_report.pdf,microsoft,2023,25,0.0,0.0,0.0,True,False,False,False,False,0.2,-11.4,False,False,False,1
"In November 2023, we published a whitepaper and playbook that expands on the incredible potential of AI for sustainability.",6,Foreword Accelerating innovation and partnership for people and the planet > Customer and global sustainability,other,,"2023,",,,,0.5,data/raw/microsoft/2023_sustainablity_report.pdf,microsoft,2023,18,0.0,0.0,0.0,True,False,False,False,False,0.2,19.4,False,False,False,0
"19.8 gigawatts (GW) of renewable energy assets were contracted, including projects in 21 countries around the world.",7,Total renewable electricity use in FY23 23.6 million MWh,achievement,achievement,19.8,,,,0.33,data/raw/microsoft/2023_sustainablity_report.pdf,microsoft,2023,15,0.0,0.0667,0.0,True,False,False,False,False,0.0,35.7,True,False,False,0
"We contracted 5,015,019 metric tons of carbon removal in FY23, and continue to build a portfolio of projects, balanced across low, medium, and high durability solutions.",7,Total renewable electricity use in FY23 23.6 million MWh,other,,"5,015,019 metric tons",,,,0.5,data/raw/microsoft/2023_sustainablity_report.pdf,microsoft,2023,25,0.0,0.0,0.0,True,False,False,False,False,0.2,25.8,False,False,False,0
"This is enough water to fill over 24,000 Olympic sized swimming pools.",7,61.7million m cubed,other,,"24,000",,,,0.5,data/raw/microsoft/2023_sustainablity_report.pdf,microsoft,2023,11,0.0,0.0,0.0,True,False,False,False,False,0.2,57.2,False,False,False,0
We met our water access target by providing more than 1.5 million people with access to clean water and sanitation solutions.,7,61.7million m cubed,other,,1.5 million,,,,0.5,data/raw/microsoft/2023_sustainablity_report.pdf,microsoft,2023,20,0.0,0.0,0.05,True,False,False,False,False,0.2,57.1,False,False,False,0
"18,537 metric tons of solid waste were diverted from landfills and incinerators across our owned datacenters and campuses.",7,"18,537metric tons",achievement,achievement,"18,537 metric tons",,,,0.33,data/raw/microsoft/2023_sustainablity_report.pdf,microsoft,2023,17,0.0,0.0,0.0,True,False,False,False,False,0.2,25.4,True,False,False,0
Our reuse and recycle rates of servers and components across all cloud hardware reached 89.4% in FY23.,7,"18,537metric tons",achievement,achievement,89.4%,,,,0.33,data/raw/microsoft/2023_sustainablity_report.pdf,microsoft,2023,16,0.0,0.0,0.0,True,False,False,False,False,0.2,71.8,False,False,False,0
We reduced single-use plastics in our Microsoft product packaging to 2.7% in FY23.,7,"18,537metric tons",achievement,achievement,2.7%,,,,0.33,data/raw/microsoft/2023_sustainablity_report.pdf,microsoft,2023,12,0.0,0.0,0.0,True,False,False,False,False,0.2,45.6,False,False,False,0
"In 2020, we set bold targets to be a carbon-negative, water-positive, zero-waste company that protects ecosystems by 2030.",8,How we work,target,,"2020,",,2030,,0.5,data/raw/microsoft/2023_sustainablity_report.pdf,microsoft,2023,16,0.0,0.0,0.145,True,False,True,False,False,0.4,16.1,False,False,False,2
"We are committed to sharing our progress, challenges, and learnings through our annual Environmental Sustainability Report to help accelerate global progress toward net zero.",8,How we work,attribute,firm,,,,,0.0,data/raw/microsoft/2023_sustainablity_report.pdf,microsoft,2023,24,0.0,0.0,0.0417,False,False,False,False,False,0.0,9.8,True,False,False,4
"As a global technology leader, we are also committed to helping build the enabling societal conditions that will support a net zero economy.",8,How we work > Global sustainability: Enabling a more sustainable world,attribute,firm,,,,,0.0,data/raw/microsoft/2023_sustainablity_report.pdf,microsoft,2023,23,0.0,0.0,0.087,False,False,False,False,False,0.0,25.3,False,True,False,2
"In 2020, we made a bold set of commitments: to be a carbon negative, water positive, zero waste company that protects ecosystems—all by 2030.",9,Microsoft sustainability How are we addressing our environmental footprint?,target,,"2020,",,2030,,0.5,data/raw/microsoft/2023_sustainablity_report.pdf,microsoft,2023,23,0.0,0.0,0.107,True,False,True,False,False,0.4,43.7,False,False,False,2
Our commitment to becoming carbon negative requires unprecedented innovation and partnership.,10,Getting to carbon negative > Our approach,attribute,firm,,,,,0.0,data/raw/microsoft/2023_sustainablity_report.pdf,microsoft,2023,11,0.0,0.0,0.0909,False,False,False,False,False,0.0,-27.4,False,False,False,0
"Over the last four years since setting our sustainability targets, thousands of companies have also joined the call to reach a net zero future and are taking steps, big and small, to help make that future a reality.",10,Getting to carbon negative > Our approach,attribute,,,,,,0.0,data/raw/microsoft/2023_sustainablity_report.pdf,microsoft,2023,38,0.0,0.0,0.0789,False,False,False,False,False,0.0,41.4,False,False,False,0
"From improving measurement to increasing datacenter efficiency and improving energy transmission, technology can be a powerful accelerant for the pace and scale the world needs to achieve net zero.",10,Getting to carbon negative > Our approach,attribute,,,,,,0.0,data/raw/microsoft/2023_sustainablity_report.pdf,microsoft,2023,29,0.0,0.0,0.0,False,False,False,False,False,0.0,8.2,False,False,False,0
"Addressing Scope 1, 2, and 3 emissions requires partnership and systemic action.",10,Getting to carbon negative > Our approach,other,,"1,",,,Scope 1,1.0,data/raw/microsoft/2023_sustainablity_report.pdf,microsoft,2023,9,0.0,0.0,0.0,True,False,False,True,False,0.4,9.7,False,False,False,0
"We need to decarbonize supply chains and take action to build the carbon-free electricity infrastructure needed by Microsoft, our suppliers, our partners, and the world.",10,Getting to carbon negative > Our approach,attribute,,,,,supply chain,0.5,data/raw/microsoft/2023_sustainablity_report.pdf,microsoft,2023,25,0.0,0.0,0.0,False,False,False,True,False,0.2,35.9,False,False,False,0
"In FY23 our emissions increased by 29.1% across Scope 1, 2, and 3 from our 2020 baseline, as we continue to invest in the infrastructure needed to advance new technologies.",10,Getting to carbon negative > Our approach,achievement,achievement,29.1%,2020,,Scope 1,1.0,data/raw/microsoft/2023_sustainablity_report.pdf,microsoft,2023,25,0.0,0.0,0.0,True,True,False,True,False,0.6,48.6,False,False,False,1
"Since 2020, our Scope 1 and 2 emissions have decreased by 6%.",10,Getting to carbon negative > Our approach,achievement,achievement,6%,,,Scope 1,0.67,data/raw/microsoft/2023_sustainablity_report.pdf,microsoft,2023,8,0.0,0.0,0.0,True,False,False,True,False,0.4,71.8,False,False,False,0
"Scope 3 accounts for over 96% of our total emissions, which includes emissions from our supply chain, the life cycle of our hardware and devices, and other indirect sources.",10,Getting to carbon negative > Our approach,other,,96%,,,Scope 3; supply chain,1.0,data/raw/microsoft/2023_sustainablity_report.pdf,microsoft,2023,27,0.0,0.0,0.0,True,False,False,True,False,0.4,41.6,False,False,False,0
Our Scope 3 emissions continue to be our most significant decarbonization challenge.,10,Getting to carbon negative > Our approach,other,,3,,,Scope 3,1.0,data/raw/microsoft/2023_sustainablity_report.pdf,microsoft,2023,11,0.0909,0.0,0.0,True,False,False,True,False,0.1,11.1,False,False,False,0
"Microsoft has taken a first-mover approach, making long-term investments to bring more carbon-free electricity onto the grids where we operate, and we continue to advocate for the expansion of clean energy solutions around the world.",10,Getting to carbon negative > Our approach,attribute,,,,,,0.0,data/raw/microsoft/2023_sustainablity_report.pdf,microsoft,2023,35,0.0,0.0286,0.0,False,False,False,False,True,0.086,16.6,False,False,False,0
"In FY23, we contracted 5,015,019 metric tons of carbon removal to be retired over the next 15 years.",10,Getting to carbon negative > Our approach,other,,"5,015,019 metric tons",,,,0.5,data/raw/microsoft/2023_sustainablity_report.pdf,microsoft,2023,16,0.0,0.0,0.0,True,False,False,False,False,0.2,58.4,True,False,False,0
We are committed to being carbon negative by 2030 and by 2050 to remove from the atmosphere an equivalent amount of all the carbon dioxide our company has emitted either directly or by our electricity consumption since we were founded in 1975.,11,Our approach continued Our journey to carbon negative,target,firm,2030,2030,2030,,0.75,data/raw/microsoft/2023_sustainablity_report.pdf,microsoft,2023,39,0.0,0.0,0.0969,True,True,True,False,False,0.6,21.9,True,False,False,1
"We will reduce our Scope 1 and 2 emissions to near zero by increasing energy efficiency, decarbonization of our operations, and reaching 100% renewable energy by 2025.",11,Our approach continued Our journey to carbon negative > Our targets,target,firm,100%,,2025,Scope 1; own operations,0.75,data/raw/microsoft/2023_sustainablity_report.pdf,microsoft,2023,23,0.0,0.0,0.0635,True,False,True,True,False,0.6,10.6,False,True,False,0
"By 2030, we will reduce our Scope 3 emissions by more than half from a 2020 baseline.",11,Our approach continued Our journey to carbon negative > Our targets,target,firm,"2030,",2020,2030,Scope 3,1.0,data/raw/microsoft/2023_sustainablity_report.pdf,microsoft,2023,14,0.0,0.0,0.1629,True,True,True,True,False,0.8,77.8,False,True,False,0
"By 2030, 100% of our electricity consumption will be matched by zero carbon energy purchases 100% of the time.",11,Our approach continued Our journey to carbon negative > Our targets,target,firm,100%,,2030,,0.5,data/raw/microsoft/2023_sustainablity_report.pdf,microsoft,2023,16,0.0,0.0,0.145,True,False,True,False,False,0.4,37.3,True,True,False,0
"By 2030, Microsoft will remove more carbon than it emits.",11,Our approach continued Our journey to carbon negative > Our targets,target,firm,"2030,",,2030,,0.5,data/raw/microsoft/2023_sustainablity_report.pdf,microsoft,2023,9,0.0,0.0,0.2422,True,False,True,False,False,0.4,66.1,False,True,False,0
"By 2050, we will remove an amount of carbon equivalent to all our historical operational emissions.",11,Our approach continued Our journey to carbon negative > Our targets,target,firm,"2050,",,2050,,0.5,data/raw/microsoft/2023_sustainablity_report.pdf,microsoft,2023,15,0.0,0.0,0.1533,True,False,True,False,False,0.4,22.4,False,True,False,0
Our Scope 1 and 2 emissions decreased by 6% from the 2020 base year.,11,Our approach continued Our journey to carbon negative > Our progress,achievement,achievement,6%,2020,,Scope 1,1.0,data/raw/microsoft/2023_sustainablity_report.pdf,microsoft,2023,10,0.0,0.0,0.0,True,True,False,True,False,0.6,78.2,False,False,False,0
"This result is driven by our ongoing work to advance clean energy procurement, green tariff programs, and use of unbundled renewable energy certificates.",11,Our approach continued Our journey to carbon negative > Our progress,attribute,,,,,,0.0,data/raw/microsoft/2023_sustainablity_report.pdf,microsoft,2023,23,0.0435,0.0,0.0,False,False,False,False,False,0.0,21.6,True,False,False,1
Our value chain or Scope 3 emissions increased by 30.9% from our 2020 baseline.,11,Our approach continued Our journey to carbon negative > Our progress,achievement,achievement,30.9%,2020,,Scope 3; value chain,1.0,data/raw/microsoft/2023_sustainablity_report.pdf,microsoft,2023,11,0.0,0.0,0.0,True,True,False,True,False,0.6,62.8,False,False,False,0
"Microsoft continues to work to scale corporate clean energy purchases across our supply chain and invest to help decarbonize hard-to abate industries, including steel, concrete, and other building materials used in our datacenters.",11,Our approach continued Our journey to carbon negative > Our progress,attribute,,,,,supply chain,0.5,data/raw/microsoft/2023_sustainablity_report.pdf,microsoft,2023,33,0.0,0.0,0.0,False,False,False,True,False,0.2,9.3,False,False,False,0
"In 2023, we increased our contracted portfolio of renewable energy assets to over 19.8 gigawatts (GW), including projects in 21 countries around the world.",11,Our approach continued Our journey to carbon negative > Our progress,achievement,achievement,"2023,",,,,0.33,data/raw/microsoft/2023_sustainablity_report.pdf,microsoft,2023,21,0.0,0.0476,0.0,True,False,False,False,False,0.01,35.0,False,False,False,0
"We contracted 5,015,019 metric tons of carbon removal in FY23.",11,Our approach continued Our journey to carbon negative > Our progress,other,,"5,015,019 metric tons",,,,0.5,data/raw/microsoft/2023_sustainablity_report.pdf,microsoft,2023,9,0.0,0.0,0.0,True,False,False,False,False,0.2,56.7,False,False,False,0
"Microsoft’s Scope 3 emissions continue to account for more than 96% of our total emissions, with the vast majority of these emissions coming from two categories upstream, Purchased Goods and Services (Category 1) and Capital Goods (Category 2), and one downstream, Use of Sold Products (Category 11).",12,Our approach continued Our journey to carbon negative > Our progress,other,,96%,,,Scope 3; upstream; downstream,1.0,data/raw/microsoft/2023_sustainablity_report.pdf,microsoft,2023,43,0.0,0.0,0.0,True,False,False,True,False,0.4,5.8,False,False,False,0
Scope 2 and 3 emissions included in this chart are market-based.,12,Our approach continued Our journey to carbon negative > Our progress,other,,2,,,Scope 2,1.0,data/raw/microsoft/2023_sustainablity_report.pdf,microsoft,2023,9,0.0,0.0,0.0,True,False,False,True,False,0.4,47.3,False,False,False,0
Scope 3 emissions are management criteria values.,12,Our approach continued Our journey to carbon negative > Our progress,other,,3,,,Scope 3,1.0,data/raw/microsoft/2023_sustainablity_report.pdf,microsoft,2023,6,0.0,0.0,0.0,True,False,False,True,False,0.4,3.3,False,False,False,0
"Microsoft’s overall emissions increased by 29.1% in FY23, in relation to our base year.",13,Our approach continued Our journey to carbon negative > Carbon Table 2–Tracking progress toward carbon negative by 2030,achievement,achievement,29.1%,,,,0.33,data/raw/microsoft/2023_sustainablity_report.pdf,microsoft,2023,14,0.0,0.0,0.0,True,False,False,False,False,0.2,54.7,False,False,False,0
"Additionally, we retired 605,354 metrics tons of carbon removal as part of achieving our annual target to be carbon neutral.",13,Our approach continued Our journey to carbon negative > Carbon Table 2–Tracking progress toward carbon negative by 2030,attribute,,"605,354",,,,0.5,data/raw/microsoft/2023_sustainablity_report.pdf,microsoft,2023,19,0.0,0.0,0.0526,True,False,False,False,False,0.2,31.7,False,False,False,0
Carbon-free electricity (CFE) Microsoft refers to the broader suite of technologies compatible with a fully decarbonized electricity system as CFE.,13,Our approach continued Our journey to carbon negative > Carbon Table 2–Tracking progress toward carbon negative by 2030,attribute,,,,,,0.0,data/raw/microsoft/2023_sustainablity_report.pdf,microsoft,2023,20,0.0,0.0,0.0,False,False,False,False,False,0.0,0.4,False,False,False,0
"Scopes 1, 2, and 3 Indirect emissions from all other activities up and down the value chain such as upstream and downstream transportation, materials, and end-oflife impacts, as well as all suppliers’ direct Scope 1 and 2 emissions.",13,Our approach continued Our journey to carbon negative > Carbon Table 2–Tracking progress toward carbon negative by 2030,other,,"1,",,,Scope 1; value chain; upstream; downstream,1.0,data/raw/microsoft/2023_sustainablity_report.pdf,microsoft,2023,33,0.0,0.0,0.0,True,False,False,True,False,0.4,27.2,False,False,False,0
Scope 3 represents over 96% of Microsoft’s annual emissions in FY23.,13,Our approach continued Our journey to carbon negative > Carbon Table 2–Tracking progress toward carbon negative by 2030,other,,96%,,,Scope 3,1.0,data/raw/microsoft/2023_sustainablity_report.pdf,microsoft,2023,10,0.0,0.0,0.0,True,False,False,True,False,0.4,44.4,False,False,False,0
Our Scope 3 emissions result primarily from the operations of our tens of thousands of suppliers (upstream) and the use of our products across millions of our customers (downstream).,13,Our approach continued Our journey to carbon negative > Carbon Table 2–Tracking progress toward carbon negative by 2030,other,,3,,,Scope 3; upstream; downstream,1.0,data/raw/microsoft/2023_sustainablity_report.pdf,microsoft,2023,28,0.0,0.0,0.0,True,False,False,True,False,0.4,39.4,False,False,False,0
"Tackling Scope 3 means decarbonizing industrial processes such as steel, concrete, and other building material production for use in our campus and datacenter construction, as well as jet fuel for business travel and logistics.",13,Our approach continued Our journey to carbon negative > Carbon Table 2–Tracking progress toward carbon negative by 2030,other,,3,,,Scope 3,1.0,data/raw/microsoft/2023_sustainablity_report.pdf,microsoft,2023,33,0.0,0.0,0.0,True,False,False,True,False,0.4,19.5,False,False,False,0
Reducing the carbon intensity of our operations is the first pillar of our approach to carbon negative.,14,Improving the measurement and efficiency of our operations,attribute,,,,,own operations,0.5,data/raw/microsoft/2023_sustainablity_report.pdf,microsoft,2023,17,0.0,0.0,0.0,False,False,False,True,False,0.2,35.3,False,False,False,0
"At Microsoft, we strengthened our supply chain methodologies in 2023 to drive progress in major sectors like building materials, sustainable aviation fuel, and hardware.",14,Improving the measurement and efficiency of our operations,attribute,,2023,,,supply chain,1.0,data/raw/microsoft/2023_sustainablity_report.pdf,microsoft,2023,23,0.0,0.0,0.0,True,False,False,True,False,0.4,25.3,False,False,False,2
"Using low-power server states, we observed a reduction in energy usage of up to 25% on unallocated servers, with a corresponding reduction in Scope 2 emissions.",14,Improving the measurement and efficiency of our operations > Transitioning servers to a low-power state,other,,25%,,,Scope 2,1.0,data/raw/microsoft/2023_sustainablity_report.pdf,microsoft,2023,24,0.0,0.0417,0.0,True,False,False,True,False,0.233,13.3,False,False,False,0
We support carbon-free electricity infrastructure through procurement and investment.,14,Improving the measurement and efficiency of our operations > Transitioning servers to a low-power state,attribute,hedged,,,,,0.0,data/raw/microsoft/2023_sustainablity_report.pdf,microsoft,2023,9,0.0,0.0,0.0,False,False,False,False,False,0.0,-18.5,False,False,False,0
"In 2023, these initiatives have directly contributed to a roughly 7% reduction in datacenter power infrastructure and the associated embodied carbon.",14,Improving the measurement and efficiency of our operations > Improving resource utilization,other,,7%,,,,0.5,data/raw/microsoft/2023_sustainablity_report.pdf,microsoft,2023,19,0.0,0.0526,0.0,True,False,False,False,False,0.0,-8.4,False,False,False,0
The direct impact in 2023 was an approximately 1.5% reduction in datacenter hardware needs for the Microsoft Azure platform–an improvement of three times over 2022 with a proportional reduction in associated embodied carbon.,14,Improving the measurement and efficiency of our operations > Improving resource utilization,achievement,achievement,1.5%,,,,0.33,data/raw/microsoft/2023_sustainablity_report.pdf,microsoft,2023,31,0.0,0.0323,0.0,True,False,False,False,False,0.071,16.4,False,False,False,0
"In FY23, 76.5% of our total emissions originated from our suppliers.",15,Improving the measurement and efficiency of our operations > Infrastructure decarbonization,other,,76.5%,,,,0.5,data/raw/microsoft/2023_sustainablity_report.pdf,microsoft,2023,10,0.0,0.0,0.0,True,False,False,False,False,0.2,49.5,False,False,False,0
We believe Microsoft also has a role to play in bringing the global supply chain with us on our journey to net zero.,15,Improving the measurement and efficiency of our operations > Infrastructure decarbonization,attribute,,,,,supply chain,0.5,data/raw/microsoft/2023_sustainablity_report.pdf,microsoft,2023,23,0.0,0.0435,0.0,False,False,False,True,False,0.026,65.8,False,False,False,0
"To minimize our carbon impact in constructing datacenters, we build our datacenters to meet LEED Gold certification, with 37 datacenters already meeting this goal globally.3 LEED buildings also use less water, utilize renewable energy and fewer resources, create less waste, and preserve land and habitat.",15,Improving the measurement and efficiency of our operations > Innovations in low-carbon concrete,other,,37,,,global,1.0,data/raw/microsoft/2023_sustainablity_report.pdf,microsoft,2023,44,0.0,0.0,0.0227,True,False,False,True,False,0.4,24.9,False,False,False,0
"Derived from algae cultivation in concert with other alternative cementitious materials, the combination yielded a concrete mix that met our performance requirements and achieved an estimated 65% embodied carbon reduction from conventional concrete of a similar strength.",15,Improving the measurement and efficiency of our operations > Innovations in low-carbon concrete,achievement,achievement,65%,,,,0.33,data/raw/microsoft/2023_sustainablity_report.pdf,microsoft,2023,36,0.0,0.0556,0.0,True,False,False,False,False,0.0,-13.0,False,False,False,0
"While we know that the majority of our emissions are from Scope 3, over 96% in 2023, we also needed greater precision on the drivers contributing to these emissions.",15,Improving the measurement and efficiency of our operations > Improve measurements across our supply chain,other,,96%,,,Scope 3,1.0,data/raw/microsoft/2023_sustainablity_report.pdf,microsoft,2023,26,0.0,0.0,0.0,True,False,False,True,False,0.4,40.5,False,False,False,0
"1 Electricity use in both upstream embodied in what we purchase, and downstream from the usage of our products.",15,Improving the measurement and efficiency of our operations > Improve measurements across our supply chain,other,,1,,,upstream; downstream,1.0,data/raw/microsoft/2023_sustainablity_report.pdf,microsoft,2023,18,0.0,0.0,0.0,True,False,False,True,False,0.4,52.3,False,False,False,0
Achieving net zero is not something we can do alone.,15,Improving the measurement and efficiency of our operations > Improve measurements across our supply chain,attribute,,,,,,0.0,data/raw/microsoft/2023_sustainablity_report.pdf,microsoft,2023,10,0.0,0.0,0.0,False,False,False,False,False,0.0,61.3,False,False,False,0
"As 76.5% of our total emissions originate from our suppliers, we have a role to play in bringing the global supply chain with us on our journey to net zero.",15,Improving the measurement and efficiency of our operations > Improve measurements across our supply chain,attribute,,76.5%,,,supply chain,1.0,data/raw/microsoft/2023_sustainablity_report.pdf,microsoft,2023,29,0.0,0.0,0.0,True,False,False,True,False,0.4,72.5,False,False,False,0
Access to granular emissions data from our supply chain is essential to identifying where our largest Scope 3 reduction opportunities exist and how these can be actioned.,16,Improving the measurement and efficiency of our operations > Partnering with our suppliers,other,,3,,,Scope 3; supply chain,1.0,data/raw/microsoft/2023_sustainablity_report.pdf,microsoft,2023,26,0.0,0.0,0.0,True,False,False,True,False,0.4,24.3,True,False,False,0
"To understand the full extent of our Scope 3 carbon footprint, we piloted a new feature in Microsoft Sustainability Manager called the environmental, social, and governance (ESG) value chain solution.",16,Improving the measurement and efficiency of our operations > Partnering with our suppliers,other,,3,,,Scope 3; value chain,1.0,data/raw/microsoft/2023_sustainablity_report.pdf,microsoft,2023,29,0.0,0.0,0.0,True,False,False,True,False,0.4,11.1,False,False,False,0
"In 2023, Microsoft Procurement acted as customer zero, as we used our own technology and utilized the ESG value chain solution as its disclosure platform to successfully collect emissions from top in-scope suppliers.",16,Improving the measurement and efficiency of our operations > Partnering with our suppliers,other,,"2023,",,,value chain,1.0,data/raw/microsoft/2023_sustainablity_report.pdf,microsoft,2023,32,0.0,0.0,0.0,True,False,False,True,False,0.4,10.4,False,False,False,2
"When we identified a near-term need to support suppliers in decarbonizing their electricity consumption, especially our smallerto mediumsized suppliers who traditionally lack the expertise and resources to navigate this process on their own, we partnered with climate solutions expert 3Degrees to launch Supplier REach, a renewable electricity portal.",16,Improving the measurement and efficiency of our operations > Advancing procurement of carbon-free electricity,other,hedged,,,,,0.0,data/raw/microsoft/2023_sustainablity_report.pdf,microsoft,2023,48,0.0,0.0,0.0,False,False,False,False,False,0.0,-16.4,False,False,False,0
The portal assists with Microsoft supplier evaluation and procurement of high-quality carbon-free electricity options based on factors such as their geography and energy load.,16,Improving the measurement and efficiency of our operations > Advancing procurement of carbon-free electricity,attribute,,,,,,0.0,data/raw/microsoft/2023_sustainablity_report.pdf,microsoft,2023,24,0.0,0.0,0.0,False,False,False,False,False,0.0,6.2,False,False,False,0
Driving targeted Scope 3 emission reductions requires more precise measurement.,16,Improving the measurement and efficiency of our operations > Measuring semiconductor emissions,other,,3,,,Scope 3,1.0,data/raw/microsoft/2023_sustainablity_report.pdf,microsoft,2023,9,0.0,0.0,0.1111,True,False,False,True,False,0.4,-9.1,False,False,False,0
We have also provided input to and utilized the Embodied Carbon in Construction Calculator (EC3) for identification and evaluation of the carbon intensity of workplace construction materials alternatives.,17,Improving the measurement and efficiency of our operations > Measuring semiconductor emissions,other,,,,,,0.0,data/raw/microsoft/2023_sustainablity_report.pdf,microsoft,2023,28,0.0,0.0,0.0,False,False,False,False,False,0.0,-15.0,False,False,False,0
"At our LinkedIn campus in Omaha, Nebraska, we have been accessing direct renewable energy through our parking canopy solar installation since July 2022.",17,Improving the measurement and efficiency of our operations > Measuring semiconductor emissions,other,achievement,,2022,,,0.0,data/raw/microsoft/2023_sustainablity_report.pdf,microsoft,2023,22,0.0,0.0,0.0,False,True,False,False,False,0.2,15.3,False,False,False,0
"In FY23, this solar installation project provided approximately 17% of the building’s total electricity, including helping to power the allelectric kitchen.",17,Improving the measurement and efficiency of our operations > Measuring semiconductor emissions,other,,17%,,,,0.5,data/raw/microsoft/2023_sustainablity_report.pdf,microsoft,2023,21,0.0,0.0476,0.0,True,False,False,False,False,0.01,-3.8,False,False,False,0
"One of the key strategies employed to reduce Scope 3 emissions of suppliers’ purchased foods in FY23 was to increase local purchasing of agricultural products to, or above, 20% of total purchasing spend, while partnering with regional producers focused on climate-smart agricultural practices and regenerative farming.",17,Improving the measurement and efficiency of our operations > Measuring semiconductor emissions,achievement,achievement,20%,,,Scope 3,0.67,data/raw/microsoft/2023_sustainablity_report.pdf,microsoft,2023,44,0.0,0.0,0.0,True,False,False,True,False,0.4,-7.0,False,False,False,0
"As employees plan their trips, they are able to see accurate and ISO-Certified carbon dioxide figures, powered by Advito’s GATE4 carbon emissions methodology, for each flight option, identifying the most sustainable options.",17,Improving the measurement and efficiency of our operations > Measuring semiconductor emissions,other,,,,,,0.0,data/raw/microsoft/2023_sustainablity_report.pdf,microsoft,2023,33,0.0,0.0,0.0303,False,False,False,False,False,0.0,14.4,False,False,False,0
"This new methodology aims to appropriately incorporate actual global warming potential of the materials we buy, where data is available, with existing spendbased methodologies, as we work to improve our Scope 3 measurement and emissions.",17,Improving the measurement and efficiency of our operations > Reducing the impact of our supply chain,other,hedged,3,,,Scope 3,1.0,data/raw/microsoft/2023_sustainablity_report.pdf,microsoft,2023,34,0.0294,0.0,0.0294,True,False,False,True,False,0.282,0.6,False,False,False,0
"In 2023, we submitted responses to four Greenhouse Gas Protocol (GHGP) surveys that kicked off GHGP’s comprehensive review of its corporate carbon accounting guidance.",17,Improving the measurement and efficiency of our operations > Reducing the impact of our supply chain,other,,"2023,",,,,0.5,data/raw/microsoft/2023_sustainablity_report.pdf,microsoft,2023,24,0.0,0.0,0.0,True,False,False,False,False,0.2,30.9,False,False,False,0
The ability of Microsoft and the technology sector to meet net zero targets is dependent on our collective ability to procure carbon-free electricity and decarbonize our supply chains.,18,Building markets and driving progress,attribute,,,,,supply chain,0.5,data/raw/microsoft/2023_sustainablity_report.pdf,microsoft,2023,28,0.0,0.0,0.0357,False,False,False,True,False,0.2,9.2,False,False,False,0
Microsoft continues to build and scale carbon-free electricity through our procurement of renewable energy and investing to bring more carbon-free electricity onto the grids where we operate.,18,Building markets and driving progress,attribute,,,,,,0.0,data/raw/microsoft/2023_sustainablity_report.pdf,microsoft,2023,27,0.0,0.0,0.0,False,False,False,False,True,0.2,13.4,False,False,False,0
"We are partnering with Clearloop to help decarbonize the grid in the Mississippi Delta region, enabling a 6.6-megawatt project.",18,Building markets and driving progress,other,,6.6,,,,0.5,data/raw/microsoft/2023_sustainablity_report.pdf,microsoft,2023,19,0.0,0.0,0.0,True,False,False,False,True,0.4,41.4,False,False,False,0
"Incorporating environmental justice principles into our carbon-free electricity procurement, we partnered with EKOenergy’s Climate Fund to enable the installation of solar-powered refrigeration for a Kenyan fishing village, offering ice and clean water at 20% lower prices for 2,000 households and addressing food security and economic hardship by reducing fish harvest loss.",18,Building markets and driving progress > Procuring carbon-free electricity,attribute,,20%,,,,0.5,data/raw/microsoft/2023_sustainablity_report.pdf,microsoft,2023,50,0.0,0.0,0.0,True,False,False,False,False,0.2,-30.0,False,False,False,0
"We have begun embedding community funds in global power purchase agreements (PPAs)—for example, a 366-MW renewable energy deal in Ireland with European developer Statkraft includes such a fund to support local community needs.",18,Building markets and driving progress > Procuring carbon-free electricity,other,hedged,366,,,,0.5,data/raw/microsoft/2023_sustainablity_report.pdf,microsoft,2023,34,0.0,0.0,0.0,True,False,False,False,False,0.2,10.6,False,False,False,0
"We also partnered with Clearloop to expand equitable access to clean energy and help decarbonize the grid in the Mississippi Delta region, enabling a 6.6-megawatt project in Mississippi through an upfront payment for long-term renewable energy credits.",18,Building markets and driving progress > Procuring carbon-free electricity,attribute,,6.6,,,,0.5,data/raw/microsoft/2023_sustainablity_report.pdf,microsoft,2023,37,0.0,0.0,0.0,True,False,False,False,True,0.4,25.7,False,False,False,0
"In FY23, we procured 5.015 million metric tons of carbon removal in support of our carbon neutral and negative targets.",19,Building markets and driving progress > Advancing carbon dioxide removal (CDR),attribute,hedged,5.015 million,,,,0.5,data/raw/microsoft/2023_sustainablity_report.pdf,microsoft,2023,19,0.0,0.0,0.0526,True,False,False,False,False,0.2,54.7,False,False,False,0
"In FY23, we contracted 5,015,019 metric tons of carbon removal to be retired over the next 15 years.",19,Building markets and driving progress > Advancing carbon dioxide removal (CDR),other,,"5,015,019 metric tons",,,,0.5,data/raw/microsoft/2023_sustainablity_report.pdf,microsoft,2023,16,0.0,0.0,0.0,True,False,False,False,False,0.2,58.4,True,False,False,0
"Reforestation in the Amazon: In November 2023, we signed a long-term offtake with Mombak for carbon removal from reforestation in the Brazilian Amazon.",19,Building markets and driving progress > Advancing carbon dioxide removal (CDR),other,,"2023,",,,,0.5,data/raw/microsoft/2023_sustainablity_report.pdf,microsoft,2023,22,0.0,0.0,0.0,True,False,False,False,False,0.2,11.5,False,False,False,0
"In FY23, we procured 5.015 million metric tons of carbon removals.",19,Building markets and driving progress > Carbon Table 3–Tracking progress toward carbon negative by 2030,other,,5.015 million,,,,0.5,data/raw/microsoft/2023_sustainablity_report.pdf,microsoft,2023,10,0.0,0.0,0.0,True,False,False,False,False,0.2,57.9,False,False,False,0
"Carbon removal contracted each year includes credits retired in the same year and to be retired in future years, in support of our annual in-year carbon neutrality and 2030 carbon negative targets.",19,Building markets and driving progress > Carbon Table 3–Tracking progress toward carbon negative by 2030,attribute,hedged,2030,2030,,,0.5,data/raw/microsoft/2023_sustainablity_report.pdf,microsoft,2023,31,0.0,0.0,0.0645,True,True,False,False,False,0.4,25.3,True,False,False,0
We support carbon-free electricity infrastructure through procurement and investment.,20,Building markets and driving progress > Carbon Table 3–Tracking progress toward carbon negative by 2030,attribute,hedged,,,,,0.0,data/raw/microsoft/2023_sustainablity_report.pdf,microsoft,2023,9,0.0,0.0,0.0,False,False,False,False,False,0.0,-18.5,False,False,False,0
We increased our contracted portfolio of renewable energy assets to over 19.8 gigawatts.,20,Building markets and driving progress > Carbon Table 3–Tracking progress toward carbon negative by 2030,achievement,achievement,19.8,,,,0.33,data/raw/microsoft/2023_sustainablity_report.pdf,microsoft,2023,12,0.0,0.0,0.0,True,False,False,False,False,0.2,17.4,False,False,False,0
Meeting our carbon negative goals is tightly linked with global decarbonization.,20,Building markets and driving progress > Supporting global progress,attribute,,,,,,0.0,data/raw/microsoft/2023_sustainablity_report.pdf,microsoft,2023,11,0.0,0.0,0.0909,False,False,False,False,False,0.0,18.8,True,False,False,0
"It’s a challenge that is bigger than any one company, but Microsoft has taken a first-mover approach, making long-term investments to bring more carbon-free electricity onto the grids where we operate.",20,Building markets and driving progress > Supporting global progress,attribute,,,,,,0.0,data/raw/microsoft/2023_sustainablity_report.pdf,microsoft,2023,32,0.0,0.0,0.0,False,False,False,False,True,0.2,28.9,False,False,False,0
"In 2023, Microsoft increased its contracted portfolio of renewable energy assets to over 19.8 gigawatts (GW) across 21 countries.",20,Building markets and driving progress > Partnering to scale clean energy,achievement,achievement,"2023,",,,,0.33,data/raw/microsoft/2023_sustainablity_report.pdf,microsoft,2023,16,0.0,0.0,0.0,True,False,False,False,False,0.2,18.9,False,False,False,0
"Under this agreement, Powerex will match Microsoft’s hourly datacenter demand with direct deliveries of carbonfree hydro, solar, and wind power on a 24-hour, year-round basis—supplying reliable electricity to our datacenter while also supporting our 100/100/0 goal.",20,Building markets and driving progress > Partnering to scale clean energy,target,firm,24,,,,0.25,data/raw/microsoft/2023_sustainablity_report.pdf,microsoft,2023,37,0.0,0.0,0.0541,True,False,False,False,False,0.2,6.9,False,True,False,0
"The plant is expected to be online by 2028 and will target power generation of 50 MW or greater, dramatically shortening the projected timeline for commercially viable fusion energy.",20,Building markets and driving progress > Partnering to scale clean energy,target,firm,2028,,2028,,0.5,data/raw/microsoft/2023_sustainablity_report.pdf,microsoft,2023,27,0.0,0.0741,0.1311,True,False,True,False,False,0.104,16.5,True,True,False,0
"Microsoft’s first power purchase agreement in Brazil (154 MW) is sourced from the Cajuina Wind Complex, developed by AES Brasil, and will be operated by an all-female operations and maintenance (O&M) team.",21,Building markets and driving progress > Partnering to scale clean energy,other,firm,154,,,,0.5,data/raw/microsoft/2023_sustainablity_report.pdf,microsoft,2023,33,0.0,0.0,0.0303,True,False,False,False,False,0.2,24.6,True,True,False,0
"The Deerfoot solar project in Canada (37 MW) is majority-owned (51%) by local First Nations, Chiniki and Goodstoney.",21,Building markets and driving progress > Partnering to scale clean energy,other,,51%,,,,0.5,data/raw/microsoft/2023_sustainablity_report.pdf,microsoft,2023,16,0.0,0.0,0.0,True,False,False,False,False,0.2,21.4,False,False,False,0
"In Oregon, we signed on as the major commercial partner on the Skyward Community Solar project, a solar farm in the Greater Portland area that generates nearly 3.6 million kilowatt-hours of clean energy each year.",21,Building markets and driving progress > Partnering to scale clean energy,attribute,,3.6 million,,,,0.5,data/raw/microsoft/2023_sustainablity_report.pdf,microsoft,2023,34,0.0,0.0,0.0,True,False,False,False,False,0.2,37.8,False,False,False,0
"Clean electricity from the project is fed into the electric grid, replacing fossil fuels and reducing carbon emissions from our workplace operations.",21,Building markets and driving progress > Partnering to scale clean energy,attribute,,,,,,0.0,data/raw/microsoft/2023_sustainablity_report.pdf,microsoft,2023,22,0.0,0.0,0.0,False,False,False,False,True,0.2,23.0,True,False,False,0
"In 2023, Microsoft entered a 10-year contract with World Energy for sustainable aviation fuel (SAF) certificates, aiming to replace 43.7 million gallons of fossil jet fuel, and jointly funded a large-scale global SAF purchase with International Airlines Group (IAG).",21,Building markets and driving progress > Partnering to scale clean energy,attribute,hedged,43.7 million,,,,0.5,data/raw/microsoft/2023_sustainablity_report.pdf,microsoft,2023,37,0.0,0.0,0.027,True,False,False,False,False,0.2,30.3,False,False,False,0
"In August 2023, Microsoft hosted and participated in the Asia-Pacific Economic Cooperation (APEC) roundtable on GHG accounting standards on August 4 and the APEC Energy Ministers Meeting on August 15.",21,Building markets and driving progress > Partnering to scale clean energy,other,,"2023,",,,,0.5,data/raw/microsoft/2023_sustainablity_report.pdf,microsoft,2023,27,0.0,0.0,0.0,True,False,False,False,False,0.2,-2.3,False,False,False,0
"Microsoft entered a 10-year contract with World Energy for sustainable aviation fuel (SAF) certificates, aiming to replace 43.7 million gallons of fossil jet fuel.",21,Building markets and driving progress > Partnering to scale clean energy,attribute,hedged,43.7 million,,,,0.5,data/raw/microsoft/2023_sustainablity_report.pdf,microsoft,2023,23,0.0,0.0,0.0435,True,False,False,False,False,0.2,37.0,False,False,False,0
Driving Scope 3 reductions requires developing better data visibility and more accurate and actionable methodologies than are generally available today.,22,Learnings and what’s next > Measurement plays an important role in Scope 3 reduction,other,,3,,,Scope 3,1.0,data/raw/microsoft/2023_sustainablity_report.pdf,microsoft,2023,19,0.0526,0.0,0.0,True,False,False,True,False,0.19,-21.7,False,False,False,0
"Additionally, we are exploring how technology, like AI and blockchain, can further increase accountability and traceability for our Scope 3 carbon emissions.",22,Learnings and what’s next > Measurement plays an important role in Scope 3 reduction,other,,3,,,Scope 3,1.0,data/raw/microsoft/2023_sustainablity_report.pdf,microsoft,2023,21,0.0,0.0,0.0,True,False,False,True,False,0.4,4.2,False,False,False,0
"Today, one in four people live in countries facing high water stress, a number that is expected to increase to one in three by 2050.",23,Getting to water positive > Our approach,target,,,,2050,,0.25,data/raw/microsoft/2023_sustainablity_report.pdf,microsoft,2023,24,0.0,0.0833,0.0617,False,False,True,False,False,0.0,69.7,True,False,False,0
"In 2023, we continued to drive progress by focusing on accelerating solutions to water challenges through innovation and partnerships.",23,Getting to water positive > Our approach,other,,"2023,",,,,0.5,data/raw/microsoft/2023_sustainablity_report.pdf,microsoft,2023,18,0.0556,0.0,0.0,True,False,False,False,False,0.0,14.7,False,False,False,1
"In 2023, we nearly doubled our water replenishment portfolio, and met our 2030 water access target to provide 1.5 million people with access to clean water and sanitation services.",23,Getting to water positive > Our approach,other,,1.5 million,,,,0.5,data/raw/microsoft/2023_sustainablity_report.pdf,microsoft,2023,26,0.0,0.0,0.0385,True,False,False,False,False,0.2,44.0,False,False,False,0
"In FY23, we met our water access target by providing more than 1.5 million people with access to clean water and sanitation solutions.",23,Getting to water positive > Our approach,other,,1.5 million,,,,0.5,data/raw/microsoft/2023_sustainablity_report.pdf,microsoft,2023,22,0.0,0.0,0.0455,True,False,False,False,False,0.2,61.1,False,False,False,0
Our datacenter strategy puts us on track to achieve a 40% water intensity reduction target by 2030.,24,Getting to water positive > Our approach,target,,40%,2030,2030,,0.75,data/raw/microsoft/2023_sustainablity_report.pdf,microsoft,2023,15,0.0,0.0,0.1533,True,True,True,False,False,0.6,33.7,False,False,False,0
"In 2023, we became more intentional about integrating environmental justice into our replenishment program.",24,Getting to water positive > Our approach,other,,"2023,",,,,0.5,data/raw/microsoft/2023_sustainablity_report.pdf,microsoft,2023,13,0.0,0.0769,0.0,True,False,False,False,False,0.0,-8.1,False,False,False,0
In 2023 we refreshed our criteria to ensure we keep environmental justice at the forefront of our replenishment investments and project assessment.,24,Getting to water positive > Our approach,other,,2023,,,,0.5,data/raw/microsoft/2023_sustainablity_report.pdf,microsoft,2023,21,0.0,0.0,0.0,True,False,False,False,False,0.2,20.3,False,False,False,0
We will provide 1.5 million people with access to clean water and sanitation services by 2030.,25,Our approach continued Our journey to water positive > Our targets,target,firm,1.5 million,2030,2030,,0.75,data/raw/microsoft/2023_sustainablity_report.pdf,microsoft,2023,14,0.0,0.0,0.1629,True,True,True,False,False,0.6,60.7,False,True,False,0
"We will make progress against our target to improve water use efficiency by 40% across our global, owned datacenter operations by 2030, from a 2022 baseline.",25,Our approach continued Our journey to water positive > Our targets,target,firm,40%,2022,2030,,0.75,data/raw/microsoft/2023_sustainablity_report.pdf,microsoft,2023,23,0.0,0.0,0.1504,True,True,True,False,False,0.6,29.0,False,True,False,1
"In FY23, we contracted for replenishment projects that are estimated to provide more than 25 million m cubed in volumetric water benefit over the lifetime of these projects.",25,Our approach continued Our journey to water positive > Our progress,other,,25 million,,,,0.5,data/raw/microsoft/2023_sustainablity_report.pdf,microsoft,2023,27,0.0,0.0741,0.0,True,False,False,False,False,0.0,25.9,True,False,False,0
"Since the inception of this program, projects contracted are estimated to provide more than 61 million m cubed in volumetric water benefit.",25,Our approach continued Our journey to water positive > Our progress,other,,61 million,,,,0.5,data/raw/microsoft/2023_sustainablity_report.pdf,microsoft,2023,21,0.0,0.0952,0.0,True,False,False,False,False,0.0,28.4,True,False,False,0
"In FY23, we met our water access target by providing more than 1.5 million people with access to clean water and sanitation solutions in Brazil, Chile, India, Indonesia, and Mexico.",25,Our approach continued Our journey to water positive > Our progress,other,,1.5 million,,,,0.5,data/raw/microsoft/2023_sustainablity_report.pdf,microsoft,2023,29,0.0,0.0,0.0345,True,False,False,False,False,0.2,49.2,False,False,False,0
"In FY23, we contracted for replenishment projects that are estimated to provide more than 25.4 million m3 in volumetric water benefit.",25,Our approach continued Our journey to water positive > Our progress,other,,25.4 million,,,,0.5,data/raw/microsoft/2023_sustainablity_report.pdf,microsoft,2023,20,0.0,0.1,0.0,True,False,False,False,False,0.0,40.2,True,False,False,0
Improvements as part of our Redmond campus modernization project are estimated to yield over 50% reduction in water use for new facilities.,26,Our approach continued Our journey to water positive > Our progress,other,,50%,,,,0.5,data/raw/microsoft/2023_sustainablity_report.pdf,microsoft,2023,21,0.0,0.0952,0.0,True,False,False,False,False,0.0,20.3,True,False,False,0
This allows teams to target only non-potable sources for non-potable end-use and increase the use of recycled water and greywater.,26,Our approach continued Our journey to water positive > Advancing best practices,attribute,,,,,,0.0,data/raw/microsoft/2023_sustainablity_report.pdf,microsoft,2023,20,0.0,0.0,0.05,False,False,False,False,False,0.0,38.5,False,False,False,0
These improvements are estimated to yield over 50% reduction in water use for the new facilities compared to pre-modernization.,26,Our approach continued Our journey to water positive > Reducing water use at our campuses,other,,50%,,,,0.5,data/raw/microsoft/2023_sustainablity_report.pdf,microsoft,2023,18,0.0,0.1111,0.0,True,False,False,False,False,0.0,10.0,True,False,False,0
"Indoors, we estimate a reduction in water use of over 7 million gallons annually, through implementing efficient features and constructing cisterns for rainwater capture.",26,Our approach continued Our journey to water positive > Reducing water use at our campuses,other,,7 million,,,,0.5,data/raw/microsoft/2023_sustainablity_report.pdf,microsoft,2023,23,0.0,0.0435,0.0,True,False,False,False,False,0.026,10.6,False,False,False,0
"Outdoors, we estimate a reduction in irrigation water of over 30 million gallons annually, through planting native and adaptive vegetation as well as installing efficient irrigation systems.",26,Our approach continued Our journey to water positive > Reducing water use at our campuses,other,,30 million,,,,0.5,data/raw/microsoft/2023_sustainablity_report.pdf,microsoft,2023,26,0.0,0.0385,0.0385,True,False,False,False,False,0.046,1.5,False,False,False,0
We estimate that our Thermal Energy Center will help save over 10 million gallons of water per year.,26,Our approach continued Our journey to water positive > Reducing water use at our campuses,other,firm,10 million,,,,0.5,data/raw/microsoft/2023_sustainablity_report.pdf,microsoft,2023,17,0.0,0.0588,0.0588,True,False,False,False,False,0.0,55.2,False,True,False,0
"In FY23, our water consumption increased in alignment with our business growth.",26,Our approach continued Our journey to water positive > Water Table 1–Measuring our annual water consumption informs our replenishment targets,other,achievement,,,,,0.0,data/raw/microsoft/2023_sustainablity_report.pdf,microsoft,2023,12,0.0,0.0,0.0,False,False,False,False,False,0.0,46.6,False,False,False,0
"In 2022, all owned datacenters that use water for cooling underwent an audit to ensure operational values aligned with design expectations.",27,Our approach continued Our journey to water positive > Maximizing cooling efficiency in existing datacenters,other,,"2022,",,,,0.5,data/raw/microsoft/2023_sustainablity_report.pdf,microsoft,2023,20,0.0,0.05,0.0,True,False,False,False,False,0.0,13.1,False,False,False,0
"In 2023, we expanded our usage of alternative water sources, such as reclaimed and recycled water, in Texas, Washington, California, and Singapore, further reducing our dependence on freshwater supply.",27,Our approach continued Our journey to water positive > Innovations at datacenters,attribute,,"2023,",,,,0.5,data/raw/microsoft/2023_sustainablity_report.pdf,microsoft,2023,28,0.0,0.0,0.0,True,False,False,False,False,0.2,6.2,False,False,False,0
"In FY23, we grew our water replenishment program significantly, adding rigor to our approach while nearly doubling the size of our portfolio.",28,Our approach continued Our journey to water positive > Innovations at datacenters,other,,,,,,0.0,data/raw/microsoft/2023_sustainablity_report.pdf,microsoft,2023,22,0.0909,0.0,0.0,False,False,False,False,False,0.0,38.4,False,False,False,0
"As of July 2023, we invested more than $16 million in 49 replenishment projects around the world, for more than 61 million m3 of potential volumetric water benefits (the equivalent volume of 24,000 Olympic size swimming pools) over the lifetime of the projects.",28,Our approach continued Our journey to water positive > Innovations at datacenters,other,,16 million,,,,0.5,data/raw/microsoft/2023_sustainablity_report.pdf,microsoft,2023,38,0.0,0.0263,0.0,True,False,False,False,False,0.095,19.1,False,False,False,0
"By 2030, we expect to replenish more water than we consume across our entire direct operations globally and replenish all of that water in approximately 40 priority high water stress locations where we operate.",28,61M m cubed,target,,"2030,",,2030,global,0.75,data/raw/microsoft/2023_sustainablity_report.pdf,microsoft,2023,32,0.0,0.0625,0.0512,True,False,True,True,False,0.35,15.7,False,False,False,0
"In November 2023, we published a white paper that shares some of our learnings as we developed our global corporate water replenishment program.",28,61M m cubed,other,,"2023,",,,,0.5,data/raw/microsoft/2023_sustainablity_report.pdf,microsoft,2023,22,0.0,0.0,0.0,True,False,False,False,False,0.2,30.7,False,False,False,0
"Since year one, we have contracted 49 replenishment programs in water-stressed basins, which are expected to deliver more than 61 million m cubed of replenishment volume over their lifetime.",28,61M m cubed > Water Table 2–Replenishing more water than we consume,other,,61 million,,,,0.5,data/raw/microsoft/2023_sustainablity_report.pdf,microsoft,2023,27,0.0,0.0741,0.0,True,False,False,False,False,0.0,22.8,True,False,False,0
"Over a 10-year period, FIDO plans to track volumetric benefits alongside other complementary benefits, including greenhouse gas reductions.",29,61M m cubed > AIAccelerating progress with AI,other,,10,,,,0.5,data/raw/microsoft/2023_sustainablity_report.pdf,microsoft,2023,18,0.0,0.0,0.0556,True,False,False,False,False,0.2,0.6,False,False,False,0
"A partnership between BEF’s Business for Water Stewardship, Sensor Industries, Pacific Institute, and local housing authorities will install 600 leak detection sensors for toilets in multi-family, low-income housing developments.",29,61M m cubed > Addressing water loss and improving resilience,other,firm,600,,,,0.5,data/raw/microsoft/2023_sustainablity_report.pdf,microsoft,2023,29,0.0,0.0,0.0345,True,False,False,False,False,0.2,-9.3,False,True,False,0
"The sensors have a 10-year lifetime and will allow for real-time monitoring of leaks, enabling prompt response from maintenance to minimize water loss.",29,61M m cubed > Addressing water loss and improving resilience,other,firm,10,,,,0.5,data/raw/microsoft/2023_sustainablity_report.pdf,microsoft,2023,23,0.0,0.0,0.0435,True,False,False,False,False,0.2,40.0,False,True,False,0
"We have invested more than $3 million to improve water access in Brazil, India, Indonesia, Mexico, and Chile.",30,61M m cubed > Addressing water loss and improving resilience,other,,3 million,,,,0.5,data/raw/microsoft/2023_sustainablity_report.pdf,microsoft,2023,17,0.0,0.0,0.0,True,False,False,False,False,0.2,40.3,False,False,False,0
"As of 2023, having invested more than $3 million to support communities in Brazil, India, Indonesia, Mexico, and Chile, we have reached our target to provide more than 1.5 million people with access to water or sanitation services.",30,61M m cubed > Increasing access to water and sanitation,target,hedged,3 million,,,,0.25,data/raw/microsoft/2023_sustainablity_report.pdf,microsoft,2023,35,0.0,0.0,0.0286,True,False,False,False,False,0.2,41.6,False,False,False,0
This work represents our third water-related investment advanced through Microsoft’s $1 billion Climate Innovation Fund.,30,61M m cubed > Increasing access to water and sanitation,other,,1 billion,,,,0.5,data/raw/microsoft/2023_sustainablity_report.pdf,microsoft,2023,15,0.0,0.0,0.0,True,False,False,False,False,0.2,11.1,False,False,False,1
We met our target to provide more than 1.5 million people with access to water and sanitation services.,30,61M m cubed > Enhancing and sustaining the availability of safe drinking water,other,,1.5 million,,,,0.5,data/raw/microsoft/2023_sustainablity_report.pdf,microsoft,2023,17,0.0,0.0,0.0588,True,False,False,False,False,0.2,63.8,False,False,False,0
"Water.org in Mexico focused on the Metropolitan Area of Mexico City, disbursing microloans that will benefit more than 1,500 people.",31,61M m cubed > Enhancing and sustaining the availability of safe drinking water,other,firm,"1,500",,,,0.5,data/raw/microsoft/2023_sustainablity_report.pdf,microsoft,2023,20,0.0,0.0,0.05,True,False,False,False,False,0.2,31.7,False,True,False,0
"Through our collaboration with Agua Segura, close to 4,000 people benefited from improved access to drinking water for the community of Cerrillo in the municipality of Curacaví, and more than 1,000 students gained access to safe drinking water at schools in the communities of Quilicura and Colina.",31,61M m cubed > Enhancing and sustaining the availability of safe drinking water,other,,"4,000",,,,0.5,data/raw/microsoft/2023_sustainablity_report.pdf,microsoft,2023,45,0.0222,0.0,0.0,True,False,False,False,False,0.111,1.4,False,False,False,0
"In Brazil, Water.org disbursed more than 15,000 WaterCredit loans that will benefit more than 60,000 people.",31,61M m cubed > Enhancing and sustaining the availability of safe drinking water,other,firm,"15,000",,,,0.5,data/raw/microsoft/2023_sustainablity_report.pdf,microsoft,2023,15,0.0,0.0,0.0667,True,False,False,False,False,0.2,63.9,False,True,False,0
"C Through our collaboration with Water.org, more than 900,000 people have been reached in the states of Andhra Pradesh, Karnataka, Maharashtra, Tamil Nadu, Telangana, and others.",31,61M m cubed > Enhancing and sustaining the availability of safe drinking water,achievement,achievement,"900,000",,,,0.33,data/raw/microsoft/2023_sustainablity_report.pdf,microsoft,2023,26,0.0,0.0,0.0,True,False,False,False,False,0.2,40.7,True,False,False,0
"Water.org reached over 500,000 people throughout Indonesia, primarily in the regions of East, West and Central Java.",31,61M m cubed > Enhancing and sustaining the availability of safe drinking water,achievement,achievement,"500,000",,,,0.33,data/raw/microsoft/2023_sustainablity_report.pdf,microsoft,2023,17,0.0,0.0,0.0,True,False,False,False,False,0.2,48.9,False,False,False,0
"With the publication in 2023 of our water replenishment white paper, we are sharing our learnings and best practices to help others embarking on replenishment.",32,61M m cubed > Enhancing and sustaining the availability of safe drinking water,other,,2023,2023,,,0.5,data/raw/microsoft/2023_sustainablity_report.pdf,microsoft,2023,24,0.0,0.0,0.0,True,True,False,False,False,0.4,34.4,False,False,False,0
"Through our Climate Innovation Fund, we have invested $45 million in scaling water solutions.",32,61M m cubed > Enhancing and sustaining the availability of safe drinking water,other,,45 million,,,,0.5,data/raw/microsoft/2023_sustainablity_report.pdf,microsoft,2023,13,0.0,0.0,0.0,True,False,False,False,False,0.2,37.5,False,False,False,0
"Aqueduct 4.0, which is free to the public and available online, helps companies, organizations, and investors understand risks, with new projections on water stress, demand, and supply.",32,61M m cubed > Improving water data and insights,other,,4.0,,,,0.5,data/raw/microsoft/2023_sustainablity_report.pdf,microsoft,2023,26,0.0,0.0,0.0,True,False,False,False,False,0.2,40.7,False,False,False,0
"The tool uses the latest CMIP6 climate forcings from the IPCC Climate Change 2022: Impacts, Adaptation and Vulnerability report.",32,61M m cubed > Improving water data and insights,other,,2022,,,,0.5,data/raw/microsoft/2023_sustainablity_report.pdf,microsoft,2023,18,0.0,0.0,0.0,True,False,False,False,False,0.2,33.5,False,False,False,0
"Along with other organizations engaged in water replenishment, we are helping to fund the development of Volumetric Water Benefit Accounting (VWBA) 2.0, which will establish methodologies for quantifying the volumetric water benefits of water stewardship activities and help achieve the scale needed to address global water challenges.",32,61M m cubed > Improving water data and insights,other,firm,2.0,,,,0.5,data/raw/microsoft/2023_sustainablity_report.pdf,microsoft,2023,46,0.0,0.0,0.0217,True,False,False,False,False,0.2,5.1,False,True,False,0
"Our Climate Innovation Fund has invested $45 million in scaling innovative water solutions, including $25 million in WaterEquity’s water and climate resilience strategy in FY23.",32,61M m cubed > Scaling water solutions,other,,45 million,,,,0.5,data/raw/microsoft/2023_sustainablity_report.pdf,microsoft,2023,24,0.0,0.0,0.0,True,False,False,False,False,0.2,2.7,False,False,False,1
"In FY23, we introduced critical new water data capabilities in Microsoft Cloud for Sustainability.",32,61M m cubed > Scaling water solutions,other,,,,,,0.0,data/raw/microsoft/2023_sustainablity_report.pdf,microsoft,2023,14,0.0,0.0,0.0,False,False,False,False,False,0.0,-0.7,False,False,False,0
"In the United States and in many other countries around the world, less than 1% of water used is recycled today; in contrast, some countries, like Israel, recycle roughly 90% of their wastewater.",33,61M m cubed > Scaling water solutions,attribute,,1%,,,,0.5,data/raw/microsoft/2023_sustainablity_report.pdf,microsoft,2023,31,0.0323,0.0645,0.0,True,False,False,False,False,0.0,36.2,True,False,False,0
This is why Microsoft is working to increase the procurement of recycled or reclaimed nonpotable water in our datacenters and other facilities.,33,61M m cubed > Scaling water solutions,attribute,,,,,,0.0,data/raw/microsoft/2023_sustainablity_report.pdf,microsoft,2023,22,0.0,0.0,0.0,False,False,False,False,False,0.0,19.2,False,False,False,0
"The Coalition will work to advance policy solutions and build partnerships between recycled water utilities, regulatory agencies, and industry.",33,61M m cubed > Scaling water solutions,attribute,firm,,,,,0.0,data/raw/microsoft/2023_sustainablity_report.pdf,microsoft,2023,19,0.0,0.0,0.0526,False,False,False,False,False,0.0,-3.9,False,True,False,1
"Microsoft is supporting The Nature Conservancy working with the Jicarilla Apache Nation, and the New Mexico Interstate Stream Commission (NMISC), in implementing a first-of-its-kind water sharing agreement that allows the NMISC to lease up to 20,000 acre-feet of water per year from the Nation to benefit threatened, endangered, and sensitive fish species and increase water security for New Mexico.",33,61M m cubed > Scaling water solutions,other,,"20,000 acre",,,,0.5,data/raw/microsoft/2023_sustainablity_report.pdf,microsoft,2023,58,0.0,0.0172,0.0,True,False,False,False,False,0.131,-12.5,False,False,False,0
Water Europe is a multistakeholder organization representing the whole water value-chain focused on achieving a Water-Smart Society5.,33,61M m cubed > Scaling water solutions,other,,,,,,0.0,data/raw/microsoft/2023_sustainablity_report.pdf,microsoft,2023,17,0.0,0.0,0.0,False,False,False,False,False,0.0,-19.4,False,False,False,0
In 2023 we joined the Coalition for Water Recycling to continue advocating to help increase water reuse across the United States.,34,Learnings and what’s next > Water reuse remains a big opportunity globally,other,,2023,,,,0.5,data/raw/microsoft/2023_sustainablity_report.pdf,microsoft,2023,20,0.0,0.0,0.0,True,False,False,False,False,0.2,30.0,False,False,False,0
"In support of this, we’re helping fund the next iteration of the VWBA 2.0 and the development of standardized accounting methods for the co-benefits of water access, sanitation, and hygiene (WASH) projects (WASH Benefit Accounting).",34,Learnings and what’s next > Improving measurement,other,hedged,2.0,,,,0.5,data/raw/microsoft/2023_sustainablity_report.pdf,microsoft,2023,35,0.0,0.0,0.0,True,False,False,False,False,0.2,36.8,False,False,False,0
"We are also supporting the CEO Water Mandate in building out the Water Action Hub 5.0, a platform that connects stakeholders to a range of water stewardship tools.",34,Learnings and what’s next > Improving measurement,other,,5.0,,,,0.5,data/raw/microsoft/2023_sustainablity_report.pdf,microsoft,2023,27,0.0,0.0,0.0,True,False,False,False,False,0.2,58.4,False,False,False,0
"Microsoft is also participating in the Water Resilience Coalition’s Net Positive Water Impact (NPWI) working group, which plans to release its Operational Guidance paper in early 2024.",34,Learnings and what’s next > Improving measurement,other,,,,,,0.0,data/raw/microsoft/2023_sustainablity_report.pdf,microsoft,2023,27,0.0,0.0,0.037,False,False,False,False,False,0.0,16.5,False,False,False,1
"Every year, people consume 100 billion metric tons of materials, and only 7.2% of those materials are cycled back into the economy after use, according to the 2023 Circularity Gap Report.",35,Getting to zero waste > Our approach,other,,100 billion,,,,0.5,data/raw/microsoft/2023_sustainablity_report.pdf,microsoft,2023,28,0.0,0.0,0.0,True,False,False,False,False,0.2,38.5,True,False,False,0
"As a company that manufactures devices, builds campuses and datacenters, and uses manufactured goods in our operations, we have committed to responsibly design and source materials, and are taking an increasingly circular approach to reach our target of zero waste by 2030.",35,Getting to zero waste > Our approach,target,firm,,,2030,own operations,0.5,data/raw/microsoft/2023_sustainablity_report.pdf,microsoft,2023,41,0.0,0.0,0.0932,False,False,True,True,False,0.4,2.2,False,False,False,1
Reuse and recycle rates of servers and components across all cloud hardware reached 89.4% in FY23.,35,Getting to zero waste > Our approach,achievement,achievement,89.4%,,,,0.33,data/raw/microsoft/2023_sustainablity_report.pdf,microsoft,2023,15,0.0,0.0,0.0,True,False,False,False,False,0.2,69.5,False,False,False,0
"As we work to acheive zero waste, we are taking an increasingly circular approach to materials management to reduce waste and carbon emissions.",36,Our approach continued Our journey to zero waste,attribute,,,,,,0.0,data/raw/microsoft/2023_sustainablity_report.pdf,microsoft,2023,23,0.0,0.0,0.0,False,False,False,False,False,0.0,32.7,False,False,False,0
We reduced single-use plastics in our Microsoft product packaging to 2.7% in FY23.,36,Our approach continued Our journey to zero waste,achievement,achievement,2.7%,,,,0.33,data/raw/microsoft/2023_sustainablity_report.pdf,microsoft,2023,12,0.0,0.0,0.0,True,False,False,False,False,0.2,45.6,False,False,False,0
"We will achieve 90% diversion of operational waste at owned datacenters and campuses, and 75% diversion for all construction and demolition projects, by 2030.",36,Our approach continued Our journey to zero waste > Our targets,target,firm,90%,,2030,,0.5,data/raw/microsoft/2023_sustainablity_report.pdf,microsoft,2023,21,0.0,0.0,0.1152,True,False,True,False,False,0.4,16.3,False,True,False,0
"By 2025, 90% of servers and components for all cloud hardware will be reused and recycled with support from our Circular Centers.",36,Our approach continued Our journey to zero waste > Our targets,target,firm,90%,,2025,,0.5,data/raw/microsoft/2023_sustainablity_report.pdf,microsoft,2023,20,0.0,0.0,0.07,True,False,True,False,False,0.4,55.4,True,True,False,0
"By 2025, we plan to eliminate single-use plastics in all Microsoft primary product packaging.",36,Our approach continued Our journey to zero waste > Our targets,target,hedged,"2025,",,2025,,0.5,data/raw/microsoft/2023_sustainablity_report.pdf,microsoft,2023,13,0.0,0.0,0.0969,True,False,True,False,False,0.4,24.4,False,False,False,0
"We plan to design Surface devices, Xbox products and accessories, and all Microsoft product packaging to be 100% recyclable in OECD countries by 2030.",36,Our approach continued Our journey to zero waste > Our targets,target,hedged,100%,,2030,,0.5,data/raw/microsoft/2023_sustainablity_report.pdf,microsoft,2023,22,0.0,0.0,0.1109,True,False,True,False,False,0.4,38.4,False,False,False,0
"By 2025, all cloud packaging8 is planned to have a minimum of 50% recycled content; eliminate single-use plastics; will be 100% reusable, recyclable or compostable; and packaging weight will be reduced by a minimum of 10% from a December 2020 baseline.",36,Our approach continued Our journey to zero waste > Our targets,target,firm,50%,2020,2025,,0.75,data/raw/microsoft/2023_sustainablity_report.pdf,microsoft,2023,36,0.0,0.0,0.1033,True,True,True,False,False,0.6,17.5,True,True,False,0
"In FY23, we diverted 18,537 metric tons of solid waste from landfills and incinerators across our owned datacenters and campuses.",36,Our approach continued Our journey to zero waste > Our progress,other,,"18,537 metric tons",,,,0.5,data/raw/microsoft/2023_sustainablity_report.pdf,microsoft,2023,19,0.0,0.0,0.0,True,False,False,False,False,0.2,31.7,False,False,False,0
Our reuse and recycle rates of servers and components across all cloud hardware reached 89.4% in FY23.,36,Our approach continued Our journey to zero waste > Our progress,achievement,achievement,89.4%,,,,0.33,data/raw/microsoft/2023_sustainablity_report.pdf,microsoft,2023,16,0.0,0.0,0.0,True,False,False,False,False,0.2,71.8,False,False,False,0
"On our way to eliminate single-use plastics in Microsoft product packaging by 2025, we reduced plastics across Microsoft’s product packaging portfolio for another year, achieving 2.7% in FY23.",36,Our approach continued Our journey to zero waste > Our progress,target,achievement,2.7%,,2025,,0.5,data/raw/microsoft/2023_sustainablity_report.pdf,microsoft,2023,27,0.0,0.0,0.02,True,False,True,False,False,0.4,27.1,False,False,False,0
Recycled materials The post-consumer recycled content used in our devices packaging currently stands at 53.8%.,36,Our approach continued Our journey to zero waste > Our progress,attribute,,53.8%,,,,0.5,data/raw/microsoft/2023_sustainablity_report.pdf,microsoft,2023,14,0.0,0.0,0.0,True,False,False,False,False,0.2,12.4,False,False,False,0
"In FY23, we increased circularity in our rack packaging, which makes up most of our packaging waste by mass.",36,Our approach continued Our journey to zero waste > Our progress,other,achievement,,,,,0.0,data/raw/microsoft/2023_sustainablity_report.pdf,microsoft,2023,19,0.0,0.0,0.0,False,False,False,False,False,0.0,54.0,False,False,False,0
"Getting to zero waste at our campuses and datacenters requires ambitious efforts to design for circularity; reducing as much waste as we can, as well as reusing and repairing products to extend their useful life.",37,Reducing waste at our campuses and datacenters,attribute,,,,,,0.0,data/raw/microsoft/2023_sustainablity_report.pdf,microsoft,2023,35,0.0286,0.0,0.0,False,False,False,False,False,0.0,23.9,False,False,False,1
"In FY23, we’ve achieved over 90% construction and demolition waste diversion rate on the Redmond campus modernization project.",37,Reducing waste at our campuses and datacenters > Reducing construction and demolition waste,achievement,achievement,90%,,,,0.33,data/raw/microsoft/2023_sustainablity_report.pdf,microsoft,2023,18,0.0,0.0,0.0,True,False,False,False,False,0.2,24.1,False,False,False,0
"This accounts for over 11,000 tons of waste diverted from the landfill thanks to thorough and detailed planning that started early in concept design and continued throughout construction.",37,Reducing waste at our campuses and datacenters > Reducing construction and demolition waste,other,,"11,000",,,,0.5,data/raw/microsoft/2023_sustainablity_report.pdf,microsoft,2023,27,0.037,0.0,0.037,True,False,False,False,False,0.052,38.4,False,False,False,0
"As we continue to pursue Zero Waste certification on campuses worldwide, we have focused on the reduction of single-use materials and operational waste through the widespread deployment of reusable serviceware at several campuses, including Hyderabad and Bengaluru, India; Silicon Valley, California; Dublin, Ireland; and Thames Valley Park, England.",37,Reducing waste at our campuses and datacenters > Reducing operational waste in our workplaces,attribute,,,,,,0.0,data/raw/microsoft/2023_sustainablity_report.pdf,microsoft,2023,48,0.0208,0.0,0.0,False,False,False,False,False,0.0,-25.2,False,False,False,0
Our Redmond campus has been Zero Waste certified for seven consecutive years.,37,Reducing waste at our campuses and datacenters > Reducing operational waste in our workplaces,attribute,achievement,,,,,0.0,data/raw/microsoft/2023_sustainablity_report.pdf,microsoft,2023,12,0.0,0.0,0.0,False,False,False,False,False,0.0,46.6,False,False,False,0
"In FY23, we initiated a reuse pilot on our Redmond campus where employee devices and peripherals used on campus turned in for recycling were refurbished and reused, reducing operational waste, extending the internal life cycle of devices and peripherals previously destined for recycle.",37,Reducing waste at our campuses and datacenters > Reducing operational waste in our workplaces,other,achievement,,,,,0.0,data/raw/microsoft/2023_sustainablity_report.pdf,microsoft,2023,43,0.0,0.0,0.0,False,False,False,False,False,0.0,-2.1,True,False,False,0
"The pilot was a success, with over 18,000 items redeployed internally, diverting 33,000 pounds of e-waste.",37,Reducing waste at our campuses and datacenters > Reducing operational waste in our workplaces,achievement,achievement,"18,000",,,,0.33,data/raw/microsoft/2023_sustainablity_report.pdf,microsoft,2023,14,0.0,0.0,0.0,True,False,False,False,False,0.2,35.5,False,False,False,1
"In FY23 we diverted more than 18,500 metric tons of waste from being landfilled or incinerated across our owned datacenters and campuses.",37,Reducing waste at our campuses and datacenters > Waste Table 1–Diverting operational waste from landfills and incinerators,other,,"18,500 metric tons",,,,0.5,data/raw/microsoft/2023_sustainablity_report.pdf,microsoft,2023,21,0.0,0.0,0.0,True,False,False,False,False,0.2,36.5,True,False,False,0
"Finally, across Microsoft campuses we are working to better define reduction and reuse calculations in preparation for more campuses to pursue Zero Waste certification.",38,Reducing waste at our campuses and datacenters > Non-diverted Diverted,attribute,,,,,,0.0,data/raw/microsoft/2023_sustainablity_report.pdf,microsoft,2023,24,0.0417,0.0,0.0,False,False,False,False,False,0.0,6.2,False,False,False,0
"As part of a three-year pilot program (FY22–FY25), we are rolling out an AI-powered food waste prevention technology across several major locations including Bengaluru and Hyderabad, India; Shanghai, Beijing, and Suzhou, China; Charlotte, North Carolina; Silicon Valley, California; Dublin, Ireland; and Reading, England.",38,Reducing waste at our campuses and datacenters > AIAccelerating progress with AI,other,,,,,,0.0,data/raw/microsoft/2023_sustainablity_report.pdf,microsoft,2023,44,0.0227,0.0,0.0,False,False,False,False,False,0.0,-10.9,False,False,False,0
"The dining staff uses the data collected each month to calculate and monitor diversion rates to inform future purchases across campuses, bringing Microsoft one step closer to zero waste.",38,Reducing waste at our campuses and datacenters > AIAccelerating progress with AI,attribute,,,,,,0.0,data/raw/microsoft/2023_sustainablity_report.pdf,microsoft,2023,29,0.0,0.0,0.0345,False,False,False,False,False,0.0,22.8,False,False,False,0
The removal of the bins has resulted in an average reduction of food waste by 55% per serving since its introduction.,38,Reducing waste at our campuses and datacenters > LinkedIn waste reduction,other,,55%,,,,0.5,data/raw/microsoft/2023_sustainablity_report.pdf,microsoft,2023,20,0.0,0.0,0.0,True,False,False,False,False,0.2,51.2,False,False,False,0
"LinkedIn is partnering with suppliers to implement reusable cooking oil containers (eliminating 1,854 pounds of packaging from landfills and oceans), bulk coffee (eliminating 420 pounds of packaging), and bulk milk (eliminating over 50 pounds of single-use milk packaging).",38,Reducing waste at our campuses and datacenters > LinkedIn waste reduction,other,,"1,854",,,,0.5,data/raw/microsoft/2023_sustainablity_report.pdf,microsoft,2023,35,0.0,0.0,0.0,True,False,False,False,False,0.2,4.5,False,False,False,0
"Our goal by the year 2030 is for 75% construction and demolition waste diversion for all projects, and 90% diversion for core and shell projects over 75,000 square feet.",38,Reducing waste at our campuses and datacenters > Emilia Zamora,other,,75%,,,,0.5,data/raw/microsoft/2023_sustainablity_report.pdf,microsoft,2023,25,0.0,0.0,0.04,True,False,False,False,False,0.2,56.3,False,False,False,0
"On the operational side, our goal is to divert 90% of operational waste by 2030 for our owned datacenters.",38,Reducing waste at our campuses and datacenters > Emilia Zamora,target,,90%,,2030,,0.5,data/raw/microsoft/2023_sustainablity_report.pdf,microsoft,2023,17,0.0,0.0,0.1376,True,False,True,False,False,0.4,40.3,False,False,False,0
"In FY23, we piloted construction circularity principles onsite and gathered key learnings to apply to future projects.",38,Reducing waste at our campuses and datacenters > Reducing construction and demolition waste,other,,,,,,0.0,data/raw/microsoft/2023_sustainablity_report.pdf,microsoft,2023,17,0.0,0.0,0.0588,False,False,False,False,False,0.0,20.4,False,False,False,0
"In 2023, we successfully launched a pilot to test a durable air filter product in a real-world datacenter environment.",39,Reducing waste at our campuses and datacenters > Reducing waste in our datacenter operations,achievement,achievement,"2023,",,,,0.33,data/raw/microsoft/2023_sustainablity_report.pdf,microsoft,2023,18,0.0,0.0,0.0,True,False,False,False,False,0.2,33.5,False,False,False,2
Our goal by the year 2030 is for 75% construction and demolition waste diversion for all projects.,39,Reducing waste at our campuses and datacenters > Reducing waste in our datacenter operations,other,,75%,,,,0.5,data/raw/microsoft/2023_sustainablity_report.pdf,microsoft,2023,15,0.0,0.0,0.0667,True,False,False,False,False,0.2,61.9,False,False,False,0
Workshop topics include the principles of zero waste; the history of plastics; an introduction to the United Nations Sustainable Development Goals; waste and carbon emissions; procurement practices and waste impacts; and an overview of Microsoft’s zero waste initiatives.,39,Reducing waste at our campuses and datacenters > Community environmental engagement,attribute,,,,,,0.0,data/raw/microsoft/2023_sustainablity_report.pdf,microsoft,2023,39,0.0,0.0,0.0256,False,False,False,False,False,0.0,0.2,False,False,False,0
The program provides an opportunity for datacenter personnel to learn about composting and Microsoft’s zero waste commitments.,39,Reducing waste at our campuses and datacenters > Community environmental engagement,attribute,,,,,,0.0,data/raw/microsoft/2023_sustainablity_report.pdf,microsoft,2023,18,0.0,0.0556,0.0556,False,False,False,False,False,0.0,10.0,False,False,False,0
A critical part of achieving our zero waste goal is managing cloud hardware and packaging across our datacenters.,40,Advancing circular cloud hardware and packaging,attribute,,,,,,0.0,data/raw/microsoft/2023_sustainablity_report.pdf,microsoft,2023,18,0.0,0.0,0.0556,False,False,False,False,False,0.0,38.2,False,False,False,0
Our Circular Center program will support our target to reuse or recycle 90% of datacenter decommissioned cloud computing hardware assets by 2025.,40,Advancing circular cloud hardware and packaging,target,firm,90%,,2025,,0.5,data/raw/microsoft/2023_sustainablity_report.pdf,microsoft,2023,20,0.0,0.0,0.12,True,False,True,False,False,0.4,25.8,False,True,False,0
Our reuse and recycling rates for servers and components across all cloud hardware reached 89% in FY23.,40,Advancing circular cloud hardware and packaging > Improving reuse and recycling in cloud hardware,achievement,achievement,89%,,,,0.33,data/raw/microsoft/2023_sustainablity_report.pdf,microsoft,2023,16,0.0,0.0,0.0,True,False,False,False,False,0.2,58.4,False,False,False,0
"Through this partnership, we were able to determine that Microsoft servers were on average 86% recyclable, as compared to the industry average of 67% that was previously assumed.",40,Advancing circular cloud hardware and packaging > Improving reuse and recycling in cloud hardware,achievement,achievement,86%,,,,0.33,data/raw/microsoft/2023_sustainablity_report.pdf,microsoft,2023,26,0.0,0.0,0.0,True,False,False,False,False,0.2,27.5,True,False,False,0
"Four Circular Centers were launched in FY22 in Amsterdam, Dublin, Boydton, and Singapore, with an additional two in Quincy, Washington and Chicago, Illinois in 2023.",40,Advancing circular cloud hardware and packaging > Improving reuse and recycling in cloud hardware,other,achievement,,,,,0.0,data/raw/microsoft/2023_sustainablity_report.pdf,microsoft,2023,24,0.0,0.0,0.0,False,False,False,False,False,0.0,27.4,True,False,False,0
"As the program continues to expand, we plan to launch two new Circular Centers in FY25 in England and Australia, and expand our Circular Centers in Amsterdam and Dublin.",40,Advancing circular cloud hardware and packaging > Improving reuse and recycling in cloud hardware,other,hedged,,,,,0.0,data/raw/microsoft/2023_sustainablity_report.pdf,microsoft,2023,29,0.0,0.0,0.0345,False,False,False,False,False,0.0,43.2,False,False,False,0
"We continue to implement ecodesign principles and requirements outlining the sustainability guidelines that hardware engineers and suppliers should follow when designing hardware for the Microsoft Cloud, including Design for Serviceability specifications and requirements for recycled content as well as material recyclability.",40,Advancing circular cloud hardware and packaging > Improving reuse and recycling in cloud hardware,attribute,hedged,,,,,0.0,data/raw/microsoft/2023_sustainablity_report.pdf,microsoft,2023,41,0.0,0.0,0.0,False,False,False,False,False,0.0,-37.0,False,False,True,0
In FY23 Microsoft increased reuse and recycling of servers and components to 89.4%.,40,Advancing circular cloud hardware and packaging > Improving reuse and recycling in cloud hardware,achievement,achievement,89.4%,,,,0.33,data/raw/microsoft/2023_sustainablity_report.pdf,microsoft,2023,12,0.0,0.0,0.0,True,False,False,False,False,0.2,52.7,False,False,False,0
"To support our efforts to reuse and recycle cloud hardware, we developed the patent-pending Intelligent Disposition and Routing System (IDARS), which establishes and executes a zero waste plan for our cloud hardware assets.",41,Advancing circular cloud hardware and packaging > Improving reuse and recycling in cloud hardware,attribute,hedged,,,,,0.0,data/raw/microsoft/2023_sustainablity_report.pdf,microsoft,2023,33,0.0,0.0,0.0303,False,False,False,False,False,0.0,17.0,False,False,False,0
"Paired with Microsoft Dynamics 365 Supply Chain Management and Microsoft Power Platform, IDARS utilizes the bill of materials of assets, inventory, and demand to optimize the sustainable path, and provides Circular Center technicians with precise instructions on how to steward the asset onto its next phase.",41,Advancing circular cloud hardware and packaging > Improving reuse and recycling in cloud hardware,other,,365,,,supply chain,1.0,data/raw/microsoft/2023_sustainablity_report.pdf,microsoft,2023,45,0.0,0.0,0.0,True,False,False,True,False,0.4,-0.5,False,False,False,0
"In FY23, Microsoft studied its heterogeneous supply chain to identify the largest producers of packaging waste.",41,Advancing circular cloud hardware and packaging > Understanding our packaging landscape,other,,,,,supply chain,0.5,data/raw/microsoft/2023_sustainablity_report.pdf,microsoft,2023,16,0.0,0.0,0.0,False,False,False,True,False,0.2,21.4,False,False,False,0
"Given that Microsoft controls the design and application of rack packaging, and that rack packaging is the majority waste contributor by mass, one of our main transformation focuses of FY23, and continuing into FY24, will be rack packaging transformation.",41,Advancing circular cloud hardware and packaging > Understanding our packaging landscape,other,firm,,,,,0.0,data/raw/microsoft/2023_sustainablity_report.pdf,microsoft,2023,39,0.0,0.0,0.0256,False,False,False,False,False,0.0,15.4,False,True,False,0
"The innovative Sustainable Rack Packaging system is designed to be made predominantly from recycled materials, completely devoid of single-use plastics, and fully repairable to prolong its lifespan.",41,"Advancing circular cloud hardware and packaging > Reducing, reusing, and recycling rack packaging",attribute,,,,,,0.0,data/raw/microsoft/2023_sustainablity_report.pdf,microsoft,2023,27,0.0,0.0,0.0,False,False,False,False,False,0.0,-2.3,True,False,False,1
"The deployment of this system is estimated to enable us to reduce over 100,000 metric tons of waste from the landfill.",41,"Advancing circular cloud hardware and packaging > Reducing, reusing, and recycling rack packaging",other,,"100,000 metric tons",,,,0.5,data/raw/microsoft/2023_sustainablity_report.pdf,microsoft,2023,20,0.0,0.1,0.0,True,False,False,False,False,0.0,55.4,True,False,False,0
This kind of groundbreaking packaging intervention is crucial for the cloud supply chain to meet Microsoft’s zero waste targets.,41,"Advancing circular cloud hardware and packaging > Reducing, reusing, and recycling rack packaging",attribute,,,,,supply chain,0.5,data/raw/microsoft/2023_sustainablity_report.pdf,microsoft,2023,20,0.0,0.0,0.05,False,False,False,True,False,0.2,46.9,False,False,False,1
"In this first year of deployment, the Rack Packaging Recycling program is forecasted to divert over 2,500 metric tons of waste from landfill.",41,"Advancing circular cloud hardware and packaging > Reducing, reusing, and recycling rack packaging",other,,"2,500 metric tons",,,,0.5,data/raw/microsoft/2023_sustainablity_report.pdf,microsoft,2023,22,0.0,0.0,0.0,True,False,False,False,False,0.2,46.1,True,False,False,0
"In FY23 and continuing into FY24 and beyond, Microsoft will closely collaborate with our suppliers to transform packaging reaching our datacenters.",41,"Advancing circular cloud hardware and packaging > Reducing, reusing, and recycling rack packaging",other,firm,,,,,0.0,data/raw/microsoft/2023_sustainablity_report.pdf,microsoft,2023,21,0.0,0.0,0.0476,False,False,False,False,False,0.0,28.4,False,True,False,0
The post-consumer recycled content used in our devices packaging currently stands at 53.8%.,42,Improving device and packaging circularity,attribute,,53.8%,,,,0.5,data/raw/microsoft/2023_sustainablity_report.pdf,microsoft,2023,12,0.0,0.0,0.0,True,False,False,False,False,0.2,24.5,False,False,False,0
"As part of Microsoft’s commitment to zero waste, we are working to maximize the circularity of our product packaging.",42,Improving device and packaging circularity > Reducing waste in packaging design,attribute,firm,,,,,0.0,data/raw/microsoft/2023_sustainablity_report.pdf,microsoft,2023,20,0.0,0.0,0.05,False,False,False,False,False,0.0,38.5,False,False,False,0
"This is accomplished first by increasing our use of post-consumer recycled content in the packaging materials, and second by designing packages that are recyclable in existing collection systems.",42,Improving device and packaging circularity > Reducing waste in packaging design,attribute,,,,,,0.0,data/raw/microsoft/2023_sustainablity_report.pdf,microsoft,2023,28,0.0,0.0,0.0,False,False,False,False,False,0.0,12.2,True,False,False,0
"The post-consumer recycled content used in our devices packaging currently stands at 53.8%, while the calculated or theoretical recyclability of our product packaging stands at 94%, portfolio average.",42,Improving device and packaging circularity > Reducing waste in packaging design,attribute,,53.8%,,,,0.5,data/raw/microsoft/2023_sustainablity_report.pdf,microsoft,2023,26,0.0,0.0,0.0,True,False,False,False,False,0.2,8.2,False,False,False,0
"Our designers and engineers work relentlessly to increase use of recycled materials and recyclability of packaging to support the circulation of packaging materials, while delivering solutions that protect the product.",42,Improving device and packaging circularity > Reducing waste in packaging design,attribute,hedged,,,,,0.0,data/raw/microsoft/2023_sustainablity_report.pdf,microsoft,2023,30,0.0,0.0,0.0,False,False,False,False,False,0.0,-4.1,False,False,False,0
"A key pillar of our zero waste packaging strategy is the use of renewable and recyclable materials, and the elimination of single-use plastics used in packaging by the end of calendar year 2025.",42,Improving device and packaging circularity > Reducing waste in packaging design,attribute,,,,,,0.0,data/raw/microsoft/2023_sustainablity_report.pdf,microsoft,2023,32,0.0,0.0,0.0,False,False,False,False,False,0.0,26.3,False,False,False,0
We introduced several single-use plastic-free highly recyclable retail packages.,42,Improving device and packaging circularity > Reducing waste in packaging design,attribute,,,,,,0.0,data/raw/microsoft/2023_sustainablity_report.pdf,microsoft,2023,9,0.1111,0.0,0.0,False,False,False,False,False,0.0,-18.5,False,False,False,0
Image shows packaging evolution from left to right from 2005 to 2024.,42,Improving device and packaging circularity > Reducing waste in packaging design,other,,2005,2005,,,0.5,data/raw/microsoft/2023_sustainablity_report.pdf,microsoft,2023,10,0.0,0.0,0.0,True,True,False,False,False,0.4,61.3,False,False,False,0
FY23 was a year focused on the development of new packaging technologies that are currently deployed in new and existing products.,42,Improving device and packaging circularity > Reducing waste in packaging design,other,achievement,,,,,0.0,data/raw/microsoft/2023_sustainablity_report.pdf,microsoft,2023,21,0.0,0.0,0.0,False,False,False,False,False,0.0,36.5,True,False,False,0
"In FY23, we achieved a rate of 93.9% recyclability across all Microsoft product packaging.",43,Improving device and packaging circularity > Reducing waste in packaging design,achievement,achievement,93.9%,,,,0.33,data/raw/microsoft/2023_sustainablity_report.pdf,microsoft,2023,13,0.0,0.0,0.0,True,False,False,False,False,0.2,31.0,False,False,False,0
In FY23 we decreased single-use plastics to 2.7% across all Microsoft product packaging.,43,Improving device and packaging circularity > Reducing waste in packaging design,achievement,achievement,2.7%,,,,0.33,data/raw/microsoft/2023_sustainablity_report.pdf,microsoft,2023,12,0.0,0.0,0.0,True,False,False,False,False,0.2,38.6,False,False,False,0
"We continue to pursue innovative design with the inclusion of recycled content such as aluminum, rare earth magnets, plastics, and gold and tin solder paste in key components of our products.",44,Improving device and packaging circularity > Designing with more recycled content,attribute,,,,,,0.0,data/raw/microsoft/2023_sustainablity_report.pdf,microsoft,2023,31,0.0,0.0,0.0,False,False,False,False,False,0.0,33.5,False,False,False,1
Our Surface Thunderbolt™ 4 Dock and power supply unit enclosures (excluding the power cable) use 20% ocean-bound plastic and feature lighter materials than our previous docks.,44,Improving device and packaging circularity > Designing with more recycled content,other,,20%,,,,0.5,data/raw/microsoft/2023_sustainablity_report.pdf,microsoft,2023,24,0.0,0.0,0.0,True,False,False,False,False,0.2,27.4,False,False,False,0
"Consumers and companies can trade in their end-of-life devices, extending the life of their devices through refurbishment where feasible, and where not feasible, providing environmentally sound management practices following Microsoft’s end-of-life requirements (H09117) publicly available on our website.",44,Improving device and packaging circularity > Expanding takeback programs,other,,,,,,0.0,data/raw/microsoft/2023_sustainablity_report.pdf,microsoft,2023,39,0.0,0.0256,0.0,False,False,False,False,False,0.0,-10.6,False,False,False,0
"To improve discoverability and access to these programs, Windows 11 now allows OEMs to include recycle and trade-in links in the Settings app.",44,Improving device and packaging circularity > Expanding takeback programs,other,,11,,,,0.5,data/raw/microsoft/2023_sustainablity_report.pdf,microsoft,2023,22,0.0,0.0,0.0,True,False,False,False,False,0.2,38.4,False,False,False,0
"Approximately 150,000 customers interact with these links each month, based on Windows optional diagnostic data.",44,Improving device and packaging circularity > Expanding takeback programs,other,,"150,000",,,,0.5,data/raw/microsoft/2023_sustainablity_report.pdf,microsoft,2023,14,0.0,0.0714,0.0,True,False,False,False,False,0.0,11.3,False,False,False,0
Microsoft will continue to implement our roadmaps across the company to further enable key activities that are expected to result in zero waste outcomes centering circularity.,45,Learnings and what’s next > Build circularity into everything,attribute,firm,,,,,0.0,data/raw/microsoft/2023_sustainablity_report.pdf,microsoft,2023,26,0.0,0.0769,0.0385,False,False,False,False,False,0.0,8.0,True,True,False,0
"In FY23, we updated our Sustainability Standards for new construction to include ecosystem protection for both flora and fauna.",48,Improving biodiversity at our campuses,other,,,,,,0.0,data/raw/microsoft/2023_sustainablity_report.pdf,microsoft,2023,19,0.0,0.0,0.0,False,False,False,False,False,0.0,22.8,False,False,False,0
Kaitlin’s methodology—crucial in her efforts to support Microsoft’s progress towards a net zero and nature-positive future—is to equip teams with a framework and tools to assess the impact of their designs on the natural environment and identify strategies to enhance the surrounding ecosystem and community.,48,Improving biodiversity at our campuses > Biomimicry within our operations,attribute,hedged,,,,,0.0,data/raw/microsoft/2023_sustainablity_report.pdf,microsoft,2023,49,0.0,0.0,0.0204,False,False,False,False,False,0.0,-3.5,False,False,False,2
"It’s estimated that one third of our food supply depends on insect pollination, most of which is done by bees.11 Yet, for reasons that range from habitat loss to invasive plants, pesticides, and climate change, bee populations globally have been declining over the last decade.",49,Improving biodiversity at our campuses > Creating homes for pollinators on Microsoft campuses,other,achievement,,,,global,0.5,data/raw/microsoft/2023_sustainablity_report.pdf,microsoft,2023,46,0.0,0.0435,0.0217,False,False,False,True,False,0.026,49.2,False,False,False,0
This is a powerful example of how technology can be nature positive as well.,50,Increasing biodiversity at our datacenters > Overcoming biodiversity bottlenecks,attribute,,,,,,0.0,data/raw/microsoft/2023_sustainablity_report.pdf,microsoft,2023,14,0.0,0.0,0.0,False,False,False,False,False,0.0,53.6,False,False,False,1
"In 2021 Microsoft made a contribution to help the Belize Maya Forest Trust in their quest to protect 236,000 acres in this biodiversity hotspot.",52,Protecting more land than we use continued Partnering to protect vital ecosystems,other,,"236,000 acres",,,,0.5,data/raw/microsoft/2023_sustainablity_report.pdf,microsoft,2023,22,0.0,0.0455,0.0,True,False,False,False,False,0.018,46.1,False,False,False,0
"Over the past five years, we have funded 112 sustainability projects in partnership with these global communities, totaling $6.7 million.",53,Datacenter community environmental sustainability,other,,6.7 million,,,,0.5,data/raw/microsoft/2023_sustainablity_report.pdf,microsoft,2023,18,0.0,0.0,0.0,True,False,False,False,False,0.2,33.2,False,False,False,0
"The project aims to restore the 15-acre main lake, enhance biodiversity and water quality, and connect the local community to this important piece of nature.",53,Datacenter community environmental sustainability > Ecological restoration,other,hedged,15,,,,0.5,data/raw/microsoft/2023_sustainablity_report.pdf,microsoft,2023,25,0.0,0.0,0.04,True,False,False,False,False,0.2,35.9,False,False,False,0
"In partnership with Blacktown City Council, Microsoft is leading a local initiative in Sydney and Melbourne to combat urban heat and reduce carbon emissions by planting 400 street trees in sun-exposed areas.",54,Datacenter community environmental sustainability > Urban forestry,other,,400,,,,0.5,data/raw/microsoft/2023_sustainablity_report.pdf,microsoft,2023,31,0.0323,0.0,0.0323,True,False,False,False,False,0.071,22.5,False,False,False,1
"Urban areas globally are warming 29% faster than rural ones, making trees crucial for cooling neighborhoods and absorbing carbon dioxide.",54,Datacenter community environmental sustainability > Urban forestry,other,,29%,,,global,1.0,data/raw/microsoft/2023_sustainablity_report.pdf,microsoft,2023,19,0.0,0.0,0.0,True,False,False,True,False,0.4,27.3,False,False,False,0
"This initiative aims to restore a five-hectare area near our San Sebastian de Los Reyes datacenter community, improving water quality, sequestering 547 tons of carbon over 50 years, and enhancing biodiversity.",54,Datacenter community environmental sustainability > Urban forestry,other,hedged,547,,,,0.5,data/raw/microsoft/2023_sustainablity_report.pdf,microsoft,2023,29,0.0,0.0,0.0345,True,False,False,False,False,0.2,-0.6,False,False,False,0
"The Carbon Call developed solution blueprints for better discovery, understanding, and sharing of GHG data, key to tracking our progress to a net zero carbon economy.",56,Progress through partnership,attribute,,,,,,0.0,data/raw/microsoft/2023_sustainablity_report.pdf,microsoft,2023,26,0.0385,0.0,0.0,False,False,False,False,False,0.0,21.0,False,False,False,1
"Student Energy is a global youth-led organization with ~50,000 members (college and young professionals) in 120 countries.",56,Progress through partnership,other,,"50,000",,,,0.5,data/raw/microsoft/2023_sustainablity_report.pdf,microsoft,2023,15,0.0,0.0,0.0,True,False,False,False,False,0.2,22.4,False,False,False,0
"Student Energy provides clean energy educational resources and training, convenes the largest student clean energy summit, and has launched a program supporting student leadership of clean energy projects.",56,Progress through partnership,attribute,achievement,,,,,0.0,data/raw/microsoft/2023_sustainablity_report.pdf,microsoft,2023,28,0.0,0.0,0.0,False,False,False,False,False,0.0,0.2,False,False,False,1
"In 2023, we expanded Microsoft Sustainability Manager to include Scopes 1, 2, and all 15 categories of Scope 3 carbon emissions across organizations’ operations and value chains.",58,Our approach continued Customer sustainability > Our progress,other,,"2023,",,,Scope 3; value chain,1.0,data/raw/microsoft/2023_sustainablity_report.pdf,microsoft,2023,22,0.0,0.0,0.0,True,False,False,True,False,0.4,-7.8,False,False,False,0
"In 2023, we expanded Microsoft Sustainability Manager, enabling calculation and data management of Scopes 1, 2, and all 15 categories of Scope 3 carbon emissions across organizations’ operations and value chains.",59,Microsoft Cloud for Sustainability > Monitoring and managing environmental sustainability performance,other,,"2023,",,,Scope 3; value chain,1.0,data/raw/microsoft/2023_sustainablity_report.pdf,microsoft,2023,26,0.0,0.0,0.0,True,False,False,True,False,0.4,-21.3,False,False,False,0
Emissions Impact Dashboard is a tool to improve transparency into the carbon emissions generated by the use of Azure or Microsoft 365 cloud services.,60,Microsoft Cloud for Sustainability > Empowering organizations with guidance and training,other,,365,,,,0.5,data/raw/microsoft/2023_sustainablity_report.pdf,microsoft,2023,23,0.0,0.0,0.0,True,False,False,False,False,0.2,25.3,False,False,False,0
"New features in Microsoft Cloud for Sustainability such as Intelligent Insights, released to preview in 2023, help organizations find outliers, trends, and correlations between their activity data and calculated emissions through an integrated and interactive AI model.",60,Microsoft Cloud for Sustainability > Turning data into insights with AI,other,,"2023,",,,,0.5,data/raw/microsoft/2023_sustainablity_report.pdf,microsoft,2023,36,0.0,0.0,0.0,True,False,False,False,False,0.2,-10.7,False,False,False,0
"OSTP Group, a Nordic-based manufacturer of welded stainless steel tubular products and custom equipment for pressure corrosion applications, prioritizes sustainability and has an ambitious target to be carbon neutral at its sites by 2025.",60,Microsoft Cloud for Sustainability > Turning data into insights with AI,target,,,,2025,,0.25,data/raw/microsoft/2023_sustainablity_report.pdf,microsoft,2023,33,0.0303,0.0,0.0503,False,False,True,False,False,0.079,-1.0,False,False,False,1
"This year, we reflect on our progress towards our ambitious 2030 goals: to be carbon negative, water positive, and zero waste, while protecting ecosystems.",2,In this report,attribute,,2030,,,,0.5,data/raw/microsoft/2024_sustainability_report.pdf,microsoft,2024,23,0.0435,0.0,0.0435,True,False,False,False,False,0.026,36.4,False,False,False,3
"Since we announced our goals in 2020, we have made meaningful progress and we remain resolute in our commitment not only to meeting our climate goals but to empowering others with the technology they need to build a more sustainable future.",2,In this report,other,firm,"2020,",,,,0.5,data/raw/microsoft/2024_sustainability_report.pdf,microsoft,2024,40,0.025,0.0,0.1,True,False,False,False,False,0.1,33.0,False,False,False,2
"We also publish our environmental data, which is included in the separate Environmental Data Fact Sheet. Deloitte & Touche LLP performed a review relating to specified information within Section 1 of the Environmental Data Fact Sheet.",2,In this report,other,,1,,,,0.5,data/raw/microsoft/2024_sustainability_report.pdf,microsoft,2024,34,0.0,0.0,0.0,True,False,False,False,False,0.2,20.4,True,False,False,0
"This year, we reflect on our progress towards our ambitious 2030 goals: to be carbon negative, water positive, and zero waste, while protecting ecosystems.",4,Accelerating progress to 2030,attribute,,2030,,,,0.5,data/raw/microsoft/2024_sustainability_report.pdf,microsoft,2024,23,0.0435,0.0,0.0435,True,False,False,False,False,0.026,36.4,False,False,False,3
"As we enter the second half of the decade, Microsoft remains steadfast in our dedication to achieving the company’s 2030 environmental sustainability commitments.",4,Accelerating progress to 2030,other,,2030,,,,0.5,data/raw/microsoft/2024_sustainability_report.pdf,microsoft,2024,23,0.0,0.0,0.0435,True,False,False,False,False,0.2,6.9,False,False,False,0
"We are sharing details about the progress made in each of our core commitment areas: carbon negative, water positive, zero waste, and protecting ecosystems.",4,Accelerating progress to 2030,attribute,firm,,,,,0.0,data/raw/microsoft/2024_sustainability_report.pdf,microsoft,2024,24,0.0,0.0417,0.0417,False,False,False,False,False,0.0,30.9,False,False,False,2
"In 2020, Microsoft made bold sustainability commitments.",4,Accelerating progress to 2030 > Our progress,other,,"2020,",,,,0.5,data/raw/microsoft/2024_sustainability_report.pdf,microsoft,2024,6,0.0,0.0,0.1667,True,False,False,False,False,0.2,-10.8,False,False,False,1
We exceeded our annual target to divert 75% of construction and demolition waste six years early by diverting 85% of this waste in FY24.,4,Accelerating progress to 2030 > Our progress,achievement,achievement,75%,,,,0.33,data/raw/microsoft/2024_sustainability_report.pdf,microsoft,2024,22,0.0,0.0,0.0455,True,False,False,False,False,0.2,49.9,False,False,False,0
"We have also surpassed our target for our reuse and recycling rate for servers and components, reaching 90.9%.",4,Accelerating progress to 2030 > Our progress,achievement,achievement,90.9%,,,,0.33,data/raw/microsoft/2024_sustainability_report.pdf,microsoft,2024,17,0.0,0.0,0.0588,True,False,False,False,False,0.2,63.8,False,False,False,0
"Packaging from over 30,000 server racks was processed through recycling programs in FY24—diverting over 2,500 metric tons of waste from landfills.",4,Accelerating progress to 2030 > Our progress,achievement,achievement,"2,500 metric tons",,,,0.33,data/raw/microsoft/2024_sustainability_report.pdf,microsoft,2024,20,0.0,0.0,0.0,True,False,False,False,False,0.2,42.7,True,False,False,0
We met our target to provide more than 1.5 million people with clean water and sanitation solutions.,4,Accelerating progress to 2030 > Our progress,other,,1.5 million,,,,0.5,data/raw/microsoft/2024_sustainability_report.pdf,microsoft,2024,16,0.0,0.0,0.0625,True,False,False,False,False,0.2,66.5,False,False,False,0
"We are also on track to replenish more water than we consume across global operations and improve datacenter water use efficiency, including through a new innovative datacenter design that optimizes AI workloads and consumes zero water for cooling to avoid the use of an estimated 125,000 cubic meters annually per facility.",4,Accelerating progress to 2030 > Our progress,other,,"125,000",,,,0.5,data/raw/microsoft/2024_sustainability_report.pdf,microsoft,2024,50,0.0,0.04,0.0,True,False,False,False,False,0.04,-8.0,False,False,False,1
"To date, we have contracted 34 gigawatts (GW) of carbon-free electricity (CFE) across 24 countries, about an eighteenfold increase since 2020.",4,Accelerating progress to 2030 > Our progress,attribute,,34,,,,0.5,data/raw/microsoft/2024_sustainability_report.pdf,microsoft,2024,18,0.0,0.0556,0.0,True,False,False,False,False,0.0,33.5,False,False,False,0
We have also entered long-term agreements to procure nearly 30 million metric tons of carbon removal since the start of this program.,4,Accelerating progress to 2030 > Our progress,other,,30 million,,,,0.5,data/raw/microsoft/2024_sustainability_report.pdf,microsoft,2024,21,0.0,0.0,0.0,True,False,False,False,False,0.2,44.5,False,False,False,0
"As we remain focused on sustained progress towards our 2030 goals, it has become clear that our journey towards being carbon negative is a marathon, not a sprint.",5,"Accelerating progress to 2030 > Carbon negative: a marathon, not a sprint",attribute,,2030,,,,0.5,data/raw/microsoft/2024_sustainability_report.pdf,microsoft,2024,27,0.0,0.0,0.037,True,False,False,False,False,0.2,47.8,False,False,False,1
"While our total emissions (Scope 1, 2, and 3) have increased by 23.4% compared to our 2020 baseline due to growth-related factors such as AI and cloud expansion, we are encouraged by the fact that this increase has been modest compared to the 168% increase in energy use and 71% revenue growth that has taken place over the same period.",5,"Accelerating progress to 2030 > Carbon negative: a marathon, not a sprint",achievement,achievement,23.4%,2020,,Scope 1,1.0,data/raw/microsoft/2024_sustainability_report.pdf,microsoft,2024,53,0.0,0.0,0.0,True,True,False,True,False,0.6,47.5,True,False,False,0
"For Microsoft to be carbon negative by 2030, we will need to reduce our value chain emissions.",5,"Accelerating progress to 2030 > Carbon negative: a marathon, not a sprint",target,firm,"2030,",2030,2030,value chain,1.0,data/raw/microsoft/2024_sustainability_report.pdf,microsoft,2024,16,0.0,0.0,0.145,True,True,True,True,False,0.8,58.4,False,True,False,0
"Starting with our direct operational emissions, as we shared earlier this year, since 2012 our carbon strategy has included a combination of procuring environmental attributes leveraging our corporate carbon fee and overall carbon emissions reduction efforts.",5,"Accelerating progress to 2030 > Carbon negative: a marathon, not a sprint",other,,2012,,,,0.5,data/raw/microsoft/2024_sustainability_report.pdf,microsoft,2024,35,0.0,0.0,0.0,True,False,False,False,False,0.2,-12.4,False,False,False,0
This enabled us to decrease our Scope 1 and 2 emissions by 29.9% from our 2020 baseline in FY24.,5,"Accelerating progress to 2030 > Carbon negative: a marathon, not a sprint",other,,29.9%,2020,,Scope 1,1.0,data/raw/microsoft/2024_sustainability_report.pdf,microsoft,2024,15,0.0,0.0,0.0,True,True,False,True,False,0.6,75.1,False,False,False,0
"We are also implementing strategies to reduce our Scope 3 emissions by 2030, which increased in FY24 by 26% from our 2020 baseline.",5,"Accelerating progress to 2030 > Carbon negative: a marathon, not a sprint",target,achievement,26%,2020,2030,Scope 3,1.0,data/raw/microsoft/2024_sustainability_report.pdf,microsoft,2024,19,0.0,0.0,0.0726,True,True,True,True,False,0.8,45.1,False,False,False,0
"Through the latter, select large-scale Microsoft suppliers are required to transition to 100% carbonfree electricity for their delivered goods and services as well as forthcoming guidance, launching in July, to target usage of sustainable aviation fuel, where possible, for Microsoft business-related air travel by 2030.",5,"Accelerating progress to 2030 > Carbon negative: a marathon, not a sprint",target,achievement,100%,,2030,,0.5,data/raw/microsoft/2024_sustainability_report.pdf,microsoft,2024,43,0.0233,0.0,0.0665,True,False,True,False,False,0.307,-2.1,True,False,False,0
"Powering operations with carbon-free electricity (CFE): In 2024, Microsoft contracted 19 GW of new renewable energy across 16 countries through power purchase agreements (PPAs) which are central to our carbon reduction strategy, driving down our Scope 2 emissions.",5,"Accelerating progress to 2030 > Carbon negative: a marathon, not a sprint",attribute,,"2024,",,,Scope 2,1.0,data/raw/microsoft/2024_sustainability_report.pdf,microsoft,2024,34,0.0,0.0,0.0,True,False,False,True,False,0.4,5.6,False,False,False,0
We continue to advocate for expanding clean energy solutions globally to support not only our power needs but also those of our supply chain.,5,"Accelerating progress to 2030 > Carbon negative: a marathon, not a sprint",attribute,hedged,,,,supply chain; global,0.5,data/raw/microsoft/2024_sustainability_report.pdf,microsoft,2024,24,0.0,0.0,0.0,False,False,False,True,False,0.2,38.0,False,False,False,0
"For example, we signed groundbreaking PPAs with Engie requiring that 100% of photovoltaic modules will be reused or recycled.",5,"Accelerating progress to 2030 > Carbon negative: a marathon, not a sprint",attribute,firm,100%,,,,0.5,data/raw/microsoft/2024_sustainability_report.pdf,microsoft,2024,18,0.0,0.0,0.0556,True,False,False,False,False,0.2,33.5,True,True,False,1
This approach is projected to reduce the embodied carbon footprint of these new datacenters by up to 65% compared to typical precast concrete.,5,"Accelerating progress to 2030 > Carbon negative: a marathon, not a sprint",other,,65%,,,,0.5,data/raw/microsoft/2024_sustainability_report.pdf,microsoft,2024,22,0.0,0.0455,0.0,True,False,False,False,False,0.018,34.5,True,False,False,0
"Accelerating carbon removal initiatives: In FY24, Microsoft signed long-term agreements to procure more carbon removal than all previous years combined, achieving nearly 22 million metric tons in contracts for carbon removal.",5,"Accelerating progress to 2030 > Carbon negative: a marathon, not a sprint",other,,22 million,,,,0.5,data/raw/microsoft/2024_sustainability_report.pdf,microsoft,2024,30,0.0,0.0,0.0,True,False,False,False,False,0.2,-1.3,False,False,False,0
"The Symbiosis Coalition is targeting up to 20 million metric tons of high-quality, nature-based carbon removal credits by 2030.",5,"Accelerating progress to 2030 > Carbon negative: a marathon, not a sprint",target,,20 million,,2030,,0.5,data/raw/microsoft/2024_sustainability_report.pdf,microsoft,2024,17,0.0,0.0588,0.1376,True,False,True,False,False,0.165,10.4,False,False,False,0
"Renewable diesel is now in use in our road freight operations in Europe and California, cutting emissions by 50% for these shipments while keeping existing equipment in use.",6,"Accelerating progress to 2030 > Carbon negative: a marathon, not a sprint",other,,50%,,,,0.5,data/raw/microsoft/2024_sustainability_report.pdf,microsoft,2024,27,0.0,0.0,0.0,True,False,False,False,False,0.2,35.3,False,False,False,0
"To date, CIF has made significant investments in innovative climate technologies including commercial direct air capture technologies, sustainable aviation fuel, industrial decarbonization, and more.",6,Accelerating progress to 2030 > Accelerating global solutions,attribute,,,,,,0.0,data/raw/microsoft/2024_sustainability_report.pdf,microsoft,2024,24,0.0417,0.0,0.0,False,False,False,False,False,0.0,-14.9,False,False,False,1
"CIF has invested over $793 million in capital in new climate technologies, expanding to 63 investments across CFE, sustainable fuels, carbon removal, and advanced building materials.",6,Accelerating progress to 2030 > Accelerating global solutions,other,,793 million,,,,0.5,data/raw/microsoft/2024_sustainability_report.pdf,microsoft,2024,24,0.0,0.0,0.0,True,False,False,False,False,0.2,9.8,False,False,False,1
"Today GitHub fosters a thriving community that is home to over 150 million developers and 60,000 climate-focused open-source projects, advancing climate technology, greener software, and device sustainability.",6,Accelerating progress to 2030 > Accelerating global solutions,other,,150 million,,,,0.5,data/raw/microsoft/2024_sustainability_report.pdf,microsoft,2024,25,0.0,0.0,0.0,True,False,False,False,False,0.2,-18.2,False,False,False,1
"While the road to a sustainable future is challenging and not linear, we are encouraged by the progress we have made in FY24.",6,Accelerating progress to 2030 > Sustained momentum and future impact,other,,,,,,0.0,data/raw/microsoft/2024_sustainability_report.pdf,microsoft,2024,23,0.0,0.0,0.0435,False,False,False,False,False,0.0,62.1,True,False,False,1
Optimizing power efficiency and expanding carbon-free electricity.,7,17K acres,attribute,,,,,,0.0,data/raw/microsoft/2024_sustainability_report.pdf,microsoft,2024,7,0.0,0.0,0.0,False,False,False,False,False,0.0,-54.1,False,False,False,0
"In 2020, we set ambitious targets to be a carbonnegative, water-positive, zero-waste company that protects ecosystems by 2030.",8,How we work,target,,"2020,",,2030,,0.5,data/raw/microsoft/2024_sustainability_report.pdf,microsoft,2024,16,0.0625,0.0,0.145,True,False,True,False,False,0.15,5.5,False,False,False,2
"As a global technology leader, we are also committed to helping develop the market conditions and standards and launch solutions that will support a net zero economy.",8,How we work > Global sustainability,attribute,firm,,,,,0.0,data/raw/microsoft/2024_sustainability_report.pdf,microsoft,2024,27,0.0,0.0,0.0741,False,False,False,False,False,0.0,25.9,False,True,False,2
"As we reach the halfway point in our journey to becoming carbon negative, we reflect on the progress made, as well as the opportunities and challenges that lie ahead.",10,Microsoft sustainability Taking care of our own environmental footprint > In this section,attribute,,,,,,0.0,data/raw/microsoft/2024_sustainability_report.pdf,microsoft,2024,29,0.0,0.0,0.0,False,False,False,False,False,0.0,46.1,False,False,False,1
"In our 2024 Sustainability Report, we highlighted the establishment of the Microsoft Climate Council, an internal leadership body with representatives from nearly every business organization at Microsoft.",10,Microsoft sustainability Taking care of our own environmental footprint > Our approach,other,,2024,,,,0.5,data/raw/microsoft/2024_sustainability_report.pdf,microsoft,2024,26,0.0,0.0,0.0,True,False,False,False,False,0.2,-21.3,False,False,False,1
"As part of the roadmap process, each business group assesses its emissions forecasts to 2030.",10,Microsoft sustainability Taking care of our own environmental footprint > Our approach,other,,,,,,0.0,data/raw/microsoft/2024_sustainability_report.pdf,microsoft,2024,14,0.0,0.0,0.0,False,False,False,False,False,0.0,47.6,False,False,False,0
"From there, existing and new reduction interventions are evaluated to drive down emissions against Microsoft’s 2020 baseline, emission reduction projections are revised, and lessons learned are shared with the Council, highlighting where further investments and interventions are needed.",10,Microsoft sustainability Taking care of our own environmental footprint > Our approach,other,,2020,2020,,,0.5,data/raw/microsoft/2024_sustainability_report.pdf,microsoft,2024,38,0.0,0.0,0.0,True,True,False,False,False,0.4,-0.9,True,False,False,0
"As part of this cross-company effort, we have unlocked new opportunities to reduce emissions which help us progress closer to our 2030 commitments.",10,Microsoft sustainability Taking care of our own environmental footprint > Our approach,other,,2030,,,,0.5,data/raw/microsoft/2024_sustainability_report.pdf,microsoft,2024,22,0.0,0.0,0.0455,True,False,False,False,False,0.2,34.5,False,False,False,1
"By 2030, Microsoft will cut its emissions by more than half compared to 2020 and remove more carbon than it emits.",11,Carbon negative,target,firm,"2030,",2020,2030,,0.75,data/raw/microsoft/2024_sustainability_report.pdf,microsoft,2024,19,0.0,0.0,0.1253,True,True,True,False,False,0.6,62.9,False,True,False,0
"By 2050, we will remove the same amount of carbon we have emitted operationally since our founding in 1975.",11,Carbon negative,target,firm,"2050,",,2050,,0.5,data/raw/microsoft/2024_sustainability_report.pdf,microsoft,2024,17,0.0,0.0,0.1376,True,False,True,False,False,0.4,50.2,False,True,False,0
"We will reduce our Scope 1 and 2 emissions to near zero against a 2020 baseline by increasing energy efficiency, decarbonization of our operations, and reaching 100% renewable energy by 2025.",11,Carbon negative > Reducing direct and indirect emissions,target,firm,100%,2020,2025,Scope 1; own operations,1.0,data/raw/microsoft/2024_sustainability_report.pdf,microsoft,2024,26,0.0,0.0,0.0585,True,True,True,True,False,0.8,8.0,False,True,False,0
Our Scope 1 and 2 emissions decreased by 30% from the 2020 base year.,11,Carbon negative > Reducing direct and indirect emissions,achievement,achievement,30%,2020,,Scope 1,1.0,data/raw/microsoft/2024_sustainability_report.pdf,microsoft,2024,10,0.0,0.0,0.0,True,True,False,True,False,0.6,78.2,False,False,False,0
"This result is driven by our ongoing work to advance clean energy procurement, green tariff programs, and use of unbundled renewable energy certificates.",11,Carbon negative > Reducing direct and indirect emissions,attribute,,,,,,0.0,data/raw/microsoft/2024_sustainability_report.pdf,microsoft,2024,23,0.0435,0.0,0.0,False,False,False,False,False,0.0,21.6,True,False,False,1
"By 2030, we will reduce our Scope 3 emissions by more than half from a 2020 baseline.",11,Carbon negative > Reducing value chain emissions,target,firm,"2030,",2020,2030,Scope 3,1.0,data/raw/microsoft/2024_sustainability_report.pdf,microsoft,2024,14,0.0,0.0,0.1629,True,True,True,True,False,0.8,77.8,False,True,False,0
Our value chain or Scope 3 emissions increased by 26% from our 2020 baseline.,11,Carbon negative > Scope 3 emissions,achievement,achievement,26%,2020,,Scope 3; value chain,1.0,data/raw/microsoft/2024_sustainability_report.pdf,microsoft,2024,11,0.0,0.0,0.0,True,True,False,True,False,0.6,57.2,False,False,False,0
"Microsoft continues to work to scale carbon-free electricity markets across our supply chain and invest to decarbonize need-to abate sectors, including steel, concrete, and other building materials used in our datacenters, as well as fuels.",11,Carbon negative > Scope 3 emissions,attribute,,,,,supply chain,0.5,data/raw/microsoft/2024_sustainability_report.pdf,microsoft,2024,35,0.0,0.0,0.0,False,False,False,True,False,0.2,14.2,False,False,False,0
"By 2030, 100% of our electricity consumption will be matched by zero carbon electricity purchases 100% of the time.",11,Carbon negative > Expanding carbon-free electricity,target,firm,100%,,2030,,0.5,data/raw/microsoft/2024_sustainability_report.pdf,microsoft,2024,16,0.0,0.0,0.145,True,False,True,False,False,0.4,26.7,True,True,False,0
"In 2024, we contracted an additional 19 GW of new renewable energy across 16 countries, further diversifying our energy portfolio.",11,Carbon negative > Expanding carbon-free electricity with renewable and nuclear energy,other,,"2024,",,,,0.5,data/raw/microsoft/2024_sustainability_report.pdf,microsoft,2024,17,0.0,0.0,0.0,True,False,False,False,False,0.2,10.4,False,False,False,0
Microsoft also expanded into nuclear energy with the signing of our first large-scale nuclear energy PPA with the Crane Clean Energy Center in September 2024.,11,Carbon negative > Expanding carbon-free electricity with renewable and nuclear energy,attribute,,,,,,0.0,data/raw/microsoft/2024_sustainability_report.pdf,microsoft,2024,24,0.0,0.0,0.0,False,False,False,False,False,0.0,27.4,False,False,False,0
"This agreement will enable the restart of an 835-MW nuclear facility in Pennsylvania, retired in 2019, providing a significant supply of new, reliable, CFE to the PJM power grid—a critical energy region for Microsoft’s datacenters.",11,Carbon negative > Expanding carbon-free electricity with renewable and nuclear energy,other,firm,835,,,,0.5,data/raw/microsoft/2024_sustainability_report.pdf,microsoft,2024,36,0.0278,0.0,0.0278,True,False,False,False,True,0.289,12.8,False,True,False,0
"By 2030, Microsoft will remove more carbon than it emits.",11,Carbon negative > Removing the rest of our emissions,target,firm,"2030,",,2030,,0.5,data/raw/microsoft/2024_sustainability_report.pdf,microsoft,2024,9,0.0,0.0,0.2422,True,False,True,False,False,0.4,66.1,False,True,False,0
"By 2050, we will remove an amount of carbon equivalent to all our historical operational emissions.",11,Carbon negative > Removing the rest of our emissions,target,firm,"2050,",,2050,,0.5,data/raw/microsoft/2024_sustainability_report.pdf,microsoft,2024,15,0.0,0.0,0.1533,True,False,True,False,False,0.4,22.4,False,True,False,0
"In FY24, we contracted an additional 2.8 million metric tons of carbon removal expected to be delivered toward FY30.3 In addition, we contracted 17.4 million metric tons that we expect to apply toward carbon negative goals after 2030 and/or our 2050 goal.",11,Carbon negative > Contracted carbon removal,achievement,achievement,2.8 million,,,,0.33,data/raw/microsoft/2024_sustainability_report.pdf,microsoft,2024,39,0.0,0.0769,0.0513,True,False,False,False,False,0.0,49.4,True,False,False,0
"Microsoft’s overall emissions increased by 23.4% in FY24, in relation to our base year.",12,Carbon Table 1 Tracking progress toward carbon negative by 2030,achievement,achievement,23.4%,,,,0.33,data/raw/microsoft/2024_sustainability_report.pdf,microsoft,2024,14,0.0,0.0,0.0,True,False,False,False,False,0.2,54.7,False,False,False,0
"Additionally, we retired 595,922 metric tons of carbon removal as part of achieving our FY24 target to be carbon neutral.",12,Carbon Table 1 Tracking progress toward carbon negative by 2030,attribute,,"595,922 metric tons",,,,0.5,data/raw/microsoft/2024_sustainability_report.pdf,microsoft,2024,19,0.0,0.0,0.0526,True,False,False,False,False,0.2,36.2,False,False,False,0
Scope 2 and 3 emissions included in this chart are market-based.,12,Carbon Table 1 Tracking progress toward carbon negative by 2030 > 2030 Target year,other,,2,,,Scope 2,1.0,data/raw/microsoft/2024_sustainability_report.pdf,microsoft,2024,9,0.0,0.0,0.0,True,False,False,True,False,0.4,47.3,False,False,False,0
Scope 3 emissions are management’s criteria values.,12,Carbon Table 1 Tracking progress toward carbon negative by 2030 > 2030 Target year,other,,3,,,Scope 3,1.0,data/raw/microsoft/2024_sustainability_report.pdf,microsoft,2024,7,0.0,0.0,0.0,True,False,False,True,False,0.4,18.4,False,False,False,0
Microsoft’s Scope 3 emissions continue to account for more than 97% of our total emissions.,13,Carbon Table 2 Breaking down our FY24 Scope 3 emissions by source,other,,97%,,,Scope 3,1.0,data/raw/microsoft/2024_sustainability_report.pdf,microsoft,2024,14,0.0,0.0,0.0,True,False,False,True,False,0.4,47.6,False,False,False,0
Scope 2 and 3 emissions included in this chart are market-based.,13,Carbon Table 2 Breaking down our FY24 Scope 3 emissions by source,other,,2,,,Scope 2,1.0,data/raw/microsoft/2024_sustainability_report.pdf,microsoft,2024,9,0.0,0.0,0.0,True,False,False,True,False,0.4,47.3,False,False,False,0
Scope 3 emissions are management’s criteria values.,13,Carbon Table 2 Breaking down our FY24 Scope 3 emissions by source,other,,3,,,Scope 3,1.0,data/raw/microsoft/2024_sustainability_report.pdf,microsoft,2024,7,0.0,0.0,0.0,True,False,False,True,False,0.4,18.4,False,False,False,0
"At Microsoft, we are advancing the use of lowcarbon building materials4 at our datacenters.",14,Efficiency: Transforming datacenters and campuses,other,,,,,,0.0,data/raw/microsoft/2024_sustainability_report.pdf,microsoft,2024,14,0.0,0.0,0.0,False,False,False,False,False,0.0,35.5,False,False,False,0
"This approach is projected to reduce the embodied carbon footprint of these new datacenters by 35% compared to conventional steel construction, and by 65% compared to typical precast concrete, by drastically reducing the reliance on traditional carbon-intensive materials.",14,Efficiency: Transforming datacenters and campuses,other,,35%,,,,0.5,data/raw/microsoft/2024_sustainability_report.pdf,microsoft,2024,36,0.0,0.0,0.0,True,False,False,False,False,0.2,-6.0,True,False,False,0
Stegra is building the world’s first commercial scale near-zero-carbon steel plant with up to 95% reduced carbon emissions compared to conventional steel.,14,Efficiency: Transforming datacenters and campuses,achievement,achievement,95%,,,,0.33,data/raw/microsoft/2024_sustainability_report.pdf,microsoft,2024,22,0.0,0.0455,0.0455,True,False,False,False,False,0.018,30.7,False,False,False,0
"Novel materials like polyethylene terephthalate (PET) film and fiberreinforced plastic (FRP) are being tested to reduce the weight and volume of HAC panels and replace steel in support structures, cutting material mass by up to 75%, thereby reducing embodied carbon.",14,Efficiency: Transforming datacenters and campuses,other,hedged,75%,,,,0.5,data/raw/microsoft/2024_sustainability_report.pdf,microsoft,2024,39,0.0,0.0256,0.0,True,False,False,False,False,0.098,13.2,True,False,False,0
"As a member of the Infrastructure Masons (iMasons) and the iMasons Climate Accord (ICA)—a nonprofit professional association dedicated to reducing carbon in digital infrastructure materials, products, and power, Microsoft is working alongside AWS, Google, Meta, and over 200 leading digital infrastructure providers, product companies, and investment firms to address climate change.",15,Efficiency: Transforming datacenters and campuses,other,,200,,,,0.5,data/raw/microsoft/2024_sustainability_report.pdf,microsoft,2024,51,0.0196,0.0,0.0,True,False,False,False,False,0.122,-24.1,False,False,False,1
"In parallel, Microsoft is reducing server energy consumption through methods like low-power server states, which lowers energy usage on unallocated servers by up to 35%.",15,Efficiency: Transforming datacenters and campuses,other,firm,35%,,,,0.5,data/raw/microsoft/2024_sustainability_report.pdf,microsoft,2024,24,0.0,0.0417,0.0,True,False,False,False,False,0.033,9.8,False,False,False,0
This targeted approach has reduced datacenter hardware needs for the Microsoft Azure platform by approximately 1.5% since 2020—representing a threefold improvement compared to reductions achieved by 2022—while also cutting embodied carbon.,15,Efficiency: Transforming datacenters and campuses,target,achievement,1.5%,,2022,,0.5,data/raw/microsoft/2024_sustainability_report.pdf,microsoft,2024,30,0.0,0.0333,0.0533,True,False,True,False,False,0.267,5.5,False,False,False,0
"Microsoft is reducing server energy consumption through methods like low power server states, which lowers energy usage on unallocated servers by up to 35%.",15,Efficiency: Transforming datacenters and campuses,other,firm,35%,,,,0.5,data/raw/microsoft/2024_sustainability_report.pdf,microsoft,2024,23,0.0,0.0435,0.0,True,False,False,False,False,0.026,18.0,False,False,False,0
"This cuttingedge technology supports significantly greater rack capacity, reducing the need for new datacenter construction—and the related embodied carbon emissions—while eliminating the need for evaporation to align with Microsoft’s water positive 2030 commitment.",15,Datacenter innovation Advancing cooling technologies,other,firm,2030,,,,0.5,data/raw/microsoft/2024_sustainability_report.pdf,microsoft,2024,35,0.0571,0.0,0.0286,True,False,False,False,False,0.0,-19.6,False,False,False,1
"At the Open Compute Project (OCP) Global Summit in October 2024, Microsoft presented a detailed comparison of greenhouse gas emissions, water usage, and energy demand of advanced cooling technologies in datacenters.",15,Datacenter innovation Advancing cooling technologies,other,,"2024,",,,,0.5,data/raw/microsoft/2024_sustainability_report.pdf,microsoft,2024,30,0.0,0.0,0.0,True,False,False,False,False,0.2,-1.3,False,False,False,1
"The Microsoft Supplier Engagement Program uses in-depth analysis to identify the most impactful carbon reduction opportunities across Scope 1, 2, and 3 emissions.",16,Datacenter innovation Advancing cooling technologies,other,,"1,",,,Scope 1,1.0,data/raw/microsoft/2024_sustainability_report.pdf,microsoft,2024,20,0.0,0.0,0.0,True,False,False,True,False,0.4,-12.3,False,False,False,0
"In 2024, Microsoft introduced a new target in the Microsoft Supplier Code of Conduct requiring suppliers to transition to 100% carbon-free electricity (CFE)6 for goods and services delivered to Microsoft by 2030.",16,Datacenter innovation Advancing cooling technologies,target,achievement,100%,,2030,,0.5,data/raw/microsoft/2024_sustainability_report.pdf,microsoft,2024,29,0.0,0.0,0.089,True,False,True,False,False,0.4,14.0,False,False,False,0
"This milestone has inspired several suppliers to adopt even more ambitious targets, such as procuring 100% renewable energy under RE100 standards and implementing Scope 3 programs modeled on the Microsoft Cloud Supply Chain.",16,Datacenter innovation Advancing cooling technologies,other,,100%,,,Scope 3; supply chain,1.0,data/raw/microsoft/2024_sustainability_report.pdf,microsoft,2024,31,0.0645,0.0,0.0323,True,False,False,True,False,0.142,11.6,False,False,False,3
"In support of these targets for our suppliers, Microsoft is working in countries with a significant supply chain footprint to identify and solve for specific policy, technology, and finance barriers to carbon-free electricity access, prioritizing impact by 2030.",16,Datacenter innovation Advancing cooling technologies,target,hedged,,,2030,supply chain,0.5,data/raw/microsoft/2024_sustainability_report.pdf,microsoft,2024,37,0.027,0.0,0.0741,False,False,True,True,False,0.292,6.9,False,False,False,0
"Renewable diesel is now in use in Microsoft’s road freight operations in Europe and California, cutting emissions by 50% for these shipments while keeping existing equipment in use.",16,Datacenter innovation Advancing cooling technologies,other,,50%,,,,0.5,data/raw/microsoft/2024_sustainability_report.pdf,microsoft,2024,28,0.0,0.0,0.0,True,False,False,False,False,0.2,30.4,False,False,False,0
Microsoft is also advancing aviation decarbonization by integrating sustainable aviation fuel (SAF) into shipments of cloud hardware through multiyear agreements designed to reduce air freight emissions and scale the adoption of SAF.,16,Datacenter innovation Advancing cooling technologies,attribute,,,,,,0.0,data/raw/microsoft/2024_sustainability_report.pdf,microsoft,2024,32,0.0,0.0,0.0,False,False,False,False,False,0.0,5.2,False,False,False,0
"In 2024, Microsoft introduced a new target in the Microsoft Supplier Code of Conduct requiring suppliers to transition to 100% carbon-free electricity (CFE) for goods and services delivered to Microsoft by 2030.",16,Datacenter innovation Advancing cooling technologies,target,achievement,100%,,2030,,0.5,data/raw/microsoft/2024_sustainability_report.pdf,microsoft,2024,29,0.0,0.0,0.089,True,False,True,False,False,0.4,14.0,False,False,False,0
These efforts have reduced the relative carbon intensity across the cloud logistics supply chain by 73% since 2022.,17,Datacenter innovation Advancing cooling technologies,achievement,achievement,73%,,,supply chain,0.67,data/raw/microsoft/2024_sustainability_report.pdf,microsoft,2024,16,0.0,0.0,0.0,True,False,False,True,False,0.4,37.3,False,False,False,0
"These buildings are supported by Microsoft’s Thermal Energy Center, a groundbreaking facility using geothermal energy to provide carbon-free heating and cooling.",17,East Campus Modernization Project Harnessing geothermal energy,attribute,,,,,,0.0,data/raw/microsoft/2024_sustainability_report.pdf,microsoft,2024,22,0.0,0.0,0.0,False,False,False,False,False,0.0,11.5,True,False,False,1
"Facilities in Bogotá and Medellín, Colombia; Quito, Ecuador; and Montevideo, Uruguay optimized their heating, ventilation and air conditioning (HVAC) systems, cutting yearover-year energy consumption for these systems by 20%.",17,East Campus Modernization Project Harnessing geothermal energy,other,,20%,,,,0.5,data/raw/microsoft/2024_sustainability_report.pdf,microsoft,2024,29,0.0,0.0,0.0,True,False,False,False,False,0.2,-9.3,False,False,False,0
"By aligning strategies to help us to achieve a more than 50% Scope 3 reduction by 2030, we’re ensuring effective planning and progress toward our environmental sustainability commitments.",18,BarnX LEED Gold Certified,target,,50%,2030,2030,Scope 3,1.0,data/raw/microsoft/2024_sustainability_report.pdf,microsoft,2024,26,0.0,0.0,0.1354,True,True,True,True,False,0.8,14.5,False,False,False,1
"As we plan for 2030, we are working to ensure that the materials, technologies, and solutions required for decarbonization are available at the scale and locations needed—not just for Microsoft, but also for our partners, suppliers, customers, and the world.",19,Availability: Scaling access to tools for decarbonization,other,,"2030,",,,,0.5,data/raw/microsoft/2024_sustainability_report.pdf,microsoft,2024,40,0.0,0.0,0.025,True,False,False,False,False,0.2,22.4,False,False,False,0
Microsoft has taken a first-mover approach to making long-term investments to bring more carbon-free electricity online.,19,Availability: Scaling access to tools for decarbonization > Advancing renewable energy markets,attribute,,,,,,0.0,data/raw/microsoft/2024_sustainability_report.pdf,microsoft,2024,16,0.0,0.0,0.0,False,False,False,False,False,0.0,21.4,False,False,False,0
"Power purchase agreements (PPAs) are central to this strategy, and we continue to advocate for expanding clean energy solutions globally to support not only our power needs but also those of our supply chain.",19,Availability: Scaling access to tools for decarbonization > Advancing renewable energy markets,attribute,hedged,,,,supply chain; global,0.5,data/raw/microsoft/2024_sustainability_report.pdf,microsoft,2024,34,0.0,0.0,0.0,False,False,False,True,False,0.2,28.0,False,False,False,0
"Since 2020, the renewable energy sector has transformed significantly.",19,Availability: Scaling access to tools for decarbonization > Advancing renewable energy markets,other,,"2020,",,,,0.5,data/raw/microsoft/2024_sustainability_report.pdf,microsoft,2024,8,0.25,0.0,0.0,True,False,False,False,False,0.0,-2.2,False,False,False,0
These dynamics have reshaped strategies across the industry as we work toward grid decarbonization by 2030 and beyond.,19,Availability: Scaling access to tools for decarbonization > Advancing renewable energy markets,target,,2030,2030,2030,,0.75,data/raw/microsoft/2024_sustainability_report.pdf,microsoft,2024,17,0.0,0.0,0.0788,True,True,True,False,True,0.8,30.3,False,False,False,0
Microsoft has taken bold steps to address these challenges and expand access to carbon-free electricity.,19,Availability: Scaling access to tools for decarbonization > Advancing renewable energy markets,attribute,,,,,,0.0,data/raw/microsoft/2024_sustainability_report.pdf,microsoft,2024,15,0.0,0.0,0.0,False,False,False,False,False,0.0,33.7,False,False,False,1
"Our carbon-free electricity program has grown eighteenfold since 2020, with contracted renewables increasing from 1.8 gigawatts (GW) to over 34 GW across 24 countries.",19,Availability: Scaling access to tools for decarbonization > Advancing renewable energy markets,attribute,,"2020,",,,,0.5,data/raw/microsoft/2024_sustainability_report.pdf,microsoft,2024,20,0.0,0.0,0.0,True,False,False,False,False,0.2,27.5,False,False,False,0
This growth reflects our leadership in advancing clean energy markets and has us on track to achieve our 2025 target of procuring enough renewable energy to cover 100% of our energy consumption.,19,Availability: Scaling access to tools for decarbonization > Advancing renewable energy markets,attribute,,100%,,,,0.5,data/raw/microsoft/2024_sustainability_report.pdf,microsoft,2024,30,0.0,0.0,0.0333,True,False,False,False,False,0.2,29.7,False,False,False,1
"In 2024, we contracted an additional 19 GW of new renewable energy across 16 countries, further diversifying our energy portfolio.",19,Renewable energy Expanding global procurement and deployment,other,,"2024,",,,,0.5,data/raw/microsoft/2024_sustainability_report.pdf,microsoft,2024,17,0.0,0.0,0.0,True,False,False,False,False,0.2,10.4,False,False,False,0
"Microsoft also brought 45 carbon-free electricity projects online across 15 different countries through PPAs, including our first operational projects in Canada, Chile, France, Germany, Japan, and Poland.",19,Renewable energy Expanding global procurement and deployment,attribute,,45,,,,0.5,data/raw/microsoft/2024_sustainability_report.pdf,microsoft,2024,25,0.0,0.0,0.0,True,False,False,False,False,0.2,5.5,False,False,False,0
Microsoft also expanded into nuclear energy with the signing of our first large-scale nuclear energy PPA with Constellation for the Crane Clean Energy Center in September 2024.,20,Renewable energy Expanding global procurement and deployment,attribute,,,,,,0.0,data/raw/microsoft/2024_sustainability_report.pdf,microsoft,2024,26,0.0,0.0,0.0,False,False,False,False,False,0.0,21.0,False,False,False,0
"This agreement will enable the restart of an 835-MW nuclear facility in Pennsylvania, retired in 2019, providing a significant supply of new, reliable, CFE to the PJM power grid— a critical energy region for Microsoft’s datacenters.",20,Renewable energy Expanding global procurement and deployment,other,firm,835,,,,0.5,data/raw/microsoft/2024_sustainability_report.pdf,microsoft,2024,36,0.0278,0.0,0.0278,True,False,False,False,True,0.289,12.8,False,True,False,0
"In 2024, we signed four groundbreaking PPAs with Engie requiring that 100% of photovoltaic modules —from construction through end of life—will be reused or recycled.",20,Renewable energy Expanding global procurement and deployment,attribute,firm,100%,,,,0.5,data/raw/microsoft/2024_sustainability_report.pdf,microsoft,2024,24,0.0,0.0,0.0417,True,False,False,False,False,0.2,41.5,True,True,False,1
"In January 2024, we announced a partnership with Qcells to supply Microsoft projects with up to 12 GW of solar modules and engineering, procurement, and construction services over an eight-year period.",20,Renewable energy Expanding global procurement and deployment,other,,"2024,",,,,0.5,data/raw/microsoft/2024_sustainability_report.pdf,microsoft,2024,29,0.0,0.0345,0.0,True,False,False,False,False,0.062,17.0,False,False,False,0
"This agreement bolsters large-scale, sustainable US solar manufacturing and supports a resilient clean energy economy.",20,Renewable energy Expanding global procurement and deployment,attribute,,,,,,0.0,data/raw/microsoft/2024_sustainability_report.pdf,microsoft,2024,15,0.0,0.0,0.0,False,False,False,False,False,0.0,-5.8,False,False,False,0
"Beyond procurement, Microsoft is collaborating with industry leaders to address barriers to scaling carbon-free electricity technologies.",20,Renewable energy Expanding global procurement and deployment,attribute,,,,,,0.0,data/raw/microsoft/2024_sustainability_report.pdf,microsoft,2024,16,0.0,0.0,0.0,False,False,False,False,False,0.0,-15.6,False,False,False,1
"In March 2024, we announced an advanced clean energy buyers’ consortium with Google and Nucor to aggregate demand and accelerate deployment of first-of-akind technologies.",20,Renewable energy Expanding global procurement and deployment,attribute,,"2024,",,,,0.5,data/raw/microsoft/2024_sustainability_report.pdf,microsoft,2024,23,0.0,0.0,0.0,True,False,False,False,False,0.2,14.3,False,False,False,2
"In 2024, we announced our Datacenter Community Pledge, reinforcing our role as a responsible corporate citizen and ensuring that local communities experience meaningful benefits from clean energy projects including significant economic, social, and environmental benefits.",20,Renewable energy Expanding global procurement and deployment > Advancing community vitality with energy procurement,target,firm,"2024,",,,,0.25,data/raw/microsoft/2024_sustainability_report.pdf,microsoft,2024,34,0.0882,0.0,0.0,True,False,False,False,False,0.0,-26.7,False,False,False,1
It also supports Microsoft’s target of reducing Scope 3 emissions by more than 50% by 2030.,20,Renewable energy Expanding global procurement and deployment > Advancing community vitality with energy procurement,target,,50%,,2030,Scope 3,0.75,data/raw/microsoft/2024_sustainability_report.pdf,microsoft,2024,14,0.0,0.0,0.1629,True,False,True,True,False,0.6,53.6,False,False,False,0
"So far on our journey, carbon reduction and removal have all played an important role on our path to net zero.",20,Renewable energy Expanding global procurement and deployment > Scaling carbon removal,attribute,,,,,,0.0,data/raw/microsoft/2024_sustainability_report.pdf,microsoft,2024,21,0.0,0.0,0.0,False,False,False,False,False,0.0,64.7,False,False,False,0
Microsoft’s commitment to carbon removal began in 2020 when we shifted our avoided carbon emissions credit procurement to focus exclusively on removing carbon dioxide from the atmosphere.,20,Renewable energy Expanding global procurement and deployment > Scaling carbon removal,other,firm,2020,,,,0.5,data/raw/microsoft/2024_sustainability_report.pdf,microsoft,2024,27,0.0,0.0,0.037,True,False,False,False,False,0.2,4.0,False,False,False,0
"In 2023, we expanded on this model of advance procurement, signing our first contracts for millions of tons of carbon removal, with developers that were able to design and structure much larger projects.",20,Renewable energy Expanding global procurement and deployment > Scaling carbon removal,achievement,achievement,"2023,",,,,0.33,data/raw/microsoft/2024_sustainability_report.pdf,microsoft,2024,32,0.0,0.0,0.0,True,False,False,False,False,0.2,36.9,False,False,False,1
"In FY24, Microsoft entered long-term agreements to procure more carbon removal than all previous years combined—22 million metric tons.",21,Renewable energy Expanding global procurement and deployment > Scaling carbon removal,other,,22 million,,,,0.5,data/raw/microsoft/2024_sustainability_report.pdf,microsoft,2024,19,0.0,0.0,0.0,True,False,False,False,False,0.2,31.7,False,False,False,0
"That’s the equivalent of taking 4 million cars off the road for a year.7 Our diversified portfolio spans multiple pathways, including: afforestation, reforestation, and revegetation (ARR); bioenergy with carbon capture and storage (BECCS); and DAC.",21,Renewable energy Expanding global procurement and deployment > Scaling carbon removal,other,,4 million,,,,0.5,data/raw/microsoft/2024_sustainability_report.pdf,microsoft,2024,35,0.0,0.0,0.0,True,False,False,False,False,0.2,29.5,False,False,False,0
"Eight of the projects signed last year will start delivering over 100,000 metric tons annually by 2030, supporting our carbon negative milestone year.",21,Renewable energy Expanding global procurement and deployment > Scaling carbon removal,target,firm,"100,000 metric tons",,2030,,0.5,data/raw/microsoft/2024_sustainability_report.pdf,microsoft,2024,21,0.0,0.0,0.1152,True,False,True,False,False,0.4,36.5,False,True,False,1
"Using sustainably sourced forest biomass, Stockholm Exergi captures carbon dioxide from flue gas and stores it for thousands of years under strict measurement, monitoring, reporting, and verification (MMRV) standards.",21,Renewable energy Expanding global procurement and deployment > Scaling carbon removal,attribute,,,,,,0.0,data/raw/microsoft/2024_sustainability_report.pdf,microsoft,2024,29,0.0,0.0,0.0,False,False,False,False,True,0.2,5.3,False,False,False,0
"Microsoft will purchase 3 million metric tons of carbon removal, with all restoration activities using native species and building on the foundational work of previous scientific studies in the region.",21,Renewable energy Expanding global procurement and deployment > Scaling carbon removal,other,firm,3 million,,,,0.5,data/raw/microsoft/2024_sustainability_report.pdf,microsoft,2024,29,0.0,0.0,0.0345,True,False,False,False,False,0.2,17.0,False,True,False,0
"In FY24, we contracted nearly 22 million metric tons of carbon removals to be delivered at various points over the next 15+ years.",21,Carbon Table 3 Tracking progress toward carbon negative by 2030,achievement,achievement,22 million,,,,0.33,data/raw/microsoft/2024_sustainability_report.pdf,microsoft,2024,21,0.0476,0.0,0.0,True,False,False,False,False,0.01,48.5,True,False,False,0
This includes 2.8 million metric tons that we expect to be delivered in our FY30 goal year for carbon negativity and many more tons toward carbon negativity for FY31 and beyond.,21,Carbon Table 3 Tracking progress toward carbon negative by 2030,achievement,achievement,2.8 million,,,,0.33,data/raw/microsoft/2024_sustainability_report.pdf,microsoft,2024,30,0.0333,0.0333,0.0333,True,False,False,False,False,0.0,50.6,True,False,False,0
"In 2024, the program advanced customized solutions to the prototype stage while exploring additional opportunities to reuse waste heat, airflow, and water from datacenters.",22,Innovation in carbon removal Harnessing waste heat,other,,"2024,",,,,0.5,data/raw/microsoft/2024_sustainability_report.pdf,microsoft,2024,23,0.0,0.0,0.0,True,False,False,False,False,0.2,10.6,False,False,False,1
"With such systems, 70% to 85% of energy reuse could be achieved.",22,Innovation in carbon removal Harnessing waste heat,other,hedged,70%,,,,0.5,data/raw/microsoft/2024_sustainability_report.pdf,microsoft,2024,10,0.0,0.1,0.0,True,False,False,False,False,0.0,69.8,True,False,True,0
"In May 2024, Microsoft co-founded the Symbiosis Coalition—a collaboration with Google, Meta, and Salesforce—establishing an advance market agreement to contract for 20 million metric tons of high-integrity nature-based carbon removal credits by 2030.",22,Innovation in carbon removal Harnessing waste heat,target,hedged,20 million,,2030,,0.5,data/raw/microsoft/2024_sustainability_report.pdf,microsoft,2024,32,0.0,0.0312,0.0512,True,False,True,False,False,0.275,-8.1,False,False,True,1
"With this agreement and an open request for proposals launched in December 2024, Symbiosis is sending a strong demand signal to project developers, encouraging the production and financing of high-quality removals while creating a platform to increase the speed and scale of climate impact.",22,Innovation in carbon removal Harnessing waste heat,achievement,achievement,"2024,",,,,0.33,data/raw/microsoft/2024_sustainability_report.pdf,microsoft,2024,43,0.0233,0.0,0.0,True,False,False,False,False,0.107,9.7,False,False,False,0
"In 2024, we supported carbon dioxide removal pathways such as enhanced rock weathering (ERW), soil organic carbon, carbon dioxide mineralization, and biochar, constructing tailored portfolios within promising pathways to advance scientific discovery and evaluate scalability.",22,Innovation in carbon removal Harnessing waste heat,other,,"2024,",,,,0.5,data/raw/microsoft/2024_sustainability_report.pdf,microsoft,2024,34,0.0294,0.0,0.0,True,False,False,False,False,0.082,-21.8,False,False,False,1
Accurate measurement and the adoption of best practices are critical to achieving our carbon negative commitment and driving progress across industries.,23,Measurement and adoption: Supporting accurate data and industry-wide change,attribute,firm,,,,,0.0,data/raw/microsoft/2024_sustainability_report.pdf,microsoft,2024,21,0.0,0.0,0.0476,False,False,False,False,False,0.0,8.3,False,False,False,1
"In 2024, Microsoft was recognized as a Gartner Power of the Profession™ finalist for using data to identify emissions reduction opportunities from logistics.",23,Measurement and adoption: Supporting accurate data and industry-wide change > Measurement: Evolving data systems for greater impact,achievement,achievement,"2024,",,,,0.33,data/raw/microsoft/2024_sustainability_report.pdf,microsoft,2024,22,0.0,0.0,0.0,True,False,False,False,False,0.2,-0.1,True,False,False,0
"For example, Surface and Xbox devices now benefit from faster, automated modeling of the manufacturing phase supply chain, with Makersite reducing the LCA modeling process by more than 80% per device.",23,Measurement and adoption: Supporting accurate data and industry-wide change > Measurement: Evolving data systems for greater impact,other,,80%,,,supply chain,1.0,data/raw/microsoft/2024_sustainability_report.pdf,microsoft,2024,30,0.0,0.0,0.0,True,False,False,True,False,0.4,21.3,False,False,False,0
"In Azure hardware, Makersite supported our successful transition from spend-based to activity based carbon accounting in 2024—a critical milestone in precisely measuring Scope 3 emissions.",23,Measurement and adoption: Supporting accurate data and industry-wide change > Measurement: Evolving data systems for greater impact,other,,2024,2024,,Scope 3,1.0,data/raw/microsoft/2024_sustainability_report.pdf,microsoft,2024,24,0.0,0.0,0.0,True,True,False,True,False,0.6,-7.9,False,False,False,3
These insights empower engineering teams to make more informed decisions to support Microsoft’s efforts to align with its 2030 carbon negative commitment.,23,Measurement and adoption: Supporting accurate data and industry-wide change > Measurement: Evolving data systems for greater impact,attribute,firm,2030,,,,0.5,data/raw/microsoft/2024_sustainability_report.pdf,microsoft,2024,22,0.0,0.0,0.0455,True,False,False,False,False,0.2,23.0,False,False,False,1
"In FY24, Microsoft’s Devices team launched a fully automated data collection process to facilitate seamless sustainability data exchanges with suppliers.",24,Advancing LCA methodologies Improving data collection for better decision-making,other,achievement,,,,,0.0,data/raw/microsoft/2024_sustainability_report.pdf,microsoft,2024,21,0.0,0.0,0.0,False,False,False,False,False,0.0,-3.8,False,False,False,0
"In 2025, we are exploring opportunities to standardize supplier sustainability surveys and data collection across the industry to ease the reporting obligations on suppliers.",24,Advancing LCA methodologies Improving data collection for better decision-making,other,,"2025,",,,,0.5,data/raw/microsoft/2024_sustainability_report.pdf,microsoft,2024,23,0.0,0.0,0.0,True,False,False,False,False,0.2,-0.4,False,False,False,0
"By integrating this primary data into product environmental LCAs, Microsoft has increased the representativeness of assessments, with 70% of the carbon footprint for devices informed by primary data—a significant improvement over the typical 20% of primary data use in LCAs for laptops and tablets.",24,Advancing LCA methodologies Improving data collection for better decision-making,achievement,achievement,70%,,,,0.33,data/raw/microsoft/2024_sustainability_report.pdf,microsoft,2024,43,0.0233,0.0,0.0,True,False,False,False,False,0.107,-13.9,False,False,False,0
"Through customized life cycle inventories for over 400 chip configurations, we can track chip generations, forecast emissions, and differentiate environmental impacts across device and Azure hardware configurations with greater precision.",24,Advancing LCA methodologies Improving data collection for better decision-making,other,,400,,,,0.5,data/raw/microsoft/2024_sustainability_report.pdf,microsoft,2024,29,0.0,0.0,0.0,True,False,False,False,False,0.2,-15.1,False,False,False,0
"By integrating tools like environmental product declarations (EPDs) and Building Transparency’s Embodied Carbon in Construction Calculator (EC3), Microsoft enables trade partners to quantify impacts, track progress, and make datadriven decisions.",24,Advancing LCA methodologies Improving data collection for better decision-making,other,,,,,,0.0,data/raw/microsoft/2024_sustainability_report.pdf,microsoft,2024,31,0.0,0.0,0.0,False,False,False,False,False,0.0,-10.2,False,False,False,1
"EC3 builds on the insights provided by EPDs, serving as a cornerstone of Microsoft’s building material carbon measurement practices by enabling precise, product-level accounting of materials’ embodied carbon impacts.",25,Advancing LCA methodologies Improving data collection for better decision-making,other,,,,,,0.0,data/raw/microsoft/2024_sustainability_report.pdf,microsoft,2024,30,0.0,0.0,0.0,False,False,False,False,False,0.0,4.4,False,False,False,0
"By using EC3, contractors can evaluate materials using detailed carbon data, moving beyond traditional broad estimates to make more informed, data-driven decisions.",25,Advancing LCA methodologies Improving data collection for better decision-making,other,,,,,,0.0,data/raw/microsoft/2024_sustainability_report.pdf,microsoft,2024,22,0.0,0.0455,0.0,False,False,False,False,False,0.0,-0.1,False,False,False,0
"EC3 enhances this process by enabling precise material comparisons, transforming embodied carbon accounting from broad, spend-based estimates into actionable data.",25,Advancing LCA methodologies Improving data collection for better decision-making,other,,,,,,0.0,data/raw/microsoft/2024_sustainability_report.pdf,microsoft,2024,20,0.0,0.05,0.0,False,False,False,False,False,0.0,-12.3,False,False,False,0
"In 2024, Microsoft utilized a version of the Impact Accounting Methodology to refine carbon accounting in two datacenter construction projects.",25,Advancing LCA methodologies Improving data collection for better decision-making,other,,"2024,",,,,0.5,data/raw/microsoft/2024_sustainability_report.pdf,microsoft,2024,19,0.0,0.0,0.0,True,False,False,False,False,0.2,0.5,False,False,False,0
"At Microsoft, 97% of our emissions are in the Scope 3 category, with the majority originating in our supply chain.",25,Strengthening engagement Measuring impact across our supplier network,other,,97%,,,Scope 3; supply chain,1.0,data/raw/microsoft/2024_sustainability_report.pdf,microsoft,2024,18,0.0,0.0,0.0,True,False,False,True,False,0.4,33.5,False,False,False,0
"To accelerate decarbonization, we strengthened supplier engagement by requiring suppliers to transition to 100% carbon-free electricity by 2030 under the Supplier Code of Conduct.",25,Strengthening engagement Measuring impact across our supplier network,target,,100%,,2030,,0.5,data/raw/microsoft/2024_sustainability_report.pdf,microsoft,2024,22,0.0,0.0,0.0655,True,False,True,False,False,0.4,-3.9,False,False,False,2
"These efforts are critical for scaling decarbonization across our value chain, supporting meaningful progress toward our 2030 commitments.",25,Strengthening engagement Measuring impact across our supplier network,other,,2030,,,value chain,1.0,data/raw/microsoft/2024_sustainability_report.pdf,microsoft,2024,17,0.0588,0.0,0.0588,True,False,False,True,False,0.165,10.4,False,False,False,1
"Since 2022, Microsoft’s Devices Supplier Decarbonization program has built policies, procedures, data systems, and educational tools to align suppliers with our sustainability commitments.",25,Strengthening engagement Measuring impact across our supplier network,other,,"2022,",,,,0.5,data/raw/microsoft/2024_sustainability_report.pdf,microsoft,2024,23,0.0,0.0,0.0435,True,False,False,False,False,0.2,-15.1,False,False,False,0
"Over the past three years, this program has evolved to address the growing urgency of decarbonization, amplified by the introduction of the new Supplier Code of Conduct requirement to transition to 100% CFE by 2030.",25,Strengthening engagement Measuring impact across our supplier network,target,,100%,,2030,,0.5,data/raw/microsoft/2024_sustainability_report.pdf,microsoft,2024,33,0.0,0.0,0.0503,True,False,True,False,False,0.4,24.6,False,False,False,0
"These efforts expanded CFE use and avoided nearly 232,000 m t C O subscript 2 e in emissions.",26,Strengthening engagement Measuring impact across our supplier network,achievement,achievement,"232,000",,,,0.33,data/raw/microsoft/2024_sustainability_report.pdf,microsoft,2024,16,0.0,0.0,0.0,True,False,False,False,False,0.2,58.4,False,False,False,0
"Many suppliers have gone beyond meeting minimum requirements, with several committing to the RE100 standard, ensuring the use of high-quality renewable energy resources.",26,Strengthening engagement Measuring impact across our supplier network,other,,,,,,0.0,data/raw/microsoft/2024_sustainability_report.pdf,microsoft,2024,23,0.087,0.0,0.0435,False,False,False,False,False,0.0,10.6,False,False,False,0
"Many have modeled their Scope 3 emissions programs after Microsoft’s Cloud Supply Chain efforts, demonstrating how collaborative partnerships can create ripple effects across industries.",26,Strengthening engagement Measuring impact across our supplier network,other,,3,,,Scope 3; supply chain,1.0,data/raw/microsoft/2024_sustainability_report.pdf,microsoft,2024,24,0.0417,0.0,0.0,True,False,False,True,False,0.233,13.3,False,False,False,0
"In October 2024, Microsoft hosted a supplier summit, bringing together suppliers across our supply chain.",26,Strengthening engagement Measuring impact across our supplier network,other,,"2024,",,,supply chain,1.0,data/raw/microsoft/2024_sustainability_report.pdf,microsoft,2024,14,0.0,0.0,0.0,True,False,False,True,False,0.4,29.5,False,False,False,0
"As part of our efforts to reduce Scope 3 emissions, we are building on our experience with book-and-claim systems for sustainable fuels to contract for sustainable building materials certificates.",26,Strengthening engagement Measuring impact across our supplier network,other,,3,,,Scope 3,1.0,data/raw/microsoft/2024_sustainability_report.pdf,microsoft,2024,28,0.0,0.0,0.0,True,False,False,True,False,0.4,27.3,False,False,False,0
"These efforts will broaden our supplier base and geographic footprint, while accelerating financing for critical infrastructure and afforestation projects to deliver meaningful carbon removal credits by 2030.",26,Strengthening engagement Measuring impact across our supplier network,target,firm,,,2030,,0.25,data/raw/microsoft/2024_sustainability_report.pdf,microsoft,2024,26,0.0385,0.0,0.0969,False,False,True,False,False,0.046,-1.8,False,True,False,0
"In 2020, we set the ambitious commitment of becoming water positive by 2030.",27,Getting to water positive,target,firm,"2020,",,2030,,0.5,data/raw/microsoft/2024_sustainability_report.pdf,microsoft,2024,11,0.0909,0.0,0.2018,True,False,True,False,False,0.1,41.9,False,False,False,2
"By adopting these innovations, each datacenter saves over 125,000 cubic meters of water annually, reducing freshwater reliance even as AI workloads drive increased compute resource needs.",27,Getting to water positive > Our approach,achievement,achievement,"125,000",,,,0.33,data/raw/microsoft/2024_sustainability_report.pdf,microsoft,2024,25,0.0,0.0,0.0,True,False,False,False,False,0.2,8.9,False,False,False,0
"Across approximately 40 priority locations worldwide, we invest in solutions such as rainwater harvesting, groundwater replenishment, and irrigation modernization, delivering measurable social and environmental benefits while addressing local water challenges.",27,Getting to water positive > Our approach,other,,40,,,,0.5,data/raw/microsoft/2024_sustainability_report.pdf,microsoft,2024,29,0.0,0.0345,0.0,True,False,False,False,False,0.062,-47.2,False,False,False,0
"As of 2024, private sector projects accounted for 17% of our replenishment portfolio, reflecting our resolve to foster a diverse, collaborative ecosystem to achieve water sustainability.",27,Getting to water positive > Our approach,other,,17%,,,,0.5,data/raw/microsoft/2024_sustainability_report.pdf,microsoft,2024,24,0.0,0.0,0.0,True,False,False,False,False,0.2,-4.3,False,False,False,0
1 Prioritize investments in areas with high water stress and high operational water consumption.,27,Getting to water positive > Our approach,other,,1,,,,0.5,data/raw/microsoft/2024_sustainability_report.pdf,microsoft,2024,13,0.0,0.0,0.0,True,False,False,False,False,0.2,24.4,False,False,False,0
"In FY24, we increased the number of projects we have funded by over 50%, funding 27 replenishment projects that are estimated to provide more than 50 million cubic meters in volumetric water benefit over the lifetime of these projects.",28,Water positive,achievement,achievement,50%,,,,0.33,data/raw/microsoft/2024_sustainability_report.pdf,microsoft,2024,36,0.0,0.0556,0.0,True,False,False,False,False,0.0,19.9,True,False,False,0
We will provide 1.5 million people with access to clean water and sanitation services by 2030.,28,Water positive,target,firm,1.5 million,2030,2030,,0.75,data/raw/microsoft/2024_sustainability_report.pdf,microsoft,2024,14,0.0,0.0,0.1629,True,True,True,False,False,0.6,60.7,False,True,False,0
"We will make progress against our target to improve water use efficiency by 40% across our global, owned datacenter operations by 2030, from a 2022 baseline.",28,Water positive,target,firm,40%,2022,2030,,0.75,data/raw/microsoft/2024_sustainability_report.pdf,microsoft,2024,23,0.0,0.0,0.1504,True,True,True,False,False,0.6,29.0,False,True,False,1
"Since our baseline year of 2022, operational datacenters have achieved an 18% reduction in water intensity progressing towards our 2030 target to reduce water use intensity by 40%.",28,Water positive,achievement,achievement,18%,,,,0.33,data/raw/microsoft/2024_sustainability_report.pdf,microsoft,2024,24,0.0,0.0,0.0417,True,False,False,False,False,0.2,6.2,False,False,False,1
"Since the program’s inception, we have contracted 76 replenishment programs in water-stressed basins, which are expected to deliver more than 100 million cubic meters of replenishment volume over their lifetime.",29,Water Table 1 Replenishing more water than we consume,other,,100 million,,,,0.5,data/raw/microsoft/2024_sustainability_report.pdf,microsoft,2024,29,0.0,0.069,0.0,True,False,False,False,False,0.0,14.0,True,False,False,0
"This represents a cumulative investment of more than $34 million, with 62% of these projects using nature-based solutions and 47% providing critical biodiversity co-benefits.",30,Water Table 1 Replenishing more water than we consume > Building a robust and effective portfolio,other,,34 million,,,,0.5,data/raw/microsoft/2024_sustainability_report.pdf,microsoft,2024,21,0.0,0.0,0.0,True,False,False,False,False,0.2,-7.9,False,False,False,0
We increased our water replenishment portfolio by more than 50% in FY24.,30,Water Table 1 Replenishing more water than we consume > Building a robust and effective portfolio,achievement,achievement,50%,,,,0.33,data/raw/microsoft/2024_sustainability_report.pdf,microsoft,2024,11,0.0,0.0,0.0,True,False,False,False,False,0.2,49.5,False,False,False,0
"We are supporting 76 water replenishment projects— working with partners, communities, and innovators to drive lasting impact in water-stressed areas where we operate.",30,Water Table 3 Replenishment projects,other,,76,,,,0.5,data/raw/microsoft/2024_sustainability_report.pdf,microsoft,2024,22,0.0,0.0,0.0,True,False,False,False,False,0.2,11.5,False,False,False,0
"In 2023, Microsoft began supporting leak detection projects that utilize AI-enabled technology to combat water loss in collaboration with Aganova, FIDO, FluxGen, and Orbia.",31,Water Table 3 Replenishment projects > Accelerating water progress with AI,other,,"2023,",,,,0.5,data/raw/microsoft/2024_sustainability_report.pdf,microsoft,2024,23,0.0,0.0,0.0,True,False,False,False,False,0.2,-4.1,False,False,False,0
"With leaking pipes accounting for an estimated 30% of global water losses, these technologies offer significant potential to reduce waste.",31,Water Table 3 Replenishment projects > Accelerating water progress with AI,other,,30%,,,,0.5,data/raw/microsoft/2024_sustainability_report.pdf,microsoft,2024,19,0.0526,0.1053,0.0,True,False,False,False,False,0.0,13.9,False,False,False,0
"For example, in Madrid, Microsoft is funding Aganova to deploy advanced AI across more than 160 kilometers of pipes in the water distribution network of the Mancomunidad de Aguas del Sorbe (MAS) water utility.",31,Water Table 3 Replenishment projects > Accelerating water progress with AI,other,,160,,,,0.5,data/raw/microsoft/2024_sustainability_report.pdf,microsoft,2024,33,0.0,0.0,0.0,True,False,False,False,False,0.2,11.8,False,False,False,1
"By addressing leaks and reducing water waste in laundry facilities, residential areas, and cooling towers, the hospitals aim to cut water consumption by 50%.",31,AI water management Optimizing water use in hospitals,other,hedged,50%,,,,0.5,data/raw/microsoft/2024_sustainability_report.pdf,microsoft,2024,23,0.0,0.0,0.0435,True,False,False,False,False,0.2,25.3,False,False,False,0
"To date, we have funded the creation of 190 beaver dam analogs in key areas, including the Columbia River Basin and Rock Island Creek in Washington state, as well as the Little Snake River watershed in Cheyenne, Wyoming.",32,AI-powered precision irrigation Helping farmers save water > Protecting watersheds and increasing efficiency in irrigation,other,,190,,,,0.5,data/raw/microsoft/2024_sustainability_report.pdf,microsoft,2024,37,0.0,0.0,0.0,True,False,False,False,False,0.2,41.2,False,False,False,0
"Collectively, these initiatives are projected to save 20 million cubic meters of water over their lifetimes.",32,AI-powered precision irrigation Helping farmers save water > Protecting watersheds and increasing efficiency in irrigation,other,,20 million,,,,0.5,data/raw/microsoft/2024_sustainability_report.pdf,microsoft,2024,15,0.0,0.0,0.0,True,False,False,False,False,0.2,5.5,True,False,False,0
We need water to produce… We have a well that provides about 42 liters per second.,32,Improved resilience Supporting sustainable agriculture,other,,42 liters,,,,0.5,data/raw/microsoft/2024_sustainability_report.pdf,microsoft,2024,15,0.0,0.0667,0.0,True,False,False,False,False,0.0,67.5,False,False,False,0
Access to clean water is a fundamental human right and a cornerstone of the United Nations (UN) Sustainable Development Goal (SDG) 6.,33,Expanding clean water access,other,,,,,,0.0,data/raw/microsoft/2024_sustainability_report.pdf,microsoft,2024,21,0.0,0.0,0.0476,False,False,False,False,False,0.0,36.5,False,False,False,0
"In support of Microsoft’s water positive commitment, we set a target to provide 1.5 million people with access to clean water and sanitation services—a target we proudly achieved in 2023.",33,Expanding clean water access,target,firm,1.5 million,,,,0.25,data/raw/microsoft/2024_sustainability_report.pdf,microsoft,2024,30,0.0,0.0,0.1,True,False,False,False,False,0.2,45.0,False,False,False,3
"These systems utilize a three-tier filtration process that removes 99.99% of bacteria, providing safe drinking water for 30,000 people.",33,1.6 million people,other,,99.99%,,,,0.5,data/raw/microsoft/2024_sustainability_report.pdf,microsoft,2024,17,0.0,0.0,0.0,True,False,False,False,False,0.2,39.0,False,False,False,0
"The newly installed systems will provide clean water for up to 500 displaced community members, offering a vital lifeline in the face of natural disasters.",33,1.6 million people,other,firm,500,,,,0.5,data/raw/microsoft/2024_sustainability_report.pdf,microsoft,2024,24,0.0,0.0417,0.0417,True,False,False,False,False,0.033,23.9,False,True,False,0
"This process is estimated to produce 60,000 cubic meters of clean water annually over the next three years, which will then be transported and distributed to the surrounding villages, providing more than 16,000 people with access to safe clean water.",33,1.6 million people > Capturing potable water in sugarcane manufacturing,other,firm,"60,000",,,,0.5,data/raw/microsoft/2024_sustainability_report.pdf,microsoft,2024,38,0.0,0.0526,0.0263,True,False,False,False,False,0.0,30.2,True,True,False,0
"Through our Climate Innovation Fund, Microsoft provided a $25 million anchor equity investment in this new impact fund, which focuses on climateresilient water and sanitation services.",34,Climate-resilient impact Funding water and sanitation services,other,,25 million,,,,0.5,data/raw/microsoft/2024_sustainability_report.pdf,microsoft,2024,25,0.0,0.0,0.0,True,False,False,False,False,0.2,2.1,False,False,False,0
"In September 2024, WaterEquity announced that it had raised more than $100 million for the fund.",34,Climate-resilient impact Funding water and sanitation services,other,,100 million,,,,0.5,data/raw/microsoft/2024_sustainability_report.pdf,microsoft,2024,14,0.0,0.0,0.0,True,False,False,False,False,0.2,47.6,False,False,False,0
"The fund aims to reach 15 million people in low-income populations across South and Southeast Asia, sub-Saharan Africa, and Latin America, providing access to safe water and sanitation.",34,Climate-resilient impact Funding water and sanitation services,other,hedged,15 million,,,,0.5,data/raw/microsoft/2024_sustainability_report.pdf,microsoft,2024,27,0.0,0.0,0.037,True,False,False,False,False,0.2,16.5,False,False,False,0
"In 2024, we organized three employee volunteer events in India, Mexico, and Chile to support the launch of critical water projects and raise awareness about global water challenges.",34,Climate-resilient impact Funding water and sanitation services > Partnering with local Microsoft employees,other,hedged,"2024,",,,,0.5,data/raw/microsoft/2024_sustainability_report.pdf,microsoft,2024,27,0.0,0.037,0.0,True,False,False,False,False,0.052,22.8,False,False,False,0
"This initiative is providing clean water and improved hygiene for 7,200 students and their families.",34,Climate-resilient impact Funding water and sanitation services > Partnering with local Microsoft employees,other,,"7,200",,,,0.5,data/raw/microsoft/2024_sustainability_report.pdf,microsoft,2024,14,0.0714,0.0,0.0,True,False,False,False,False,0.0,35.5,False,False,False,0
"Together, these initiatives align with our commitment to become water positive by 2030, ensuring responsible resource use while supporting business growth.",35,Improving efficiency and reducing water use,target,firm,"2030,",,2030,,0.5,data/raw/microsoft/2024_sustainability_report.pdf,microsoft,2024,20,0.05,0.0,0.12,True,False,True,False,False,0.2,8.9,False,False,False,2
"In 2024, Microsoft launched a new datacenter design that optimizes AI workloads and uses zero water for cooling.",35,Improving efficiency and reducing water use > Eliminating water for cooling in new datacenters,achievement,achievement,"2024,",,,,0.33,data/raw/microsoft/2024_sustainability_report.pdf,microsoft,2024,17,0.0,0.0,0.0,True,False,False,False,False,0.2,30.3,False,False,False,0
"By adopting chip-level cooling solutions, we deliver precise temperature control without water evaporation, saving over 125,000 cubic meters of water annually per datacenter, based on our FY24 global average withdrawal water usage effectiveness (WUE) of 0.30 L per kWh.",35,Improving efficiency and reducing water use > Eliminating water for cooling in new datacenters,other,,"125,000",,,,0.5,data/raw/microsoft/2024_sustainability_report.pdf,microsoft,2024,37,0.0,0.0,0.0,True,False,False,False,False,0.2,7.4,False,False,False,0
"Since our baseline year of 2022, operational datacenters have achieved an 18% reduction in water intensity, progressing towards our 2030 target of a 40% reduction.",36,Improving efficiency and reducing water use > Improving datacenter water efficiency,achievement,achievement,18%,,,,0.33,data/raw/microsoft/2024_sustainability_report.pdf,microsoft,2024,21,0.0,0.0,0.0476,True,False,False,False,False,0.2,8.3,False,False,False,1
Our efforts to reduce water usage began well before 2022.,36,Improving efficiency and reducing water use > Improving datacenter water efficiency,target,,,,2022,,0.25,data/raw/microsoft/2024_sustainability_report.pdf,microsoft,2024,9,0.0,0.0,0.0,False,False,True,False,False,0.2,56.7,False,False,False,0
"Regular audits help identify inefficiencies, such as excess water use, with improvements surfaced in our 2022 audit eliminating 90% of such instances.",36,Improving efficiency and reducing water use > Improving datacenter water efficiency,other,,90%,,,,0.5,data/raw/microsoft/2024_sustainability_report.pdf,microsoft,2024,20,0.0,0.0,0.0,True,False,False,False,False,0.2,0.4,False,False,False,0
"In the United States and many other countries, there is a limited availability of recycled water, with less than 1% of water used recycled today.",36,Improving efficiency and reducing water use > Recycling and reuse initiatives,attribute,,1%,,,,0.5,data/raw/microsoft/2024_sustainability_report.pdf,microsoft,2024,24,0.0417,0.0,0.0,True,False,False,False,False,0.033,23.9,False,False,False,0
"By 2023, we expanded sourcing of recycled water use in Texas, Washington, California, and Singapore.",36,Improving efficiency and reducing water use > Recycling and reuse initiatives,target,,"2023,",,2023,,0.5,data/raw/microsoft/2024_sustainability_report.pdf,microsoft,2024,14,0.0,0.0,0.02,True,False,True,False,False,0.4,23.4,False,False,False,0
"In Quincy, Washington, we partnered with the local municipality to build the Quincy Water Reuse Utility, recycling cooling water, reducing Microsoft’s potable water use in the region by 97%, and providing 1.5 million cubic meters of water annually for community drinking water needs.",36,"Quincy, Washington Reducing potable water use",other,,97%,,,,0.5,data/raw/microsoft/2024_sustainability_report.pdf,microsoft,2024,42,0.0,0.0,0.0,True,False,False,False,False,0.2,20.3,False,False,False,0
"Starting in FY24, reported values incorporate an updated approach based on water use efficiency metrics to estimate how much we withdraw and consume for datacenter locations where data actuals are not available, as outlined in the methodology section of our Data Fact Sheet.",37,Water Table 5 Measuring our annual water consumption informs our replenishment targets,other,,,,,,0.0,data/raw/microsoft/2024_sustainability_report.pdf,microsoft,2024,43,0.0,0.0233,0.0,False,False,False,False,False,0.0,5.8,False,False,False,0
"At our Beijing, China campus, collaborative conservation efforts with dining services partners—including purchasing fresh products to reduce water needed for thawing frozen goods—led to a 15% reduction in kitchen water use in 2024.",37,Water Table 5 Measuring our annual water consumption informs our replenishment targets > Water efficiency across campuses,other,,15%,,,,0.5,data/raw/microsoft/2024_sustainability_report.pdf,microsoft,2024,33,0.0,0.0,0.0,True,False,False,False,False,0.2,14.4,False,False,False,0
"In 2024, we installed an air-to-water system at our Hyderabad, India, campus.",37,Water Table 5 Measuring our annual water consumption informs our replenishment targets > Water efficiency across campuses,achievement,achievement,"2024,",,,,0.33,data/raw/microsoft/2024_sustainability_report.pdf,microsoft,2024,11,0.0,0.0,0.0,True,False,False,False,False,0.2,26.5,False,False,False,0
"With plans to install approximately 300 panels, the campus anticipates generating over 1,600 liters of water per day.",37,Water Table 5 Measuring our annual water consumption informs our replenishment targets > Water efficiency across campuses,other,,"1,600 liters",,,,0.5,data/raw/microsoft/2024_sustainability_report.pdf,microsoft,2024,16,0.0,0.125,0.0625,True,False,False,False,False,0.0,10.8,False,False,False,0
"Early testing of a new microporous evaporative media showed promising results, with up to a 30% reduction in water usage, along with a 42% decrease in wastewater via higher cycle of concentration.",38,Innovating for greater water efficiency,other,,30%,,,,0.5,data/raw/microsoft/2024_sustainability_report.pdf,microsoft,2024,30,0.0,0.0333,0.0,True,False,False,False,False,0.067,15.6,False,False,False,0
"When we first set our water positive goal in 2020, we started by assessing our water-related risks and impacts that would inform our strategy.",38,Innovating for greater water efficiency,other,,"2020,",,,,0.5,data/raw/microsoft/2024_sustainability_report.pdf,microsoft,2024,23,0.0,0.0435,0.0435,True,False,False,False,False,0.026,47.4,False,False,True,1
"We launched programs to maximize efficiency across our datacenters, provided over 1.5 million people with access to clean water and sanitation solutions, and established processes and thought leadership pieces to guide the development of our growing replenishment portfolio.",38,Innovating for greater water efficiency,achievement,achievement,1.5 million,,,,0.33,data/raw/microsoft/2024_sustainability_report.pdf,microsoft,2024,37,0.0,0.0,0.0,True,False,False,False,False,0.2,14.3,False,False,False,1
"As we approach 2030, we are now laser focused on innovation and scale for our water program.",38,Innovating for greater water efficiency,other,,"2030,",,,,0.5,data/raw/microsoft/2024_sustainability_report.pdf,microsoft,2024,16,0.0,0.0,0.0,True,False,False,False,False,0.2,58.4,False,False,False,0
"This past year, through our Circular Centers, we achieved 90.9% reuse and recycling of servers and components in FY24, surpassing our 90% target a year early.",39,Getting to zero waste,achievement,achievement,90.9%,,,,0.33,data/raw/microsoft/2024_sustainability_report.pdf,microsoft,2024,24,0.0,0.0,0.0417,True,False,False,False,False,0.2,60.7,False,False,False,0
"At the same time, we diverted 85.3% of construction and demolition waste from landfills and incinerators, exceeding our annual 75% target six years ahead of schedule.",39,Getting to zero waste,other,,85.3%,,,,0.5,data/raw/microsoft/2024_sustainability_report.pdf,microsoft,2024,24,0.0,0.0,0.0417,True,False,False,False,False,0.2,46.6,False,False,False,0
"In 2020, we made a commitment to be zero waste by 2030—an effort to support the global transition out of the traditional “take, make, waste” linear economic model to a circular economy.",39,Getting to zero waste,target,firm,"2020,",,2030,,0.5,data/raw/microsoft/2024_sustainability_report.pdf,microsoft,2024,31,0.0,0.0,0.0845,True,False,True,False,False,0.4,33.5,False,False,False,0
"Our zero waste commitment applies across our building construction and operations, products, and packaging.",39,Getting to zero waste,attribute,firm,,,,,0.0,data/raw/microsoft/2024_sustainability_report.pdf,microsoft,2024,14,0.0,0.0,0.0714,False,False,False,False,False,0.0,23.4,False,False,False,0
"Through our Circular Centers, we achieved 90.9% reuse and recycling of servers and components in FY24, surpassing our 90% target a year early.",39,Getting to zero waste > Our approach,achievement,achievement,90.9%,,,,0.33,data/raw/microsoft/2024_sustainability_report.pdf,microsoft,2024,21,0.0,0.0,0.0476,True,False,False,False,False,0.2,55.2,False,False,False,0
"At the same time, we diverted 85.3% of construction and demolition waste from landfills and incinerators, exceeding our annual 75% target six years ahead of schedule.",39,Getting to zero waste > Our approach,other,,85.3%,,,,0.5,data/raw/microsoft/2024_sustainability_report.pdf,microsoft,2024,24,0.0,0.0,0.0417,True,False,False,False,False,0.2,46.6,False,False,False,0
"These milestones, driven by a culture of innovation and cross-functional collaboration, reflect not only our own advancements but also the growing momentum to integrate zero waste and circularity practices across the technology industry.",39,Getting to zero waste > Our approach,attribute,,,,,,0.0,data/raw/microsoft/2024_sustainability_report.pdf,microsoft,2024,33,0.0,0.0,0.0,False,False,False,False,False,0.0,-11.2,False,False,False,2
"Our zero waste strategy centers on circular solutions that reduce waste, pollution, and carbon emissions while improving water quality, ecosystems, and human health.",39,Getting to zero waste > Our approach,attribute,,,,,,0.0,data/raw/microsoft/2024_sustainability_report.pdf,microsoft,2024,23,0.0,0.0,0.0,False,False,False,False,False,0.0,14.3,False,False,False,0
"As we reflect on the learnings since launching the zero waste program in 2020, we’ve come to understand that a circular economy is not a choice but a necessity to address the triple planetary crisis of climate change, biodiversity loss, and pollution.",39,Getting to zero waste > Our approach,attribute,,"2020,",,,,0.5,data/raw/microsoft/2024_sustainability_report.pdf,microsoft,2024,42,0.0,0.0,0.0238,True,False,False,False,False,0.2,25.2,False,False,False,0
"As we work to achieve zero waste, we are taking an increasingly circular approach to materials management to reduce waste and carbon emissions.",40,Zero waste,attribute,,,,,,0.0,data/raw/microsoft/2024_sustainability_report.pdf,microsoft,2024,23,0.0,0.0,0.0,False,False,False,False,False,0.0,32.7,False,False,False,0
"We will achieve 90% diversion of operational waste at owned datacenters and campuses, and 75% diversion for all construction and demolition projects, by 2030.",40,Zero waste > Driving to zero waste building and operations,target,firm,90%,,2030,,0.5,data/raw/microsoft/2024_sustainability_report.pdf,microsoft,2024,21,0.0,0.0,0.1152,True,False,True,False,False,0.4,16.3,False,True,False,0
"In FY24, we diverted 25,603 metric tons, or 88.1%, of operational waste from landfills and incinerators across our owned datacenters and campuses.",40,"Zero waste > 25,603 metric tons of operational waste diverted",other,,"25,603 metric tons",,,,0.5,data/raw/microsoft/2024_sustainability_report.pdf,microsoft,2024,20,0.0,0.0,0.0,True,False,False,False,False,0.2,31.7,False,False,False,0
85.3% construction and demolition waste.,40,"Zero waste > 25,603 metric tons of operational waste diverted",other,,85.3%,,,,0.5,data/raw/microsoft/2024_sustainability_report.pdf,microsoft,2024,4,0.0,0.0,0.0,True,False,False,False,False,0.2,14.5,False,False,False,0
"We also diverted 85.3% construction and demolition waste, achieving our target early.",40,"Zero waste > 25,603 metric tons of operational waste diverted",other,,85.3%,,,,0.5,data/raw/microsoft/2024_sustainability_report.pdf,microsoft,2024,11,0.0,0.0,0.0909,True,False,False,False,False,0.2,24.4,False,False,False,0
"By 2025, 90% of servers and components for all cloud hardware will be reused and recycled with support from our Circular Centers.",40,Zero waste > Increasing reuse and recycling of servers and components,target,firm,90%,,2025,,0.5,data/raw/microsoft/2024_sustainability_report.pdf,microsoft,2024,20,0.0,0.0,0.07,True,False,True,False,False,0.4,55.4,True,True,False,0
"Our reuse and recycle rates of servers and components across all cloud hardware reached 90.9% in FY24, achieving our annual target a year early.",40,Zero waste > Increasing reuse and recycling of servers and components,achievement,achievement,90.9%,,,,0.33,data/raw/microsoft/2024_sustainability_report.pdf,microsoft,2024,23,0.0,0.0,0.0435,True,False,False,False,False,0.2,62.7,False,False,False,0
"By the end of 2025, we plan to eliminate single-use plastics in all Microsoft primary product packaging.",40,Zero waste > Sustainable product packaging,target,hedged,"2025,",,2025,,0.5,data/raw/microsoft/2024_sustainability_report.pdf,microsoft,2024,16,0.0,0.0,0.0625,True,False,True,False,False,0.4,37.3,False,False,False,0
"Additionally, by 2030, we aim to design all Microsoft product packaging to be 100% recyclable in OECD countries.",40,Zero waste > Sustainable product packaging,target,hedged,100%,,2030,,0.5,data/raw/microsoft/2024_sustainability_report.pdf,microsoft,2024,16,0.0,0.0,0.145,True,False,True,False,False,0.4,37.3,False,False,False,0
"On our way to eliminating single-use plastics in Microsoft product packaging by the end of 2025, we achieved a usage rate of 4.0% single-use plastics across Microsoft’s product packaging portfolio in FY24.",40,Zero waste > Sustainable product packaging,target,achievement,4.0%,,2025,,0.5,data/raw/microsoft/2024_sustainability_report.pdf,microsoft,2024,31,0.0,0.0,0.0,True,False,True,False,False,0.4,35.5,False,False,False,0
"In the same year, we used 53.8% recycled content in our product packaging and achieved a packaging recyclability rate of 94.8%.",40,Zero waste > Sustainable product packaging,achievement,achievement,53.8%,,,,0.33,data/raw/microsoft/2024_sustainability_report.pdf,microsoft,2024,19,0.0,0.0,0.0,True,False,False,False,False,0.2,44.6,False,False,False,0
"We are focused on increasing use of recycled content, improving device repairability, and improving data quality of device recycling.",40,Zero waste > Increasing circularity of our products,attribute,,,,,,0.0,data/raw/microsoft/2024_sustainability_report.pdf,microsoft,2024,19,0.0,0.0,0.0,False,False,False,False,False,0.0,0.5,True,False,False,0
"In 2024, we began to reduce the hard-to-recycle plastic-based expanded polyethylene (EPE) foam in cloud hardware packaging, replacing it with more recyclable paper and pulp alternatives.",40,Zero waste > Increasing circularity of cloud packaging,attribute,,"2024,",,,,0.5,data/raw/microsoft/2024_sustainability_report.pdf,microsoft,2024,25,0.0,0.0,0.0,True,False,False,False,False,0.2,12.3,False,False,False,0
"We also diverted over 2,500 metric tons of packaging waste from landfills.",40,Zero waste > Increasing circularity of cloud packaging,other,,"2,500 metric tons",,,,0.5,data/raw/microsoft/2024_sustainability_report.pdf,microsoft,2024,11,0.0,0.0,0.0,True,False,False,False,False,0.2,49.5,False,False,False,0
The progress we’ve made toward our zero waste commitments is underpinned by robust methodologies and data governance processes designed to ensure transparency and accountability.,41,Tracking zero waste: Building a data-driven foundation for accountability and impact,attribute,,,,,,0.0,data/raw/microsoft/2024_sustainability_report.pdf,microsoft,2024,25,0.04,0.0,0.04,False,False,False,False,False,0.0,-1.3,True,False,False,1
This journey began in 2020 with an enterprise-wide waste baselining initiative to establish a clear starting point for our zero waste commitment.,41,Tracking zero waste: Building a data-driven foundation for accountability and impact,attribute,firm,2020,,,,0.5,data/raw/microsoft/2024_sustainability_report.pdf,microsoft,2024,21,0.0,0.0,0.0476,True,False,False,False,False,0.2,28.4,False,False,False,0
"Our dedication to data quality drives greater visibility into waste streams, empowering us to prioritize waste prevention efforts and enhance the integrity of our zero waste program.",41,Tracking zero waste: Building a data-driven foundation for accountability and impact,attribute,,,,,,0.0,data/raw/microsoft/2024_sustainability_report.pdf,microsoft,2024,27,0.0,0.0,0.0,False,False,False,False,False,0.0,10.2,False,False,False,1
"By continually refining our methodologies, we uphold the spirit of zero waste while laying the groundwork for long-term sustainability.",41,Tracking zero waste: Building a data-driven foundation for accountability and impact,attribute,,,,,,0.0,data/raw/microsoft/2024_sustainability_report.pdf,microsoft,2024,19,0.0,0.0,0.0,False,False,False,False,False,0.0,18.4,False,False,False,0
"In FY24 we diverted approximately 26,000 metric tons of waste from being landfilled or incinerated across our owned datacenters and campuses.",41,Waste Table 1 Diverting operational waste from landfills and incinerators,other,,"26,000 metric tons",,,,0.5,data/raw/microsoft/2024_sustainability_report.pdf,microsoft,2024,20,0.0,0.05,0.0,True,False,False,False,False,0.0,13.1,True,False,False,0
Microsoft has made significant strides toward achieving its zero waste commitment since 2020.,42,Reducing waste at our campuses and datacenters,attribute,firm,,,,,0.0,data/raw/microsoft/2024_sustainability_report.pdf,microsoft,2024,12,0.0833,0.0,0.0833,False,False,False,False,False,0.0,25.5,False,False,False,0
"From achieving zero waste validation at five offices to deploying innovative solutions for waste prevention and diversion, we are transforming our operations to minimize environmental impact.",42,Reducing waste at our campuses and datacenters,attribute,,,,,own operations,0.5,data/raw/microsoft/2024_sustainability_report.pdf,microsoft,2024,26,0.0,0.0,0.0,False,False,False,True,False,0.2,-1.8,False,False,False,1
"In FY24, we reached an 85.3% waste diversion rate for construction and demolition projects, surpassing our 75% 2030 target six years ahead of schedule.",42,Reducing waste at our campuses and datacenters,achievement,achievement,85.3%,,,,0.33,data/raw/microsoft/2024_sustainability_report.pdf,microsoft,2024,21,0.0,0.0,0.0476,True,False,False,False,False,0.2,55.2,False,False,False,0
"In FY24, we reached an 85.3% waste diversion rate for construction and demolition projects, surpassing our 75% 2030 target six years ahead of schedule.",42,Reducing waste at our campuses and datacenters,achievement,achievement,85.3%,,,,0.33,data/raw/microsoft/2024_sustainability_report.pdf,microsoft,2024,21,0.0,0.0,0.0476,True,False,False,False,False,0.2,55.2,False,False,False,0
"At our Puget Sound campus, the East Campus Modernization Project, a 72-acre redevelopment encompassing 3 million square feet of office spaces, dining halls, an underground garage, and a central utility plant, achieved an 85% diversion rate for construction and demolition waste.",42,Reducing waste at our campuses and datacenters,achievement,achievement,3 million,,,,0.33,data/raw/microsoft/2024_sustainability_report.pdf,microsoft,2024,39,0.0,0.0,0.0256,True,False,False,False,False,0.2,6.7,False,False,False,0
"Similarly, the expansion of our Belgrade, Serbia office achieved an 80% diversion rate through separation of recyclable materials, such as gypsum board, plastic, and cardboard, diverting a total of 110 metric tons of waste.",42,Reducing waste at our campuses and datacenters,achievement,achievement,80%,,,,0.33,data/raw/microsoft/2024_sustainability_report.pdf,microsoft,2024,32,0.0,0.0,0.0,True,False,False,False,False,0.2,21.0,False,False,False,0
"In 2024, our campuses made progress toward our target of diverting 90% of our operational waste by 2030.",42,Reducing waste at our campuses and datacenters,target,,90%,,2030,,0.5,data/raw/microsoft/2024_sustainability_report.pdf,microsoft,2024,15,0.0,0.0,0.1533,True,False,True,False,False,0.4,45.0,False,False,False,1
"During the year, Shanghai, Beijing, and Suzhou campuses achieved UL Platinum Zero Waste validation, and our Dublin and Hyderabad facilities achieved UL Gold Zero Waste validation.",42,Reducing waste at our campuses and datacenters,attribute,achievement,,,,,0.0,data/raw/microsoft/2024_sustainability_report.pdf,microsoft,2024,26,0.0,0.0,0.0,False,False,False,False,False,0.0,8.0,False,False,False,0
"In addition to these new accomplishments, our Puget Sound headquarters, Microsoft’s largest global workplace, maintained its TRUE zero waste certification for the eighth consecutive year.",42,Reducing waste at our campuses and datacenters,attribute,,,,,,0.0,data/raw/microsoft/2024_sustainability_report.pdf,microsoft,2024,26,0.0,0.0,0.0,False,False,False,False,False,0.0,21.0,False,False,False,0
"Looking forward, additional facilities in North America, Europe, and Asia are on track to achieve UL Zero Waste validation.",42,Reducing waste at our campuses and datacenters,attribute,,,,,,0.0,data/raw/microsoft/2024_sustainability_report.pdf,microsoft,2024,19,0.0,0.0,0.0,False,False,False,False,False,0.0,22.8,False,False,False,0
"In 2024, Microsoft’s hardware recycling program collected nearly 240,000 e-waste units, diverting 1,400 metric tons of waste.",42,Reducing waste at our campuses and datacenters,other,,"1,400 metric tons",,,,0.5,data/raw/microsoft/2024_sustainability_report.pdf,microsoft,2024,15,0.0,0.0,0.0,True,False,False,False,False,0.2,28.1,False,False,False,0
"This included refurbishing, reusing, and recycling devices, with 1,600 used Surface devices repurposed for spares warranty reuse.",42,Reducing waste at our campuses and datacenters,other,,"1,600",,,,0.5,data/raw/microsoft/2024_sustainability_report.pdf,microsoft,2024,16,0.0,0.0,0.0,True,False,False,False,False,0.2,0.2,False,False,False,0
"Nine campuses across India, China, Ireland, the United Kingdom, and the United States are using AI to optimize food preparation, reducing over 400 metric tons of food waste.",42,Reducing waste at our campuses and datacenters,other,,400 metric tons,,,,0.5,data/raw/microsoft/2024_sustainability_report.pdf,microsoft,2024,27,0.0,0.0,0.0,True,False,False,False,False,0.2,22.8,False,False,False,0
These efforts have resulted in the diversion of approximately 270 metric tons of waste from landfills.,42,Reducing waste at our campuses and datacenters,other,,270 metric tons,,,,0.5,data/raw/microsoft/2024_sustainability_report.pdf,microsoft,2024,15,0.0,0.0667,0.0,True,False,False,False,False,0.0,39.3,False,False,False,0
"Our China campuses began to shift away from single-use plastics in their kitchen operations to reusable containers, which effectively avoided over 4 metric tons of waste in 2024.",42,Reducing waste at our campuses and datacenters,achievement,achievement,4 metric tons,,,,0.33,data/raw/microsoft/2024_sustainability_report.pdf,microsoft,2024,26,0.0,0.0,0.0,True,False,False,False,False,0.2,21.0,False,False,False,0
Microsoft’s datacenter operations are at the forefront of our zero waste initiatives.,42,Reducing waste at our campuses and datacenters,attribute,,,,,,0.0,data/raw/microsoft/2024_sustainability_report.pdf,microsoft,2024,13,0.0,0.0,0.0,False,False,False,False,False,0.0,11.4,False,False,False,0
"To achieve zero waste in our operations, a primary objective is to prevent waste generation from the outset.",42,Reducing waste at our campuses and datacenters,attribute,,,,,own operations,0.5,data/raw/microsoft/2024_sustainability_report.pdf,microsoft,2024,18,0.0,0.0,0.0,False,False,False,True,False,0.2,38.2,False,False,False,0
"In FY24 Microsoft increased reuse and recycling of servers and components to 90.9%, exceeding the 90% target.",43,Improving reuse and recycling of servers and components for all cloud hardware,achievement,achievement,90.9%,,,,0.33,data/raw/microsoft/2024_sustainability_report.pdf,microsoft,2024,15,0.0,0.0,0.0667,True,False,False,False,False,0.2,46.9,False,False,False,0
"Recognizing that employee participation can accelerate our zero waste impact, we are engaging our workforce to play an active role in these efforts.",43,Improving reuse and recycling of servers and components for all cloud hardware,attribute,,,,,,0.0,data/raw/microsoft/2024_sustainability_report.pdf,microsoft,2024,23,0.0,0.0,0.0,False,False,False,False,False,0.0,32.7,False,False,False,1
"In 2024, we introduced an online training course covering global waste issues, circular economy principles, and ways employees can drive impact in their day-to-day roles.",43,Improving reuse and recycling of servers and components for all cloud hardware,other,,"2024,",,,,0.5,data/raw/microsoft/2024_sustainability_report.pdf,microsoft,2024,24,0.0,0.0,0.0,True,False,False,False,False,0.2,23.9,False,False,False,0
"We also coordinated local zero waste engagement events that reached hundreds of datacenter employees, fostering a culture of sustainability across datacenter operations.",43,Improving reuse and recycling of servers and components for all cloud hardware,attribute,achievement,,,,,0.0,data/raw/microsoft/2024_sustainability_report.pdf,microsoft,2024,22,0.0,0.0,0.0,False,False,False,False,False,0.0,-19.3,False,False,False,0
LinkedIn contributed to our zero waste achievements by advancing waste reduction across its offices and datacenters.,43,LinkedIn Advancing waste reduction,attribute,,,,,,0.0,data/raw/microsoft/2024_sustainability_report.pdf,microsoft,2024,16,0.0,0.0,0.0,False,False,False,False,False,0.0,5.5,False,False,False,1
"In 2024, LinkedIn’s San Francisco office earned UL Gold Zero Waste Certification by diverting over 97% of operational waste.",43,LinkedIn Advancing waste reduction,attribute,,97%,,,,0.5,data/raw/microsoft/2024_sustainability_report.pdf,microsoft,2024,18,0.0,0.0,0.0,True,False,False,False,False,0.2,19.4,False,False,False,0
"Other sites engaged in partnerships to upcycle or donate 46.7 metric tons of carpet and repurpose over 600 pieces of furniture, which diverted 11.3 metric tons of waste and avoided 29.6 metric tons of carbon emissions.",43,LinkedIn Advancing waste reduction,achievement,achievement,46.7 metric tons,,,,0.33,data/raw/microsoft/2024_sustainability_report.pdf,microsoft,2024,32,0.0,0.0,0.0,True,False,False,False,False,0.2,48.0,False,False,False,0
"Cloud hardware and packaging are a critical component of Microsoft’s zero waste commitment, and we are proud to have achieved our target for reusing and recycling cloud hardware a year ahead of our 2025 deadline.",44,Advancing circular cloud hardware and packaging,target,firm,2025,,,,0.25,data/raw/microsoft/2024_sustainability_report.pdf,microsoft,2024,35,0.0,0.0,0.0571,True,False,False,False,False,0.2,36.0,False,False,False,1
"Over the last several years, we’ve implemented design specifications for hardware and packaging with our suppliers requiring minimum recycled content and sustainable design.",44,Advancing circular cloud hardware and packaging,attribute,,,,,,0.0,data/raw/microsoft/2024_sustainability_report.pdf,microsoft,2024,24,0.0417,0.0,0.0,False,False,False,False,False,0.0,9.8,False,False,False,0
"Launched in 2020 with the opening of a first-ofits-kind facility, the Circular Centers have achieved 91% reuse and recycling in FY24—exceeding our 2025 target ahead of schedule.",44,Advancing circular cloud hardware and packaging > Improving reuse and recycling in cloud hardware,achievement,achievement,91%,,,,0.33,data/raw/microsoft/2024_sustainability_report.pdf,microsoft,2024,25,0.0,0.0,0.04,True,False,False,False,False,0.2,25.8,False,False,False,0
"In 2024, capabilities were further enhanced, and new Circular Centers are planned for Cardiff, Wales (2025); Sydney, Australia (2026); and San Antonio, Texas (United States) (2028).",44,Advancing circular cloud hardware and packaging > Improving reuse and recycling in cloud hardware,achievement,achievement,"2024,",,,,0.33,data/raw/microsoft/2024_sustainability_report.pdf,microsoft,2024,22,0.0455,0.0,0.0455,True,False,False,False,False,0.018,15.3,True,False,False,0
Circular Centers have achieved 91% reuse and recycling in FY24— exceeding our 2025 target ahead of schedule.,44,Advancing circular cloud hardware and packaging > Improving reuse and recycling in cloud hardware,achievement,achievement,91%,,,,0.33,data/raw/microsoft/2024_sustainability_report.pdf,microsoft,2024,15,0.0,0.0,0.0667,True,False,False,False,False,0.2,39.3,False,False,False,0
All new cloud hardware programs must meet minimum recycled content requirements for plastic and steel.,44,Advancing circular cloud hardware and packaging > Improving reuse and recycling in cloud hardware,attribute,firm,,,,,0.0,data/raw/microsoft/2024_sustainability_report.pdf,microsoft,2024,15,0.0,0.0,0.0,False,False,False,False,False,0.0,45.0,False,True,False,0
These include the qualifications of materials such as 20% certified recycled steel and 50% certified recycled resins.,44,Advancing circular cloud hardware and packaging > Improving reuse and recycling in cloud hardware,attribute,,20%,,,,0.5,data/raw/microsoft/2024_sustainability_report.pdf,microsoft,2024,15,0.0,0.0,0.0,True,False,False,False,False,0.2,16.8,False,False,False,0
"In 2024, our Boydton Circular Center completed a successful pilot for internally reusing solid-state drives, paving the way for broader reuse of high-impact components in the future.",44,Advancing circular cloud hardware and packaging > Improving reuse and recycling in cloud hardware,achievement,achievement,"2024,",,,,0.33,data/raw/microsoft/2024_sustainability_report.pdf,microsoft,2024,26,0.0,0.0,0.0385,True,False,False,False,False,0.2,21.0,False,False,False,2
"In 2024, we began to reduce the hard-to-recycle plastic-based expanded polyethylene (EPE) foam in cloud hardware packaging, replacing it with more sustainable paper and pulp alternatives.",45,Advancing circular cloud hardware and packaging > Increasing circularity of cloud packaging,other,,"2024,",,,,0.5,data/raw/microsoft/2024_sustainability_report.pdf,microsoft,2024,25,0.0,0.0,0.0,True,False,False,False,False,0.2,12.3,False,False,False,0
"Last year, packaging from over 30,000 server racks was processed through our recycling program, diverting over 2,500 metric tons of waste from landfills.",45,Advancing circular cloud hardware and packaging > Increasing circularity of cloud packaging,achievement,achievement,"2,500 metric tons",,,,0.33,data/raw/microsoft/2024_sustainability_report.pdf,microsoft,2024,21,0.0,0.0,0.0,True,False,False,False,False,0.2,44.5,True,False,False,0
"With over 150 OEMs supporting our fleet of datacenters, improving packaging sustainability requires systemic change across the supply chain.",45,Advancing circular cloud hardware and packaging > Understanding and transforming the packaging landscape,other,,150,,,supply chain,1.0,data/raw/microsoft/2024_sustainability_report.pdf,microsoft,2024,18,0.0,0.0,0.0,True,False,False,True,False,0.4,5.3,False,False,False,0
"In 2024, the Sustainable Packaging Supplier Engagement Program was launched, working with high-volume suppliers, including the major hubs who ship IT hardware to our datacenters, to ensure packaging aligns with environmental sustainability goals from the earliest stages of hardware design.",45,Advancing circular cloud hardware and packaging > Understanding and transforming the packaging landscape,achievement,achievement,"2024,",,,,0.33,data/raw/microsoft/2024_sustainability_report.pdf,microsoft,2024,39,0.0,0.0,0.0256,True,False,False,False,False,0.2,0.2,True,False,False,0
In FY24 we achieved a rate of 94.8% recyclability across all Microsoft product packaging.,45,Designing our product packaging for circularity,achievement,achievement,94.8%,,,,0.33,data/raw/microsoft/2024_sustainability_report.pdf,microsoft,2024,13,0.0,0.0,0.0,True,False,False,False,False,0.2,31.0,False,False,False,0
"Devices and packaging are integral to Microsoft’s circular economy strategy, complementing the zero waste initiatives implemented across datacenters.",46,Improving device and packaging circularity,attribute,,,,,,0.0,data/raw/microsoft/2024_sustainability_report.pdf,microsoft,2024,19,0.0,0.0,0.0,False,False,False,False,False,0.0,-30.6,False,False,False,0
"By applying a circular mindset, significant advancements have been made in both packaging and device design since 2020, with a focus on scaling these solutions across product lines.",46,Improving device and packaging circularity,achievement,achievement,"2020,",,,,0.33,data/raw/microsoft/2024_sustainability_report.pdf,microsoft,2024,27,0.037,0.0,0.0,True,False,False,False,False,0.052,29.0,False,False,False,1
"Since 2020, we have been systematically phasing out single-use plastics in our packaging, and recyclability has been prioritized.",46,Improving device and packaging circularity > Reducing waste in packaging design,achievement,achievement,"2020,",,,,0.33,data/raw/microsoft/2024_sustainability_report.pdf,microsoft,2024,17,0.0,0.0,0.0,True,False,False,False,False,0.2,10.4,True,False,False,0
"In 2024, Surface Copilot+ PCs were introduced with the most sustainable device packaging to date, designed to use less material and minimize plastic content.",46,Improving device and packaging circularity > Reducing waste in packaging design,achievement,achievement,"2024,",,,,0.33,data/raw/microsoft/2024_sustainability_report.pdf,microsoft,2024,23,0.0,0.0,0.0,True,False,False,False,False,0.2,29.0,True,False,False,0
"Our Devices supply chain has introduced the utilization of lightweight, reusable expanded polystyrene pallets for shipments from our contract manufacturers, driving a carbon emission reduction of 1,528 m t C O subscript 2 e out of our global logistics network.",46,Improving device and packaging circularity > Reducing waste in packaging design,other,,"1,528",,,supply chain,1.0,data/raw/microsoft/2024_sustainability_report.pdf,microsoft,2024,38,0.0,0.0,0.0,True,False,False,True,False,0.4,5.7,False,False,False,0
"For Xbox, a complete packaging redesign for all new Xbox Series S and X console models eliminated single-use plastic packaging, following a comprehensive redesign in fall of 2024.",46,Improving device and packaging circularity > Reducing waste in packaging design,other,achievement,,,,,0.0,data/raw/microsoft/2024_sustainability_report.pdf,microsoft,2024,27,0.0,0.0,0.0,False,False,False,False,False,0.0,19.6,False,False,False,0
"Microsoft Devices supply chain has transitioned from the use of palletized containers to looseloaded containers for shipments of Xbox consoles in ocean shipments from our contract manufacturers, driving emissions savings of 136 m t C O subscript 2 e through load optimization.",46,Improving device and packaging circularity > Reducing waste in packaging design,achievement,achievement,136,,,supply chain,0.67,data/raw/microsoft/2024_sustainability_report.pdf,microsoft,2024,40,0.0,0.0,0.0,True,False,False,True,False,0.4,3.4,False,False,False,0
In FY24 we achieved a rate of 4.0% single-use plastics across all Microsoft product packaging.,47,Waste Table 4 Reducing single-use plastics,achievement,achievement,4.0%,,,,0.33,data/raw/microsoft/2024_sustainability_report.pdf,microsoft,2024,14,0.0,0.0,0.0,True,False,False,False,False,0.2,48.7,False,False,False,0
"In FY24, the portfolio average of single-use plastic by weight increased to 4% across all Microsoft product packaging.",47,Waste Table 4 Reducing single-use plastics,achievement,achievement,4%,,,,0.33,data/raw/microsoft/2024_sustainability_report.pdf,microsoft,2024,17,0.0,0.0,0.0,True,False,False,False,False,0.2,30.3,False,False,False,0
"Since 2021, Microsoft has partnered with the United Nations Institute for Research and Development (UNITAR) to enhance recyclability assessments for materials used in electrical and electronic equipment.",47,Waste Table 4 Reducing single-use plastics > Improving data and supplier partnerships for circular design,other,,"2021,",,,,0.5,data/raw/microsoft/2024_sustainability_report.pdf,microsoft,2024,26,0.0,0.0,0.0,True,False,False,False,False,0.2,-14.8,False,False,False,0
"In 2024, supplier collaborations further strengthened circularity efforts.",47,Waste Table 4 Reducing single-use plastics > Improving data and supplier partnerships for circular design,other,,"2024,",,,,0.5,data/raw/microsoft/2024_sustainability_report.pdf,microsoft,2024,7,0.0,0.0,0.0,True,False,False,False,False,0.2,-42.0,False,False,False,1
Microsoft worked with 82 supplier factories to achieve waste diversion rates of 90% or higher in the manufacturing process.,47,Waste Table 4 Reducing single-use plastics > Improving data and supplier partnerships for circular design,other,,90%,,,,0.5,data/raw/microsoft/2024_sustainability_report.pdf,microsoft,2024,17,0.0,0.0,0.0,True,False,False,False,False,0.2,25.4,False,False,False,0
"Among these, 25 factories obtained UL 2799 Zero Waste to Landfill certification, and 57 factories passed the Responsible Sourcing annual waste data validation.",47,Waste Table 4 Reducing single-use plastics > Improving data and supplier partnerships for circular design,attribute,,25,,,,0.5,data/raw/microsoft/2024_sustainability_report.pdf,microsoft,2024,20,0.05,0.0,0.0,True,False,False,False,False,0.0,8.9,False,False,False,1
"Together, these efforts diverted more than 100,000 metric tons of waste from landfills or incineration.",47,Waste Table 4 Reducing single-use plastics > Improving data and supplier partnerships for circular design,other,,"100,000 metric tons",,,,0.5,data/raw/microsoft/2024_sustainability_report.pdf,microsoft,2024,14,0.0,0.0,0.0,True,False,False,False,False,0.2,41.6,False,False,False,0
Our responsible sourcing criteria for recycled materials utilizes a third-party certification scheme that verifies the percentage of recycled content and assesses responsible sourcing practices at collection and processing sites.,47,Waste Table 4 Reducing single-use plastics > Promoting responsible sourcing with device manufacturing,attribute,,,,,,0.0,data/raw/microsoft/2024_sustainability_report.pdf,microsoft,2024,29,0.069,0.0,0.0,False,False,False,False,True,0.0,-15.1,False,False,False,2
"Five Surface products launched in FY24 are manufactured using recycled aluminum certified by the UL 2809 standard, which assesses labor safety, community impacts, and environmental contributions.",47,Waste Table 4 Reducing single-use plastics > Promoting responsible sourcing with device manufacturing,achievement,achievement,2809,,,,0.33,data/raw/microsoft/2024_sustainability_report.pdf,microsoft,2024,25,0.0,0.0,0.0,True,False,False,False,True,0.4,-11.4,True,False,False,0
"Microsoft has made tremendous progress towards zero waste over the past five years, including the accomplishment of two of our key targets ahead of schedule, the global deployment of our Circular Centers, and the establishment of robust methodology and governance processes.",48,Waste Table 4 Reducing single-use plastics > Promoting responsible sourcing with device manufacturing,attribute,,,,,,0.0,data/raw/microsoft/2024_sustainability_report.pdf,microsoft,2024,41,0.0244,0.0,0.0244,False,False,False,False,False,0.0,10.5,False,False,False,1
"In 2025 and beyond, we’re excited to accelerate our adoption of circular practices as we work to collaboratively find solutions for our most challenging materials.",48,Waste Table 4 Reducing single-use plastics > Promoting responsible sourcing with device manufacturing,other,,2025,,,,0.5,data/raw/microsoft/2024_sustainability_report.pdf,microsoft,2024,25,0.0,0.0,0.0,True,False,False,False,False,0.2,19.0,False,False,False,2
Preventing waste remains the core of our zero waste strategy.,48,Waste Table 4 Reducing single-use plastics > Promoting responsible sourcing with device manufacturing,attribute,,,,,,0.0,data/raw/microsoft/2024_sustainability_report.pdf,microsoft,2024,10,0.0,0.0,0.0,False,False,False,False,False,0.0,61.3,False,False,False,0
Combining quantitative data with qualitative insights from our regional operators allows us to make informed investments and advance our zero waste commitments.,48,Waste Table 4 Reducing single-use plastics > Promoting responsible sourcing with device manufacturing,attribute,,,,,,0.0,data/raw/microsoft/2024_sustainability_report.pdf,microsoft,2024,22,0.0,0.0,0.0455,False,False,False,False,False,0.0,7.6,False,False,False,1
Our target Taking responsibility for our land footprint We will take responsibility for the ecosystem impacts of our direct operations by protecting more land than we use by 2025.,49,"Total land contracted to be protected 17,439 acres",target,firm,,,2025,,0.25,data/raw/microsoft/2024_sustainability_report.pdf,microsoft,2024,28,0.0,0.0,0.0914,False,False,True,False,False,0.2,24.3,False,True,False,0
"Since 2020, Microsoft has been integrating biodiversity considerations into our datacenter development strategy.",50,Fostering biodiversity at campuses and datacenters > Datacenters designed for biodiversity,achievement,achievement,"2020,",,,,0.33,data/raw/microsoft/2024_sustainability_report.pdf,microsoft,2024,12,0.0,0.0,0.0,True,False,False,False,False,0.2,-45.0,False,False,False,0
"Through the Microsoft Community Environmental Sustainability program, launched in 2020, 123 programs have been implemented across 39 global cities hosting Microsoft datacenters.",51,Collaborating to protect ecosystems community-wide,achievement,achievement,"2020,",,,,0.33,data/raw/microsoft/2024_sustainability_report.pdf,microsoft,2024,19,0.0,0.0,0.0,True,False,False,False,False,0.2,-26.2,True,False,False,0
"Since 2020, we have implemented 123 programs across 39 global cities to support communities that host datacenters by protecting and restoring natural environments.",51,Collaborating to protect ecosystems community-wide,other,hedged,"2020,",,,,0.5,data/raw/microsoft/2024_sustainability_report.pdf,microsoft,2024,20,0.0,0.0,0.0,True,False,False,False,False,0.2,4.6,False,False,False,0
"One Tree Planted has supported the planting of 87,000 trees across nine projects in eight countries, delivering tangible environmental benefits while engaging local communities to sustain these efforts.",52,Collaborating to protect ecosystems community-wide > Collaborating to restore urban forests,other,,"87,000",,,,0.5,data/raw/microsoft/2024_sustainability_report.pdf,microsoft,2024,27,0.0,0.0,0.0741,True,False,False,False,False,0.2,16.5,False,False,False,0
"Since partnering with Microsoft, ChangeX has supported over 140 community funds worldwide, creating scalable models for grassroots-led environmental restoration and community engagement.",52,ChangeX Scaling grassroots impact,other,,140,,,,0.5,data/raw/microsoft/2024_sustainability_report.pdf,microsoft,2024,21,0.0,0.0,0.0,True,False,False,False,False,0.2,-19.9,False,False,False,0
"Programs like the Arizona Clean Energy Workforce Development Program provide job training opportunities, equipping residents with skills for careers in clean energy and environmental restoration.",53,ChangeX Scaling grassroots impact > Advancing community vitality through ecosystem restoration,attribute,,,,,,0.0,data/raw/microsoft/2024_sustainability_report.pdf,microsoft,2024,25,0.0,0.0,0.0,False,False,False,False,False,0.0,-8.0,False,False,False,0
"In 2020, as part of Microsoft’s commitment to protect and preserve ecosystems, we announced the development of the Planetary Computer—a platform designed to aggregate global environmental data and enable data-driven decision-making for sustainability.",54,Advancing conservation through technology,other,firm,"2020,",,,,0.5,data/raw/microsoft/2024_sustainability_report.pdf,microsoft,2024,34,0.0,0.0,0.0588,True,False,False,False,False,0.2,-19.3,False,False,False,0
"By April 2021, the Planetary Computer was launched as a full-fledged offering, combining petabytes of data with advanced spatial analysis tools to support global-scale environmental monitoring and accelerate sustainability applications.",54,Advancing conservation through technology,other,hedged,"2021,",,,,0.5,data/raw/microsoft/2024_sustainability_report.pdf,microsoft,2024,29,0.0,0.0,0.0345,True,False,False,False,False,0.2,-35.6,True,False,False,2
"The Global Renewables Watch (GRW), a collaboration between Microsoft, Planet Labs PBC, and The Nature Conservancy, uses AI and satellite imagery to track clean energy transitions while considering land use and environmental impacts.",56,Scaling AI tools for conservation > Scaling ecosystem monitoring to energy systems,attribute,,,,,,0.0,data/raw/microsoft/2024_sustainability_report.pdf,microsoft,2024,33,0.0,0.0,0.0303,False,False,False,False,False,0.0,1.6,False,False,False,0
"The GRW is an atlas of all utility-scale wind and solar installations, covering every country from 2017 to 2024.",56,Scaling AI tools for conservation > Scaling ecosystem monitoring to energy systems,other,,2017,2017,,,0.5,data/raw/microsoft/2024_sustainability_report.pdf,microsoft,2024,17,0.0,0.0,0.0,True,True,False,False,False,0.4,35.3,False,False,False,0
"Initially launched as a regional project, it has grown into a global resource that empowers governments, businesses, and researchers to track progress toward climate goals such as the Paris Agreement and UN SDG 7.",56,Scaling AI tools for conservation > Scaling ecosystem monitoring to energy systems,other,achievement,,,,,0.0,data/raw/microsoft/2024_sustainability_report.pdf,microsoft,2024,33,0.0,0.0,0.0303,False,False,False,False,False,0.0,24.6,False,False,False,2
"By democratizing access to renewable energy insights, we empower decision-makers to make informed, responsible environmental choices and accelerate global clean energy adoption.",56,Scaling AI tools for conservation > Scaling ecosystem monitoring to energy systems,attribute,,,,,,0.0,data/raw/microsoft/2024_sustainability_report.pdf,microsoft,2024,22,0.0455,0.0,0.0,False,False,False,False,False,0.0,-27.0,False,False,False,3
"In 2024, we also released sustainability data solutions in Microsoft Fabric, helping organizations to centralize their data estate for deeper ESG analysis within a single, AI-powered platform for advanced analytics and reporting insights.",58,Microsoft for Sustainability: Creating impact with data and AI > Accelerating progress with AI,other,,"2024,",,,,0.5,data/raw/microsoft/2024_sustainability_report.pdf,microsoft,2024,32,0.0,0.0,0.0,True,False,False,False,False,0.2,-16.0,False,False,False,1
"Envirotainer, a cold chain solution provider for transporting temperature-controlled pharmaceuticals, needed to more efficiently collect and analyze emissions data across 100 airlines and 600 pharmaceutical companies as part of its ambitious sustainability goals.",59,Microsoft for Sustainability: Creating impact with data and AI > Scaling progress with customers,other,,100,,,,0.5,data/raw/microsoft/2024_sustainability_report.pdf,microsoft,2024,31,0.0323,0.0,0.0323,True,False,False,False,False,0.071,-37.5,False,False,False,1
Now Envirotainer can measure and report across its value chain and use insights to form reduction strategies to help reach net zero by 2050.,59,Microsoft for Sustainability: Creating impact with data and AI > Scaling progress with customers,target,,,,2050,value chain,0.5,data/raw/microsoft/2024_sustainability_report.pdf,microsoft,2024,23,0.0,0.0,0.0635,False,False,True,True,False,0.4,47.4,False,False,False,0
"Cities can use ArcGIS to create environmental digital twins that simulate heavy rainfall and apply hot spot analysis, and chat functionality supported by large language models lets users interact directly with digital twins.12 “Technology can’t solve every environmental issue, but it can help us manage, understand, and hold ourselves accountable for action.",59,Microsoft for Sustainability: Creating impact with data and AI > Scaling progress with customers,other,,,,,,0.0,data/raw/microsoft/2024_sustainability_report.pdf,microsoft,2024,53,0.0,0.0,0.0,False,False,False,False,False,0.0,17.1,False,False,False,0
"We also publish our environmental data, which is included in the separate Environmental Data Fact Sheet. Deloitte & Touche LLP performed a review relating to specified information within Section 1 of the Environmental Data Fact Sheet.",2,In this report > Reporting disclosure,other,,1,,,,0.5,data/raw/microsoft/2025_sustainability_report.pdf,microsoft,2025,34,0.0,0.0,0.0,True,False,False,False,False,0.2,20.4,True,False,False,0
"In our pursuit of becoming a carbon negative, water positive, and zero waste company that protects ecosystems, the context has evolved, and so must our approach.",4,Responsibly building the AI future,attribute,firm,,,,,0.0,data/raw/microsoft/2025_sustainability_report.pdf,microsoft,2025,26,0.0,0.0,0.0,False,False,False,False,False,0.0,30.8,False,True,False,1
"Our total emissions (Scopes 1, 2, and 3) increased 25% year over year, driven primarily by the expansion of our datacenter infrastructure and pausing our use of non-additional, unbundled renewable energy certificates as we prioritize investments that bring net new power to grids.",6,Responsibly building the AI future > Progress amid growth,achievement,achievement,25%,,,,0.33,data/raw/microsoft/2025_sustainability_report.pdf,microsoft,2025,39,0.0,0.0,0.0,True,False,False,False,True,0.4,-1.9,False,False,False,0
"Scope 3 remains the largest share of our footprint overall, but one of the clearest changes this year was the growing contribution of Scope 2, which represents 13% of our total emissions—up from nearly 2% last year.",6,Responsibly building the AI future > Progress amid growth,achievement,achievement,13%,,,Scope 2; Scope 3,0.67,data/raw/microsoft/2025_sustainability_report.pdf,microsoft,2025,34,0.0,0.0,0.0,True,False,False,True,False,0.4,45.4,False,False,False,0
"In FY25, we matched 100% of our annual global electricity consumption with renewable energy.",6,Responsibly building the AI future > Progress amid growth,other,,100%,,,,0.5,data/raw/microsoft/2025_sustainability_report.pdf,microsoft,2025,13,0.0,0.0,0.0,True,False,False,False,False,0.2,24.4,False,False,False,0
"In FY25, we replenished for the first time more water globally than we withdrew—more than 14 million cubic meters—marking a major milestone on our journey to become water positive.",7,Responsibly building the AI future > Foreword continued,other,,14 million,,,global,1.0,data/raw/microsoft/2025_sustainability_report.pdf,microsoft,2025,30,0.0,0.0,0.0,True,False,False,True,False,0.4,38.2,False,False,False,2
"In FY25, we replenished more water globally than we withdrew.",7,Responsibly building the AI future > Foreword continued,other,,,,,global,0.5,data/raw/microsoft/2025_sustainability_report.pdf,microsoft,2025,10,0.0,0.0,0.0,False,False,False,True,False,0.2,52.9,False,False,False,0
"Microsoft has eliminated nearly all single-use plastics in our primary product packaging, reducing the share that remained to just 0.07% at the end of calendar year 2025.4 But we are not rounding down.",7,Responsibly building the AI future > Foreword continued,achievement,achievement,0.07%,,,,0.33,data/raw/microsoft/2025_sustainability_report.pdf,microsoft,2025,31,0.0,0.0,0.0,True,False,False,False,False,0.2,51.7,False,False,False,0
"Across our cloud operations, we achieved 92% reuse and recycling of decommissioned servers and components for the second consecutive year, diverted 90.5% of construction and demolition waste from landfills and incinerators, and expanded our Circular Centers to seven facilities globally.",7,Responsibly building the AI future > Foreword continued,achievement,achievement,92%,,,global,0.67,data/raw/microsoft/2025_sustainability_report.pdf,microsoft,2025,38,0.0,0.0,0.0,True,False,False,True,False,0.4,9.4,False,False,False,0
Clean energy investments are essential to decarbonization.,7,Responsibly building the AI future > Foreword continued,attribute,,,,,,0.0,data/raw/microsoft/2025_sustainability_report.pdf,microsoft,2025,7,0.0,0.0,0.0,False,False,False,False,False,0.0,-17.8,False,False,False,0
"In 2020, we set ambitious commitments that continue to guide our environmental sustainability strategy.",8,Our approach,other,,"2020,",,,,0.5,data/raw/microsoft/2025_sustainability_report.pdf,microsoft,2025,13,0.0769,0.0,0.0769,True,False,False,False,False,0.0,-1.6,False,False,False,1
"At Microsoft, that means designing infrastructure, products, and operations to reduce resource demand before it has to be managed, replenished, recycled, or removed.",9,Improving efficiency,attribute,,,,,,0.0,data/raw/microsoft/2025_sustainability_report.pdf,microsoft,2025,23,0.0,0.0,0.0,False,False,False,False,False,0.0,10.6,True,False,False,0
We use water usage effectiveness (WUE)12 to help measure and improve the efficiency of water used for datacenter cooling and humidification.,9,Improving efficiency,other,,12,,,,0.5,data/raw/microsoft/2025_sustainability_report.pdf,microsoft,2025,21,0.0,0.0,0.0,True,False,False,False,False,0.2,12.3,False,False,False,0
"In 2020, we launched Microsoft’s Climate Innovation Fund, a $1 billion investment mandate designed to help promising sustainability solutions move toward commercial scale.",9,Building markets,achievement,achievement,1 billion,,,,0.33,data/raw/microsoft/2025_sustainability_report.pdf,microsoft,2025,22,0.0,0.0,0.0,True,False,False,False,False,0.2,3.8,False,False,False,0
"Since 2020, Microsoft has worked to help grow CDR markets by defining criteria for high-quality carbon removal, structuring early commercial contracts, and using procurement to signal long-term demand.",9,Building markets,other,,"2020,",,,,0.5,data/raw/microsoft/2025_sustainability_report.pdf,microsoft,2025,27,0.0,0.0,0.0,True,False,False,False,False,0.2,10.2,False,False,False,0
We expect these projects to contribute more than 45 million metric tons toward Microsoft’s carbon goals over the next three decades.,9,Building markets,other,,45 million,,,,0.5,data/raw/microsoft/2025_sustainability_report.pdf,microsoft,2025,21,0.0,0.0476,0.0476,True,False,False,False,False,0.01,48.5,False,False,False,0
"As technology infrastructure is closely connected to broader energy and industrial systems, meaningful change depends on collective action to expand access to carbon-free electricity (CFE),3 strengthen grid resilience, partner with suppliers to reduce value chain emissions, and scale solutions for emissions that remain difficult to abate, including carbon removal.",13,Infrastructure for the AI future,attribute,,3,,,value chain,1.0,data/raw/microsoft/2025_sustainability_report.pdf,microsoft,2025,49,0.0204,0.0,0.0,True,False,False,True,True,0.518,-15.6,True,False,False,1
"In support of our carbon targets, we are working to reduce the embodied carbon5 of each project design by 30% from our baseline datacenter design.",17,How we design > Embedding carbon reduction across design,other,hedged,30%,,,,0.5,data/raw/microsoft/2025_sustainability_report.pdf,microsoft,2025,24,0.0,0.0,0.0417,True,False,False,False,False,0.2,41.5,False,False,False,0
"For example, our multi-story datacenters can reduce embodied carbon by 15–25% and use less land than our standard design.",17,How we design > Embedding carbon reduction across design,other,,25%,,,,0.5,data/raw/microsoft/2025_sustainability_report.pdf,microsoft,2025,18,0.0,0.0,0.0,True,False,False,False,False,0.2,42.9,False,False,False,0
"We have also piloted constructing datacenters with hybrid mass timber, a strong and ultralightweight wood, which has demonstrated a reduction up to 35% in structural embodied carbon7 compared to datacenters designed with conventional steel frames.",17,How we design > Embedding carbon reduction across design,other,,35%,,,,0.5,data/raw/microsoft/2025_sustainability_report.pdf,microsoft,2025,34,0.0294,0.0294,0.0,True,False,False,False,False,0.0,3.1,False,False,False,0
"We expect this design to avoid the need for more than 125 million liters of water per year, per datacenter.",18,How we design > Improving water and energy efficiency for cooling,other,,125 million,,,,0.5,data/raw/microsoft/2025_sustainability_report.pdf,microsoft,2025,19,0.0,0.0526,0.0,True,False,False,False,False,0.0,62.9,False,False,False,0
"To date, we’ve funded 30 ecological restoration projects covering more than 600 acres and engaging over 9,000 community members in environmental programs.",19,How we design > Datacenters continued,other,,600 acres,,,,0.5,data/raw/microsoft/2025_sustainability_report.pdf,microsoft,2025,20,0.0,0.0,0.0,True,False,False,False,False,0.2,0.4,False,False,False,0
"Concrete and steel are among the largest sources of embodied carbon in construction, accounting for 8% and 7% of global carbon dioxide emissions, respectively.8,9 Through research undertaken by Microsoft Research and collaborations supported by our Climate Innovation Fund (CIF), we are exploring how to deploy lower-carbon alternatives.",20,How we build > Advancing low-carbon construction materials,other,,8%,,,,0.5,data/raw/microsoft/2025_sustainability_report.pdf,microsoft,2025,45,0.0,0.0,0.0,True,False,False,False,False,0.2,11.0,False,False,False,0
"In 2025, we completed rigorous field testing for two lower-embodied-carbon concrete products developed by suppliers Ozinga and Urban Mining Industries.",20,How we build > Piloting low-carbon concrete,achievement,achievement,"2025,",,,,0.33,data/raw/microsoft/2025_sustainability_report.pdf,microsoft,2025,19,0.0,0.0,0.0,True,False,False,False,False,0.2,0.5,False,False,False,0
"These mixes use waste materials, such as blast furnace slag and recycled glass, to replace a portion of Portland cement—a key driver of emissions in conventional concrete—which can substantially reduce the embodied carbon.",20,How we build > Piloting low-carbon concrete,attribute,,,,,,0.0,data/raw/microsoft/2025_sustainability_report.pdf,microsoft,2025,35,0.0571,0.0,0.0,False,False,False,False,False,0.0,28.7,False,False,False,0
"Supported by CIF, this agreement helps expand the market for low-carbon construction materials by providing our datacenter suppliers with access to Stegra’s steel, which is manufactured with up to 95% lower emissions.",20,How we build > Expanding the market for green steel,other,,95%,,,,0.5,data/raw/microsoft/2025_sustainability_report.pdf,microsoft,2025,32,0.0,0.0312,0.0,True,False,False,False,False,0.075,18.4,True,False,False,0
It also supports our goal to be carbon negative by 2030 while driving broader adoption across the construction value chain.,20,How we build > Expanding the market for green steel,target,,2030,2030,2030,value chain,1.0,data/raw/microsoft/2025_sustainability_report.pdf,microsoft,2025,19,0.0,0.0,0.1253,True,True,True,True,False,0.8,45.1,False,False,False,0
"In FY25, we diverted 90.5% of our construction and demolition waste from landfills and incinerators, exceeding our target for the second year in a row.",21,How we build > Reducing waste in datacenter construction,other,,90.5%,,,,0.5,data/raw/microsoft/2025_sustainability_report.pdf,microsoft,2025,24,0.0,0.0,0.0417,True,False,False,False,False,0.2,53.7,False,False,False,0
"In line with our target, the majority of LEED-certified Microsoft datacenter construction projects divert at minimum 75% of construction and demolition waste from landfills and incinerators.",21,How we build > Reducing waste in datacenter construction,other,,75%,,,,0.5,data/raw/microsoft/2025_sustainability_report.pdf,microsoft,2025,25,0.0,0.0,0.04,True,False,False,False,False,0.2,2.1,False,False,False,0
"In FY25, we achieved our milestone to match 100% of our annual electricity consumption with renewable energy.2 This helps decarbonize Microsoft’s operations while supporting the development of new CFE supply on power grids, often targeting local grids where we operate.",22,How we operate > Advancing energy markets,achievement,achievement,100%,,,,0.33,data/raw/microsoft/2025_sustainability_report.pdf,microsoft,2025,40,0.0,0.0,0.025,True,False,False,False,True,0.4,25.8,False,False,False,1
"Since the beginning of the program, we have agreements encompassing up to 40 gigawatts (GW) of new renewable energy across 26 countries, which include frameworks like our 2024 agreement with Brookfield for up to 10.5 GW.",22,How we operate > Advancing energy markets,other,,40,,,,0.5,data/raw/microsoft/2025_sustainability_report.pdf,microsoft,2025,32,0.0,0.0625,0.0,True,False,False,False,False,0.0,47.8,False,False,False,0
This helps expand carbon-free electricity availability and support innovation in power markets.,22,How we operate > Advancing energy markets,attribute,hedged,,,,,0.0,data/raw/microsoft/2025_sustainability_report.pdf,microsoft,2025,12,0.0,0.0,0.0,False,False,False,False,False,0.0,-9.8,False,False,False,0
"A PUE value closer to 1.0 indicates higher efficiency, meaning more of the energy consumed is used for computing rather than overhead.",23,How we operate > Improving power and compute efficiency,other,,1.0,,,,0.5,data/raw/microsoft/2025_sustainability_report.pdf,microsoft,2025,21,0.0,0.0,0.0,True,False,False,False,False,0.2,31.0,True,False,False,0
"We focus on optimizing cooling systems, improving water usage effectiveness (WUE),12 and reducing reliance on municipal water supplies across our owned datacenters.",24,How we operate > Reducing water use in our datacenters,other,,12,,,,0.5,data/raw/microsoft/2025_sustainability_report.pdf,microsoft,2025,22,0.0,0.0,0.0,True,False,False,False,False,0.2,-3.9,False,False,False,0
Microsoft’s new datacenter in the Amsterdam region features a full-scale rainwater harvesting system for a water-stressed13 environment.,24,How we operate > Reducing water use in our datacenters,other,,,,,,0.0,data/raw/microsoft/2025_sustainability_report.pdf,microsoft,2025,18,0.0,0.0,0.0,False,False,False,False,False,0.0,0.6,False,False,False,0
"To date, contracted projects represent more than 133 million cubic meters of replenishment volume over their lifetime17—the equivalent of 53,200 Olympic-sized swimming pools18— with our footprint now spanning 34 priority locations globally.",24,How we operate > Strengthening water replenishment,other,,133 million,,,global,1.0,data/raw/microsoft/2025_sustainability_report.pdf,microsoft,2025,30,0.0,0.0,0.0,True,False,False,True,False,0.4,4.4,False,False,False,0
"In FY25 we replenished more water than we withdrew—advancing a more rigorous, systemlevel approach to accountability than targeting consumption alone.",25,How we operate > Advancing water replenishment,other,,,,,,0.0,data/raw/microsoft/2025_sustainability_report.pdf,microsoft,2025,21,0.0,0.0,0.0476,False,False,False,False,False,0.0,8.3,False,False,False,0
"We’re driving down the operational waste in our datacenters by prioritizing waste prevention and embracing circular practices, in support of our 90% operational waste diversion target.",26,How we operate > Reducing waste in datacenter operations,target,hedged,90%,,,,0.25,data/raw/microsoft/2025_sustainability_report.pdf,microsoft,2025,26,0.0,0.0,0.0385,True,False,False,False,False,0.2,8.0,False,False,False,0
"In FY25, Microsoft successfully recycled over 2,100 metric tons of UPS batteries globally, reducing waste while recovering valuable materials.",26,How we operate > Reducing waste in datacenter operations,attribute,,"2,100 metric tons",,,global,1.0,data/raw/microsoft/2025_sustainability_report.pdf,microsoft,2025,18,0.0,0.0,0.0,True,False,False,True,False,0.4,5.3,False,False,False,2
"As we’ve grown our network of haulers worldwide, we’ve significantly increased the amount of wood that we can route for recycling and reuse, successfully diverting nearly 230 metric tons of wood this year.",26,How we operate > Reducing waste in datacenter operations,achievement,achievement,230 metric tons,,,,0.33,data/raw/microsoft/2025_sustainability_report.pdf,microsoft,2025,34,0.0588,0.0,0.0,True,False,False,False,False,0.0,40.4,False,False,False,2
"In FY25, we achieved a 92% reuse and recycling rate across decommissioned hardware, exceeding our 90% target for the second consecutive year.",26,How we operate > Improving circularity of cloud hardware,achievement,achievement,92%,,,,0.33,data/raw/microsoft/2025_sustainability_report.pdf,microsoft,2025,20,0.0,0.0,0.05,True,False,False,False,False,0.2,30.0,False,False,False,0
These efforts are supported by Microsoft Dynamics 365 and are evolving to incorporate AI-enabled automation including robotic disassembly and autonomous material handling to build efficiency and scale.,26,How we operate > Improving circularity of cloud hardware,other,,365,,,,0.5,data/raw/microsoft/2025_sustainability_report.pdf,microsoft,2025,26,0.0,0.0,0.0,True,False,False,False,False,0.2,-14.8,True,False,False,0
"In FY25, Microsoft achieved a 92% reuse and recycling rate for servers and components, exceeding its 90% target for the second consecutive year.",26,How we operate > Improving reuse and recycling of cloud hardware,achievement,achievement,92%,,,,0.33,data/raw/microsoft/2025_sustainability_report.pdf,microsoft,2025,21,0.0,0.0,0.0476,True,False,False,False,False,0.2,36.5,False,False,False,0
"For every 1 MW of heat repurposed externally, cooling demand can be reduced by up to 1 MW, reducing electricity required for cooling systems, improving PUE, and lowering operational costs.",27,How we operate > Repurposing waste heat,achievement,achievement,1,,,,0.33,data/raw/microsoft/2025_sustainability_report.pdf,microsoft,2025,28,0.0,0.0357,0.0,True,False,False,False,False,0.057,3.2,True,False,False,0
"DAC systems historically have been difficult to scale due to high energy demand, but supplying them with datacenter waste heat could potentially decrease electricity consumption by more than 20% while increasing productivity by more than 20%.",27,How we operate > Repurposing waste heat,other,hedged,20%,,,,0.5,data/raw/microsoft/2025_sustainability_report.pdf,microsoft,2025,34,0.0,0.0588,0.0,True,False,False,False,False,0.0,13.1,False,False,True,0
"Early investigations suggest that repurposing just 1 MW of waste heat for DAC could enable the removal of up to 5,000 metric tons of carbon dioxide annually, turning a previously unused resource into a scalable climate-positive solution.",27,How we operate > Repurposing waste heat,other,hedged,"5,000 metric tons",,,,0.5,data/raw/microsoft/2025_sustainability_report.pdf,microsoft,2025,35,0.0,0.0571,0.0,True,False,False,False,False,0.0,9.4,False,False,True,1
"In 2025 we expanded our recycling and reuse capabilities for server rack packaging across all owned datacenters, enabling us to divert more than 9,000 metric tons of server-rack delivery packaging waste from landfills and incinerators.",27,How we operate > Diverting rack packaging,other,,"9,000 metric tons",,,,0.5,data/raw/microsoft/2025_sustainability_report.pdf,microsoft,2025,33,0.0,0.0,0.0,True,False,False,False,False,0.2,6.7,False,False,False,0
"To improve circularity in the design of our rack packaging, we are now working towards incorporating 75% circular content20 in the packaging for servers and components by 2030, in partnership with suppliers, certifying bodies, and logistics partners.",27,How we operate > Diverting rack packaging,target,hedged,75%,,2030,,0.5,data/raw/microsoft/2025_sustainability_report.pdf,microsoft,2025,35,0.0,0.0,0.0486,True,False,True,False,False,0.4,11.8,False,False,False,0
"Sustaining pace with the infrastructure and energy needs of growth will require a diverse portfolio of new carbon-free energy projects, along with increasingly sophisticated tariff structures and energy supply agreements with utilities, regulators, and partners to expand the integration of new clean energy supply as our energy footprint grows.",28,Scaling energy solutions,attribute,firm,,,,,0.0,data/raw/microsoft/2025_sustainability_report.pdf,microsoft,2025,49,0.0,0.0,0.0204,False,False,False,False,False,0.0,-10.4,False,True,False,0
Microsoft also supported clean energy infrastructure in markets where investment can help accelerate the shift away from fossil fuels.,28,Scaling energy solutions > Investing in clean power and fuels,attribute,,,,,,0.0,data/raw/microsoft/2025_sustainability_report.pdf,microsoft,2025,19,0.0,0.0,0.0,False,False,False,False,False,0.0,22.8,False,False,False,1
"Microsoft led private sector investment in the Southeast Asia Clean Energy Facility, which provides early-stage funding for clean energy projects in a region where coal remains a major part of the energy mix.",28,Scaling energy solutions > Investing in clean power and fuels,attribute,,,,,,0.0,data/raw/microsoft/2025_sustainability_report.pdf,microsoft,2025,33,0.0,0.0,0.0,False,False,False,False,False,0.0,22.1,False,False,False,0
"Twelve, which transforms carbon dioxide into chemicals, fuels, and materials, raised $645 million in follow-on funding—one of the largest financing rounds in the e-fuels21 space to date.",28,Scaling energy solutions > Investing in clean power and fuels,other,,645 million,,,,0.5,data/raw/microsoft/2025_sustainability_report.pdf,microsoft,2025,27,0.0,0.0,0.0,True,False,False,False,False,0.2,41.6,False,False,False,0
"Dimensional Energy secured the first commercial deployment of its catalyst technology for applications including base oils, sustainable aviation fuel (SAF), and diesel.",28,Scaling energy solutions > Investing in clean power and fuels,attribute,,,,,,0.0,data/raw/microsoft/2025_sustainability_report.pdf,microsoft,2025,22,0.0,0.0,0.0,False,False,False,False,False,0.0,-0.1,False,False,False,0
Scope 2 and 3 emissions included in this chart are market-based.,30,Investing in power innovation > Managing energy and emissions,other,,2,,,Scope 2,1.0,data/raw/microsoft/2025_sustainability_report.pdf,microsoft,2025,9,0.0,0.0,0.0,True,False,False,True,False,0.4,47.3,False,False,False,0
Scope 3 emissions are management’s criteria values.,30,Investing in power innovation > Managing energy and emissions,other,,3,,,Scope 3,1.0,data/raw/microsoft/2025_sustainability_report.pdf,microsoft,2025,7,0.0,0.0,0.0,True,False,False,True,False,0.4,18.4,False,False,False,0
"One of the clearest shifts this year was the growing contribution of Scope 2 emissions, which represented 13% of our total emissions, up from nearly 2% last year.",30,Investing in power innovation > Managing energy and emissions,achievement,achievement,13%,,,Scope 2,0.67,data/raw/microsoft/2025_sustainability_report.pdf,microsoft,2025,25,0.0,0.0,0.0,True,False,False,True,False,0.4,49.5,False,False,False,0
"While Scope 3 remains the largest share of our footprint overall, we continue working with suppliers to advance decarbonization across our value chain.",30,Investing in power innovation > Managing energy and emissions,other,,3,,,Scope 3; value chain,1.0,data/raw/microsoft/2025_sustainability_report.pdf,microsoft,2025,22,0.0,0.0,0.0,True,False,False,True,False,0.4,34.5,False,False,False,1
"Since 2020, Microsoft has used carbon removal procurement to help scale high-quality markets capable of addressing emissions over time, including Microsoft’s historical emissions.",32,Advancing carbon dioxide removal,other,,"2020,",,,,0.5,data/raw/microsoft/2025_sustainability_report.pdf,microsoft,2025,23,0.0,0.0,0.0,True,False,False,False,False,0.2,-4.1,False,False,False,0
"Since 2020 we’ve worked to grow the CDR market, to support our carbon commitments, and to advance carbon removal globally.",32,Advancing carbon dioxide removal > Building the market for carbon removal,other,hedged,2020,,,global,1.0,data/raw/microsoft/2025_sustainability_report.pdf,microsoft,2025,20,0.0,0.0,0.05,True,False,False,True,False,0.4,51.2,False,False,False,1
"Our nature-based CDR projects typically exceed 20 years, maximizing the benefits of longer carbon sequestration cycles.",33,Advancing carbon dioxide removal > Building the market for carbon removal,other,,20,,,,0.5,data/raw/microsoft/2025_sustainability_report.pdf,microsoft,2025,15,0.0,0.0,0.0,True,False,False,False,False,0.2,-5.8,False,False,False,0
"In FY25, Microsoft expanded commitments in both areas, including agreements with CO280 and Stockholm Exergi in BECCS, and with Rubicon Carbon and Chestnut Carbon in ARR.",34,Advancing carbon dioxide removal > Scaling long-term carbon removal,other,,,,,,0.0,data/raw/microsoft/2025_sustainability_report.pdf,microsoft,2025,26,0.0,0.0,0.0385,False,False,False,False,False,0.0,34.0,False,False,False,0
"In FY25, Microsoft also began procuring longterm carbon removal through improved forest management (IFM), soil organic carbon (SOC), biochar, and biomass carbon removal and storage (BiCRS).",34,Advancing carbon dioxide removal > Scaling long-term carbon removal,other,,,,,,0.0,data/raw/microsoft/2025_sustainability_report.pdf,microsoft,2025,26,0.0385,0.0,0.0,False,False,False,False,False,0.0,14.5,False,False,False,0
"Our pilot purchases can help de-risk emerging pathways, refine measurement, monitoring, reporting, and verification (MMRV) protocols,26 and identify suppliers capable of delivering durable, scalable climate impact.",34,Advancing carbon dioxide removal > Testing and de-risking emerging pathways,other,,26,,,,0.5,data/raw/microsoft/2025_sustainability_report.pdf,microsoft,2025,26,0.0,0.0,0.0,True,False,False,False,True,0.4,-14.8,False,False,False,0
"Combined with matching 100% of the campus’s electricity consumption with CFE, that work resulted in the office receiving the Irish Construction Industry’s Green Project of the Year Award.",35,Advancing carbon dioxide removal > Designing lower-impact workplaces,other,,100%,,,,0.5,data/raw/microsoft/2025_sustainability_report.pdf,microsoft,2025,29,0.0,0.0,0.0,True,False,False,False,False,0.2,28.6,False,False,False,0
"In FY25, LinkedIn also introduced biophilic design27 to 4 Wilton Park and the London Experience Centre, integrating natural materials, forms, and lighting to improve occupant experience, strengthen connection to nature, and reduce carbon impact.",35,Advancing carbon dioxide removal > Designing lower-impact workplaces,other,,4,,,,0.5,data/raw/microsoft/2025_sustainability_report.pdf,microsoft,2025,33,0.0,0.0,0.0,True,False,False,False,False,0.2,4.1,False,False,False,1
"In FY25, this work completed over 350 fixes, delivering approximately 4,000 megawatt-hours of annual energy savings.",36,Harnessing geothermal energy at our campus > Improving energy efficiency with data,achievement,achievement,350,,,,0.33,data/raw/microsoft/2025_sustainability_report.pdf,microsoft,2025,14,0.0,0.0714,0.0,True,False,False,False,False,0.0,-6.8,False,False,False,0
"This year our Campuses team partnered with our internal IT team, leveraging Microsoft Dynamics 365 to strengthen machine learning and AI-driven fault detection and identify additional opportunities to reduce emissions.",36,Harnessing geothermal energy at our campus > Improving energy efficiency with data,other,,365,,,,0.5,data/raw/microsoft/2025_sustainability_report.pdf,microsoft,2025,29,0.0,0.0,0.0,True,False,False,False,False,0.2,-3.5,False,False,False,1
"Combined with other efficiency improvements, this has helped cut the campus’s use of municipal water by more than 30% year over year.",37,Harnessing geothermal energy at our campus > Conserving water through engineering and reuse,achievement,achievement,30%,,,,0.33,data/raw/microsoft/2025_sustainability_report.pdf,microsoft,2025,22,0.0,0.0,0.0,True,False,False,False,False,0.2,38.4,False,False,False,0
"At our Hyderabad campus, Microsoft installed an air-to-water system using approximately 300 hydro-panels to extract humidity and convert it into potable water.",37,Harnessing geothermal energy at our campus > Conserving water through engineering and reuse,achievement,achievement,300,,,,0.33,data/raw/microsoft/2025_sustainability_report.pdf,microsoft,2025,21,0.0,0.0476,0.0,True,False,False,False,False,0.01,-15.9,False,False,False,0
"Microsoft is working to reduce waste across campuses by preventing it at the source, expanding reuse, and strengthening circular systems in day-to-day operations, in line with our 9 0% operational waste diversion target.",37,Harnessing geothermal energy at our campus > Reducing campus waste and keeping materials in use,other,,0%,,,,0.5,data/raw/microsoft/2025_sustainability_report.pdf,microsoft,2025,31,0.0,0.0,0.0323,True,False,False,False,False,0.2,14.4,False,False,False,1
"In FY25, eight of our campuses achieved third-party zero-waste validation.",37,Harnessing geothermal energy at our campus > Reducing campus waste and keeping materials in use,other,achievement,,,,,0.0,data/raw/microsoft/2025_sustainability_report.pdf,microsoft,2025,10,0.0,0.0,0.0,False,False,False,False,True,0.2,19.0,False,False,False,0
"In FY25, Microsoft diverted approximately 34,000 metric tons of operational waste from landfills and incineration across datacenters and campuses.",37,Harnessing geothermal energy at our campus > Diverting operational waste from landfills and incinerators,other,,"34,000 metric tons",,,,0.5,data/raw/microsoft/2025_sustainability_report.pdf,microsoft,2025,18,0.0,0.0556,0.0,True,False,False,False,False,0.0,-13.5,False,False,False,0
"Since earning zero-waste validation in 2024, our Dublin campus has continued to improve diversion through a durable goods program, expanding composting infrastructure, and employee engagement.",38,Harnessing geothermal energy at our campus > Campuses continued,other,,"2024,",2024,,,0.5,data/raw/microsoft/2025_sustainability_report.pdf,microsoft,2025,24,0.0417,0.0,0.0,True,True,False,False,False,0.233,6.2,False,False,False,0
"In FY25, LinkedIn offices also diverted more than 90 metric tons of furniture waste through a furniture reuse program, avoiding over 270 metric tons of carbon dioxide equivalent (m t C O 2 e) emissions.",38,Harnessing geothermal energy at our campus > Campuses continued,other,,90 metric tons,,,,0.5,data/raw/microsoft/2025_sustainability_report.pdf,microsoft,2025,32,0.0,0.0,0.0,True,False,False,False,False,0.2,26.3,False,False,False,0
"In FY25, Microsoft’s Fargo, North Dakota, campus needed a permanent local composting solution to divert organic waste, which accounted for one-third of its annual operational waste.",38,"In FY25, LinkedIn offices diverted more than 90 metric tons",other,,,,,,0.0,data/raw/microsoft/2025_sustainability_report.pdf,microsoft,2025,27,0.0,0.0,0.0,False,False,False,False,False,0.0,13.4,False,False,False,0
"This diverted over 30% of our campus waste from landfills and established critical year-round composting infrastructure in North Dakota, creating new opportunities for local businesses and residents to cut landfill waste and curb methane emissions.",38,"In FY25, LinkedIn offices diverted more than 90 metric tons",achievement,achievement,30%,,,,0.33,data/raw/microsoft/2025_sustainability_report.pdf,microsoft,2025,34,0.0,0.0,0.0,True,False,False,False,False,0.2,5.6,False,False,False,0
"Environmental DNA (eDNA) analysis shows our honeybees pollinate more than 150 floral species across 47 square miles, from plums and cherries to peaches and apricots.",38,Letting bees lead our landscaping strategy,other,,150,,,,0.5,data/raw/microsoft/2025_sustainability_report.pdf,microsoft,2025,23,0.0,0.0,0.0,True,False,False,False,False,0.2,25.3,False,False,False,0
"Through CIF and our Sustainable Markets programs, Microsoft has committed more than $100 million to investees and partners across Washington working to advance SAF, cleaner energy, climate-smart forestry, carbon removal, and other sustainability solutions.",40,Investing where we live and work: Washington state > Catalyzing innovation in the PacificNorthwest,other,firm,100 million,,,,0.5,data/raw/microsoft/2025_sustainability_report.pdf,microsoft,2025,33,0.0,0.0,0.0303,True,False,False,False,False,0.2,-3.6,False,False,False,2
"Using Azure Quantum Elements, Microsoft helped screen more than 32 million candidate materials and narrow them to 18 promising candidates in 80 hours.",40,Investing where we live and work: Washington state > Catalyzing innovation in the PacificNorthwest,other,,32 million,,,,0.5,data/raw/microsoft/2025_sustainability_report.pdf,microsoft,2025,20,0.0,0.0,0.0,True,False,False,False,False,0.2,21.6,False,False,False,0
"Through this investment, we anticipate securing access to up to 3 million metric tons of carbon removal credits through 2035.",40,Investing where we live and work: Washington state > Catalyzing innovation in the PacificNorthwest,target,,3 million,,2035,,0.5,data/raw/microsoft/2025_sustainability_report.pdf,microsoft,2025,18,0.0,0.1111,0.0,True,False,True,False,False,0.1,38.2,False,False,False,0
"Microsoft has also entered into a longterm agreement with Powerex to deliver carbonfree electricity to a new Microsoft datacenter in Washington state, matching hourly demand with direct deliveries of carbon-free hydro, solar, and wind power on a 24x7 basis.",40,Investing where we live and work: Washington state > Planning for local resources as we grow,attribute,,,,,,0.0,data/raw/microsoft/2025_sustainability_report.pdf,microsoft,2025,39,0.0,0.0,0.0,False,False,False,False,False,0.0,2.4,False,False,False,0
"We’re integrating sustainability into the experiences people rely on every day, from Microsoft 365 to Surface and XBOX.",43,Advancing sustainability through our products,other,,365,,,,0.5,data/raw/microsoft/2025_sustainability_report.pdf,microsoft,2025,18,0.0,0.0,0.0,True,False,False,False,False,0.2,19.4,False,False,False,0
"Energy Saver, our opt-in Windows feature, extends battery life and reduces device energy consumption by approximately 20% per active session.",44,Software and platforms > Improving energy efficiency through Windows,other,,20%,,,,0.5,data/raw/microsoft/2025_sustainability_report.pdf,microsoft,2025,19,0.0,0.0526,0.0,True,False,False,False,False,0.0,0.5,False,False,False,0
"In FY25, we introduced Energy Saver as a configurable policy that IT teams can enforce in Microsoft Intune, Group Policy, or any Mobile Device Management tool, allowing them to deploy and manage it at scale across their device fleets.",44,Software and platforms > Improving energy efficiency through Windows,other,,,,,,0.0,data/raw/microsoft/2025_sustainability_report.pdf,microsoft,2025,39,0.0,0.0,0.0,False,False,False,False,False,0.0,19.7,False,False,False,0
"Recent Microsoft research found that optimized, large-scale AI inference can consume less than one watt-hour of energy per query, and that improvements across model design, serving systems, and hardware could reduce energy use by 8 to 20 times.",45,Software and platforms > Designing Copilot for efficient everyday use,other,hedged,8,,,,0.5,data/raw/microsoft/2025_sustainability_report.pdf,microsoft,2025,36,0.0,0.0278,0.0,True,False,False,False,False,0.089,17.5,False,False,True,0
"In one Microsoft experiment, five professionals were asked to summarize a 3,000-word technical report into 200 words, which took a median of 41 minutes and consumed an estimated 13.7 watt-hours of laptop energy.",45,Software and platforms > Designing Copilot for efficient everyday use,achievement,achievement,"3,000",,,,0.33,data/raw/microsoft/2025_sustainability_report.pdf,microsoft,2025,30,0.0,0.0667,0.0,True,False,False,False,False,0.0,30.9,True,False,False,0
"In 2025, we announced the general availability of carbon optimization insights within Azure.",45,Software and platforms > Helping organizations act on emissions data in Azure,other,,"2025,",,,,0.5,data/raw/microsoft/2025_sustainability_report.pdf,microsoft,2025,12,0.0,0.0,0.0,True,False,False,False,False,0.2,-9.8,False,False,False,0
"We also launched Sustainability Benefits in Azure Migrate, which helps customers estimate the potential emissions savings of moving workloads from on-premises infrastructure to Azure—where greater energy efficiency and carbon-free electricity (CFE)3 can significantly reduce emissions.",45,Software and platforms > Helping organizations act on emissions data in Azure,achievement,achievement,3,,,,0.33,data/raw/microsoft/2025_sustainability_report.pdf,microsoft,2025,36,0.0556,0.0278,0.0,True,False,False,False,False,0.0,-24.8,False,False,False,0
"Launched in 2025, the GitHub Climate Action Plan for Developers highlights examples from more than 60,000 open-source green software and climate-focused projects.",46,Software and platforms > Equipping developers to build lower-impact code through GitHub,achievement,achievement,"2025,",,,,0.33,data/raw/microsoft/2025_sustainability_report.pdf,microsoft,2025,20,0.0,0.0,0.05,True,False,False,False,False,0.2,21.6,False,False,False,0
Our targets have been simple yet ambitious: eliminate single-use plastics and design 100% recyclable packaging.,48,Empowering developers to design more sustainable AI workloads in Azure > Reducing plastic packaging,achievement,achievement,100%,,,,0.33,data/raw/microsoft/2025_sustainability_report.pdf,microsoft,2025,14,0.0714,0.0,0.0714,True,False,False,False,False,0.0,23.4,False,False,False,1
"It accounts for 1,000 unique packaging components spanning small break-the-seal labels all the way to the foam cushioning used to protect Surface Studio 2+, an all-in-one desktop PC that weighs over 21 pounds.",48,Empowering developers to design more sustainable AI workloads in Azure > Reducing plastic packaging,other,,"1,000",,,,0.5,data/raw/microsoft/2025_sustainability_report.pdf,microsoft,2025,30,0.0,0.0,0.0,True,False,False,False,False,0.2,32.6,False,False,False,0
"Since 2020, shifting to fiber-based materials has prevented more than 5,000 metric tons of plastic from being manufactured.",48,Empowering developers to design more sustainable AI workloads in Azure > Reducing plastic packaging,other,,"5,000 metric tons",,,,0.5,data/raw/microsoft/2025_sustainability_report.pdf,microsoft,2025,16,0.0,0.0,0.0,True,False,False,False,False,0.2,32.0,True,False,False,0
"At the end of 2025, we also achieved 99.0% packaging recyclability by implementing a paperfirst approach that replaces plastics with renewable fiber-based materials.",48,Empowering developers to design more sustainable AI workloads in Azure > Reducing plastic packaging,achievement,achievement,99.0%,,,,0.33,data/raw/microsoft/2025_sustainability_report.pdf,microsoft,2025,21,0.0,0.0,0.0,True,False,False,False,False,0.2,6.8,False,False,False,0
"In FY25, we achieved a rate of 4.2% single-use plastics across Microsoft primary product packaging.",49,Empowering developers to design more sustainable AI workloads in Azure > Reducing single-use plastics,achievement,achievement,4.2%,,,,0.33,data/raw/microsoft/2025_sustainability_report.pdf,microsoft,2025,14,0.0,0.0,0.0,True,False,False,False,False,0.2,36.6,False,False,False,0
"By the end of calendar year 2025, we had eliminated nearly all single-use plastics from Microsoft primary product packaging,4 achieving a rate of 0.07%.",49,Empowering developers to design more sustainable AI workloads in Azure > Reducing single-use plastics,achievement,achievement,0.07%,,,,0.33,data/raw/microsoft/2025_sustainability_report.pdf,microsoft,2025,22,0.0,0.0,0.0,True,False,False,False,False,0.2,38.0,False,False,False,0
"In 2025, we evolved our device circularity strategy to prioritize recycled content.",49,Empowering developers to design more sustainable AI workloads in Azure > Increasing recycled and lower-carbon materials in devices,attribute,,"2025,",,,,0.5,data/raw/microsoft/2025_sustainability_report.pdf,microsoft,2025,11,0.0,0.0,0.0,True,False,False,False,False,0.2,3.4,False,False,False,0
"We’ve continued to reduce the carbon intensity of key Surface components without compromising performance, including by prioritizing the use of lower-carbon materials such as post-consumer recycled plastics.",49,Empowering developers to design more sustainable AI workloads in Azure > Increasing recycled and lower-carbon materials in devices,attribute,,,,,,0.0,data/raw/microsoft/2025_sustainability_report.pdf,microsoft,2025,28,0.0357,0.0,0.0,False,False,False,False,False,0.0,-2.9,False,False,False,0
We are also working to reduce our reliance on virgin materials by working with suppliers to integrate recycled inputs and verifying claims through UL 2809 certification.,49,Empowering developers to design more sustainable AI workloads in Azure > Increasing recycled and lower-carbon materials in devices,attribute,,2809,,,,0.5,data/raw/microsoft/2025_sustainability_report.pdf,microsoft,2025,25,0.0,0.0,0.0,True,False,False,False,False,0.2,29.2,False,False,False,0
"Windows 365 Link is also built with sustainability in mind: it’s ENERGY STAR-certified, contains at least 63% recycled content,33 uses 100% paper-based packaging, and is designed to be long-lasting and repairable.",50,Empowering developers to design more sustainable AI workloads in Azure > Devices continued,attribute,,63%,,,,0.5,data/raw/microsoft/2025_sustainability_report.pdf,microsoft,2025,29,0.0,0.0,0.0,True,False,False,False,False,0.2,11.1,True,False,False,0
"In 2025, we worked with 20 manufacturing suppliers to pilot a measurable energy efficiency program and identified 60 energy-saving opportunities across supplier manufacturing processes, utilities, and buildings.",50,Empowering developers to design more sustainable AI workloads in Azure > Partnering with suppliers to reduce manufacturing energy and waste,other,,"2025,",,,,0.5,data/raw/microsoft/2025_sustainability_report.pdf,microsoft,2025,24,0.0,0.0,0.0,True,False,False,False,False,0.2,-36.1,False,False,False,0
These efforts resulted in savings of 5 million kWh across our devices production footprint.,50,Empowering developers to design more sustainable AI workloads in Azure > Partnering with suppliers to reduce manufacturing energy and waste,other,,5 million,,,,0.5,data/raw/microsoft/2025_sustainability_report.pdf,microsoft,2025,13,0.0,0.0,0.0,True,False,False,False,False,0.2,37.5,False,False,False,0
"To strengthen waste reduction in our devices supply chain, we also introduced the Supplier Zero Waste program.",50,Empowering developers to design more sustainable AI workloads in Azure > Partnering with suppliers to reduce manufacturing energy and waste,attribute,,,,,supply chain,0.5,data/raw/microsoft/2025_sustainability_report.pdf,microsoft,2025,17,0.0,0.0,0.0,False,False,False,True,False,0.2,40.3,False,False,False,1
"This effort encourages our devices manufacturing suppliers to achieve ≥90% waste diversion from landfill and incineration, aligned with zero-waste-to-landfill principles and globally recognized standards such as UL 2799, a third-party validated zero waste standard.",50,Empowering developers to design more sustainable AI workloads in Azure > Partnering with suppliers to reduce manufacturing energy and waste,attribute,,90%,,,global,1.0,data/raw/microsoft/2025_sustainability_report.pdf,microsoft,2025,32,0.0,0.0,0.0,True,False,False,True,True,0.6,-21.3,False,False,False,0
"In FY25, 43 of our manufacturing suppliers achieved greater than or equal to 90% waste diversion; 42 achieved UL 2799 Platinum certification and 1 achieved UL 2799 Gold certification.",50,Empowering developers to design more sustainable AI workloads in Azure > Partnering with suppliers to reduce manufacturing energy and waste,achievement,achievement,90%,,,,0.33,data/raw/microsoft/2025_sustainability_report.pdf,microsoft,2025,23,0.0,0.0,0.0,True,False,False,False,False,0.2,6.9,False,False,False,0
"In 2025, we advanced gaming sustainability by reducing the energy footprint of XBOX devices across their lifecycle and using the games themselves to engage players in environmental action.",51,Empowering developers to design more sustainable AI workloads in Azure > Devices continued,other,,"2025,",,,,0.5,data/raw/microsoft/2025_sustainability_report.pdf,microsoft,2025,27,0.0,0.0,0.0,True,False,False,False,False,0.2,7.1,False,False,False,1
"Refreshed in 2025, the hub brings together updates on themes including energy-efficient design, recyclable packaging, and repairability.",51,Empowering developers to design more sustainable AI workloads in Azure > Reducing energy use without compromising gameplay,attribute,,"2025,",,,,0.5,data/raw/microsoft/2025_sustainability_report.pdf,microsoft,2025,16,0.0,0.0,0.0,True,False,False,False,False,0.2,-20.9,False,False,False,0
"It also gives developers access to the XBOX Sustainability Toolkit, launched in 2024 to help developers reduce energy use in games without compromising the player experience.",51,Empowering developers to design more sustainable AI workloads in Azure > Reducing energy use without compromising gameplay,achievement,achievement,2024,,,,0.33,data/raw/microsoft/2025_sustainability_report.pdf,microsoft,2025,25,0.0,0.0,0.0,True,False,False,False,False,0.2,8.9,False,False,False,0
"Studios continue to embrace the toolkit: titles including The Outer Worlds 2, Indiana Jones and the Great Circle™, Two Point Museum, Minecraft, and Diablo IV implemented features such as Dynamic Power States, which adjusts power use in real time based on gameplay activity, and Constrained+ Mode, which lowers energy consumption when a game is not actively being played.",51,Empowering developers to design more sustainable AI workloads in Azure > Reducing energy use without compromising gameplay,other,,"2,",,,,0.5,data/raw/microsoft/2025_sustainability_report.pdf,microsoft,2025,57,0.0,0.0,0.0,True,False,False,False,False,0.2,0.6,True,False,False,0
"Together, these features can cut energy use by as much as 50% without compromising player experience.",51,Empowering developers to design more sustainable AI workloads in Azure > Reducing energy use without compromising gameplay,achievement,achievement,50%,,,,0.33,data/raw/microsoft/2025_sustainability_report.pdf,microsoft,2025,15,0.0,0.0667,0.0,True,False,False,False,False,0.0,39.3,False,False,False,0
"Energy Saver mode gives players a lower-power option—it uses 20 times less power than the previous standby option—without sacrificing convenience features such as background updates for your games, apps, and the OS.",51,Empowering developers to design more sustainable AI workloads in Azure > Reducing energy use without compromising gameplay,other,,20,,,,0.5,data/raw/microsoft/2025_sustainability_report.pdf,microsoft,2025,33,0.0,0.0,0.0,True,False,False,False,False,0.2,22.1,False,False,False,0
Call of Duty®: Black Ops 6 won Best Green Tech Award at the 2025 Playing for the Planet Awards in recognition of leadership in sustainable gaming technology.,51,Empowering developers to design more sustainable AI workloads in Azure > Reducing energy use without compromising gameplay,other,,6,,,,0.5,data/raw/microsoft/2025_sustainability_report.pdf,microsoft,2025,25,0.0,0.0,0.04,True,False,False,False,False,0.2,46.1,False,False,False,1
A curated collection of titles launched in 2025 is helping players discover games that embrace energy efficiency or sustainability themes while encouraging developers to continue innovation on sustainability.,52,Engaging players on sustainability through gaming,achievement,achievement,2025,,,,0.33,data/raw/microsoft/2025_sustainability_report.pdf,microsoft,2025,27,0.0,0.0,0.0,True,False,False,False,False,0.2,-24.2,False,False,False,0
"In FY25, we increased the use of alternative fuels34 across our transportation operations, helping to reduce emissions by more than 70,000 metric tons of carbon dioxide equivalents (m t C O 2 e).",53,Logistics and supply chain > Reducing emissions in our logistics network,achievement,achievement,"70,000 metric tons",,,,0.33,data/raw/microsoft/2025_sustainability_report.pdf,microsoft,2025,31,0.0,0.0,0.0,True,False,False,False,False,0.2,30.7,False,False,False,0
"Using hydrotreated vegetable oil (HVO) fuel36 for a portion of road freight helped save 33 m t C O 2 e. Broader optimization efforts—including the adoption of lightweight recyclable pallets, changes to packaging configuration, and the continued use of electric vehicles (EVs)37 —delivered a further 2,200 m t C O 2 e in savings.",53,Logistics and supply chain > Reducing emissions in our logistics network,achievement,achievement,33,,,,0.33,data/raw/microsoft/2025_sustainability_report.pdf,microsoft,2025,51,0.0196,0.0,0.0,True,False,False,False,False,0.122,30.0,False,False,False,0
"In FY25, we continued to expand the implementation of EcoTransIT, a software solution that calculates emissions at each stage of a shipment’s journey.",53,Logistics and supply chain > Reducing emissions in our logistics network,other,,,,,,0.0,data/raw/microsoft/2025_sustainability_report.pdf,microsoft,2025,24,0.0417,0.0,0.0,False,False,False,False,False,0.0,27.4,False,False,False,0
"Using an ISO 14083 and GLECcertified framework, it improves the accuracy of Microsoft’s emissions measurements and gives us a clearer view of where reductions can be made across the network.",53,Logistics and supply chain > Reducing emissions in our logistics network,other,,14083,,,,0.5,data/raw/microsoft/2025_sustainability_report.pdf,microsoft,2025,30,0.0,0.0,0.0,True,False,False,False,False,0.2,21.3,False,False,False,0
"It helps logistics teams identify opportunities to shift to lower-emission transport types and deploy alternative energy solutions—including sustainable aviation fuel (SAF), EV trucks, and HVO—without affecting service.",53,Logistics and supply chain > Reducing emissions in our logistics network,attribute,,,,,,0.0,data/raw/microsoft/2025_sustainability_report.pdf,microsoft,2025,29,0.0,0.0,0.0,False,False,False,False,False,0.0,-3.5,False,False,False,0
Scope 3 emissions remain the largest share of Microsoft’s total emission footprint.,54,Logistics and supply chain > Helping suppliers decarbonize,other,,3,,,Scope 3,1.0,data/raw/microsoft/2025_sustainability_report.pdf,microsoft,2025,12,0.0,0.0,0.0,True,False,False,True,False,0.4,39.6,False,False,False,0
"As sustainable fuels become more important in our work toward our 2030 carbon negative commitment, we are using investment, procurement, and supply chain partnerships to help accelerate availability and adoption of SAF.",55,Logistics and supply chain > Building the conditions for supply chain decarbonization,attribute,firm,2030,,,supply chain,1.0,data/raw/microsoft/2025_sustainability_report.pdf,microsoft,2025,31,0.0,0.0,0.0323,True,False,False,True,False,0.4,8.9,False,False,False,1
"A significant share of our Scope 3 emissions is driven by semiconductors and hardware manufacturing, much of it concentrated among a relatively small number of suppliers in Asia.",55,Addressing manufacturing emissions across our supply chain,other,,3,,,Scope 3,1.0,data/raw/microsoft/2025_sustainability_report.pdf,microsoft,2025,27,0.037,0.0,0.0,True,False,False,True,False,0.252,13.4,True,False,False,0
"We collaborate with governments, utilities, suppliers, and industry associations—including the Asia Clean Energy Coalition and the SEMI Energy Collaborative— to advance clean energy and grid solutions.",55,Addressing manufacturing emissions across our supply chain,attribute,,,,,,0.0,data/raw/microsoft/2025_sustainability_report.pdf,microsoft,2025,27,0.0,0.0,0.0,False,False,False,False,True,0.2,-8.6,False,False,False,1
"In South Korea, where several of our largest semiconductor suppliers are based, our engagement has focused on improving CFE access and accelerating grid and transmission development, including detailed industry input on key energy policies such as the 2025 Special Act for Key National Grids.",55,Addressing manufacturing emissions across our supply chain,other,,2025,,,,0.5,data/raw/microsoft/2025_sustainability_report.pdf,microsoft,2025,43,0.0233,0.0,0.0,True,False,False,False,True,0.307,-2.1,True,False,False,0
"We continue to work with suppliers, industry peers, and local stakeholders in both markets to support clearer corporate clean energy pathways, greater system transparency, and shared decarbonization roadmaps.",55,Addressing manufacturing emissions across our supply chain,attribute,hedged,,,,,0.0,data/raw/microsoft/2025_sustainability_report.pdf,microsoft,2025,28,0.0,0.0,0.0,False,False,False,False,False,0.0,6.2,False,False,False,0
"In FY25, nearly one in five of our water projects used AI to optimize outcomes, from detecting leaks to improving efficiency.",56,Applying AI for sustainability,other,,,,,,0.0,data/raw/microsoft/2025_sustainability_report.pdf,microsoft,2025,21,0.0,0.0,0.0,False,False,False,False,False,0.0,40.5,False,False,False,0
"In 2025, it was accessed an average of 24 billion times each month, reflecting its role as a global resource for environmental data.",58,Scaling ecosystem monitoring > Expanding access to environmental and climate data,achievement,achievement,24 billion,,,,0.33,data/raw/microsoft/2025_sustainability_report.pdf,microsoft,2025,21,0.0,0.0,0.0,True,False,False,False,False,0.2,40.5,True,False,False,0
"This AI-enabled platform consolidates climate data from more than 190 countries in one place and helps surface insight on progress, gaps, and where support is needed.",59,Lowering the technical barriers to information,other,hedged,190,,,,0.5,data/raw/microsoft/2025_sustainability_report.pdf,microsoft,2025,25,0.0,0.0,0.0,True,False,False,False,False,0.2,42.7,True,False,False,1
Microsoft and EY showcased the platform at COP30 by demonstrating how AI-powered data tools can support more effective climate reporting and analysis at a global scale.,59,Lowering the technical barriers to information,other,hedged,,,,,0.0,data/raw/microsoft/2025_sustainability_report.pdf,microsoft,2025,26,0.0,0.0,0.0,False,False,False,False,False,0.0,24.3,False,False,False,0
"Following the success of WEO-GPT, an Azure-based agent trained exclusively on the World Energy Outlook report and dataset, the IEA expanded this approach for its 2025 Special Report on Energy and AI and the 2025 World Energy Outlook.",59,Lowering the technical barriers to information,other,,2025,,,,0.5,data/raw/microsoft/2025_sustainability_report.pdf,microsoft,2025,36,0.0,0.0,0.0,True,False,False,False,False,0.2,17.5,False,False,False,1
"In 2025, we published Strategic Guide: Aligning AI Transformation with Sustainability Goals, which offers a practical roadmap to help companies bring AI and sustainability strategies closer together.",59,Lowering the technical barriers to information > Sharing guidance on AI and sustainability,other,,"2025,",,,,0.5,data/raw/microsoft/2025_sustainability_report.pdf,microsoft,2025,26,0.0,0.0,0.0385,True,False,False,False,False,0.2,-1.8,False,False,False,0
